Date,AAPL,BAC,C,CSCO,IBM,JPM,MSFT,NVDA,^GSPC,^IXIC
2010-01-05,0.0017277490293962103,0.03198792049002708,0.03752266212325777,-0.004465509617422668,-0.012153838118407765,0.019184169098174213,0.0003229814762592325,0.014496753012918378,0.003110831966759719,0.0001256360857255413
2010-01-06,-0.01603465625598968,0.011660165029424723,0.0306855039936724,-0.0065300824013615165,-0.006517196398593007,0.0054794046610234836,-0.006155973970806098,0.006376414438892452,0.0005453718878234133,-0.0033059481566001985
2010-01-07,-0.0018503253890051773,0.032415900817266134,0.0027437434907388483,0.004494155838264153,-0.0034675785197315393,0.019615169306636916,-0.010454338220413428,-0.019792029438299056,0.003993218354654243,-0.00045207885407066127
2010-01-08,0.006626468935769951,-0.008899583268991117,-0.01657472397317858,0.0052857373813680626,0.009984774918324568,-0.002458610090707926,0.006872942141378412,0.0021583546831488287,0.0028775830750962126,0.007415696722659492
2010-01-11,-0.008860728184815047,0.00889958326899105,0.011080188784058115,-0.0028429536970799975,-0.010525108875635326,-0.003363035164854533,-0.01280149277717671,-0.014115152566304377,0.0017452316285846302,-0.0020563470611378205
2010-01-12,-0.011440403181086894,-0.03424805663843638,-0.030771638551857553,-0.015986791040547597,0.007923518690294722,-0.023631666896063223,-0.006629087504517599,-0.03448618231469666,-0.00942544643894456,-0.01310211908389644
2010-01-13,0.014007057283635979,0.015767266529587702,-0.00569818590354114,0.0180183567914732,-0.0021479160631411374,0.017323283104231313,0.009268348453836128,0.013490763389170575,0.008291456333360418,0.011149864200930231
2010-01-14,-0.005808392692730261,0.011962011580174113,0.002853188593978563,0.012502324086809243,0.015845534020353092,0.009895137762420575,0.019899601877699173,-0.015756951304585414,0.002423486421414183,0.0038230430316464063
2010-01-15,-0.016853174523657463,-0.03386038863063018,-0.025975753065679626,-0.02229055918432868,-0.004013691707576722,-0.02285968268268632,-0.003235100148326375,-0.029939212888511677,-0.010882126301208588,-0.012487322258188927
2010-01-19,0.043287681590279396,0.003683510438623625,0.034486284148140006,0.018274583339855228,0.017750443151165227,-0.009199415481327152,0.007746910761828416,0.018530070249133463,0.012422151207737096,0.01406584391339803
2010-01-20,-0.01551195854251541,0.010362082730394037,-0.022857909159961762,-0.017864664786831075,-0.02942891778112363,0.002769141129722001,-0.016535000603462507,-0.004024062360568801,-0.010654386601861304,-0.012642022352038628
2010-01-21,-0.017437647119573282,-0.06385119201423885,-0.056478571347613436,-0.01777247830607073,-0.009642843427945497,-0.056302565641421366,-0.019142103315711128,-0.018018696384319542,-0.019126657272987804,-0.011213779761517325
2010-01-22,-0.050870907142158264,-0.03754167105118026,-0.0061352455577024356,-0.04303156086865691,-0.027506596767554067,-0.03463367515225042,-0.035615323309992696,-0.03521691964989451,-0.02238977963010898,-0.027024703171886443
2010-01-25,0.026547221119120976,0.005355013840658244,-0.0061726370204712175,0.0008704177071120135,0.004927847015013717,0.0012761165076059268,0.012354433164364017,0.016867816330152753,0.004587559053796009,0.002495425824775867
2010-01-26,0.014034107894838837,-0.014117772222963076,-0.02507992169924113,-0.003922018646376984,-0.002938422552669459,-0.019832991192606158,0.00611988217441871,-0.03217268388193212,-0.004212057847785588,-0.0032030926767950135
2010-01-27,0.009376009340325966,0.02803884078522436,0.015748445824908572,0.010857387370955493,0.004602009351104669,0.02288891071666507,0.005746521253290897,0.02678170703724883,0.004868282868611808,0.007990719454768468
2010-01-28,-0.042199883509302726,0.011780200268327759,0.012422637186458344,-0.027590564427121267,-0.02063421942468331,0.00380668546771915,-0.01733844742662761,-0.0342121504601692,-0.011888125534279259,-0.019276033878640495
2010-01-29,-0.03695338334595833,-0.012438396896422298,0.024391679028508424,-0.002223224514853209,-0.011050398690991938,-0.01377248251062572,-0.034184986059470054,-0.04447987120930749,-0.009877799049982582,-0.014631486709410486
2010-02-01,0.01380630337847869,0.01568634860997999,0.006005651333616558,0.011504701639956682,0.018457001001042507,0.017564732059730154,0.008128514017914434,0.07387561757122207,0.014165305546369656,0.011045418356391147
2010-02-02,0.005786263322046945,0.011605743918955405,0.020741432335231198,0.012677861861161209,0.006875118838352128,0.022948981476410744,0.0017583864595446036,0.010207380942937999,0.0128895204452028,0.00864897985832527
2010-02-03,0.017059842265592883,-0.004497455740802085,-0.011799737604585912,0.0021697783006969845,0.0010346536033252372,-0.006432188413237325,0.005955169227722684,0.008328629395540306,-0.005489350382538535,0.0003879750520859218
2010-02-04,-0.036704245877585986,-0.051530252026167365,-0.05803121253181294,0.003893174817197906,-0.02139510244694162,-0.049349016664939044,-0.027981108710555685,-0.05981082850811253,-0.031635856049806906,-0.030342839835523237
2010-02-05,0.017599686159138934,0.016807090226687995,0.012499876769468853,0.02304871454515689,0.0042187296096615695,-0.001304450405353307,0.0064446322897233396,0.019926421120436688,0.0028929303608266027,0.00735500865983115
2010-02-08,-0.006878736773617094,-0.035282056786856225,-0.02197877234179326,-0.00847461501792959,-0.008903743460681908,-0.015789889401977328,-0.010764213310968232,-0.001851699746300183,-0.008902803100374192,-0.007063290390077354
2010-02-09,0.010606903981469745,-0.0006906529211350757,0.009478895572324529,0.016459098332621026,0.01085375078728154,0.018136796822052374,0.01040733689814783,-0.008062081501051052,0.01295584177358637,0.011606644982819821
2010-02-10,-0.005469094785873774,0.013727131262976219,0.00626955025258411,-0.005456134065938727,-0.0032521658924515254,0.012425821282962024,-0.0007145014893842529,0.01911849083743742,-0.0022350694280074235,-0.0013957579772071686
2010-02-11,0.018030813547661506,-0.0027302909463804864,0.003120096249012378,0.007129630339946347,0.007463541568395975,0.003851574934285654,0.004634157454110227,0.044797478076222016,0.009633882335101287,0.013659348763336673
2010-02-12,0.008570221020050513,-0.012380266961455595,-0.009389646501596466,-0.0071296303399463875,0.002179750439668829,-0.0017952984798367444,-0.0067803629714695435,0.013345006870663003,-0.0027483661199411307,0.0028067899524515955
2010-02-16,0.01495931239554794,0.0479664750721231,0.04006675507527245,0.010050446244859002,0.009870498630792222,0.028348927637582996,0.01959160502921953,0.01827577607458722,0.017840653536261433,0.013943774990829584
2010-02-17,-0.004188006087972745,0.032449252337609244,0.02976419506112645,0.0029125558377477885,0.008744853588300922,-0.000749241467783402,0.008430017904449387,0.009574977925869229,0.004229004596710374,0.005449918774018424
2010-02-18,0.0018741595772647844,0.013950718972536412,0.005848290621039326,0.008686868789929586,0.011647804497203297,0.009198900533128012,0.01320385544744118,-0.06783291610763013,0.006563157733795463,0.006902409622304566
2010-02-19,-0.006228101220226199,0.0,-0.0029201356929125016,0.003288801887989155,-0.00486281381353969,-0.009448531826551424,-0.006927697712583571,-0.0054134423033039576,0.0021842348635910053,0.0009631558814553682
2010-02-22,-0.006217697532585855,0.020567544481441616,0.011628374988178179,-0.0024653886482779185,-0.002676525600046395,0.020277678329747556,-0.0013915482940424146,0.001808104625711173,-0.0010464051249203224,-0.0008203874066482632
2010-02-23,-0.016906921302056597,-0.01679667960706015,-0.03230829810797736,-0.010341813251889204,-0.003079627049223775,-0.024032108950426342,-0.014020152039621874,-0.024376600642001554,-0.0121766449451987,-0.012833878579187906
2010-02-24,0.01810369070008749,0.024172173740075704,0.029414119944743546,0.011986121435868876,0.00889617147820091,0.024032108950426276,0.010533454307100556,0.020757509522606996,0.009673519697189884,0.010095947938857668
2010-02-25,0.006655917984041427,0.013382381841548748,-0.017544280349607047,-0.0004106713718568555,-0.004083928337387323,-0.005153827009381302,-0.001048295145222074,-0.009104456672023498,-0.0020832085528651543,-0.0007516271453224917
2010-02-26,0.01288664077778368,0.006624402740006858,0.0029450980332137704,0.0,0.0007082630876163576,0.03220242784387703,0.0024446114240141226,-0.012269857395321253,0.0014043925568579447,0.0018066219095418954
2010-03-01,0.021131970621713434,0.0029968357070593752,-0.002945098033213795,0.011035862320342316,0.011027319067718325,-0.003341420345641423,0.012133859055597744,0.03933911482407653,0.010107257423603737,0.015652530746119893
2010-03-02,-0.0006698780807109392,-0.01507412480795984,0.0029450980332137704,0.00040634573220820695,-0.008984990200399742,-0.005033262950852963,-0.019485426111042398,-0.000593679227257994,0.0023277310028862693,0.0031705778994622538
2010-03-03,0.0022955874112693315,-0.0048749232207085285,0.0,0.009302695961913259,-0.004247206240087363,-0.002164574029805765,0.0,-0.012548441021609362,0.00042910952140039855,-4.827716617829762e-05
2010-03-04,0.006570733401483375,0.0018306834533621855,0.008785121184361224,0.0044182769645599125,-0.0012614539425715617,0.00934683442325472,0.005955250776652736,0.0018023596975175837,0.00372915607957138,0.005086454180971281
2010-03-05,0.038360454938774526,0.0181278113937907,0.02020242877878855,0.010367231117718319,0.004173983225219545,0.02100873863562282,-0.0013979117082939163,0.03015277357776322,0.013910282801603982,0.014740489348016875
2010-03-08,0.000593400328105815,0.002392079828928517,0.016997627625078258,0.03584334589118625,-0.006623569622748578,-0.005152251977782101,0.0013979117082940171,-0.014667405736458129,-0.00017561143217653642,0.002515741472950436
2010-03-09,0.017824653766994134,0.003578127448932917,0.07049042107161357,0.0,-0.006826555331045009,-0.003999237400475801,0.005920084212884719,0.03655755903966959,0.0017112720239721047,0.003625157097084001
2010-03-10,0.008127582595378536,0.018283873275063377,0.03599309910861192,-0.01000049883680967,0.0005577681890145484,0.011950855827972293,0.005885859526262606,0.002276654760936543,0.00451435490421295,0.00777512784024806
2010-03-11,0.0029310339283175673,0.0005843449788805021,0.054067252324853585,0.0038583395052845036,0.01563884302174559,0.005806340278067821,0.007222438523787025,-0.023002678089805682,0.00403337431350597,0.004023354340300912
2010-03-12,0.004866397450201871,-0.015896722785966776,-0.051545404341819305,-0.0034711936587160036,0.0026608147612645194,-0.000694790475515289,0.003079856838367527,0.003484280751408434,-0.0002173695700926971,-0.0003378499097069139
2010-03-15,-0.012254664250485771,0.0,-0.020356735337528676,0.007697856952327594,-0.0008601513307444084,-0.0018560104333019013,0.0006833974091906806,-0.005230794649091402,0.00045209262343589776,-0.002304483518596257
2010-03-16,0.002721150253802982,0.010625941078210221,0.04030784081760554,0.002680350937584537,0.006549905711293909,0.003939670559251337,0.002727017538097867,0.03436750869323516,0.007749014983159959,0.006666402588823849
2010-03-17,-0.001471263300960541,0.013994004260813542,0.0,0.004197631234029824,-0.007097809467931735,0.012639258540856972,0.008813560693936002,0.018962893332553576,0.005804795332563638,0.004648569507938189
2010-03-18,0.0023618040359024007,-0.011062726749754621,-0.007434579997941588,0.0030414865438527557,0.004841280843971066,-0.003431305995254074,-0.0006751224201126037,-0.03599938703645936,-0.00032589912668909416,0.0009162225960598427
2010-03-19,-0.010740409499247858,-0.01533926287571243,-0.030305824415143415,-0.007239117777882776,-0.005232668117582725,-0.00436287473733183,-0.0006756647511785947,-0.012100220340238043,-0.005099426451612706,-0.007079851128272546
2010-03-22,0.011185878760339498,0.00828890213975101,0.03526824033759381,0.004959265269666026,0.0021120015831282315,0.006651543575935649,0.00033771703349847084,0.01610157995147229,0.005082359099180065,0.00880124220644825
2010-03-23,0.01593432654431774,0.009973651101291663,0.022032116574708764,0.013605688631455694,0.010802705594009136,0.019022979058258588,0.009415104871711237,0.020328166583010874,0.0071453777848001715,0.008248466242409129
2010-03-24,0.0044133026456493136,0.025361853763278083,0.004831819594134414,-0.007157859060388167,-0.006514240868484375,0.008042619584918054,-0.007727195679885052,-0.034113543744223734,-0.0055084478872883084,-0.006846715765301061
2010-03-25,-0.011929774506113648,0.009629042639882807,0.028505016999434047,-0.0007564006898775994,0.005508989848269337,0.0,0.012068509977585623,0.002887823415203463,-0.0017056210833286789,-0.0005629899331767135
2010-03-26,0.01857799510281931,0.008978714527967765,0.00932434574963427,0.001512117704626945,0.0001545034178839928,0.0017784628136502793,-0.01173096004906451,0.0,0.0007374506159884132,-0.0009514910951003122
2010-03-29,0.006432009582580236,0.007791075992163046,-0.030626835980677853,0.0015101700462908604,-0.005196625071901042,-0.0035603518933056276,-0.002363176153845764,0.012607384701327494,0.005667146312798056,0.0038463403435526557
2010-03-30,0.01477923277536434,-0.015643189913393536,-0.02176624550330572,0.005266928867295099,0.0013984294185098404,-0.006260730505262768,0.006064696304864369,0.003978543647646785,4.26584629303888e-05,0.002629188717252734
2010-03-31,-0.0036107485234685133,0.005054472310169749,-0.009828053358436641,-0.023539320054288704,-0.004046429985312784,0.00380544512800953,-0.01625448736560723,-0.013131886606673452,-0.00327824231803275,-0.005294629663488832
2010-04-01,0.004119721083091382,0.010588717603223833,0.031594298861742386,-0.007712700942722961,0.0,0.010681609025016832,-0.004448966670692344,-0.010398728597136905,0.007386454005524301,0.0019248328631193768
2010-04-05,0.01062240326669211,0.0049761458222451265,0.018957541964392675,0.013076720318881387,0.00854046066066168,0.00353511884738056,0.0037655692615016782,0.01498568681492841,0.007896729443087884,0.011154642593747417
2010-04-06,0.004393296360511466,0.01966160660251624,0.007018291613057917,0.0019093669976314584,-0.0032522121689773204,0.0109669475666966,0.0017064872853127593,-0.024906972995384535,0.001682878875349027,0.002991995872181462
2010-04-07,0.0044151936809487275,0.007006905532361421,0.01618468094622831,0.004565140689312499,-0.0034963757999185584,-0.011408863253841899,0.0010225658611058772,0.006431152180737831,-0.005894042967262019,-0.002321357385367816
2010-04-08,-0.0027057368693369026,0.001609978371879172,0.024916459431344917,-0.002279852508216782,-0.006794221854732363,0.009662680822279363,0.01923472849307217,-0.016451626104939134,0.0033686614308549275,0.0023213573853679017
2010-04-09,0.00763950222860113,-0.003222686597746571,0.017738993087653702,0.012103005212595948,0.008971779485182723,0.0047957982673289806,0.013940018193295359,0.006495326317083946,0.00666166829683167,0.007049909938014461
2010-04-12,0.0020654086980489562,0.003758326756795517,0.019587274200005004,-0.0026344993659663,-0.0031119855497714864,0.003473594476924072,-0.0006594023839275188,0.01808160470681295,0.0017650508571401095,0.0015554280201785287
2010-04-13,0.0005776480474074585,0.0005354864728948469,-0.004319841837277762,-0.003398468825102524,0.005206455955422547,-0.005868901865429654,0.004278196084822495,0.020595511215972293,0.0006851660398368415,0.0032981767273520656
2010-04-14,0.013357509425747273,0.0383554105310506,0.06494407528249359,0.01650419842191428,0.017058797702902233,0.03974889036858713,0.01207789095750394,0.01238049499985797,0.011088363099908616,0.015639542013083933
2010-04-15,0.013061394139412307,0.004115222809897541,-0.024641875471786392,0.0122020074788134,-0.0027466074259335778,0.0016747152013014803,0.0016211477877639937,0.007244409049405449,0.0008421839911768203,0.004314208872125182
2010-04-16,-0.006125338245599424,-0.05649434851846206,-0.05337471909984441,-0.008488594871342136,-0.0019883452256111273,-0.04842438995480831,-0.006499920595386534,-0.054190503149718086,-0.016257982418547083,-0.013780596901280605
2010-04-19,-0.0013344331026923439,-0.0010870048775725445,0.06782313953944268,0.0033301250207748946,0.012174132238266073,-0.0035188575045109853,0.011991852624032202,-0.004700225911320184,0.004511140739529798,-0.00046354226239103815
2010-04-20,-0.010088209064496107,0.011892223322044183,0.018274855094389204,0.004055150014808842,-0.019396013929965514,0.010737691550302382,0.010256577338815626,0.0035270670528217093,0.008026045737071379,0.00811179027608065
2010-04-21,0.058093901478138074,-0.0178915894164734,-0.008081400062201063,0.0022053148977846998,-0.005412195427003999,-0.011618834818091586,-0.0009572376672547133,-0.026160892127096706,-0.0010195164357019706,0.0017183290616180152
2010-04-22,0.027584010388004395,0.014123146441891044,-0.012245250140136017,0.0029323324748705666,0.001085174837231564,-0.013542279788739897,0.001913072178897343,0.004207832888302457,0.0022613206430901964,0.005756736243200827
2010-04-23,0.016229650234606388,-0.005950950889048406,-0.0020553725998916418,0.00547590422934973,0.0066377035404636365,0.004460243958422812,-0.013793098590364743,-0.013893019557988334,0.0070982676832182495,0.004388737996258312
2010-04-26,-0.004922912997556319,-0.020834194036127015,-0.052810391561886695,0.003633584832509083,0.005676332562780648,-0.02364216231911051,0.004833183506424709,0.009685186669685812,-0.004305704355093108,-0.00284971849086631
2010-04-27,-0.02807114608295629,-0.03266068448659789,-0.06035301191502381,-0.02052135660254218,-0.014718392054951844,-0.0343018676189625,-0.008392671822999846,-0.028721487104564958,-0.023659640178701643,-0.020615728971921037
2010-04-28,-0.0016803725595046363,0.0175893586484569,0.02502925741224489,0.001110150610526523,0.009887278816672028,0.02445639615291632,0.0019430570353660532,0.0018580168209326611,0.006441958378180898,0.00010519896764562772
2010-04-29,0.026555680548688784,0.028827070206832478,0.02441817423306237,0.017959248372649513,0.002763478079862091,0.01234876875338409,0.0029074836779788135,0.029871071889589366,0.012860180281289574,0.01612906743603589
2010-04-30,-0.028507224396629435,-0.026018918377662497,-0.04255931737490841,-0.0220354364763086,-0.011254279755311984,-0.0328051080783948,-0.01494974400834,-0.05811260738684547,-0.016787810139866296,-0.02040242085316402
2010-05-03,0.01994586154435524,0.012817302555926108,0.009111708641145237,0.02239870428245731,0.004640457849277083,0.022066140942443177,0.010423460020343386,-0.010880180328356765,0.01303525745326214,0.01514165190505263
2010-05-04,-0.0292192154522755,-0.028075731577215268,-0.03460572941811166,-0.03623353254245961,-0.011485457155921286,-0.024652553262438502,-0.02393943789257096,-0.052174524827825176,-0.024127199957418213,-0.03026440271272588
2010-05-05,-0.010453339504524376,-0.001709929022811776,-0.018957541964392702,-0.0003762276620144492,-0.005164646462694936,0.003760406726750918,-0.009336787395568903,-0.017094358796064642,-0.006608341800780098,-0.009099732849078033
2010-05-06,-0.038791431200809086,-0.07315236997895466,-0.034066462937233526,-0.04074355557567192,-0.023053961363586877,-0.043631346777495056,-0.029578420496378127,-0.02090633518232503,-0.032888440643963665,-0.035010510439219045
2010-05-07,-0.043108525034081024,-0.006161032908433967,-0.009950553840411942,-0.03107842283463431,-0.01479569107689215,-0.001226312549491639,-0.02692986457183012,-0.017045931105366983,-0.015426646180907493,-0.02355472259906076
2010-05-10,0.060423278532773524,0.06693042709339436,0.05354092595838198,0.05278815766329435,0.033582296029430976,0.02877770524848233,0.025548319083131085,0.04208205636446554,0.033434479226047135,0.038614096639444526
2010-05-11,0.009912163671053959,-0.00812518918575017,-0.01191884674560147,-0.006527278399598929,0.0048981292273489446,-0.009580838322811387,-0.0020751967683141684,-0.011049786514247303,-0.003403075918466228,0.0002695323876132477
2010-05-12,0.02148121326150031,-0.005258825694699156,0.0023949375648651245,0.029604001754563368,0.04461972130980864,0.0033638174887104886,0.019204927256517842,0.019257575199537226,0.013645992401824483,0.020711799879766297
2010-05-13,-0.014333985669922791,-0.01178579705069765,-0.02176624550330572,-0.04630648060296246,-0.009085314483158333,-0.021334371864889692,-0.00681654693364813,-0.002045706730335689,-0.01221949988922511,-0.012723763197326422
2010-05-14,-0.01772859111012654,-0.031920538004113805,-0.02726365457817796,-0.02338156758331998,-0.0022083220923876175,-0.02280137557353596,-0.010658868362240633,-0.08868374734966351,-0.018978981387949807,-0.020041971572978087
2010-05-17,0.001574575951791343,0.0006117969380735202,-0.030614135946478414,-0.0028103363980026648,-0.00573314194726363,-0.0012543232831160476,0.00034568480768523214,0.0023122610853286295,0.0011087536210084368,0.0031396567393400182
2010-05-18,-0.007343194189743893,-0.0247692415005175,-0.03425936382805593,-0.020720344922452373,-0.0037640259531108223,-0.02079717250877944,-0.007315857844842627,-0.03366270203728591,-0.01429763178499772,-0.015828244362282185
2010-05-19,-0.016057663717705256,0.022319347787914955,0.02122122932474497,-0.0041135656043541965,-0.008423097683899308,0.009183721257706327,-0.01266704327853051,0.015798224747965287,-0.005143468860015588,-0.008185230412251741
2010-05-20,-0.043537053504463935,-0.06392532495043429,-0.04839640514348567,-0.039946234569658796,-0.040058935304101234,-0.04015553046568405,-0.04083688123471952,-0.023791770944004337,-0.03940543961689492,-0.041921794110375186
2010-05-21,0.018997213868574,0.0441107857310149,0.03252321516399871,0.006414777137728573,0.013000403666158677,0.05702586411387617,-0.010009521977563912,0.02143737320198396,0.014912632585704338,0.01129258411771245
2010-05-24,0.01815759538253639,-0.037596542822039086,0.007968020747567512,-0.003844179889723246,-0.007763844776626347,-0.0363582602266904,-0.021465650259558464,-0.029496068677536715,-0.012992046323687721,-0.0069734333798420235
2010-05-25,-0.006260702442066696,0.005827445218185338,0.0,-0.002570597248005286,0.0005622861084602397,0.00825176674990362,-0.007642575261230173,0.026349284111728478,0.00035387476465256084,-0.0011753183209667303
2010-05-26,-0.004536963049670223,-0.0012917261399914273,0.020943303735230137,-0.018182199521136085,-0.010413795554253194,-0.004117185836232995,-0.04150926321027529,0.004716930740490183,-0.005677078693651669,-0.006839441354734274
2010-05-27,0.03715278128167686,0.044873382579660115,0.04061515716827812,0.033508464412718576,0.025319605955147692,0.04142035035363231,0.03882069324560809,0.05715815291011857,0.032347311768677056,0.036574527066300024
2010-05-28,0.013837469160131802,-0.027570558893361796,-0.015038373465169766,-0.021782201272004503,-0.008980884942716743,-0.021000992924076305,-0.007722051395394143,-0.027028535007345075,-0.012451892345405802,-0.009103113418783029
2010-06-01,0.015259642063188547,-0.019243989336467256,-0.028171062406910214,-0.006932107064562895,-0.007371459287864572,-0.026627207619126198,0.0034826231017089197,-0.04355303836823025,-0.017314353324598773,-0.015498007429758352
2010-06-02,0.011890600127045022,0.029376188758058207,0.018018727067605073,0.015102826268294874,0.024390339569954452,0.025868804994311996,0.021777108848433088,0.011067582756418698,0.02551442810834267,0.02608843089787107
2010-06-03,-0.0031495694958281056,-0.00504710320397936,0.010152335339305079,0.015721176541172003,0.0043073258768484245,-0.011443391036794941,0.015004136271595575,-0.0015733399358133751,0.004043191983442443,0.009580998867807874
2010-06-04,-0.02758867578293609,-0.02952736783699964,-0.04387810425208627,-0.0325649029822701,-0.02116627409418426,-0.038586288672100996,-0.04065136815826924,-0.04839645360558823,-0.035017442089831104,-0.03709244306445983
2010-06-07,-0.01980735941495014,-0.03446342389701481,-0.040382427399437176,-0.008749017092882989,-0.00922153228456115,-0.02421428783768971,-0.019578020538687114,-0.05085933968247349,-0.013624466165715648,-0.020610472338597377
2010-06-08,-0.006436711370569781,0.03315970109467651,0.021740054124990783,0.008749017092882967,-0.003308579472552186,0.028458156272497846,-0.007142842511659046,-0.02821964846517016,0.01091626764351899,-0.0015329071941423608
2010-06-09,-0.024892902938807925,-0.02109508500341467,0.03953112548794882,-0.007870636778193227,0.0014535528998419643,-0.017623973546768562,-0.012825734122266159,-0.0244470100547796,-0.005959396741888012,-0.005414119619881542
2010-06-10,0.029614589452214207,0.02953954050986575,0.0077219010886100965,-0.00043847545671048493,0.030052261586162445,0.031033066268464117,0.008435611209034103,0.03953815350200923,0.02907984566617691,0.027350210559287075
2010-06-11,0.011904403226651292,0.009014547844687122,-0.005141414598377903,0.006129573410499487,0.006012697812452871,-0.005236755468390218,0.026057200909853116,0.02264865839378843,0.00437011574261751,0.011155833874516446
2010-06-14,0.0030323174370823266,-0.012254118265327173,0.0,-0.006569478268478594,0.00038931429682888014,-0.020154536392616065,-0.006255011917210675,-0.021768057382047942,-0.0018062939317567235,0.00016038260316193854
2010-06-15,0.021053080321975295,0.02499328708085441,0.027956451232550254,0.0247356879235382,0.009988941471604808,0.02434622292705363,0.041480639572350105,0.0481190983692973,0.02322245059850045,0.02722018672856143
2010-06-16,0.02869615660546617,0.00442086665437184,0.0,-0.0017161907533199759,0.004305252875170274,0.0070341239975266045,-0.00982990754097543,-0.012663638390055064,-0.0005560893540954269,2.170463663534081e-05
2010-06-17,0.01713900921289322,-0.0031558223958030457,-0.007547585684198558,-0.005165611690528256,0.004821556102952736,-0.002079031526799981,0.0018981122929339507,0.037520373244751506,0.001282185812389404,0.0005332566845899274
2010-06-18,0.008059416140067506,0.0,0.012547026239672583,0.013716569188845742,-0.006357271501157475,0.019067499948748828,0.0026510883944214155,0.006525225488542397,0.0013162641384549061,0.0011436690068173058
2010-06-21,-0.014331416237979547,-0.0018978918509013657,0.0024913472254971232,-0.006406051886293754,0.0038346092628801973,-0.007943706208997425,-0.018706930163076407,-0.02386024096024255,-0.003864297943398893,-0.009006564765790122
2010-06-22,0.013528344754719188,-0.013388978470789771,-0.020101295042612936,-0.015979892560721996,-0.010386844181656038,-0.013989538106067116,-0.0069600505003788275,-0.038188358680954625,-0.01620122508698942,-0.011993419029346173
2010-06-23,-0.010572287923735732,-0.009674260564022902,-0.01277196577705107,-0.004800239072762775,0.006245279128209578,0.014503874472963392,-0.01801120950276738,0.011183274356349098,-0.00298993926106872,-0.0033525354794258487
2010-06-24,-0.007296326650585517,-0.02693128229214126,-0.028685200083844335,-0.012767296673868504,-0.014866958918184467,-0.022361768977408936,-0.012323931545149722,-0.050888672105925785,-0.016946283204951274,-0.016464119908311845
2010-06-25,-0.008587184297265406,0.026282852153178316,0.041457165860895484,-0.017430205407827932,-0.008382058213139835,0.03640520290550588,-0.018978743336453947,-0.0027038301153473085,0.002855281931545411,0.002729204660573056
2010-06-28,0.0059816456416631495,-0.011741615025822516,0.015113157124651326,0.010762089151906698,0.014525925289636575,-0.023083674013438187,-0.00900933374608735,0.0018037564004697152,-0.0020360096106544403,-0.0012736254709864773
2010-06-29,-0.04626514349063075,-0.044959248053543226,-0.0698863830783725,-0.03633442555014231,-0.030623642663625408,-0.03915861203179145,-0.04200557676093928,-0.057476791114626856,-0.03150823034220891,-0.0392489816005911
2010-06-30,-0.018278633845954264,-0.013821385121348355,0.008011060835610267,-0.014442642195755162,-0.012954804509460436,-0.012216416004759206,-0.012953172921698055,-0.026100973231360878,-0.01016445397333528,-0.012223231843773968
2010-07-01,-0.012199819112451915,-0.024658195835324165,0.005304999257215394,-0.0023487744693239526,-0.007396274889867502,-0.013216283235287337,0.006497723918953364,0.01651310362423319,-0.0032457133092441124,-0.003742883118301788
2010-07-02,-0.00621678125347601,-0.012921797191013435,0.0026419831862523734,-0.006133655652474846,-0.005809734578942265,-0.0069533876665714535,0.004738299393115178,-0.012603205984924343,-0.004673271754301508,-0.004564627853397598
2010-07-06,0.006820341714454595,0.015771027676471715,0.0,0.009889454076255388,0.01304476002983342,0.013858521352052075,0.023360570665054887,-0.010789702160770338,0.005344725887457727,0.000998570820281145
2010-07-07,0.03958698327859706,0.04519376827660095,0.028610653302112713,0.05204268104531764,0.02826933999940364,0.04888181015709006,0.019950691364819653,0.04719242209340044,0.030850023008263838,0.0308440594014457
2010-07-08,-0.0022445162501629748,0.01014504892434962,0.017789298933008128,0.003109447955984888,0.007609201346872499,0.0002620368468416598,0.004516302508368641,-0.03056607291618774,0.00936865495165787,0.007349703135670728
2010-07-09,0.0059108404217261545,0.016683654781607028,0.01747894140458575,0.006629603207178373,-7.871679451877558e-05,0.017920491240796796,-0.005751293672767091,0.003872173859637512,0.007178063766629461,0.00962988767032206
2010-07-12,-0.009015638226095166,0.006596444770277506,0.017178289941625874,0.007023724512749844,0.00553343614301928,0.008713136093734995,0.02281127818563701,0.018191171735168623,0.0007326336059528174,0.0008692782372006918
2010-07-13,-0.021568578943863964,0.02979490467817273,0.04519221175015387,0.010010775273967067,0.013969145408630517,0.03238664706803611,0.01200950574438295,0.035418469957575735,0.015261822735573064,0.019670041843501088
2010-07-14,0.0036863767794972305,0.0,-0.02115270929537822,0.027761906281632442,0.0018375573601167436,-0.0032169196037071792,0.012260471349343697,0.010022915151896709,-0.00015514366479341991,0.0034774231045135136
2010-07-15,-0.005077354879323027,-0.01803018290041683,-0.011947578164700975,0.007553437345407226,0.0,0.0027224682093849564,0.002747671130477802,-0.02850779988624784,0.0011953885564136067,-0.0003378631959712415
2010-07-16,-0.006183410039596635,-0.07315236997895466,-0.06453845456929468,-0.05014951145584834,-0.020793380868900493,-0.03675208296773214,-0.02460428315371682,-0.06453853328134795,-0.02924290970075012,-0.03163225403315643
2010-07-19,-0.017438087919629766,-0.026822800417025745,0.02030480319334372,-0.0008796692427231083,0.013653624172727603,0.0010255029723268017,0.013567806577463525,0.039985958990298935,0.005964069587908596,0.00876345779149174
2010-07-20,0.025369704508987727,0.01168751661171214,0.002510233440828669,0.013980113702837638,-0.02528014714812842,0.0149995242957037,0.009859799082429812,0.024552574291049165,0.011351874168992774,0.010975702359883936
2010-07-21,0.009286346637113415,-0.030226884631942952,-0.012610507261641753,-0.02148729881352168,-0.010166027741107307,-0.031008523484038663,-0.014229096048355951,-0.03319408989675561,-0.012902699582286207,-0.015946526903160615
2010-07-22,0.018626681855549033,0.022206241569774188,0.03736392839899116,0.030986717565451096,0.01740932894883769,0.023917599428436596,0.0282589553700481,0.016260504673530716,0.022263687822425646,0.02642017366813845
2010-07-23,0.0035449550327416013,0.005839443895707622,-0.01726263335637819,0.003432001728021303,0.007113728894149949,0.01212485777485866,-0.0011617399114745184,-0.017225278026800635,0.00818642018434479,0.01044447981802797
2010-07-26,-0.0025418333472990813,0.02940353549044215,0.03182635209129355,0.011073444880045347,0.00023351737245096122,0.012475037711773806,0.011173626471004066,0.018173397919430484,0.01113790871672976,0.011809402237251337
2010-07-27,0.018344080881791566,0.00282274070889772,0.0024062780628577897,-0.013217430952940442,0.0017118421288044357,0.008886556825044304,0.0022959707350042173,-0.008567108960454229,-0.0010499083075197902,-0.0035683801017334735
2010-07-28,-0.011885497546512337,-0.014195128224869907,-0.01696999679777303,0.003855770094450344,-0.0015560497280382086,-0.00913427824502351,-0.008060241396313911,-0.032057501950620196,-0.006946032638280118,-0.010406827830186321
2010-07-29,-0.010981193558276047,0.0028555100911189296,0.007308371871076294,-0.0077255070270170695,-0.0031975187548918278,-0.002731933047727774,0.003078405537670719,-0.08868374734966351,-0.004167292220516642,-0.005699486090026141
2010-07-30,-0.003337286397230169,0.0007125610768009054,-0.004866582794911462,-0.006050171015468265,0.0029637126945444466,0.0017392165232388316,-0.00848776134736502,0.006550303356765813,6.349719619899018e-05,0.0013358853916383606
2010-08-02,0.017722953159831946,0.028091527166959854,0.021713857850032152,0.03115257164556558,0.018213425709597934,0.03320606327824374,0.019947073259286827,-0.0010890019297716137,0.021783528781166763,0.017872836001329884
2010-08-03,0.000305390899833159,-0.006949160884783488,-0.014423747785415983,0.000839390939158191,-0.0029870855790407502,-0.013539540759477935,-0.006477476053278498,-0.02649136466267574,-0.004807894641330393,-0.005171620113031329
2010-08-04,0.0040010502072019526,-0.010515309225226211,0.002419298423544274,0.013344761732378316,0.0068795170510081854,0.005098293486911721,-0.01657359242446766,0.041627166379813625,0.006032878060028029,0.008742002504221165
2010-08-05,-0.004879034247862412,-0.012052510224702839,-0.00970940848816039,0.0012421769702924035,0.004257345406291731,-0.00048391118502918583,-0.014090759961102437,0.012793469240492978,-0.0012693298432147424,-0.004572927466642149
2010-08-06,-0.006171058354323414,-0.00428885848307389,-0.00980409461031445,-0.0041456605936802384,-0.007959443868860794,-0.020316722158994657,0.007070397303745821,0.011585166104316603,-0.0037109155663972966,-0.0020037364797458068
2010-08-09,0.00636149260920722,-0.003588019861573786,0.0049144122638570134,0.028666798213525847,0.014190643230450155,-0.015450120723444833,0.0023456343778452023,0.009379634481298433,0.005468087107405527,0.007496496280363925
2010-08-10,-0.008979099861987238,-0.02033493282558444,-0.019802878004047193,-0.018745337984290848,-0.001212642461567376,-0.01645802510540047,-0.02131125149688879,-0.042378975682617906,-0.005985281603927613,-0.012446545854021336
2010-08-11,-0.03618964255818454,-0.03281429610404163,-0.03822129795411836,-0.024147775420846177,-0.015363236768701605,-0.03639583085902139,-0.00841155130093404,-0.03974026296485653,-0.028583405997961563,-0.030561048881504464
2010-08-12,0.006374548305938448,-0.009904874085278936,0.005181710368326459,-0.05748981530904034,-0.011854394716510064,0.0010585760593822453,-0.014995144273338612,0.008968630714759224,-0.005393266400071399,-0.00834752792752591
2010-08-13,-0.010740418736241,0.012933125934197277,0.0025804864902322,0.0,-0.003357738844324353,-0.008232656765582864,-0.003681974336381128,0.046874771317629856,-0.004031690712189038,-0.007695272147745439
2010-08-16,-0.005878628242782034,-0.003028251848918465,-0.0025804864902322045,0.025422915208214745,-0.0007823342976563749,0.005053637385552979,0.0040898322805418465,-0.02589109392843387,0.00012045128871151444,0.0038528003073326185
2010-08-17,0.017334226641868587,0.0015153661876474715,-0.005181710368326499,0.0063692048025901695,0.005308338960019641,-0.00558731462269798,0.013855315373558632,0.013029338216967355,0.012118489601347648,0.012556702257965773
2010-08-18,0.004355966811313532,0.00829254918842486,0.0025942787038018647,0.016194933416854657,0.007291203643389793,0.010879597682715307,0.004441736704997363,0.005379322500443872,0.0014816804859392602,0.0028292953865824894
2010-08-19,-0.012685742348118874,-0.022780234915566012,-0.018301320548977932,-0.008514642487901505,-0.0037943581960526596,-0.02187894192278487,-0.015428395720202796,0.05835010078130257,-0.01708043585689712,-0.016725271637205722
2010-08-20,-0.0009606041459943051,-0.011587480931842285,-0.010610003933819832,0.0004497932533769986,-0.01092053843910709,0.0018862420255907628,-0.008629941070995446,0.009067631596148007,-0.003669753922919338,0.00037169649292374823
2010-08-23,-0.015501882496605264,0.0,0.0,-0.02505192753830286,-0.008111192867533298,-0.007024775264943171,0.002061874979688924,-0.015159076270725194,-0.0040484907945532,-0.009277927013352873
2010-08-24,-0.024170948921585084,-0.018032702409007846,-0.01072413429451937,-0.02569674056134272,-0.0124915513424868,-0.018334140150195608,-0.009934173912736226,-0.010235642189743094,-0.014618768361991257,-0.016748749220783576
2010-08-25,0.012261239255301676,0.0015812515748703747,-0.008119043432015343,0.0037792117184870674,0.002957697745714263,0.0005518327525694198,0.002492365191274865,0.0203672485498273,0.003283944691638116,0.008337107392268225
2010-08-26,-0.010803589641884947,-0.015121968260675274,-0.005449691892299666,-0.024339191938182438,-0.020077006268332087,-0.01669901799111486,-0.011685544524845597,-0.012170649443190629,-0.007714466580892417,-0.010727269129683909
2010-08-27,0.005561463468690275,0.013540716685805025,0.02695589110918651,0.005299950557596278,0.01575744272265366,0.026859875612283514,0.004607101154530016,0.03213153283281355,0.016450710403283032,0.016356790614827428
2010-08-30,0.0036352926186205402,-0.025642378318226078,-0.0242275449953385,-0.02382781969724207,-0.010720189249365568,-0.020704945262031975,-0.012192847842078466,-0.04859287603032444,-0.014828611113085734,-0.015752812299827643
2010-08-31,0.002471336199858723,0.011299650356793015,0.010840389210467033,-0.01637365157061455,-0.0021906839755749074,0.014126173815313064,-0.0072171058037515294,-0.03268603651834737,0.00039071808849260096,-0.0028058315083575184
2010-09-01,0.02930696349318263,0.05925347865372038,0.037041180073515236,0.013416130149432775,0.021214120406383843,0.03725088301188388,0.018155642315009816,0.007474790716276305,0.029077736386750194,0.029278231978037042
2010-09-02,0.0073235677517018314,0.0052848556746536435,0.007762196858558674,0.012751542298370793,-0.005821157627280707,0.011067466865166903,0.0016718194636464203,0.017923704099255804,0.00903985298673457,0.010587585956782783
2010-09-03,0.025836523609191583,0.016430425989507905,0.007702475344162192,0.025025759810081434,0.020110044010310343,0.02612333762791485,0.014514546872860315,0.0339014609886212,0.013132393793160998,0.015219877244115384
2010-09-07,-0.0037168807855701485,-0.02171528166416153,-0.020672626974314764,-0.022105945278381032,-0.01285890893319404,-0.02298363704326165,-0.013679736819085879,0.009049788133883237,-0.011537491412768315,-0.011191709212920302
2010-09-08,0.01962683523539877,0.012039059286465181,0.0026074015352799606,0.002910596071271873,0.0010316132675294873,0.021706293366994603,-0.0012523181866006111,0.03249908481176378,0.0064180594909031665,0.009004704883898327
2010-09-09,0.0005701186231888962,0.009676222377696189,0.018065225439034868,-0.0014536998380945542,0.0022183704021375926,0.02474245768325742,0.003337404397291793,-0.013658514981034325,0.0048206520589967215,0.003283191733339541
2010-09-10,0.0012917843884978867,0.0036970317452114745,0.0,0.0004847056349251574,0.012817019108672584,-0.008514924027079684,-0.006686090311357747,-0.010864296074027762,0.004851545040690317,0.002804412687945293
2010-09-13,0.013686748705809628,0.02909267548369924,0.02025397588838786,0.030566067734824086,0.01257823595988636,0.03363333852859147,0.05148162358333491,0.05505934664657979,0.01106912660314444,0.019094293509070732
2010-09-14,0.0038123922786945648,-0.01954438255152679,-0.012610507261641753,0.008897484945568317,-0.005880903788445743,-0.009775139951371064,-0.0031906662717349995,-0.009442640030786887,-0.0007133739296067345,0.0017747032777769391
2010-09-15,0.008025313815645925,0.002190808559518458,-0.0050894137618619035,0.006505074186859558,0.004491228367307259,0.006364425142747745,0.003589262477933745,0.0018957731774812757,0.003534883802268771,0.005031516687283512
2010-09-16,0.023227542343374284,-0.011739101491690725,0.0126741833223394,0.015625538178645242,0.0018524005600416742,0.0002441543389705663,0.008325050102162633,0.0009470024103703658,-0.0003644100558466401,0.0008382679490097768
2010-09-17,-0.004348018894244128,-0.011131705786386961,-0.005050071765502803,-0.003197024782655467,0.004002226963621699,-0.022950019876354318,-0.004352410619680637,-0.0018946556952217854,0.0008265141149324639,0.005352029131949101
2010-09-20,0.02814363468049358,0.025056646130669137,0.010075809466667,-0.00504521248300748,0.012214573901078787,0.027817410302711253,0.008292577190383834,0.01505220576979153,0.015095287889557545,0.017219942012568473
2010-09-21,0.0019042718921947943,-0.006571902662822944,-0.012610507261641753,-0.005069837087372286,0.0014409660774904087,-0.014673756542944205,-0.011071887412922728,0.052739314874204246,-0.0025673131207138568,-0.0027544044323458486
2010-09-22,0.0139286119849073,-0.016993287703236937,-0.015345943970908354,0.0013853768645636414,0.004459933213409607,-0.016143421446482658,-0.021705197719875623,0.008818634365313327,-0.004837172794451643,-0.006319561741650219
2010-09-23,0.004057255650343963,-0.018804447210324055,-0.020834353844189992,-0.006481598853973589,-0.0068118770343165115,-0.021255948315814597,-0.00734082910091894,0.019991558196717104,-0.008366240177841381,-0.0032048776473085996
2010-09-24,0.011699531050439292,0.03212802005642026,0.02597576844256793,0.025677876333812535,0.01836189739792017,0.016487612092866998,0.0142253809688169,0.053614503118442826,0.020972915547808245,0.02299865275489431
2010-09-27,-0.003976706317246847,-0.02682725049962515,-0.007721901088610095,0.0009051437339940045,0.0040186653340678075,-0.01699907663494716,-0.002020433545784079,-0.02143501154426984,-0.005683553181933576,-0.0048200368189482805
2010-09-28,-0.0148779778049739,0.002263625703646989,0.0025804864902322,-0.011371748508016833,0.0017805492005445005,-0.0033319104048843426,-0.0020237049387601042,-0.0025031527850447256,0.004838660735848585,0.004135328604960337
2010-09-29,0.001776105687959275,-0.012130897302889567,0.01025653020904644,0.00045713112288979534,0.004364337150836919,-0.013961289422533637,-0.007320240694796508,-0.007547274020010788,-0.002591112883144724,-0.0012741522506573202
2010-09-30,-0.012677101247454362,-0.0007629889146130842,-0.002554054864884343,0.0013710205367763902,-0.009939770841105321,-0.009153747608431673,-0.0004077568340421637,-0.01697812075153153,-0.00308848670645526,-0.003346532069280172
2010-10-01,-0.004344205688287132,0.015151466849073602,0.04500739702573726,0.00045649927416654035,0.011120260395688017,0.019513886757750825,-0.0045019295571988496,-0.028660491639436417,0.004406714359894576,0.0008988042306133591
2010-10-04,-0.013828202439124181,-0.011342424833680951,-0.014779023621433785,-0.006869399168111986,-0.0028795749805396093,0.004890496218145492,-0.01946621965660409,-0.009739297738635933,-0.008067386519721716,-0.01112566233644454
2010-10-05,0.03629791095373203,0.030702896887582615,0.024510922762214647,0.010513843226622287,0.017661769117337554,0.017559476817664288,0.018235074264329965,0.007092947373484974,0.02064672250716406,0.02331723562090117
2010-10-06,0.0008648143296062614,-0.012616112015149743,-0.007290110064616056,0.013999207545928385,0.0013071505781657251,0.006537597795516972,0.0032798299940389945,-0.048879431997229356,-0.0006722304595956211,-0.008020210820567334
2010-10-07,0.00010365698206517092,-0.005992374107013508,0.019324456427140944,0.004027398934752584,0.0063635488906899846,-0.00956943783290825,0.004085335728436451,-0.0074480046380507895,-0.0016478755817934904,0.0012635607823088036
2010-10-08,0.016630691238863363,-0.009815026896565483,0.002389401422891376,0.004011705467656587,0.0009371900359056155,-0.005327536701672445,0.0016290200471146944,0.014842025210475734,0.006103613171284074,0.007622933559928639
2010-10-11,0.004376517940962513,-0.002279383868853923,-0.0023894014228913367,-0.000444987761608187,0.005816234810342794,0.010627493325364475,0.0008135159632159315,-0.00461426502051604,0.00014582627318711122,0.00017491466602426818
2010-10-12,0.0107089976549483,0.027748530996699463,0.014252247706378514,0.00665319679099156,0.0013594250289182838,0.016723360420718907,0.009713054777966754,0.019240049242782883,0.0038114836641496563,0.006468501886217987
2010-10-13,0.005345604696668747,-0.017157724659854198,0.0023553840576178327,0.024455663917721623,0.0037115348762611702,-0.013958627590584655,0.02033145738968999,0.028624600414284728,0.007095785561559261,0.009594368510224853
2010-10-14,0.007203697953881508,-0.053315012100578214,-0.04573618280145171,-0.004756518906898259,0.00801796446583166,-0.02851522436088466,-0.0043503891597601214,-0.016000837571439094,-0.003648032184403023,-0.002399248915353259
2010-10-15,0.040294394138573136,-0.05045825578355878,-0.027466925069866848,0.012491797631639788,-0.003114399425085837,-0.04139252337053861,0.012212068384877824,0.011581569784663025,0.002025432873275127,0.013617305076690686
2010-10-18,0.010303776638366282,0.0296070247180662,0.0542005385424571,-0.0025718896836046975,0.012469611674583509,0.027871736941969077,0.010903441784020296,0.0061812459519203005,0.007217634690706231,0.004804559561128971
2010-10-19,-0.02712568849492682,-0.044746506939191945,-0.026733613472590165,-0.01426424723956589,-0.0341836483809224,-0.013440685095874405,-0.028281454054767997,-0.006181245951920264,-0.016004644029054833,-0.01777738100587451
2010-10-20,0.0033550271228306406,-0.004246486359498488,0.012240378041847709,0.018547125921511975,0.007506174656261392,0.01081972580478563,0.008331856964918404,0.0,0.010469082613678416,0.008352530020779153
2010-10-21,-0.003257242500280177,-0.03375468585955854,-0.009779802149210122,-0.006000835414379673,0.005450496927222123,-0.010554069212106106,0.004336667758833198,-0.017873003177025813,0.0017723369527991779,0.000927395454327115
2010-10-22,-0.006646261586838388,0.007017503936840972,0.00977980214921012,0.00941386659126035,-0.0011453928863639406,0.0,-0.0015753017951585211,0.06205534283447308,0.0023864087842906394,0.007985356012007712
2010-10-25,0.0044465766185390115,-0.024780117606107484,0.02403950245477581,0.0055215210941137625,0.0012163795168984052,-0.016852516589248613,-0.0075138517017847,0.009278572799356826,0.00214467014688162,0.0046115380385247495
2010-10-26,-0.002561260451410069,0.012467252702136427,-0.007151329459168228,-0.008934552270994338,0.005917599317794863,0.0035011222347787726,0.027795375110625083,-0.003364462693677915,1.6885142218022246e-05,0.0025821026706543742
2010-10-27,-0.0007145588270734847,0.02101632419029131,-0.0023949375648650395,-0.004712138972813702,0.005388474443887191,0.009098379152383467,0.005774780020211419,0.014220549801429842,-0.0026942096392165637,0.002387726742531603
2010-10-28,-0.008449331843163144,-0.0008669450710375421,0.0,-0.004302704105280647,-0.0037545061126512446,-0.0008001200453406526,0.008790408808494484,0.0008303719679781436,0.0011242172367564925,0.0016405554748901866
2010-10-29,-0.014054581279733231,-0.006962751606129521,0.0,-0.014332521916180414,0.018980847898343797,0.0031945803112328626,0.014731512502366774,-0.0024926458042979225,-0.00043938381356833266,1.5871053822137906e-05
2010-11-01,0.010575749599168727,0.004357613411560018,-0.004807589203525281,0.002621197674259448,-0.001951492600664555,-0.00559694214335831,0.010443776819231467,0.0016622738363197614,0.0009460857172530168,-0.0010254175046842805
2010-11-02,0.016885918156715484,-0.00873386352339651,0.004807589203525403,0.010848416656673188,0.003622027257652811,-0.012368728410249264,0.016194696839205734,0.020551499973056043,0.007729336064693736,0.011384752499551577
2010-11-03,0.011058453605881114,0.010471412075718622,0.004784338987756325,0.023038439115605228,0.002291357663720718,0.020354640066610453,-0.013230444939633632,0.0072965176241134915,0.003671306443685746,0.0026607344530439852
2010-11-04,0.01733647868778707,0.05159710097595307,0.03286708511578065,0.02086869429402502,0.018009597138930723,0.05367607915890788,0.004061272832838005,0.001614185341261904,0.019099304409664532,0.014487511146458527
2010-11-05,-0.003588182284470732,0.018783617381903782,0.03628508349084274,0.002063176391009328,0.0008855951940257785,0.028240626488227435,-0.010742862508246048,0.01679362591406944,0.003915079053611362,0.0006360709233228641
2010-11-08,0.004686838117374864,0.019231763356008215,-0.011199146264218496,0.005345138748899155,0.0012981272302746332,-0.010558793693554594,-0.0014906810257429757,0.003957577916649105,-0.0021232098228606586,0.0004148331638481293
2010-11-09,-0.008003673511347533,-0.02654001015377824,-0.03203838501074997,-0.0016418465345671273,-0.0021874006842609174,-0.015172538858658453,0.005208018801579067,-0.005545067040625993,-0.008084894540661062,-0.0066381611404423115
2010-11-10,0.006150706450809135,0.024156169458300163,0.027524099409461947,0.0057327414045896625,0.0028015520373022894,0.017884181839715275,-0.0003710562829547984,0.011844425412861221,0.004366533579725262,0.006145793864267737
2010-11-11,-0.0043487938458978085,-0.016039070972593304,-0.013667623640329545,-0.05748981530904034,-0.007671722229694369,-0.014881173117953084,-0.00969781382047758,-0.01025693628888426,-0.004251149890857143,-0.009060697144354642
2010-11-12,-0.027600281499009827,-0.020417126336768603,-0.016184680946228287,-0.018195764523368282,-0.011688596052501365,-0.010297814240936762,-0.015486360241004405,0.05026186818095098,-0.011878766244753407,-0.014707416939404947
2010-11-15,-0.0032187680812577565,-0.0016517675749093605,0.006968236454269529,-0.009974910239704187,-0.0006964944530591539,0.01179623093246135,-0.0026687480301146997,-0.012140100339821344,-0.0012181773094550822,-0.0017447804032292176
2010-11-16,-0.017909322701465932,-0.013311108187560743,-0.023420160850983585,-0.025896478303595358,-0.009794354903168472,-0.011796230932461394,-0.008871463777032408,-0.030222929680083783,-0.016338157414688127,-0.017650128953437618
2010-11-17,-0.0036210808720412466,-0.027166291097135274,-0.007134507757845076,-0.0015444189348303783,-0.002040576812651291,-0.010915127077544275,-0.009342264686008139,0.016387667628350564,0.0002121403759877297,0.0024949907311421944
2010-11-18,0.02604723198696049,0.006860596601473082,0.025914637331655253,0.010251456685360608,0.016835537012156163,0.012177015196011514,0.010503716183469793,0.030489987024600075,0.015240583543647691,0.01538577013192675
2010-11-19,-0.005527002962849693,-0.003424414839058844,-0.0070015485235027045,0.0,0.0047678342508014025,-0.006323744409014904,-0.005821674141456785,0.031772389296474836,0.0025371519119104955,0.0014784702323971692
2010-11-22,0.021384718618888972,-0.031361248088840325,-0.021302490231043747,-0.002553180126265516,0.0023415761381386565,-0.02310144441012765,0.0015558869379991075,0.0007263843204595561,-0.001576608885061296,0.00550477296376263
2010-11-23,-0.014885507144044354,-0.018759654843529365,-0.01932445642714085,-0.018576670146122576,-0.015317303722959655,-0.023116236388074994,-0.023993079352017038,-0.023530116723510425,-0.014387031590549965,-0.014748741506857978
2010-11-24,0.01947003251279138,0.016988028249847315,0.016929518862275877,0.013451126990203599,0.018202011448713352,0.013985963549020371,0.009902370598090387,0.024257013731063586,0.01481271551861717,0.019123050415325617
2010-11-26,0.0006352322850491556,-0.014286036359491328,-0.014493235430742449,0.0015403776863851346,-0.013186244294061487,-0.017446625078162845,-0.004741140740000808,-0.012422030755225886,-0.007496591424233891,-0.00337164469073779
2010-11-29,0.005918907370559043,0.016941916781637704,0.009685646227217131,-0.002568692154730656,-0.007043318974428586,0.010873561820844164,0.002373677829476138,0.010968749427213072,-0.001379810265237083,-0.003691899033324534
2010-11-30,-0.018216350654796924,-0.032347623531789126,0.011975943048452856,-0.014508007552043114,-0.010058205632474428,-0.013543895075603657,-0.0019775242527380627,-0.010233974058244163,-0.006088715610163862,-0.010745702737237925
2010-12-01,0.01673240372427069,0.03149092185744126,0.023530622474483832,0.00831612205401344,0.02063950571651124,0.019855032726974524,0.030411495400217717,0.04314096079902653,0.021386622263129783,0.020287304652796892
2010-12-02,0.005515557664218968,0.03396191495028683,0.027524099409461947,-0.005189765009425497,0.00531793259830668,0.02995333013027176,0.03212097826356342,0.011892580284878685,0.012737100160620848,0.011667689109566419
2010-12-03,-0.0022336843982676494,0.01529271621358453,0.006764567719196744,-0.007834839756260897,0.0013766053118952034,0.007602169015405947,0.004822782271767608,0.02811279564423811,0.0025998540163515035,0.004683941310620013
2010-12-06,0.008499839018877417,-0.018724122009091758,0.0,0.018701821820820974,-0.002686185511473517,0.007294805519174639,-0.006684190173593806,-0.01911314892249237,-0.0012990821033003648,0.0013342491406221001
2010-12-07,-0.0060777196982352245,-0.006031430966516504,0.037490693522199706,-0.002060868159607774,-0.0067126054271441395,-0.016424544234146347,0.0011175595408364236,0.03187799647927701,0.0005149475844580072,0.0013748458073359565
2010-12-08,0.008760655044641819,0.03649041699902146,0.004319841837277711,-0.0020646646169815686,0.006643682660020864,0.02540657935838363,0.01330866164986893,0.008640646704161124,0.0036949257526148233,0.004097793440719515
2010-12-09,-0.003901067199234322,0.05275107644583439,0.010718218367427066,0.017925983217544808,-0.004701461810845546,0.013568945487897784,-0.005523859424884831,-0.01668409698220499,0.0038353835670092563,0.0028741903866762045
2010-12-10,0.0024986859606230334,0.011787857785230789,0.016913769325772883,0.0,0.0035973847802860145,0.01507837644754699,0.009555133539258248,0.006038666695273452,0.005983703744360294,0.00794419222006731
2010-12-13,0.003456567244491925,-0.020522011260329837,0.008350370280229414,-0.006109991034908543,-0.0037358942807308474,0.0019290148992182304,-0.0032971640308130093,-0.025746532428102906,4.8319150458452794e-05,-0.004800103115921824
2010-12-14,-0.0042995775399391895,-0.011226587112301806,-0.025264139606002406,-0.0020446087442202426,0.01061724077558824,-0.017497564396272185,0.013486587733821621,0.001371635770355695,0.0009105416846800492,0.001069962637584351
2010-12-15,0.00021840180489081346,-0.008910729644176336,-0.021552902095011112,-0.0035893731666434316,-0.007572168933272914,-0.01432084074565831,0.008292952995546653,-0.022176832377970142,-0.0051356170153353965,-0.004003864350921317
2010-12-16,0.002774698189462408,0.018541483169570744,0.0,0.014278656586851197,-0.0011753800897049721,-0.0049866367880906665,0.005014523326810951,0.0014005427693754185,0.006166045704273937,0.007646805964973343
2010-12-17,-0.001994172406303962,0.003985657087696163,0.023682364781752858,-0.010178118179048944,0.003108215398959965,-0.008534438189034786,-0.003220920615850048,0.0055828190915464485,0.0008364544598930705,0.002143793225225503
2010-12-20,0.004978043863084564,0.00397032566555911,0.002125709392964668,0.003574560104883021,-0.0033850604674811624,0.007033614074584168,-0.003231147876161297,-0.004184417043673027,0.0025451114605429463,0.00249033685590829
2010-12-21,0.006156880878016816,0.028126536110933777,0.006349054642990616,-0.004598062525777917,0.0084757353111061,0.025943525361644328,0.009305928593617417,0.038386961894933166,0.0060119938497866,0.006789370134892659
2010-12-22,0.002956858978720546,0.03035115418445313,-0.0021115830369478382,0.0015350125850694786,0.0014396940061350894,0.027900180058167405,0.004265844298002528,0.010702659741214815,0.0033738576255426243,0.0014496379198947666
2010-12-23,-0.004809210155898546,-0.024206799365663743,-0.01062731634500795,0.006624275985876739,-0.0004109812236786595,-0.0018996561040486631,0.0038943467279110673,-0.007345473727003517,-0.0016456817776046477,-0.0022034090196651314
2010-12-27,0.003331530121724705,0.0159516112269556,0.019048441985031625,0.023589464279714395,-0.0037771001874831608,0.013923281779107897,-0.008160191025913715,0.005347539316394403,0.0006125096248109704,0.0006262751174828508
2010-12-28,0.0024305275729159205,0.005261340978683698,0.002093677066393355,0.009380839317475822,0.002542669146096441,-0.0014071987956271953,-0.0021398553040955413,-0.004008058343230768,0.0007710265951420123,-0.0016472848951421233
2010-12-29,-0.0005529914894269019,-0.0022517243996596024,-0.00209367706639339,-0.004926585994897896,0.005542790820940671,-0.005884238385426106,-0.0014289686821725167,0.0,0.0010086365106648648,0.0015197726555565454
2010-12-30,-0.005023706135858702,-0.002256432829886474,-0.0020990514904625814,-0.0009880313572225487,0.0010238037357531665,-0.0030737115329273687,-0.004299559442148832,0.003341307960802813,-0.0015093576964174303,-0.0014821833614963491
2010-12-31,-0.003404364672436776,0.004508157229545957,-0.006322074149561066,0.0,0.0006130845162637604,0.0044888019116145084,0.002151775576032301,0.02698398769182783,-0.00019080765268397786,-0.003803672144466084
2011-01-03,0.02149990944263306,0.061770182002421195,0.03530964842252417,0.012770041912838394,0.004894369105951104,0.026978855156088676,0.0025050604492971103,0.02690720530463829,0.01125129414776139,0.014463980050454121
2011-01-04,0.005204669591307476,0.003517502391969378,0.0,0.0014632912986182528,0.0010844543381083793,0.014368743356095672,0.0039236969607970495,-0.0031653163758644325,-0.001313924652635054,-0.003822993354332699
2011-01-05,0.008147373310674942,0.01809364212996778,0.014185123031716505,0.012109513625597984,-0.004004403004256455,0.012154085664122037,-0.003208988379118273,0.07392692959689562,0.004994676074308499,0.00778313427976413
2011-01-06,-0.0008085015523838899,-0.004146585330304117,-0.004032536424944766,0.008629317125475468,0.010888922346930415,-0.004934087882825152,0.02886486971377789,0.09380984871442556,-0.002125214370637225,0.0028417660472602048
2011-01-07,0.007135852019398259,-0.013244638578273743,-0.002022435211842106,0.0009535965194086018,-0.004922602239193922,-0.019065442218601066,-0.007662571120975854,0.027552493007363076,-0.001846485769081899,-0.002482874524083339
2011-01-10,0.018656954691509096,0.010471124121461008,-0.006091117525962502,-0.008620343827399827,-0.001961917103480105,-0.005514478970842322,-0.013376347649315005,0.03753564554827048,-0.0013772751808198854,0.0017113856141391939
2011-01-11,-0.002367686618293909,0.019938290905308156,0.006091117525962515,0.004319496161154284,-0.002441818540773278,0.004598036015829216,-0.0039048731184406576,-0.015633075614995474,0.003718206258407198,0.0033292731214201662
2011-01-12,0.008103734657999274,0.02021682438734267,0.027946373581306784,0.011429455530303613,0.01228191726938917,0.025139587573735918,0.015531116421275474,0.09380984871442556,0.008967253798850817,0.007517233065579325
2011-01-13,0.0036514787432132267,-0.014785431015648094,-0.007905509665251552,-0.0018962940802924918,-0.001879820680797042,-0.0058315199140839625,-0.012689511126910549,0.0017114636675854334,-0.001712211240459357,-0.000745543857716983
2011-01-14,0.008067553723981614,0.031981765129279735,0.01769950299561317,0.0061482991463916,0.007897871559778636,0.010294878413268305,0.0038943467279110673,0.008514207361024097,0.007357410347301483,0.007288869879408771
2011-01-18,-0.022725071379442234,-0.016529709626951317,-0.06648992472091665,0.0004709972680451448,0.004323595268794706,-0.003568628933790432,0.012641026015706377,-0.0235911869316324,0.0013754642661832541,0.0038216898250462276
2011-01-19,-0.005327150644190348,-0.042907625370521056,-0.008368167858644332,-0.019029976686619095,0.03290781869811801,-0.023514801261990192,-0.006651585834341903,-0.027724408234053883,-0.010167165793385584,-0.014747468248163179
2011-01-20,-0.018347162510917208,0.011761081271337624,0.008368167858644367,-0.00240454715646712,0.0007064798690224915,0.023514801261990147,-0.004224066292135825,0.0008924559847155727,-0.0012957984038339024,-0.007761153501486569
2011-01-21,-0.01807744890172497,-0.02014631980160865,0.01857673730259374,-0.0019274233359735749,-0.0019274244034138948,0.01199492142872683,-0.011708384846040554,-0.009406941913103657,0.0024106376042604427,-0.005469225598025934
2011-01-24,0.032313519624429125,-0.0234304572304662,-0.0061542306587872835,0.021002849362694975,0.02621275438536648,-0.00597998710152221,0.012766274448500134,0.09380984871442556,0.005819315234595438,0.010360567278361137
2011-01-25,0.011637385904384998,-0.02105315158279042,-0.008264105993444834,0.017326481649005188,0.011275092375679837,-0.0033370771371019014,0.002463447691690892,-0.031213743638261092,0.00026342777361852736,0.0006253499161295297
2011-01-26,0.007150850798781854,-0.005886915524192322,-0.0020771467383139336,-0.0055863243948761744,-0.0024812893545268044,0.0024482909842016864,0.011532524110211485,0.02350080072885156,0.004212024148480004,0.007419315004510769
2011-01-27,-0.0018627953642868205,0.00881724685546743,0.004149772876802378,0.0009336501313252065,0.00018673613784477835,0.0026642472111589733,0.003121892319963691,-0.0028568193752542266,0.002241791060799816,0.005743659471044097
2011-01-28,-0.020933781597839256,-0.0051342754822949616,-0.02303754006730602,-0.024074847825914403,-0.011615087640957665,-0.012494551235089794,-0.039566587468125955,-0.029443777917878923,-0.018013805424182846,-0.0251347305009075
2011-01-31,0.009534558177109477,0.009513464004966549,0.020964913928817674,0.010456457376517216,0.017372386219646655,0.008940343259901786,-0.0007212401079334733,0.006711241448301171,0.007633349932881147,0.0048970801688216934
2011-02-01,0.016687716712833457,0.04137515081724488,0.0164610057639571,0.01501633597374636,0.009583739664530376,0.021790733756191404,0.009332648834985538,0.022732536469577878,0.016555791837834375,0.01875209291886787
2011-02-02,-0.002059672613273816,-0.004903480079324835,-0.010256398571074493,0.006962208237583304,-0.0015911783931985568,-0.010505592491422685,-0.0017880994350215629,0.04436349229511276,-0.0027262302593629275,-0.0005926038668176253
2011-02-03,-0.0025591428651364346,0.013254484895112262,-0.008281753931196493,0.013324306797171385,0.001407622521031629,0.00021967178643415806,-0.010433723932536311,-0.01894291708534444,0.0023514322901266806,0.001569863631443452
2011-02-04,0.008870387726486665,-0.009749051799201347,0.002077146738313793,0.0063692048025901695,0.00286965978178504,-0.019322861609079513,0.004330592352249076,0.02245509710251306,0.0028801110627525582,0.005583814495230405
2011-02-07,0.01540749196976117,0.026244288906764345,0.0164610057639571,-0.0009070028904950421,0.0049879579651750435,0.020202709897394488,0.01536569144059472,-0.04257640289685193,0.006220782345952654,0.005290548689902918
2011-02-08,0.009390589862384204,-0.004098434390345219,-0.00204266911172501,-0.001817757853584846,0.011386328252890262,0.005260694021394014,0.002832905028053822,-0.03012407774305581,0.004176020375839696,0.004680160809164292
2011-02-09,0.008299060023489227,0.002051316839259523,-0.010277478550194433,0.0022711604249932163,-0.00846746951897445,-0.01386945217135715,-0.011022329338001745,-0.024598321516702333,-0.002789653077800705,-0.002857076371308876
2011-02-10,-0.010158527066627813,-0.010298667375024323,-0.012474698054187671,-0.05748981530904034,-0.0034066805139913426,0.009267536643320697,-0.01694667525317041,-0.020387020655826368,0.000749212207498601,0.0004946242098969554
2011-02-11,0.006494179533805815,0.01913928954328837,0.020705113653434314,-0.011695670264763338,-0.0014637217459963778,0.022584871154033535,-0.009132424918346779,0.02808568312402974,0.00549226150188646,0.006782298721187096
2011-02-14,0.006507979590923082,0.008091883589549823,0.006128765931639715,0.005864736671185796,-0.003852305046063226,-0.0006440002887531732,-0.0007341100835604052,-0.015457392461854463,0.002382084644068833,0.0027512059784015387
2011-02-15,0.002002870469004197,-0.008091883589549676,0.0,-0.007470637950803938,-0.002330768029740043,0.0059982871363977765,-0.004071759463205451,-0.024530276601243926,-0.003240154691578971,-0.004564542462053694
2011-02-16,0.00893412672772196,0.00472819145992757,-0.0020390338689670064,-0.004831799971054561,0.003433289839304746,0.023639880696225496,0.0022228971348780364,0.036146080569805054,0.006237938698850808,0.007534777889744973
2011-02-17,-0.01338986689330733,-0.0020232245041654703,0.008130151394929501,0.0053675720959959605,0.005127223390504169,-0.0025060361993722207,0.007007179821339763,0.09380984871442556,0.0030709708803804935,0.002128291560092418
2011-02-18,-0.021838723628025615,-0.004059695094166437,-0.006091117525962502,0.009059055494822166,0.003646797490385999,0.003756703145367665,-0.005527650531929026,-0.0019492440713217813,0.0019228727220244875,0.00083659363654966
2011-02-22,-0.03468283810721995,-0.03941077878027188,-0.04584132597724044,-0.013888340869224658,-0.017687758075322534,-0.042342284934486635,-0.017521948344656174,-0.08868374734966351,-0.020742204920454525,-0.027738773002972766
2011-02-23,0.011772755590969814,-0.0007052749690899542,0.0021294626867418174,-0.010273702690350236,-0.010989605851390048,-0.001086762855745276,0.0,-0.048553493302170174,-0.006130715010508629,-0.0122021702942275
2011-02-24,0.0007588224859933976,-0.014215409438976815,-0.0021294626867417663,-0.002176196079160744,0.0036764665516258684,-0.0010886969035339275,0.006746855802506128,0.024130430719745515,-0.0009948719612429039,0.005460629843081717
2011-02-25,0.015281800205242299,0.01632965658638956,0.0021294626867418174,0.015135245668347664,0.0093484687155119,0.016632427689320065,-0.008251993298765642,0.020538018703827515,0.010495248165324718,0.015637404270364814
2011-02-28,0.014400783104101204,0.006318741216410405,-0.004264135346000501,-0.004300837576624178,-0.0024675887550149153,0.0002140689906018948,0.0011295115934514294,-0.020096821700143153,0.005545679951233036,0.00043857650025141823
2011-03-01,-0.011103695952106302,-0.02551553504444486,-0.02378455106088458,0.0,-0.0118690307570595,-0.02362175310597352,-0.015927686108602384,-0.045595670542595536,-0.015864861791058633,-0.016254962509472358
2011-03-02,0.00801236683365674,-0.00648651212434138,0.006542692529463336,-0.0032381911235521543,0.001187227894883681,-0.008590051630717363,-0.003062615352367295,-0.04245947697997959,0.0016138978895201782,0.0038866861997875358
2011-03-03,0.020909179403935777,0.03131964674816805,0.01724185853142129,0.0016204062964225903,0.020516672708047766,0.019061203024664065,0.004590555769785569,0.005766341150557229,0.017072434579238578,0.018270440429073026
2011-03-04,0.0012231103562332438,-0.010567288050254756,-0.030370904329780162,-0.007040427185433017,-0.010143789430505161,-0.012227189934416958,-0.009588083342419328,-0.005284504114047761,-0.007405389789368721,-0.005039966029349231
2011-03-07,-0.012972973600911385,-0.006394515610575852,-0.004415432668089278,-0.010929301520315562,-0.011810310399693125,-0.007276598969692855,-0.008902629149512394,-0.01406764260291887,-0.008376215256269803,-0.014118832238354213
2011-03-08,0.0011250016194313658,0.045968943331082646,0.02620279128970109,0.0010985813375903818,0.01458681873934142,0.02642392786983847,0.007359764188116164,-0.045984930683511456,0.008883161530176173,0.007308570136317005
2011-03-09,-0.009290863588348923,-0.0068302916002976576,0.0021526081358724416,-0.0055035433695157995,0.021820971266042186,0.0034428114975105584,-0.0007719885661798386,-0.021194869582244466,-0.0013626313929708095,-0.005092924218083336
2011-03-10,-0.016591781984877464,-0.022877951477043506,-0.02393996675748434,-0.011098713077816812,-0.023424228109930122,-0.022370806381267684,-0.018713911274758643,-0.06586306622989992,-0.019051280476330656,-0.018596673382942255
2011-03-11,0.015229306569819643,0.008380024875090581,0.006586353268895453,0.0016723127631459757,0.002527415409821478,0.004601915528036344,0.010570046364809465,0.007228295423741532,0.007055564524569619,0.005387158744143226
2011-03-14,0.004450379277487061,-0.010486115152380371,-0.0065863532688955565,-0.005586143983941715,-0.006423316173219402,-0.009666237107911245,0.00038878779276189544,0.008275984992950297,-0.006067696956773771,-0.005405688518621471
2011-03-15,-0.023263164271453685,-0.01915658594686242,-0.022273458855774222,-0.026108351718700063,-0.014794059516747024,-0.015349142896394089,-0.011746412419821791,-0.030119603689756184,-0.011263544394845545,-0.012532955536425945
2011-03-16,-0.04566704077746121,-0.01953028761230539,-0.011324451420646678,-0.01974540121839327,-0.03859187028676699,-0.01809606818632912,-0.023914640657630604,-0.007388441534366286,-0.019687481949372254,-0.01911813510960888
2011-03-17,0.013932301254564697,0.02096201642822738,0.01357473353855534,-0.002936485948141112,0.007682929030164869,0.016974728250940395,-0.00040340912986007183,0.01864975601616633,0.013309266231874258,0.007321736858565613
2011-03-18,-0.011934948521388575,0.004282575480335155,0.011172959628838006,0.008201427324837172,0.011029531063641905,0.026136719939694034,0.0008066555864157016,-0.013528934918358456,0.0043009395825458095,0.002886470638483042
2011-03-21,0.02576434948393008,0.0007122619837993761,-0.015677192557263107,0.014480459841697246,0.011417373137389969,-0.002407813759435645,0.021145719357492414,0.007914312994863412,0.01487466793018228,0.018149802508030152
2011-03-22,0.005583939531405988,-0.012173533160947232,-0.002260334790771641,0.003444527822385227,0.00202687348004118,-0.0035124092736689046,-0.0011852847596869412,-0.017609052748522338,-0.0035568853410381704,-0.0030580498349782603
2011-03-23,-0.00590810885505559,-0.016709530185720564,-0.0045349928384405365,0.007421957883323251,0.009637325472057093,0.0028550120291499998,0.009441608487190622,0.020420340749757085,0.002909742258502921,0.005362136747906315
2011-03-24,0.01689724267584887,-0.012532605605075721,0.006795327629212329,-0.01259295306534497,0.0031915976431784584,0.0028464439119030086,0.01051604235089894,0.07671162517475977,0.009297393435475379,0.014028505024329884
2011-03-25,0.018865724181459244,-0.01043988607987819,0.0067492298042952014,-0.0046192817668847305,0.013283131003981324,0.002838615503849145,-0.007388286071431508,-0.031698317755459386,0.0031561510021889394,0.0024236387368065998
2011-03-28,-0.0031339469182800946,0.002246444292457973,-0.006749229804295158,-0.00522165752917305,-0.005006609433126203,0.0021788939138330447,-0.008230826901138228,0.036367359670735205,-0.002751618499391395,-0.004523469541905322
2011-03-29,0.0014825150453518796,-0.0014969140593139147,0.004504232928425071,0.017934784655569625,0.00931395116088113,0.0013039487752139985,0.0031436351683172335,-0.007794276577452025,0.007035239607301627,0.009552556444693494
2011-03-30,-0.006661188824592968,0.007462539123366529,0.0,-0.00632715801358719,0.004409967251649737,0.009300904407731566,0.004696756779820503,-0.038282196840162416,0.006662462626235184,0.007192404518325035
2011-03-31,-0.00034401256259291636,-0.008962068904111468,-0.006764567719196643,-0.01044109198996769,-0.003244443274611496,-0.007564177309781924,-0.008627970210388176,0.0005417460989754931,-0.001831177104975248,0.0015401719583496322
2011-04-01,-0.011398886761694444,0.002996443840058718,0.006764567719196744,-0.0064347528175909075,0.007331718868397956,0.005408727284518177,0.003538688829678914,-0.014184316641180469,0.004950712944456072,0.003062481069402275
2011-04-04,-0.009828469731028648,0.005221945910830262,-0.00450423292842499,0.0011732987271394193,-0.00012177537139510044,0.0051923079562492475,0.0027436604287955513,-0.0363678825981343,0.0003451501808517552,-0.00014704129313604163
2011-04-05,-0.006764028500436162,0.002229931958909233,0.008988501000243712,0.009334842831373582,-0.0015840959013130073,0.005165794138753601,0.00896179096566321,0.0017084766499867632,-0.00018007145753026058,0.0007167971097427531
2011-04-06,-0.0025113266856822913,0.0183894530273321,0.026491583560074704,0.048181763683155764,0.00030518607295988953,0.02250142401053362,0.01425006720209094,-0.006849998887209168,0.002181296758153027,0.0030871466129198328
2011-04-07,0.00011845573875595194,-0.00804971683171821,-0.0021807777188924543,-0.008893943331320552,0.0020703935950225376,-0.00505038262945681,0.0019102189807756575,0.03599938703645923,-0.0015211626992252944,-0.0013152975852223057
2011-04-08,-0.008973170173363354,-0.009598172277933121,-0.004376899679938477,-0.014623408822329336,-0.002009467979238542,-0.011884353610423533,-0.004974581694100507,-0.030857864799236835,-0.004012483000974196,-0.005637888901207292
2011-04-11,-0.012795700321782276,0.000741932414781402,-0.006600620688210967,-0.010250817847693593,-0.00060992568432232,0.000426587891647893,-0.0034577929636124484,-0.013191845188160096,-0.00279728829140217,-0.003209665780442029
2011-04-12,0.004825454109234638,-0.0014834963324621918,0.004405707614620919,-0.0017187324191796475,-0.0042790028634619205,-0.004706307962418301,-0.013173623170977448,0.002882378675929699,-0.007807095445724583,-0.009687718014939669
2011-04-13,0.01115872619663755,-0.014959423431474293,-0.011050301530634339,-0.010953932974957966,0.0042790028634618815,-0.008396750233188137,-0.00039042268059927764,0.02220443797891373,0.0001902174903101045,0.006076676311948224
2011-04-14,-0.011098922897720279,-0.010606352644947904,-0.015677192557263107,-0.004648883581686311,0.006202174804143193,-0.028066109035629356,-0.008226723671787717,0.04136240862356039,8.36730908616908e-05,-0.00047088376288851203
2011-04-15,-0.015033004273509317,-0.023893057309657836,-0.002260334790771641,-0.008187135490394553,0.00748838690847757,-0.0017800978657864786,-0.001969087641464301,0.010747018662426179,0.003917728825568014,0.0016036332770786648
2011-04-18,0.0133173191885331,-0.03169828772203838,0.0,-0.017772729960087528,-0.0016260424263870605,-0.02093506049768278,-0.011496811651422235,-0.03369905811434145,-0.011078997728577972,-0.010643686308159307
2011-04-19,0.017948513677525865,-0.006462059967333279,0.024582121264048122,-0.00719870233051881,-0.003259291424630303,0.015573881314386213,0.002787557099774508,-0.0038767464355547194,0.005714810218094469,0.0034998122148358814
2011-04-20,0.0133768146199378,-0.005688862400326104,0.008791976461909703,0.019082390463039844,-0.003937373623310445,-0.0020173218921689605,0.023964930087860145,0.030064924001643033,0.013424435132347328,0.020745312417958843
2011-04-21,0.023922535250795997,0.0032547833857323903,-0.004386268847288631,0.0005904149691677588,0.02119981436070045,0.002689691439851629,-0.009360397796352992,-0.0026960071140039424,0.0052629084996557015,0.006278142078986268
2011-04-25,0.006565055449755729,0.010504851621278927,-0.006615517089696148,0.009401091365947902,-0.0036314774363802134,-0.0015679203393506752,0.0035204978860659667,0.0155376699646854,-0.0015939395500958124,0.0020261892823309623
2011-04-26,-0.007364224806950558,-0.017024844092729058,-0.0022148186791505595,0.02426447856552821,0.004878591567893771,0.011367080217406672,0.02239457075198438,0.025716227831536046,0.008939507790192994,0.007635698322156906
2011-04-27,-0.000770784514406801,0.008142767317601033,0.0,-0.01901530126943932,0.011096247173134772,0.008386571856743498,0.007228636342784332,0.0,0.006230397799828821,0.007814698848584512
2011-04-28,-0.009757069612767157,0.007273364135776121,0.01758292624126759,0.005799970887598882,0.0024030497128752367,0.007663104054197933,0.012432170508607121,0.01082208977050783,0.0035491184714345463,0.0009230085323356823
2011-04-29,0.009700658509008848,-0.011336056350467643,0.0,0.013215330381840433,-0.0011709836795473518,-0.004810167251690635,-0.03002366537902419,0.024804776584233336,0.002298019742020782,0.0003515480194327209
2011-05-02,-0.01105710414962014,0.004873996383134345,-0.022026987485583543,0.0034184388243959207,0.009161443073755045,-0.00991022830907564,-0.01008144923718279,-0.013591752177240091,-0.001754249109045456,-0.0032975238221841464
2011-05-03,0.005528967003060516,0.020850801692691982,0.0066588799234665605,-0.009716951760252463,0.004173708644677849,0.016246007166403995,0.0058284580372633624,-0.04881543536048997,-0.0033850263710526606,-0.007872855627782109
2011-05-04,0.003927283599094027,-0.008768591567308592,0.0,0.0034402543289977685,-0.013101376323214134,-0.009188715659835693,0.009639554811253405,-0.00747913135928589,-0.006878914252832363,-0.004723285935949463
2011-05-05,-0.008099804961543403,-0.01532936993202242,-0.008888628435457681,0.0005725084157722536,-0.012739977935835022,-0.00727909551232844,-0.010414148225956306,0.0005362172514507626,-0.009111217180694528,-0.0047882882872644465
2011-05-06,-0.0002598567072125319,0.0008130807920453603,0.008888628435457749,0.004566287640997139,0.007011296328687684,-0.0028817776582349686,0.0030966137201336175,0.03475875296214312,0.003812642995876722,0.0045513905688180385
2011-05-09,0.002707811614449117,-0.010616477787636755,-0.02327761952407706,0.00227509672162437,0.0012421756531025548,-0.0017780912662784965,-0.001547156559134159,0.02201268924246911,0.004533870101931407,0.005533594417899841
2011-05-10,0.0053081246997832825,0.008176560419096222,0.0009053077351039828,0.010738013535770315,0.0075410792590770125,0.00443877578301336,-0.006213939152429708,0.0015179147247023777,0.00804161600966336,0.010022548129817501
2011-05-11,-0.006372937331215138,-0.0024461884083994767,-0.029386556343435063,-0.000562612256024091,-0.005177777663128276,-0.020808388801969405,-0.012149606034592801,0.004539313388699538,-0.011173689687885626,-0.00938613463048358
2011-05-12,-0.001902923233290062,-0.004089783893958038,-0.011718155994611573,-0.048987020351925016,0.016035414429330125,-0.0031706078573357417,-0.0015783934159429294,0.03121406138126837,0.004883493672167491,0.006299833439057733
2011-05-13,-0.017669261049788363,-0.02237972022402143,-0.021203417253179358,-0.0029579274125701017,-0.013560965712491931,-0.021550128983031526,-0.011519643648914196,-0.08868374734966351,-0.008100047045425269,-0.012148091962277676
2011-05-16,-0.02137243536119198,-0.005885261435279255,-0.008220703253615685,-0.016726700632003697,-0.006257655975373201,-0.006277348934036556,-0.018548949843532888,-0.031147774074698986,-0.0062237186380957365,-0.016454380080371877
2011-05-17,0.008485099899576585,0.003367320853131627,0.00846122407485869,0.00240668849519382,0.009665136860887718,0.02145659654402452,0.004496486442596761,-0.003962851092241758,-0.0003686285233300362,0.0003233848224189992
2011-05-18,0.011035441719216901,-0.009287108630536093,-0.007248400501100996,0.0006006129804007189,-0.00035197389566957827,0.006144242095473761,0.0069091325975450925,0.022989414176335606,0.008765271983703134,0.011357337791075917
2011-05-19,0.00194002485760428,-0.008517945354967528,0.0033894691409439796,0.0006006070088222463,0.0008802634016230094,-0.0018165909802558776,0.001214070900847586,-0.014517029828649724,0.0021755725891674884,0.0029477146608045696
2011-05-20,-0.01571661022561804,-0.009453668730054479,-0.008738348021239245,-0.007833132223436247,-0.002524475054033267,-0.01997103477579035,-0.009347891702668856,0.017284744313665792,-0.007717974612614023,-0.007105522804442133
2011-05-23,-0.0024487286441784817,-0.013913160974829617,-0.021188272154680755,-0.010949269050562874,-0.011228657771137598,-0.01353892219174908,-0.013152223335568898,-0.001106181143214407,-0.011997264840988668,-0.015972439282851116
2011-05-24,-0.0066308870564124635,0.003496290934780446,0.008676975829886123,-0.0049052322432162326,-0.001605811996358775,-0.004947441860044826,-0.0008280490843243399,0.0038664000523079113,-0.0008277226453314669,-0.004628473952178883
2011-05-25,0.01372250840914105,-0.007005828216125159,-0.004205760905953436,-0.004928956153136639,-0.001429538336876608,-0.0016547821045011539,0.0016551054750532969,0.012054579023489692,0.0031781131566695725,0.005526972119702643
2011-05-26,-0.005298756142872601,0.007005828216125174,-0.0027313090914698654,0.0036989247078146156,-0.003403672922372611,0.004249287561903234,0.019648083742288217,0.02474607689043147,0.003945322767699228,0.007770195767260719
2011-05-27,0.00716809821970927,0.01987053877010369,0.018476263172346206,0.012840662995610345,0.001912115419903274,0.007977698403702086,0.0036420476928183377,0.035494567235009766,0.004072615318765918,0.004996689646287012
2011-05-31,0.03041483079642466,0.005119995867594413,0.004383441197762969,0.020445468797940805,0.008501349430500653,0.010461336059471223,0.010046351023945826,0.02731553561326962,0.01053701485636789,0.013650371162248648
2011-06-01,-0.006692102827353596,-0.043523319500548066,-0.037133139950179,-0.025317929689617658,-0.014129297188072034,-0.03482730493302122,-0.023464286989386803,-0.04594964989828032,-0.023048225700640405,-0.023592931403672867
2011-06-02,0.0017058101439852787,0.0044382741372020525,0.00903870652712474,-0.00796820210393339,-0.0028257317087564066,-0.003597862732361506,-0.008632943215180176,-0.004713532520501146,-0.001225586114047521,0.0014867362909952511
2011-06-03,-0.00771511970335028,-0.0008857074078251321,-0.00400704050491487,-0.014879428878214553,-0.006281179313012413,-0.0009621799405179683,-0.012882207249052686,-0.03146093665152654,-0.00978149266519151,-0.014722156991105845
2011-06-06,-0.015848129708084056,-0.040711599216406345,-0.04569599147067906,-0.0012497424915598537,-0.0018194804416701129,-0.02533575856735144,0.0041738802529379775,-0.02135303974420055,-0.010818516013722313,-0.01111992317397154
2011-06-07,-0.017908844151272068,-0.016759856357190617,-0.012954182510185057,-0.030478830818655697,-0.006454578618736106,0.004676426380793106,0.0020803737314691903,-0.0005535858153607332,-0.0009568650426676839,-0.00037008800312678786
2011-06-08,0.0006023558048376719,-0.010382041942977718,-0.02070273314272565,-0.013631879217951904,0.003963010746081305,-0.008136485776782512,-0.005000083532755577,-0.027506487265408115,-0.0041956644216076975,-0.009738023096065302
2011-06-09,-0.002259938731487372,0.010382041942977802,0.025745254922687758,0.0006528125151936499,0.0030377928587689805,0.014501729792288429,0.0008347920585636946,-0.01144855292657583,0.007350409328991669,0.0035409707722909066
2011-06-10,-0.01700708472757772,0.013986229065644786,0.003963688865299231,-0.012487647033337058,-0.010121028528390315,0.001706688207635359,-0.010488725601577532,-0.014496916540628136,-0.014078482881846339,-0.015441561919575469
2011-06-13,0.0021451360975461757,0.0156183816170309,0.03243295436723116,-0.003976210636084787,-6.156408716623595e-05,0.014990498384156559,0.013822180522350248,-0.007034244401507532,0.0006685325595012269,-0.0015293275604276553
2011-06-14,0.01772340140243332,-0.015618381617030809,-0.010007042303086074,0.0013274547867863477,0.005804998660651451,-0.001440918480221296,0.007459789818064857,0.008201620313832314,0.012532913485107313,0.014677593728835632
2011-06-15,-0.017263686743141368,-0.028171086462891716,-0.020318587945953145,-0.016043074954852823,-0.0109664687259021,-0.02260431084055386,-0.020017645374125558,-0.021823258257744622,-0.01758556950725801,-0.017800247156927355
2011-06-16,-0.0048781378350414755,0.009479126383886389,-0.009784472968404878,0.01405177104302182,0.0020925388202797652,-0.007897073250868863,0.010893033803215659,-0.03519800506718847,0.0017527979756827483,-0.0029532937286800504
2011-06-17,-0.015184213000021637,0.007518831976836782,0.01764857074010935,-0.005329874561972251,0.010822078146699388,0.010842926988925035,0.010774835213615384,-0.023751233444436762,0.003040390291799793,-0.0027556211298148266
2011-06-20,-0.015545121145220697,-0.007518831976836823,-0.0036621132191045785,0.01129212483080171,0.00352050446965469,-0.007874458789616769,0.008618769842606691,-0.01209040074688053,0.005380689090158733,0.005024631306019559
2011-06-21,0.031159452064031458,0.02146558737055125,0.02969110204140334,0.02414452322839515,0.007245818285851797,0.010566832049547238,0.011781885695309047,0.021533594452028654,0.0133341790614636,0.02166756393129671
2011-06-22,-0.00830367827622487,-0.0036999965921566485,0.0050746808792822284,-0.009718208744761057,-0.0032543784359546184,-0.005392436752287728,-0.004452804847685315,-0.013880258448222039,-0.006489459844407726,-0.006747057127024373
2011-06-23,0.026369218671709372,-0.007442011305022779,-0.0025338908867122705,0.007135760559235526,0.0026525477817477008,-0.015354328998287623,-0.0008120192168071613,0.02942309204401416,-0.002831992858193941,0.006557251091594853
2011-06-24,-0.014842366835142513,-0.017899490455540377,0.0045568235863390726,-0.03552963016684472,-0.006341228095429433,-0.014580702388259908,-0.01348812244739805,-0.02942309204401416,-0.011795077176858442,-0.012682713430802177
2011-06-27,0.01728466325329965,0.030886888720590006,0.010052433116688466,0.008005304855145579,0.015330469012290529,0.009827949913201694,0.03636781185354119,-0.021188368452970868,0.009142536655730837,0.013252023492275545
2011-06-28,0.009650772877651842,-0.0027685065010942976,0.003993365640851145,0.005301617538976039,0.01415762668258949,-0.008562103914379008,0.02353005794251973,0.005822838836316297,0.012861292735996777,0.015147256665890164
2011-06-29,-0.0036451969458641703,0.029145398332153617,0.0330714483200718,0.013783995252704052,0.0031127990047147454,0.022753834632647678,-0.007000765672203564,0.015365529616654407,0.008248633534913173,0.0040878814982617355
2011-06-30,0.004867312805427246,-0.016289421741235585,0.0033671257468603716,0.017448017461899983,0.0059054429320070075,0.012041113325030838,0.01472260618814021,0.012626600353409664,0.010068371595162745,0.011980545669547187
2011-07-01,0.02235975723866027,0.011791252211467792,0.02934458630597006,0.01588863163020092,0.017278553372171972,0.021636264565851295,0.0007688670185013898,0.013088413222242933,0.014306869106082431,0.015210823417450534
2011-07-05,0.01781511312153791,-0.008148542966873493,-0.007255889747312818,-0.008262168633414531,0.005086139958717265,-0.013315303965715243,0.0003845454336825302,-0.016859910848709445,-0.0013370725450782008,0.003452798690704854
2011-07-06,0.006645988163057179,-0.02392021388126932,-0.01324201969719694,-0.007044091565438459,0.012912960679789866,-0.011521358130918936,0.011458808406849373,-0.013312192020738446,0.0010010578196052824,0.0029153045558661605
2011-07-07,0.015346879441905435,0.016620797678395808,0.014650547523390104,0.021615510202738733,-0.006945953203349112,0.0185644831671047,0.01657337817033346,0.003821281654607059,0.010399582892092554,0.01354219390490344
2011-07-08,0.007001874319458859,-0.02035174087803289,-0.01417461948176681,-0.010114070797056758,5.730833442085979e-05,-0.01413599840146465,0.005587474884578749,-0.01925598209504926,-0.006985458106936123,-0.004483189656016365
2011-07-11,-0.01600093273242346,-0.03325737538305339,-0.054767901489174035,-0.01989177050565704,-0.00853552618580675,-0.03268381031703973,-0.01083093140808223,-0.035623899061906016,-0.018256166936573934,-0.020200473774493972
2011-07-12,-0.000706428814906209,-0.013619157955379518,-0.018260988364959565,0.010957023585566316,-0.005386407619091676,-0.001015335035404939,-0.003385396855637171,-0.013522601842115114,-0.004443369829837216,-0.00741702521513098
2011-07-13,0.011998448850536678,-0.0009796238849771371,0.010185943528715245,-0.0019244723459040168,0.0015502586509045793,0.005822192659865182,0.0033853968556373086,-0.0020442238476482623,0.0031010271091221173,0.005381073247031634
2011-07-14,-0.000698582950105034,-0.012826903696372474,-0.011466188438456232,-0.009032551239662357,-0.0005166689368222065,0.018257521443222898,-0.006026502691382192,-0.0403670148717697,-0.006738782369334765,-0.012321208671420326
2011-07-15,0.01978752964966252,-0.006976091161572431,-0.016538278557839507,0.010316132950186935,0.007491002490340754,-0.009212060409659013,0.011643362476818228,0.0014190591163264607,0.005539055540283086,0.009772351045179341
2011-07-18,0.02404305791026715,-0.028399288921185768,-0.016815780335351506,-0.009668217617428951,-0.0014822398689453065,-0.0037589085089622326,-0.0071202005948652804,-0.021506405932183826,-0.008163117539368405,-0.00888947014454711
2011-07-19,0.008126234289665345,-0.01555239684582573,0.007392404579133041,0.014148198898708338,0.04754936920910198,0.013962229345487527,0.03510406657097222,0.029981019288344363,0.01617714964684356,0.021965823873256685
2011-07-20,0.026319182399072355,0.02883812364177871,0.01565743580175315,0.01016538543153942,-0.008458462779071318,0.014013200861059049,-0.017582401687874567,-0.012739144320387294,-0.0006710584073998067,-0.004357597308904845
2011-07-21,0.0010075924164995136,0.03785315910037367,0.043077458973886325,0.03295307628059057,0.0067838973671558245,0.03195481132457867,0.0014770654361350598,0.04593724997552543,0.013455262786265243,0.007152152048066894
2011-07-22,0.015398884395942131,-0.009823659423046608,-0.0014893491823234298,0.006705499777272893,0.001513014135547062,-0.002367433076056047,0.01574250955398334,0.02020271794456274,0.0009074395131127662,0.008571642903525087
2011-07-25,0.013134595587347619,-0.011916297972269648,-0.00873165485247705,-0.010996191074651185,-0.008024488617957326,-0.011921973439171335,0.01370876367536431,-0.016129619713604944,-0.005658995223243947,-0.005622978403098352
2011-07-26,0.012246170500965093,-0.0009996395798246823,-0.004771296294943681,0.0006140067901670164,-0.004200470420635344,-0.006014679592129831,0.006072479676020786,-0.024692215696209444,-0.00411342006232854,-0.000999545334380947
2011-07-27,-0.02718766780431953,-0.032523070017066134,-0.037189160546710315,-0.037527791635182516,-0.008674667846211362,-0.018755905426345722,-0.02707272959799784,-0.038221189338729936,-0.02051772480729147,-0.02682525696081985
2011-07-28,-0.0019632618959172805,0.011299224203976012,-0.0020932562749871814,0.020189998915799433,0.002478582221089906,0.0002460267909023837,0.014169314438054985,-0.0021668676444908342,-0.0032392071555055867,0.0005279155316525846
2011-07-29,-0.0034257966697691365,-0.008204667776747072,0.0041820046198553845,-0.0025016155868931257,0.00027496908086566834,-0.005669980698906579,-0.011611482123278118,0.0,-0.006471427287173138,-0.0035744302644847127
2011-08-01,0.015929316246222056,0.010245958604907283,0.003644675642879973,-0.00880531463986244,-0.006067534914490023,-0.00024721499293287464,-0.0047554404156997365,0.05212445695786208,-0.004140860866230743,-0.004279154614486229
2011-08-02,-0.019958307438188275,-0.03316365829726613,-0.038139684561462744,-0.02365077567204859,-0.015050086037992008,-0.0149478663613059,-0.017385463890287948,-0.010348492253900544,-0.025888909190623945,-0.027845243464176602
2011-08-03,0.009366844351129437,0.005255212873303222,0.0059216384362601815,0.0019384372988070734,0.004370988440051146,0.0015046820389231557,0.004467590582119041,0.02668629544553933,0.0050031459527175165,0.008888048151108767
2011-08-04,-0.03948852362578965,-0.07315236997895466,-0.06801572608950174,-0.044216654227133424,-0.04196905229918549,-0.05089774267606923,-0.037083132669744584,-0.08868374734966351,-0.03940543961689492,-0.043748218753435014
2011-08-05,-0.009987079713340192,-0.07315236997895466,-0.04015229412427566,0.008064329016063996,0.008709322809675162,-0.008474580093601695,-0.01007386314774259,-0.034158738014410064,-0.0005750829892724604,-0.009424681217541565
2011-08-08,-0.05617591052032716,-0.07315236997895466,-0.07223828041646976,-0.05748981530904034,-0.035518554740074496,-0.056302565641421366,-0.04785582895893612,-0.08204011019573347,-0.03940543961689492,-0.043748218753435014
2011-08-09,0.057219468837505075,0.06899392687078605,0.0729059987833665,0.008571865495941949,0.0260680285237671,0.059985415773635836,0.04395420201743243,0.0804943329851467,0.033434479226047135,0.038614096639444526
2011-08-10,-0.027980992585798052,-0.07315236997895466,-0.07223828041646976,-0.023751070340746118,-0.04845616393973387,-0.056302565641421366,-0.05065529907280218,-0.04670458200991038,-0.03940543961689492,-0.04173259379579348
2011-08-11,0.027151774299521578,0.06850038042984047,0.06126426391118992,0.05278815766329435,0.025451588917458304,0.059985415773635836,0.040094779887308335,0.08315493268186287,0.033434479226047135,0.038614096639444526
2011-08-12,0.008765097225252398,-0.008310167887119272,-0.014632608098666216,0.004387412830250963,0.008778123898708454,-0.021488186668549774,-0.0035794701392012473,-0.040324825046410044,0.005247875067275939,0.006119230997315951
2011-08-15,0.016886165837272548,0.06899392687078605,0.04647431736993063,0.002498398796737462,0.02808006035466288,0.026653788328439496,0.016203162115677294,0.03733784771126052,0.021550727976033655,0.01865283889971721
2011-08-16,-0.007671012450010596,-0.04750290757623231,-0.04346361986265948,-0.0018730757506637418,-0.01016769615181127,-0.02331766139126958,-1.9445286262184323e-07,-0.028833492221146007,-0.009786275177620173,-0.012503485867901936
2011-08-17,-0.00010517081181385953,0.008075706955201737,-0.0030106975072712585,-0.009419297328015268,0.001400625463567328,0.014876042465222821,-0.0039527647256432825,-0.013954146385612275,0.0009469381398126654,-0.004754780470431843
2011-08-18,-0.038558894022024406,-0.06221764963968794,-0.06469477450666762,-0.05445261877779944,-0.045637228955000136,-0.0384660902895348,-0.02323826102770533,-0.07033160629667554,-0.03940543961689492,-0.043748218753435014
2011-08-19,-0.027754634305585755,-0.0057223873858557985,-0.04420806517957424,0.004652297929392707,-0.03915017099034881,-0.024159845173971805,-0.02545264203853438,-0.017744940254228275,-0.015122756128207963,-0.016344132220631632
2011-08-22,0.001150861057120206,-0.07315236997895466,-0.02688062189535292,-0.004652297929392694,0.009099007404016635,-0.027747104898841742,-0.00291462737273833,0.017744940254228313,0.0002580078732242726,0.0015104030179722023
2011-08-23,0.04701986843266762,-0.018868286984002308,0.04721762198562628,0.02824448120985783,0.03303709075293878,0.04018734743625829,0.030392318424010197,0.09380984871442556,0.033434479226047135,0.038614096639444526
2011-08-24,0.00688237658594835,0.06899392687078605,0.04052903062303491,0.001294477485440178,0.014739816228922458,0.029743398310680784,0.007255220613188601,-0.014465592543071362,0.013034651368546804,0.008803875866760708
2011-08-25,-0.006561207586013703,0.06899392687078605,0.04736635836589677,-0.024886660765905223,-0.007101011740141741,-0.003075142624246852,-0.013341808982557685,-0.043893964454895296,-0.01568793473796148,-0.019667879144512974
2011-08-26,0.0260410856445667,0.0142771479296819,0.00033536845008635567,0.015790026640295454,0.021272450825464126,0.013624887797766421,0.02729980038433713,0.04159097849188209,0.015008418274915636,0.024583526371241726
2011-08-29,0.016521583377456888,0.06899392687078605,0.047448819418647536,0.027046011813068715,0.02036566806649469,0.03873184142382656,0.02309781455429472,0.02654708776747009,0.027887505012164332,0.03263306583023329
2011-08-30,5.1546798111716484e-05,-0.03271072882430388,-0.011248888900389782,-0.007013029849036267,-0.0006371848506606854,-0.015528759947902258,0.014979935653539583,0.02366973553844244,0.0023442750237692416,0.005449371206185176
2011-08-31,-0.013319403785804722,0.007371490987744538,0.003548983276206112,0.0025556820087927583,-0.0034840070297338936,0.013401244195235707,0.014007767458190039,-0.02741937073084722,0.004909908712070555,0.0012995086644629603
2011-09-01,-0.009923869341678139,-0.032341304744257886,-0.03440111291259515,0.009527076997592055,-0.00923328323140388,-0.03412256638520516,-0.014770392676061526,-0.002256901314051684,-0.011942460792303735,-0.013040833284140926
2011-09-02,-0.018488280730174375,-0.07315236997895466,-0.05480863607653621,-0.026258304680003324,-0.019863872904549353,-0.04709678046717139,-0.01576666733688299,-0.027482208968050797,-0.025607017291752767,-0.0261475789347948
2011-09-06,0.015097021496746068,-0.03652112087588679,-0.024956288988815765,-0.008471869904537833,-0.011261777421105587,-0.03496755222735507,-0.01130358926034687,0.019923784248976648,-0.007464076457609708,-0.002624058780798713
2011-09-07,0.0109734136529339,0.06775255896297855,0.04517351270888542,0.03851551323650826,0.013235806954475514,0.04043902248157341,0.019025626536044477,0.07805669128422828,0.028243824959147193,0.029909974929090005
2011-09-08,0.0005468410732610504,-0.038151675554722014,-0.035116080875119776,0.02549105312141244,-0.012388722244294123,-0.03834786013629546,0.0084260623699671,-0.004924369504317427,-0.01066889038730246,-0.0077982819559248755
2011-09-09,-0.0174893562154374,-0.031032463102953496,-0.04532940997963341,-0.029276391773379522,-0.023759428103754872,-0.04361129731366395,-0.018475735610711464,-0.021383575549891308,-0.027068562510962152,-0.024475231316752506
2011-09-12,0.0064962332492853525,0.009978986344435344,0.008193566075111045,0.01692267675336874,0.006485851125516761,0.01054285445816071,0.005810057573972787,0.023496832582861265,0.0069415681820229275,0.010920785708457684
2011-09-13,0.012242302298031955,-0.007117432084300418,0.0033324150978261092,0.0160303995272218,0.006198863364222648,0.0021566212312649435,0.005777252908857746,0.02226953087049204,0.009078726180354301,0.014743869744216655
2011-09-14,0.012094320972890406,0.007117432084300306,0.012491162798289141,-0.0012242402876333643,0.023045197963040994,0.009495980034255265,0.017510815286940106,0.05032916566584681,0.013389760518230381,0.015828938196753673
2011-09-15,0.009357340712749256,0.03894797799191967,0.042879154378698166,0.02060707403498068,0.016897752728401008,0.030328415112930544,0.018321513468051484,0.014295150042696471,0.01704104671810514,0.013329367734411134
2011-09-16,0.019005994251715088,-0.013736836858815242,0.013893769104038816,-0.0030037245195181483,0.016906252745743363,-0.011302697006014922,0.004805311951163586,-0.002583865051615903,0.00569047556193546,0.005828619457681227
2011-09-19,0.027411052035243962,-0.03375854778284271,-0.045157311980779255,-0.006640642204912772,0.0008093789632258032,-0.028521698141171007,0.003312840226343385,-0.0209157932589704,-0.009850948688080358,-0.0036216760519166566
2011-09-20,0.004412008018588214,-0.012958869069337183,-0.02855282008557849,0.0012108116788389358,0.009141331977866329,-0.007414154552176508,-0.008488609219413586,-0.026097325534523756,-0.0016623864527241425,-0.008683423262867933
2011-09-21,-0.0031736960235749048,-0.07315236997895466,-0.0537782243363124,-0.04263895171747385,-0.009777425301385182,-0.056302565641421366,-0.03738397977139051,-0.019165217348670417,-0.02983099508714744,-0.020299326239444648
2011-09-22,-0.025358921609028112,-0.0514583055860802,-0.06307643892556226,-0.032726866344094774,-0.025759375793067963,-0.03590422907526341,-0.03643885869445701,-0.06864708141399417,-0.032402456759229786,-0.03305160087929244
2011-09-23,0.006152939464194133,0.040425668825799226,0.041689487018793096,0.018100126847988715,0.004260580942482139,0.010873883385267909,0.0,0.020513186189978452,0.006063588829469748,0.011160519631933232
2011-09-26,-0.0027987717379988025,0.044934088357098376,0.06733649292006942,0.024051863750869193,0.030073781228382147,0.059985415773635836,0.015049729389968618,0.002173052487638115,0.02306802129696945,0.01338439853686054
2011-09-27,-0.009745697358993534,-0.018349310308852118,0.010054705904145976,0.0049908457804864,0.018171108787187334,-0.0025307645041332118,0.009000158018994635,0.001446114017765148,0.010631665357294654,0.011904956463775712
2011-09-28,-0.005651242712748493,-0.05064375510975135,-0.0404519205252641,-0.01441597003524935,-0.0009010204679083885,-0.035464734929849466,-0.0035121269279807083,-0.030816530012785795,-0.02090819585269548,-0.02193240050410767
2011-09-29,-0.01635451878118934,0.03037804278365343,0.03711179740135887,0.0006311499728214476,0.00908287673545255,0.02974669379748332,-0.005094765611893626,-0.024897979586879504,0.008081486435358656,-0.004352109970985799
2011-09-30,-0.023968007278408858,-0.036892651031301855,-0.0487530798245434,-0.022329531487800872,-0.024292269850516083,-0.041299969545903197,-0.02224961046981731,-0.04531979467744523,-0.02529127447886567,-0.026700104351172184
2011-10-03,-0.017780221527573355,-0.07315236997895466,-0.07223828041646976,-0.02020300173224399,-0.009076282655368894,-0.050035886040331705,-0.014569555945965554,-0.057582157392947704,-0.02886360290378494,-0.03349754263688442
2011-10-04,-0.005621659291954635,0.04074980524659028,0.053907667280694356,0.029308842841941636,0.008332669253345056,0.059985415773635836,0.03248753716346588,0.08828091340982422,0.02223930613115467,0.029107763316327907
2011-10-05,0.015318313605275614,0.0017345327459404006,0.013034648295864665,0.036550923489380896,0.012002651576293962,0.018985908038754766,0.021472348227132503,0.035038014006241736,0.017707918945510777,0.022893564391264394
2011-10-06,-0.002329060536860367,0.06899392687078605,0.05165741454181576,0.03585942247124987,0.027000027540826175,0.04872807236204277,0.017231740562363738,0.038903743336322724,0.018138168466480482,0.01864639540577138
2011-10-07,-0.02026407246858363,-0.0624178560385393,-0.05490028828214198,-0.005387962264263495,0.0038454735709343856,-0.05327830227459482,-0.003422543873799077,0.01854551686704516,-0.00819681118762265,-0.011018576467764541
2011-10-10,0.05012850430739718,0.06241785603853925,0.07280227083620312,0.025482826885407716,0.02292686974953877,0.0508046378747012,0.025946085437676118,0.04356042457691608,0.033434479226047135,0.03437130217561215
2011-10-11,0.029098713805330193,0.014229768526963525,0.049706193559880325,-0.005868503661344774,-0.00871847811363061,0.0,0.0022248019615709594,-0.010884324319990491,0.0005438556372526529,0.006595369177382769
2011-10-12,0.004735314474098255,0.032435334573849305,0.04769494020105171,0.015187653565088848,0.006035936084159333,0.027482672761925953,-0.001482285519321042,-0.0006847099778881813,0.009747046937638061,0.008365875712062083
2011-10-13,0.015396088681880183,-0.05626536760420726,-0.05490459656131396,0.009806601054283732,0.003753969675249431,-0.04939272524430723,0.008127055543209112,0.05654994863236396,-0.0029781023951361333,0.005936897401906041
2011-10-14,0.03268473061605742,-0.004834517535303993,0.027125004918752808,0.007434945464349927,0.019664150310388314,0.009135438703963264,0.003305448756822575,0.01667770613154768,0.017230948802478146,0.01800702828452113
2011-10-17,-0.004774636529622408,-0.026188085393446213,-0.01668781928486642,-0.021890393700977256,-0.0208961614243633,-0.02701601614172528,-0.010691178246579542,-0.05089140309199647,-0.01955993759944958,-0.02003946675059995
2011-10-18,0.005342780413301972,0.06899392687078605,0.06748796258463816,0.01960819465352855,-0.04208681580214395,0.05728389327637819,0.01215698736593163,0.035506758368403314,0.02021304938031121,0.01612599017949316
2011-10-19,-0.05756501301645869,-0.036814030120851056,-0.016534085519236075,-0.02019072701424791,-0.008475912686454975,-0.01904216546623189,-0.006612764272598666,-0.020229119094515344,-0.012729818787026607,-0.020295364405378494
2011-10-20,-0.008338679032561028,0.010877852677829038,0.023205317760883554,0.0017467505198060845,-0.0007899343456023972,0.02692135458999411,-0.0033226251281846153,-0.05139753788739776,0.004543839821084399,-0.002083520227309567
2011-10-21,-0.006191537268647501,-0.0015472040733178977,0.007287511744585219,0.010991811556828107,0.02441076882062993,0.008714450424360495,0.004427808807653879,0.00484596228445307,0.01863406749243458,0.01483573801488622
2011-10-24,0.032308253544648176,0.039459437407123536,0.0420091899164293,0.00916403082246921,0.003407486048953846,0.03383190829451446,0.0011040542437229775,0.03661442326505009,0.012790806680371788,0.02322800438534067
2011-10-25,-0.019912659707486163,-0.039459437407123585,-0.022400705225002166,0.004551088530685797,-0.010424374369707142,-0.03173863201558937,-0.014074801556721703,-0.038688415138241256,-0.020248346199382077,-0.022864098849423926
2011-10-26,0.007089276549130722,0.01992452450639848,0.00805798341989797,-0.0005679002588061025,0.008886882187240704,0.020393352512068898,-0.008239313229913942,0.011696386508221062,0.01048143054408723,0.004632185221293282
2011-10-27,0.010157657051923483,0.06899392687078605,0.0729059987833665,0.04605544403212601,0.02125955883214099,0.059985415773635836,0.02451848273458431,0.042189166619231964,0.033434479226047135,0.0326453438107763
2011-10-28,0.0006426317177405808,0.01784528812788173,-0.0002926367177580782,0.006486365032015811,0.00841076583263582,-0.008954381305796656,-0.009957828964473945,0.0226909162505543,0.00038915352854135727,-0.0005405551584815148
2011-10-31,-0.0004197965075486794,-0.07315236997895466,-0.07223828041646976,-0.0016179477247406906,-0.015158461286091642,-0.054036604724929646,-0.013057387147680963,-0.052643598161824096,-0.025048616612977612,-0.01945626562814447
2011-11-01,-0.020642628063116293,-0.06502656009380112,-0.07223828041646976,-0.05206038039773052,-0.017924976593867298,-0.056302565641421366,-0.024326592623709526,-0.05129356752756834,-0.02834005962159464,-0.0292761552378692
2011-11-02,0.002267183041180715,0.04879008601163468,0.0223738548754988,0.01467321735149054,0.014072307404874576,0.02803490317366012,0.0007691729088137753,-0.017216857404460176,0.015976363304397206,0.012586557430451282
2011-11-03,0.014141992820524772,0.02788166661293622,0.03168602984556145,0.018318599488210154,0.018210641162142025,0.021759455156430043,0.019795100404526676,0.05832357332071117,0.018607607200930413,0.021728293543524096
2011-11-04,-0.007045837930410828,-0.06270741652724962,-0.014398074882197374,-0.008285089620932998,-0.0049238373122746535,-0.011997003748058803,-0.010610221475328054,0.01153718613016412,-0.0062998195371895644,-0.004390722208067981
2011-11-07,-0.001275392074338591,-0.006182618520029446,0.006897636751070186,-0.0011100296016014809,0.0050307806056952035,0.007916418801302751,0.02073601041499311,-0.005412578043031306,0.006276008211166596,0.0033820591279382396
2011-11-08,0.016130248407290354,0.012327152400010125,0.028079965829343193,0.01652027761485486,0.0036381146173068164,0.02252491161569232,0.013343324291187293,0.02280445403185818,0.011667310321725162,0.011890804339697022
2011-11-09,-0.027324987129590205,-0.05833024454653106,-0.07223828041646976,-0.038980456173691655,-0.027120475363923324,-0.056302565641421366,-0.03598595759383633,-0.051712177657003124,-0.037385347098988095,-0.039577915483867514
2011-11-10,-0.02577985192838381,-0.02132968047031374,-0.007654876796152054,0.05278815766329435,0.006072305521055795,0.0061277243065573925,0.0030487416122521433,0.010420384953678613,0.008587201099481741,0.0013341467749635647
2011-11-11,-0.001558455976083061,0.029413858474457624,0.02415565251723236,0.02179219717336338,0.021742308473350926,0.016358918982506573,0.023689844206305842,0.03463857810064659,0.019293223004513554,0.020212267737766597
2011-11-14,-0.014034173144455361,-0.026102736397279242,-0.032926169779331466,-0.004215081461355502,-0.0001603044630792014,-0.02217967532609893,-0.0055899527040635475,-0.019549137928470524,-0.009596036687554769,-0.008069815330556437
2011-11-15,0.024920805492775387,0.013136635687142427,-0.012766296598307683,0.009459185730763497,0.00744433993297797,0.004598073831504592,0.00675439241968149,0.012851536390588957,0.00480559827730043,0.010847084840346985
2011-11-16,-0.010496997588500414,-0.03824274637071561,-0.042280130885446986,-0.016878173450620947,-0.011348762624581666,-0.03834039640294807,-0.025375212030007272,-0.020367839989890297,-0.016755798341954984,-0.017496317646575766
2011-11-17,-0.01931335178847147,-0.01709445863893828,-0.03254178433976589,-0.017168261147215477,-0.00478062397579264,-0.03163591823886066,-0.020539143893366352,-0.03631712190479238,-0.016942671987706433,-0.01974971079875079
2011-11-18,-0.006566519796461474,-0.0034536627461709776,0.010711410046609417,-0.003252003618390842,-0.002641290703308592,0.004254455843844951,-0.009441397023218405,-0.00928865830722518,-0.0003947564904724282,-0.006003320144046015
2011-11-21,-0.0159420005113176,-0.051475667064453855,-0.049932342690017256,-0.02306504462509666,-0.02050691290415852,-0.02346032053118907,-0.011928790546022182,0.04902927073857452,-0.01882457110494877,-0.01937407368468074
2011-11-22,0.020120796461051513,-0.022100557012525918,-0.021836402760572395,-0.004454223880548664,-0.0009373674516054559,-0.01685844255874037,-0.008435675233147841,0.0302951656038927,-0.004149438857005794,-0.0007373943463588002
2011-11-23,-0.025610033073662386,-0.043774577765748154,-0.039613326528277835,-0.028872819652296294,-0.01870558625978218,-0.03565022885533037,-0.0129924268542751,-0.043367309224782255,-0.02234297045859626,-0.02457281919723083
2011-11-25,-0.009362720455168571,0.005819842624250266,0.005091440865266364,0.005156117723009306,-0.005013745185345889,0.003517859081188089,-0.006971469882368444,-0.02809175387368428,-0.0026891193002505226,-0.007577197144057574
2011-11-28,0.03393646659213127,0.015355036701260861,0.0583566597308695,0.028726199501880354,0.02867148288440583,0.023595842178628215,0.02318592119095276,0.05474184677260415,0.028821079038609924,0.034550696671185537
2011-11-29,-0.007793896073631508,-0.03291662526236507,0.00755634384872283,-0.018492710272185905,-0.006994610651536681,-0.0207909511805414,-0.001206944441207748,0.005380167914647773,0.0022112069693969918,-0.004691830848613013
2011-11-30,0.023829386343270146,0.06899392687078605,0.0729059987833665,0.05278815766329435,0.03827632225578154,0.059985415773635836,0.02935559129038242,0.04715968434268285,0.033434479226047135,0.038614096639444526
2011-12-01,0.014881027292877689,0.01640870895254317,-0.017992289794137598,-0.003224200852655722,0.007683300806081644,-0.016604638422306923,-0.011797349665478985,0.012082711504191688,-0.0019104695778526483,0.002233801962544579
2011-12-02,0.004552421144752061,0.019696511962007196,0.042791017399372425,-0.0016161256133049137,0.0011075941900825707,0.059581099610957804,-0.00237622485225246,-0.00634109786527252,-0.00024101537332728125,0.00027792211109696805
2011-12-05,0.008457805458659486,0.026248218709918607,0.057257305944599636,0.01285552262012177,0.006202756878187764,0.035848531949896394,0.0188535520632703,-0.015384644723593048,0.010234463299265799,0.010915031801538532
2011-12-06,-0.005255584790131222,-0.0017285444052557123,-0.0026854912926289175,-0.0031988114966731537,0.010943532736328119,-0.008390930990577758,-0.0015577826513999834,-0.014314002893094938,0.0011051379065262915,-0.002337259171700203
2011-12-07,-0.004768619523102657,0.01885235048341146,0.00268549129262893,0.013786105427556766,0.005736932901675337,0.02290737176024367,-0.00234070792132955,-0.005915116201420488,0.0020163207826575202,-0.00013214298996523609
2011-12-08,0.004026477722028277,-0.052276800588192646,-0.07223828041646976,-0.022365083018537853,-0.012810428563696331,-0.05377318895354888,-0.007843163165037966,-0.03215283828342744,-0.021368498950929855,-0.020143345561843842
2011-12-09,0.00754843315368042,0.02298920982954357,0.03609752052267234,0.016555660264156065,0.015435131921098895,0.029359872059005473,0.011741653737767574,0.014194265707174181,0.016742412907085384,0.019252168569391145
2011-12-12,-0.0045320240808373905,-0.04835317515396264,-0.055381109985593424,-0.01871229009191937,-0.012308082764965813,-0.03496185145340883,-0.007420145273123033,-0.02514582039411295,-0.01502638690477899,-0.0131545398279329
2011-12-13,-0.007763094794346286,-0.024142328505438328,-0.011825532704907575,-0.003242817949331237,-0.005374194080337419,-0.023687015855712226,0.009752326123479758,-0.027915113870349215,-0.008723953020305214,-0.012709330047871633
2011-12-14,-0.022419576217354367,-0.017061742682166606,-0.03210865629811664,-0.026887774742434905,-0.01279408761654902,0.007006672227491768,-0.006621386366623748,-0.03970209247650114,-0.01141325149713759,-0.015614007075484984
2011-12-15,-0.003293081740209527,0.00571953615865531,-0.005002580697537773,0.003331370756043226,-0.0065924394884457,0.00790229783128341,-0.0011728702016451198,-0.008876169541462349,0.003237852858081692,0.0006692299746658052
2011-12-16,0.005474127037735879,-0.011472448058821338,0.004234848214436196,-0.005558847347118291,-0.02107590864654721,0.004085210005448937,0.017067837836264296,0.0037084089890813085,0.003210989101900451,0.005619760769525368
2011-12-19,0.003118112059224128,-0.04122264167284276,-0.047600260714040034,-0.014033251360151155,-0.0037111096917355965,-0.03803002409628326,-0.018242372736058637,-0.026248628425826037,-0.011802198458557732,-0.012677289360108656
2011-12-20,0.03531760745776771,0.03543703859651341,0.04452222351523335,0.039894657101155674,0.02350628396049017,0.048014464440830205,0.01939568782161201,0.054706817879519455,0.029389295930944068,0.031440909791902484
2011-12-21,0.00126216717974681,0.011538514976495507,0.005763370940823539,-0.02697651681132121,-0.0313007480939346,0.0034090980320517256,-0.01042689635354878,-0.013033961992541419,0.001947608164854339,-0.009942768676174033
2011-12-22,0.005282623319426889,0.04486716913867453,0.05769042891601947,0.011650540186971583,0.003136292944889196,0.03436554906340393,0.0019387059268217667,0.042103864252249816,0.008231577169829831,0.008297609247344621
2011-12-23,0.0119222750100883,0.023487891114881265,-0.006895356223864385,0.018579822216854947,0.014776864139278863,0.0035814088462422494,0.008488190426726895,-0.009831325307387683,0.008994480783105519,0.007355192606345623
2011-12-27,0.007902829182404314,-0.021661361739560618,-0.020604017652953874,0.005937839857931958,0.0010822592027167853,-0.016216787749270524,0.0003839237656879181,-0.007793670323937376,7.910481903918606e-05,0.002502007006851465
2011-12-28,-0.009615068010340032,-0.03528692018539022,-0.029042514965670483,-0.022864370635107528,-0.005204601883199111,-0.011571108512479151,-0.008484160426633795,-0.025207940732212372,-0.012556506256502386,-0.013506918884828994
2011-12-29,0.006140526373233132,0.031630293225596726,0.023824391331257886,0.004943537078935869,0.011833119515077612,0.023308916658280606,0.007715601351476715,0.018786631912025613,0.010650172463280615,0.00913199596368234
2011-12-30,-0.00029595759347441486,0.01814921084043706,-0.016959434106925363,-0.009358267881708017,-0.012431102242095775,-0.005099191533890674,-0.002308379601572375,-0.00790503307149368,-0.004300570740064627,-0.0032919244608850193
2012-01-03,0.015265519905551549,0.042259885018405795,0.0729059987833665,0.03329070452410419,0.01307495627679057,0.05072143620323709,0.03072483270815038,0.012903056828456117,0.015355483670177897,0.016586275742622777
2012-01-04,0.005359581773961006,0.0017229084203766922,-0.005663968710760018,0.019139147018658282,-0.004087390890749431,0.006314931279767391,0.023261514181970387,0.01133179376542255,0.00018790634443729306,-0.00013587232078663512
2012-01-05,0.011040713990203198,0.06899392687078605,0.01199759350593266,-0.003692958517719228,-0.004754712412851813,0.020671626706174794,0.010166937505497993,0.03528579829480353,0.002939392669493865,0.00808545575805427
2012-01-06,0.010399728160503198,-0.02081742216293158,0.0014020006715240515,-0.003706724503527074,-0.011546637668406653,-0.009009240264145428,0.015415351694671666,-0.011624136824774747,-0.0025401850025391333,0.001631661271834138
2012-01-09,-0.0015876591956198395,0.014457943758450591,0.01839374030865228,0.00634590991428855,-0.005218263281406671,-0.0016981178593075824,-0.013249639500463614,0.0,0.0022590443626086362,0.0008746717401960524
2012-01-10,0.003574001685998797,0.05582839481199636,0.031146623025696717,-0.0074072810088236084,-0.0015431811912993867,0.021023850211010935,0.003597841164605684,-0.004135481987650509,0.0088465236130604,0.009644860703680092
2012-01-11,-0.0016311739550296605,0.035559358495435546,0.041461681718432696,0.01266523031194159,0.005555241210549426,0.016779630894732007,-0.004319636039123706,-0.02023059819574186,0.00030954934463217333,0.003051771450619982
2012-01-12,-0.0027491705409176436,-0.011712819746750315,0.010498283774524494,0.004186041231999066,-0.009755587503493894,0.005169382126624529,0.01005042322026323,-0.006362844087832298,0.0023338827385691882,0.005129270409150128
2012-01-13,-0.0037564272761221366,-0.02686739075911956,-0.02759257410955696,-0.004710386952300378,-0.007728223974285711,-0.025561638374470178,0.008888822938937023,-0.026591194308783546,-0.004960204447869401,-0.005162504405261551
2012-01-17,0.011580583101023945,-0.019863348377427273,-0.07223828041646976,0.01303086958137248,0.0046775312482501994,-0.028520722436337166,0.0003540186061672888,-0.015413864346640346,0.003546657768174128,0.006402285716049106
2012-01-18,0.010330334027477232,0.048202173473949395,0.028298535018132866,0.01184064689962402,0.00592669225774386,0.045633977169469854,-0.001062345373038045,0.03345782570651653,0.011046689130222281,0.015144513772497408
2012-01-19,-0.0031743973983946704,0.023256895521402286,0.010281045118831099,0.012713238045876055,-0.0030423686962580527,0.01061669327904071,-0.003904225614866489,0.02612238742133651,0.004926501717244016,0.006700270856981982
2012-01-20,-0.017570452226740595,0.015681212975272342,0.010514201112023624,0.006547506471422221,0.04336276617251864,0.011576925313040701,0.0550023626335611,-0.00910054111626865,0.0006692357932856269,-0.0005847957736605971
2012-01-23,0.016775164069463278,0.02514065749813095,0.0070598750214324385,-0.004528704482225457,0.007715126873407511,0.007997768435467439,0.0006733827678907418,0.02705651358455511,0.0004712319220408503,-0.0009083067917489569
2012-01-24,-0.01651324191098831,0.005501958722406897,0.0016734282481112646,-0.0005042448572484466,0.010211421504850215,0.0,-0.013204912251441296,0.022336251671915094,-0.0010263438252235968,0.0008867546899801734
2012-01-25,0.060423278532773524,0.008196885635754981,0.00200471879209037,0.0005042448572485248,-0.0010426680497966098,-0.0015947721513434488,0.007470335719344254,-0.006042282770120437,0.008641694717196025,0.011300904857934372
2012-01-26,-0.00455528632617136,-0.006825711636143895,0.013921532428649646,0.0,-0.003918740533630959,-0.0029297489452225337,-0.0020319039325069985,-0.009472034746511005,-0.005770508287989055,-0.004634069130610969
2012-01-27,0.00594193864454762,-0.0013711739996110095,0.016000140761201744,-0.013709065679933335,-0.0027270562738930682,-0.00749669793652964,-0.009194506089792933,0.013504422627025897,-0.0015941475452909452,0.00400938287778243
2012-01-30,0.01272981240594077,-0.030642616220537978,-0.020950142938041542,0.0,0.010654227374186835,-0.005389251666594173,0.012916515167279307,-0.007405162096459106,-0.0025253090863453726,-0.0016381333042438065
2012-01-31,0.007630420404813717,0.008450959309870085,0.01607915624648601,0.004590701408439878,0.0005190676889567598,0.007805039042220309,-0.002705375351833812,-0.002028926827227041,-0.0004570511280779364,0.0006755139897884146
2012-02-01,-0.000635360206755587,0.03174827936763772,0.02824355776611552,0.007604644992026221,0.00010393601913509945,0.008010659506126063,0.0121174550613605,0.010774554797275222,0.008860237474265962,0.012161669537708584
2012-02-02,-0.002348280153839599,0.012153982345507977,0.01258238174870199,0.0,-0.005675049083048233,-0.0013308229966762855,0.002005254426961486,0.03682183949906889,0.0010945478306671234,0.003997907271184174
2012-02-03,0.009969583026772888,0.051024770507067205,0.047315876282439655,0.014540206210993627,0.010956402946316496,0.019254216794151974,0.00963623685163767,0.02108009047421667,0.014499725948107648,0.015950822187915412
2012-02-06,0.009289075275837383,0.016445983933957176,-0.0071817132476960765,0.004965042147523928,-0.004243782369458921,-0.0036635316124278465,-0.0013236730032382363,-0.007614073980978032,-0.0004239640135311185,-0.0012638235517608625
2012-02-07,0.01042024667182336,-0.015171176478929951,-0.006931017872677894,0.0004953679582325529,0.002745038746961229,-0.007104735001344011,0.004954281659487022,0.0025446646524283382,0.0020213375254701533,0.0007199665027463553
2012-02-08,0.01660523881754515,0.035047100815939494,0.03447616692992318,0.011321896078425231,0.0018154925245206309,0.011290743088092837,0.010162551685793369,0.03557317617914336,0.0021578809333250354,0.004048167166178811
2012-02-09,0.03400841114839247,0.006131529913135138,-0.016792598810574103,-0.02127223849936652,0.0009323081370865736,-0.01155454397714632,0.0035812818180949667,-0.0006133410897177957,0.0014730251258786603,0.003891737839453299
2012-02-10,0.0005067709438933225,-0.013538926919532512,-0.02192565835108857,-0.005012694471658359,-0.0036830261476779786,-0.006625106272871141,-0.008813334153168793,-0.024846258276051563,-0.006910122643616179,-0.008008843260690898
2012-02-13,0.01843400299272204,0.02206018518470154,-0.001519719404516732,0.006511725460894884,0.0010391088233541283,0.01817965025001756,0.0026193679643603846,0.015601436762278412,0.006777023326497382,0.00942894318136172
2012-02-14,0.013556252711154033,-0.033275072430196465,-0.024631646172791413,0.0019950005970344664,-0.0020788068443969034,-0.009971305763976774,-0.004288072333382766,0.005557094465625932,-0.0009399650039259267,0.00015015146963663615
2012-02-15,-0.023413251641219678,-0.025382152140175154,-0.011285373591807969,-0.008004507757625188,0.0001559182898613622,-0.013807693208473035,-0.006633491814335805,-0.004319888787578161,-0.005397747536216691,-0.005472287889641484
2012-02-16,0.009081426080320464,0.03907265448753995,0.030733232320105854,0.013965450634062694,0.003997312976464774,0.01591547302465637,0.04043586214258952,0.017167911194645863,0.010965365833276902,0.014984084169309807
2012-02-17,-0.0001795372119166379,-0.008690215189289243,0.006399495607389291,0.004941088069021796,0.0020702696983124786,0.012292861458220587,-0.0012794864836874627,-0.037155836587433565,0.0023461758829402962,-0.002730236228943073
2012-02-21,0.025036194770235144,0.011159260508614875,0.013277233322451414,0.0034438188706245525,-0.00015490521999082102,-0.00026019506338468423,0.006061699745154139,0.005034642417658844,0.0007196637576957368,-0.0010880578952277707
2012-02-22,-0.003521898140324889,-0.01992589077590771,-0.030434332621901337,-0.011857773722126423,0.0024783942959795543,-0.010192327191900928,-0.005421713008165688,-0.006929526950021793,-0.0033456974121455286,-0.00523660743314169
2012-02-23,0.00650890849769185,0.00876663026729294,0.010757603692060773,0.005452001682276952,0.01910778632362384,0.010971691651193844,0.003192874665401979,0.005672933852379889,0.00426290318060624,0.008084747817990711
2012-02-24,0.01159004465570646,-0.01761063803354902,-0.011066650114799499,-0.004458792063235364,0.0007591231648945979,-0.00547098138065602,0.0035001341350991526,-0.007570756226490827,0.001670841175508428,0.002286887766914398
2012-02-27,0.006391687768881515,0.02010128327859665,0.01777015696381,0.0014884740949733717,-0.0011638828517913356,0.020171674588375772,-0.004137925041284624,-0.02047424191777094,0.0013536425518792066,0.0008127989388601119
2012-02-28,0.01818843902625792,0.00990062776931486,0.01656383532523281,0.0014865510266977595,0.0022756083667755385,0.003832752522163325,0.016450862031387136,-0.009090858347438053,0.0033507134923147753,0.006921033763758512
2012-02-29,0.013044398286365607,-0.01741304409311543,-0.004790355053011973,-0.015968745033249673,-0.0063340944937831595,0.000764676765893857,-0.00408756663527838,-0.011811098037622543,-0.004748242756953383,-0.006674961171596184
2012-03-01,0.0037357853039821634,0.018645512805160157,0.024019094613012184,0.0,0.004058486127007583,0.028390340085501325,0.017179925088323833,0.00657914464487852,0.006139156544532941,0.007414606719663
2012-03-02,0.0013029023723307004,0.0012309516025167608,-0.0008796882033663293,-0.006053882396857331,0.006459225704635465,0.006419990600498687,-0.006524715270040988,0.008487887614780996,-0.0032510350278581205,-0.004284897316746735
2012-03-05,-0.022294595128133903,-0.019876464407676854,-0.012392967230274032,-0.008130520663940087,0.009262098168414817,-0.005676654668894536,-0.008766911064427082,-0.03439502389909893,-0.0038772005028211405,-0.008676076971106755
2012-03-06,-0.005454251445492981,-0.03316674235145047,-0.04742527900959377,-0.006141305813494919,-0.017089000721959346,-0.027097154852698646,-0.007575453825114597,-0.009465722568667675,-0.015489506127544145,-0.013704798098336362
2012-03-07,0.0008110440556819481,0.039420672487715275,0.03427510743117095,-0.0035996724903026448,0.002581533017553775,0.015896031956346104,0.00883274871744295,0.006095660027476879,0.006876921722994126,0.00867943512554968
2012-03-08,0.021069497308814817,0.0049750284931602065,0.02260628562162597,0.013814427574884835,0.01026270346660867,0.012190387028884243,0.005324836630584522,0.003370062541190724,0.009770049174722241,0.011760831269467234
2012-03-09,0.005850306993991673,-0.0012413430088307096,0.005865485633795189,0.006079082506209454,0.004045312769047852,0.014484130210267673,-0.0006248074261204638,-0.002695211108104988,0.0036246730207315234,0.00601474803863019
2012-03-12,0.012450212644759687,-0.0074812865488180546,0.0026281383271457856,0.0015137192794672614,0.0018923114992274348,-0.012013966158870496,0.0015616285341566625,-0.015641018854368808,0.00016044778678812074,-0.001567373321963489
2012-03-13,0.02874963432539298,0.06069810180541496,0.06108748135251997,0.019476391803322446,0.013736229922119246,0.059985415773635836,0.019472373384364697,0.013614832683732998,0.017969133090434228,0.018667297031114142
2012-03-14,0.037112846624443446,0.04039781641693584,-0.034611226625391865,-0.0009894947660395758,0.004601896337866122,0.004369463736031111,0.003056408483960241,-0.028808303200781395,-0.0011969780885961415,0.0002796093421227161
2012-03-15,-0.006841869131101529,0.04425475563888586,0.02966076189156146,-0.014460818592295381,0.006233406088335579,0.02537520105925989,0.0024377527501132125,0.014507709229794299,0.0059494657015602215,0.005130363869081368
2012-03-16,1.7192007631880853e-05,0.05884087140969193,0.011513144243750047,0.006009507160590842,4.8171051678142055e-05,-0.002912580724791842,-0.007639442714914657,0.0013710526282177374,0.0011187724767004654,-0.00036327703444870166
2012-03-19,0.026175362949584006,-0.027937337272771676,0.01299775832049541,0.0054762863100336805,-0.0014085354103962051,0.009601452031911333,-0.012345481139671799,0.002735856303075964,0.003965971514071157,0.0075193172507695425
2012-03-20,0.008052914880510086,0.028957313266098232,0.02418728652985633,0.02112620908505307,-0.007171210515680483,0.00840912330827535,-0.006543239298008439,-0.016529183389036584,-0.003005028734390367,-0.0013556073167682561
2012-03-21,-0.005726527418331543,0.0010186858140702752,-0.007380062403710375,-0.0034086003355616725,0.002152342172329057,-0.005746188617990764,-0.0025037501614643184,0.004157597517800313,-0.0018729499037742287,0.00038057459759080383
2012-03-22,-0.005258348166081155,-0.02265808125713232,-0.024097493016437592,-0.005871322007603211,0.0039003076331011943,-0.010471252215833936,0.0028163165914960333,-0.0013839761543899616,-0.007232634226897842,-0.003909665664778956
2012-03-23,-0.005504509513923138,0.025708177259168984,0.006213429531070649,0.007333248438283783,-4.868717913462202e-05,0.01135757144253905,0.0003122409960888681,0.007588811513435643,0.0031040360075561585,0.0015004646322630563
2012-03-26,0.018170967808285338,0.008089039308734232,0.008047374878862534,0.01498691369382435,0.011083192766541192,0.022118403140797632,0.017957622146772902,0.01161611026195713,0.013790299964088289,0.017656620512085313
2012-03-27,0.012280968577079058,-0.0337972165679031,-0.01751773343062881,0.0033532242316258484,-0.0028438217038678597,-0.006083016246991602,-0.002150253985639576,0.006770511460562724,-0.002820749754246321,-0.0007111962791968688
2012-03-28,0.005096830961366069,0.015504254643675908,0.007583322319740651,0.008097145458219731,0.0005305152757993834,0.008246948353856483,-0.010199636470752194,0.02268282802374413,-0.004953758683289016,-0.004944386039371007
2012-03-29,-0.012644111222111518,-0.022822172466712164,-0.014951317557091108,-0.0023744944254717767,0.004716637549146476,-0.013052433494602098,-0.002176927485685723,0.0046066871201614025,-0.0016092239433873861,-0.003096569557913593
2012-03-30,-0.017050025047762336,0.004188139657487869,0.0010948312788766625,0.005690019502129003,0.001822932688575087,0.0067650221038212666,0.004349276918026998,0.011100502975942736,0.003691613621621361,-0.001225176114456433
2012-04-02,0.031328137709573704,0.011428723615681959,0.00871674914683486,0.00188945515448404,0.003922339638918358,0.0032563752519851968,0.0009294136888326755,-0.00455571733468151,0.007476626120982405,0.009057753098864446
2012-04-03,0.01713228570240457,-0.019823525884870193,-0.013654133400032412,-0.013833008845395667,0.00014307923817053644,-0.008986242444349625,-0.0108982971816791,-0.016442424796340237,-0.003996611820141247,-0.0019668279312042543
2012-04-04,-0.00799264124522004,-0.031035047931763902,-0.03725383999547738,-0.022341726800485084,-0.016604727508696963,-0.022487721086782108,-0.023120885860819812,-0.02892906211899101,-0.010254926852538038,-0.014714752976267223
2012-04-05,0.014897141033488772,0.003255645625429616,-0.007160222192595945,-0.006899951513522809,-0.002818377527925373,-0.0015774193492070197,0.009883877660506156,-0.0013661034849017863,-0.0006292401524213991,0.004036674679345129
2012-04-09,0.004016067236895634,-0.033042938038049606,-0.023852253947447177,-0.012941923602882427,-0.0025827574485709917,-0.010200538506973987,-0.01341434529855794,-0.013072143620889496,-0.011423437999542612,-0.010908140841166841
2012-04-10,-0.012320041597109864,-0.04465509431527599,-0.03322156363071882,-0.02075506778334273,-0.012817533448573701,-0.02141716093095577,-0.020465269632100304,-0.019581076778212945,-0.017229025277185804,-0.01850245948744341
2012-04-11,-0.003570412515996846,0.03678561273327021,0.021972243510914993,0.023756393036271313,0.0012349292438854145,0.024147999836860893,-0.003946137354952404,0.012631955396607393,0.007421289800123757,0.008402624315972041
2012-04-12,-0.00549252777979998,0.0343905616792726,0.030492089572695936,0.0019959390890893483,0.013434734120194618,0.01868318608994517,0.020545205461196415,0.023433075217732458,0.013685315235975748,0.0128756796731277
2012-04-13,-0.028568765551594717,-0.054915607009784005,-0.03586526996352287,-0.010523700278062719,-0.012349645271253762,-0.03702854202023378,-0.005502359885792628,-0.036065030614339896,-0.012553467125056119,-0.014577757554979807
2012-04-16,-0.042356322101802346,0.012593073396461981,0.01750501962493358,-0.006063696125961055,-0.00039446576503420427,0.002773049042454044,0.008725388008912932,-0.012078196414894533,-0.0005037272401734527,-0.007643773136929269
2012-04-17,0.04971462722794274,0.01468173655182101,0.031270766988358414,0.01758394647494781,0.02306470324388006,0.013069006336153469,0.011516232847803091,0.0021421127741877467,0.015367979157954645,0.01804664503752303
2012-04-18,-0.002232792519705285,0.0,0.0,-0.0009965500709239645,-0.03592313187770083,-0.013992352027108034,-0.009587874283571461,-0.010756747363852903,-0.004063533761746023,-0.0037437026772204865
2012-04-19,-0.03495981678040105,-0.01695955829008366,-0.006577873504066534,-0.007505256026072874,-0.0031030378936455607,-0.0016183273570484849,-0.004183277332611871,-0.015256523994631862,-0.005952075477202332,-0.007911898526832281
2012-04-20,-0.02492356481690461,-0.04787827242802217,-0.0279334023473874,0.0,0.0004512057652272126,-0.011636121317278788,0.04446597479441111,-0.019963108184873436,0.0011685826213373295,-0.0023668771289050705
2012-04-23,-0.002236509298501995,-0.021766369432478998,-0.019064769818238948,-0.011619701957564397,-0.0049218136467187425,0.0030388343126473228,-0.009296922549603941,-0.012021715750254548,-0.008443113102887432,-0.010048821094727387
2012-04-24,-0.02017767252687516,0.0036608636464645337,0.005099424248065363,-0.013299263239683098,0.006923903034333885,0.00998454832161827,-0.006246392597697028,-0.03148028716202268,0.003673019641628904,-0.0029837442396584805
2012-04-25,0.060423278532773524,0.006071217387913595,0.00774974039006583,0.0035982238645425615,0.017692462822363194,-0.002776578615105099,0.008734020264889614,0.020077745789496705,0.0135523428987414,0.022710765362038976
2012-04-26,-0.003777826688466414,0.0012104733229821739,0.005920666047237995,0.00562807850152917,0.00982485079027006,0.014719424012360554,-0.0027989504661939685,0.0007640752882382734,0.006657952133507798,0.00690114466194331
2012-04-27,-0.007764197045773353,-0.002421443109951648,-0.011279295146913606,0.019202194575034786,0.005965564298004396,-0.010557313490898702,-0.004056725009845516,-0.008438414374159731,0.002411413929023093,0.006075319577070469
2012-04-30,-0.03205004995556142,-0.01711560820625659,-0.013826470310932825,0.00896886178199985,0.0013046927397333465,-0.00834116389950915,0.0012501461214021803,0.0015393263256911788,-0.0038910622753696145,-0.007469454873324999
2012-05-01,-0.0031733435831718293,0.024361973333602804,0.016807013669379346,-0.008968861781999727,0.004432664763542117,0.018670419467023303,-0.0003129025172507436,0.017537554132756174,0.005642435719684134,0.0013383527623275372
2012-05-02,0.006591986859920388,-0.018215292470445357,-0.027150762490804625,-0.007031643689638345,0.0002887440371686763,-0.013565176062280967,-0.0065821315229128595,-0.02914341236093714,-0.0024998055766587628,0.00308010376901397
2012-05-03,-0.007124285358591316,-0.019802735989794835,-0.006445001455267882,-0.006066760268362374,-0.00394897316441537,-0.004407822182983405,-0.0012584185537845112,-0.017268253572468698,-0.0076883511035068415,-0.011686251179183762
2012-05-04,-0.028892937134011882,-0.03303997065937119,-0.027466900459869555,-0.03089840481619169,-0.010916985957694098,-0.029733186938032764,-0.02486580731815454,-0.029733208805696583,-0.016278995721590046,-0.022727629392267287
2012-05-07,0.007455333145363635,0.028027381635120086,0.0022124587223690422,-0.002094396662629193,-0.006066865438241336,0.0007184266008361931,-0.010708986126676147,0.01698388095591216,0.000350519582897646,0.0004801818971057817
2012-05-08,-0.002285929574939063,-0.021588365751157555,-0.011112729461399252,-0.01958261119844352,-0.007022963872136245,-0.009619975311317239,-0.004905856452698715,-0.0008019751220177964,-0.004287853134969311,-0.0038922582314644795
2012-05-09,0.0017585954236864563,-0.007731873108503042,-0.028171073250038793,0.0037347456548992553,-0.0012415704487675166,-0.018045011534253405,0.00848838144671393,0.0040047081434751546,-0.006724827531781949,-0.003931342572485563
2012-05-10,0.0023517198382940214,-0.0038883909356094005,0.006546600590550788,-0.05748981530904034,-0.0031360217035765517,0.0024576824095934404,-0.0006505220825024723,-0.007220732841077815,0.0025142474063852525,-0.0003646914031867795
2012-05-11,-0.006699940305376996,-0.019672524036578293,-0.04334032244159588,-0.018008021904144637,0.0028380532096522262,-0.056302565641421366,0.013570148642424422,0.061666251105220254,-0.0033930913342817433,6.141525720036698e-05
2012-05-14,-0.015094925466790771,-0.026847666816660534,-0.04210057195919092,0.012041365657724668,-0.008636992232971596,-0.03216781964985389,-0.015523782543313545,-0.006074057420193968,-0.011175073102338487,-0.010705327874086875
2012-05-15,-0.009087473488208219,-0.006825714244146987,-0.012515798417798854,-0.010225557151977784,-0.002008181249042335,0.012494988802013853,-0.008898073984839121,-0.00995075421497177,-0.005762408276502476,-0.003043325627251883
2012-05-16,-0.012900691323640079,-0.026372331828716282,-0.031806304299855405,0.009027994161633298,0.003460836041363437,-0.021758221541931317,-0.01031436994044543,-0.02020225158087792,-0.0044135439289479245,-0.00683797890873995
2012-05-17,-0.029662248364177617,-0.018453350497658342,-0.019127170371253898,-0.008423778961920599,-0.0092550121945497,-0.04410525004038237,-0.006038355751769994,-0.007089807191611547,-0.015165797405604461,-0.021221950705094802
2012-05-18,0.000490497904850655,0.0057140925994996735,-0.01526149204447588,-0.00484565312338431,-0.01020896304472717,-0.013053168410880953,-0.015256991083762793,-0.04610592248284827,-0.007415201826754865,-0.012481173119058258
2012-05-21,0.05662619555599679,-0.027438072614860153,0.009185033392958035,0.012070607773313945,0.00955208978055052,-0.0296991289500418,0.01626628438081151,0.017234464506130788,0.01590868439583931,0.024323958498837638
2012-05-22,-0.007708225137803687,0.021723980015360352,0.02520362902277184,0.0035923439216060723,-0.0047648104091411155,0.045106815878764465,0.00033609668086193267,-0.012279933164899096,0.00048621879514186843,-0.0028594701628641243
2012-05-23,0.024106942945211658,0.026856540553736322,0.00850732410682522,-0.0023935196096150613,-0.0035626864990338726,0.00732366978670274,-0.022083367872359372,0.02441152493880254,0.001692270514548765,0.003881056226227078
2012-05-24,-0.009226091412569441,-0.00419238016208651,-0.01821292750177702,-0.018138502403873234,-0.00015330066788482043,-0.00850068614556956,-0.0013752027071834937,-0.026885990937480432,0.0013790801585880884,-0.0037754625653258003
2012-05-25,-0.00537475423132623,0.0013994425720845931,-0.007152074611133304,-0.003667446689072682,-0.009170108478820643,-0.013931819038042486,-0.00034390943791364994,0.023665102128952377,-0.002167980702760717,-0.0006517114450425739
2012-05-29,0.017593298620744633,0.039758382953708926,0.020565227201219678,0.015795825266620166,0.011055320994382774,0.0038727487384434757,0.017059071254287766,0.025479080679007518,0.01101805527882847,0.011722948860810095
2012-05-30,0.011985356514510378,-0.03144472359062834,-0.03848110307567586,-0.012128378577547626,-0.009872473171414793,-0.020123807344165443,-0.007470166855749104,-0.011862542881794601,-0.014438629304797283,-0.011782834381395341
2012-05-31,-0.0024896893150097685,0.020619058805744293,0.019425981788086962,-0.003667446689072682,-0.008414499347463883,0.005748395730824981,-0.005125460986560016,-0.011200187150516868,-0.0022792610600432576,-0.0035377088411157553
2012-06-01,-0.02940325173120372,-0.045937210704333674,-0.04316663679340147,-0.02291841689497971,-0.020001899470688526,-0.03749690088334465,-0.025678368960400842,-0.03687433958644488,-0.024951295414361523,-0.02865225058643603
2012-06-04,0.005865246977175031,-0.017241510807252742,-0.02270551906291921,0.009355003420426614,-0.00285976265907667,-0.029559126971474954,0.0035089717164595775,-0.021089056752062862,0.00010954819498779878,0.004550185633658872
2012-06-05,-0.0025906310892468472,0.028573549479109315,0.036784484833309726,0.0006200667628113041,0.0034946222274105194,0.03143644405262651,-0.0014020267999561805,0.028573785107657068,0.005710514594359025,0.00653657259856351
2012-06-06,0.015216524950185448,0.06899392687078605,0.05257393545126394,0.034749295804687795,0.025001661903803346,0.033202985209393555,0.029037430809571885,0.0261667562868612,0.022787776048048256,0.023693755110811367
2012-06-07,0.0004549112630863963,-0.029218317053233685,-0.008510666808885261,-0.006612969729822098,0.002316904853223034,-0.007893167313379598,-0.0040968667351312564,-0.041191999960930405,-0.00010647016016737382,-0.004827556513239905
2012-06-08,0.014930739533914522,0.018692030157296327,0.03145842757206623,0.009006489339437145,0.003593690781567951,0.02617092762817339,0.014266442714109432,0.01915940589513223,0.008081420799989608,0.00963191964711335
2012-06-11,-0.015893085846446,-0.037740371793586885,-0.047566757903953476,-0.015055992522659165,-0.013569172910024047,-0.0258661373097764,-0.0256203133639985,0.01148459154057659,-0.012700423815401067,-0.017180610923793672
2012-06-12,0.008698182367299396,0.028438235386043315,0.04215054217459962,0.01863617091957662,0.010541292938149576,0.0285348221221828,0.013404319623803654,0.02018661397736939,0.011583389901239803,0.011796091919645117
2012-06-13,-0.006966268898291956,0.0013337760439432968,0.0018087916080707968,-0.007772910497937637,-0.00748116653642092,0.015572137523514952,-0.005477068903874053,-0.026733307485531828,-0.007048030071104175,-0.00864058454698928
2012-06-14,-0.0011013945256927275,0.021109197473937434,0.008636463281217964,0.0154857825755884,0.010304394696109283,0.01015288228379228,0.007182940885976077,-0.012391631810855017,0.010756592649869777,0.006267096775517481
2012-06-15,0.004538270608060832,0.0308507978793809,0.014229904524790511,0.010582336519989318,0.020294738287080664,0.01090680439207293,0.022911708755033,0.021382129176156443,0.010284745652146795,0.012776190409652017
2012-06-18,0.020088636037469076,-0.017880246478263688,-0.027212638044291738,0.0023359430354509595,-0.0040765088981165876,-0.011773287484253835,-0.006013823118155014,0.00891070296537546,0.0014437039589353582,0.007811940222608485
2012-06-19,0.0027789131272024183,0.04411525019772295,0.03390141680396074,0.0023314306739767314,0.0032223087271674505,0.02171516585429299,0.028413344438198047,0.06554588188372093,0.009767834417612748,0.011821390595471269
2012-06-20,-0.00284700561727966,0.003692135412425365,0.012552592204838557,0.0190259828394926,-0.0007540777126299309,0.02979471132931475,0.007463485732160474,0.01573699430632938,-0.001687780512771723,0.0002354664471193739
2012-06-21,-0.013873902422513911,-0.04010522018675939,-0.03634194114188053,-0.03368487177361246,-0.027489845668483028,-0.026127293771057863,-0.025873336442080525,-0.04641386673387861,-0.022513208183375856,-0.02465255506786379
2012-06-22,0.007640264061730034,0.015228535846473063,0.005732651080217191,0.011744132495485338,0.0016010775819129354,0.013427107687534391,0.018409850709919906,0.012383804327659844,0.00714898923450435,0.011590071833661689
2012-06-25,-0.019656266595279984,-0.04376525792698902,-0.04531286422006276,-0.01115340240432115,-0.00434549578213236,-0.018791890028211772,-0.027408269729548462,-0.03204667699373906,-0.016083502390603004,-0.01964250137884334
2012-06-26,0.0022050634606607103,0.002628212475209851,-0.0007479453302558824,-0.0071094754475486115,-0.004729535803241177,0.01098136907649195,0.005008748409505477,0.011058635423271285,0.004761368161020215,0.006291568910472674
2012-06-27,0.004308425141354847,0.01949405959925119,0.013747093307931824,-0.005365126413480936,0.0054550628779186094,0.029523099379381926,0.004984426047909815,0.03169976407745539,0.00894478141961743,0.007421433688733942
2012-06-28,-0.009531843951434532,-0.003868608410752564,-0.02654860803641622,-0.015055992522659165,-0.008324618020828895,-0.02477340787030304,-0.008655101732462474,0.007581345592901916,-0.0021120283457667526,-0.009023968705798933
2012-06-29,0.025933230466452375,0.0552905673546654,0.03792277671512131,0.041016277840641886,0.02160366844946433,-0.004189686177661724,0.022480343338632587,0.04287441553047923,0.024614793734920246,0.029584478074296837
2012-07-02,0.014483366272143397,-0.016019920375307892,0.0018227314620916685,-0.0005854432136226731,0.0012774150608037915,0.015275840307304923,-0.0009811696383566076,-0.027137421224149916,0.002456292158706836,0.00549752044082779
2012-07-03,0.01156131062538477,0.0012412018233857458,0.006895299563107534,0.004090078688789123,0.0005109486506877555,-0.002782972403790753,0.006522915067536864,0.025689118597428347,0.0062127715684242545,0.008384998593818903
2012-07-05,0.01741474473256871,-0.03022879038593572,-0.029732644212306255,-0.012320168611909274,-0.003271796550033005,-0.04270488812685754,-0.0019518917632170521,-0.010196802935763083,-0.004698041566321199,1.3453533546068236e-05
2012-07-06,-0.006678768473383145,-0.020672716824506252,-0.018045361957607267,-0.010085934209025205,-0.020068114752052262,-0.014060348180871313,-0.016752207717457245,-0.01921691049767158,-0.009477418655581979,-0.01311944606202197
2012-07-09,0.013133790528457517,-0.013140837110337152,-0.009529601504325247,-0.007181706531883598,-0.009131997669779792,0.001768484269206608,-0.006313312685729249,-0.013523900164551855,-0.00164017617051813,-0.0018946891906933183
2012-07-10,-0.009295294249919194,-0.010638351649871255,-0.008847489232609706,-0.014519403069892526,-0.018141826916279517,0.008503027944187348,-0.008704683967188064,-0.03072430043492725,-0.00815912178959069,-0.010092453267242611
2012-07-11,-0.006234531907224871,0.019854835818254188,-0.00038672495941960075,-0.0018298935899044076,-0.005437220350019082,0.009878370360476297,-0.014905276161473703,-0.01651645484049558,-1.4923688990578574e-05,-0.004956600558631776
2012-07-12,-0.009191103251491285,-0.019854835818254143,-0.02306992956988236,-0.024722815764740672,-0.011728683990070465,-0.01602838182815974,-0.02313243746722856,-0.016793625914069354,-0.004999574352459078,-0.007573687783291115
2012-07-13,0.01008429946268096,0.0444519055847147,0.0527748757483509,0.020440144866235188,0.01582237898658953,0.05792501529254692,0.026199326256562374,0.012820945207418716,0.016362759247573275,0.014643558394772412
2012-07-16,0.0032015468616397023,-0.0012794765966769818,0.005985916616352985,-0.007384294173652838,-0.006580316767703501,-0.027545011626031478,0.001700072329274566,0.0031796127745374356,-0.0023169958916205513,-0.003972172381156064
2012-07-17,4.976085918915765e-05,0.013985934598417217,0.021038260391103465,0.0024672868033535087,-0.0061885031631679095,-0.0028541304930216342,0.007444885461686859,-0.018422761524603436,0.00738235580991176,0.0045118529505277566
2012-07-18,-0.0011214798363475063,-0.05049605107613384,-0.01027950102356105,0.02854755812963042,0.024739206961254142,-0.0008577433097427571,0.026286756172898138,0.05428022552292516,0.006658275330085007,0.011126737252019478
2012-07-19,0.013207344491717381,-0.03651495171192249,-0.018998335773615944,-0.0011981635148114568,0.03697067146163797,-0.014405378497763958,0.007198753463786316,0.009904470386879109,0.002713415248511383,0.007886917310571714
2012-07-20,-0.016445436453725943,-0.026519211115504347,-0.027451286388747925,-0.019371124767351852,-0.014904993525656465,-0.01638425211169749,-0.018095553736499646,-0.029232991508064694,-0.010112620534169033,-0.013783438560633167
2012-07-23,-0.0007781096442823259,0.0028245215863150373,-0.02070003449239942,-0.01788514498056709,-0.008453269860960785,0.015803842267488082,-0.028284749976411908,0.013183986599048235,-0.008948979003707246,-0.01208868611643911
2012-07-24,-0.0048308002893799615,-0.007077411295570603,-0.003953635837646434,-0.05748981530904034,-0.0025714728702872862,0.008385093343889252,-0.004449859972962042,-0.01084447800196862,-0.00908205019242412,-0.009441840243059635
2012-07-25,-0.04414365367890128,0.004252889709255538,0.021557088274405226,0.01964676260125627,0.003880663051419301,0.012589583544217315,-0.011038268903411762,0.01928289237612824,-0.0003139107221179555,-0.003060925259835793
2012-07-26,-0.0001568157995519301,0.014044613620392993,0.018820577420100185,-0.002597341896789114,0.014908190605898573,0.01803368691664942,0.011381282448853527,0.004573519104051839,0.01640566286495112,0.01357483314667461
2012-07-27,0.017723621646142416,0.019337768194284226,0.038078812744408316,0.01995579836331471,0.012501874284305423,0.02971343300554706,0.020367619999142068,0.024784991998070223,0.018900814490450273,0.022163381755137136
2012-07-30,0.01672710240026733,-0.004112551641287055,-0.005878255054867854,0.011406830656560533,0.0014756090093756666,-0.020540233288934912,-0.004040634861475886,-0.011189687875547315,-0.00048347644461061725,-0.00414978403021038
2012-07-31,0.026092360787028583,0.008208259449064198,-0.0003686721572330803,0.005027720245968615,-0.0035656389221070508,-0.0038814695208899317,-0.0057520802442236445,0.015630892099753425,-0.004326172766220222,-0.002147726111372786
2012-08-01,-0.006488416889570605,-0.01648402645037732,-0.012984391385332819,0.0018797240981477123,-0.004089739514351789,0.0,-0.0020378299610732797,-0.011139533491785994,-0.0029041929017454256,-0.006590791233762553
2012-08-02,0.0016133970189416307,-0.005555502211260885,-0.022286304853304007,-0.015132422489217002,-0.0037475445041118493,-0.023325417112371512,-0.007508491538704889,0.0037266919546475735,-0.007531963624136046,-0.0035814711544788014
2012-08-03,0.01293063776304972,0.034226789289131525,0.04554711809218756,0.03802243286984238,0.02071467705356713,0.025822643725952693,0.01900293992461595,0.02061951057624584,0.018861288185302486,0.019780552139628496
2012-08-06,0.0110636745867573,0.02787113861296675,0.0414645063565507,0.02058156601986301,0.0012082502119092078,0.0058020660468482066,0.006700080656864619,0.020916711096175124,0.002326560724057678,0.007388658108388572
2012-08-07,-0.0026374493942866346,0.003919386623328469,0.01148804402905883,0.02660495093471491,0.005869025811225319,0.019370072823976937,0.010297316983450657,0.009943140087430098,0.005093762742592908,0.008641808369772522
2012-08-08,-0.0016925465254233225,0.0,-0.0010388903619107804,0.0011663643432791675,-0.00025059959750044794,0.0040447836038187,0.002310423823978373,0.005637718446113202,0.000620633807453193,-0.001529790642208038
2012-08-09,0.0056865914988497475,0.006497649139793764,0.0,0.030983842173585865,-0.0030699258818881053,-0.006479783940723831,0.00558959511714724,0.033175605988208005,0.00041359999517301903,0.0024510882983091687
2012-08-10,0.001561731809086634,0.0025871728589763796,0.0013852463364443833,-0.009081258464225844,0.004375032225238487,0.0013536673249563815,-0.002626384811701766,-0.006137224177395504,0.0021860506671047943,0.0007352313747045427
2012-08-13,0.013261853668030297,-0.0025871728589763653,-0.004161058849325415,-0.011467243583800604,-0.001405875037710238,0.0005411480439552347,-0.0009864966390769523,0.012911967793723363,-0.0012526850781939547,0.0005493323657446769
2012-08-14,0.002679142768830797,0.007742235918578727,-0.00034762029047636506,-0.009852288174266859,-0.003624257370884518,0.002969121863072133,-0.0019898486225909105,-0.014966167421283035,-0.00012815461201997174,-0.0018346024062829555
2012-08-15,-0.0013623080033069554,0.01150148413958023,-0.0010432258322253991,0.010428621432562672,0.0005540216455838186,-0.0008092381746360279,0.0023210127899849515,-0.007568195007470094,0.0011389916294490677,0.004613155987410742
2012-08-16,0.008696543315210746,0.007594764467824909,0.0027796705624954605,0.05278815766329435,0.01222345359209875,0.0008092381746359511,0.019023122853533872,0.020506718955020424,0.007075420387505465,0.010326141213796783
2012-08-17,0.01832754705934486,0.008788804664279764,0.007260408771739671,0.0021008674733911546,0.0018904019046394433,-0.00323969655418263,0.0038907071748501615,-0.008834691223345589,0.0018703837394767023,0.004626247579863345
2012-08-20,0.02595181950217407,0.01857602707748235,0.03220042165010409,-0.006315125303137312,-0.00358424768120426,0.010490865568643822,-0.005191344888925539,0.0,-2.1175053652821643e-05,-0.0001235622645274023
2012-08-21,-0.013759741757556313,0.004896362904506171,0.02470907771995224,0.011548140631004504,-0.009270162144957876,0.01776986116391431,0.0019500112503700452,-0.002734343074533054,-0.003503666814444632,-0.002913648978886685
2012-08-22,0.01933695426670113,0.003655985569214558,-0.007840672863459216,0.0031267450399913065,-0.0070723551511773265,-0.005535574032284091,-0.008477439759521536,0.002051657994367918,0.00022637762345679676,0.0020876038348076583
2012-08-23,-0.009372676246774406,-0.008552348473720855,-0.029962234757909465,-0.004693640019299909,-0.007888970509557893,-0.015987835384100025,-0.009210371390079991,-0.022799035204760967,-0.008104999597722566,-0.0066165700939695106
2012-08-24,0.0008900256283258256,0.001226660522873548,0.008078277967896522,0.0036526535656531945,0.010521532940707156,-0.0016131031285645558,0.009865238975135795,0.020063178901685023,0.006433988343262266,0.005353476217553795
2012-08-27,0.018612862130399765,-0.011091063315094418,-0.00470439454554656,0.008298454368738968,-0.010572294466218227,0.0016131031285646943,0.004245084654598202,-0.017271774159578552,-0.0004891344205224454,0.0011069229272151328
2012-08-28,-0.0013033615922878716,-0.01372449066048916,-0.011858643264749781,-0.0072574679150922364,-0.004199748953290854,-0.002689259666476882,-0.0019573982616393868,-0.004189806789979804,-0.0008085090427962799,0.0012844682550587946
2012-08-29,-0.0019729286867168406,0.005012866375227615,0.019241446662754878,-0.0010409864536467606,0.0010772074728993882,0.004568016659294719,0.0006529440622301671,0.002097006794787186,0.0008439929642994782,0.0013153077282962264
2012-08-30,-0.01435683310710364,-0.011314067062814586,-0.008730903704652753,-0.01574870296031976,-0.00880436091793815,-0.010781667844357311,-0.010825036257300642,-0.019035221331703066,-0.007836429729673381,-0.010597329468113089
2012-08-31,0.0020612274007104176,0.010063319803987038,0.0020214259450499895,0.009478785879306112,0.00762464567338965,0.006482539116094202,0.016356007924607043,-0.001424113409422161,0.005060469767645165,0.005968292731941273
2012-09-04,0.014520469666254764,0.0012507472588276555,-0.00033664977440109366,-0.004201586827767772,-0.0015921425225891173,-0.003506185921624953,-0.014050076201246738,-0.05493907978425747,-0.0011666393226880797,0.0026376020678818618
2012-09-05,-0.007047526699332471,-0.005018971057468796,0.0023542589397064014,-0.0052771990515383315,0.0025665719835209983,0.002698116530719911,0.0,0.003007778056549217,-0.0010682316532888013,-0.001884677646785202
2012-09-06,0.008971796247905062,0.049089551430736095,0.044349389963704175,0.042978739870709534,0.020602806092277864,0.041694636729088075,0.031100902061705574,0.0303170876828132,0.020229536612006892,0.021447777932417127
2012-09-07,0.006147218630720753,0.05249027124331576,0.030070528920756966,-0.008653353806456054,0.0020073035969795567,0.015643668610756705,-0.012841554205839347,-0.02432892505683482,0.0040417949889430295,0.00019446457960606137
2012-09-10,-0.02635713427130886,-0.025317772183952345,-0.007511989082160992,-0.021184618510363712,0.007241401892615035,-0.013835815030937924,-0.0074590324002940306,-0.00899594068252756,-0.006166805654652836,-0.01038394529155951
2012-09-11,-0.0032491254964927417,0.05111873819079433,0.02574191091048302,-0.005760340250468362,0.011479121933345158,0.02144044417580577,0.0022758630405373343,0.01197643494997321,0.003130052101452872,0.00016429271335855256
2012-09-12,0.013830950664770608,-0.006666773270250369,0.011870300188193496,0.0020983585758849585,0.0024568074797304464,0.008048447303361515,-0.00032450577918685143,0.011098900979440418,0.002090505602596938,0.0031452930840365455
2012-09-13,0.0195013383021639,0.046824185007079945,0.041487872706086046,0.014568371449752666,0.012630304237117718,0.03640295205182701,0.005184614680888341,0.0066009361154853435,0.01617817215384428,0.013243922947043546
2012-09-14,0.012079095135164173,0.015830884210401096,0.009820719011597265,0.006692552142559418,0.002178178599806489,0.0040984336627018225,0.008688358772973054,0.011627798715549942,0.003951135292808127,0.0088709883696742
2012-09-17,0.012221098578501663,-0.026526436151192313,-0.021206017119809087,-0.017076765097642842,0.0016424662724511935,-0.009183667143978442,0.0,-0.027840761684462964,-0.0031295828602655195,-0.0016597032713770933
2012-09-18,0.0030392427954797126,-0.007555911736830348,-0.003529707431660664,-0.005757552499688658,-0.00038577885692821863,0.0016981531837884116,-0.000961414478877772,0.0066641902038740075,-0.001280595132117327,-0.0002736968966468207
2012-09-19,0.0002704895511322743,0.00647991877845707,0.0070463174932554745,0.003667737388033435,-0.0030954266953780495,0.0019369742674901914,-0.004178002331327699,0.011739374135071602,0.0011848517443742584,0.0015156449279380992
2012-09-20,-0.004854344386734456,-0.010822485784206368,-0.010883646928321195,-0.0005228906044439072,-0.0012120799073680863,-0.002179410191052299,0.012799925339484578,-0.007320680120151543,-0.00054087999282134,-0.002094857217744626
2012-09-21,0.0019873949556100997,-0.00874353658868434,-0.0041497653412461335,-0.011050238657876237,-0.0009705668274050392,-0.009010149229123758,-0.008301118099667241,0.004398588402132955,-7.532185571705149e-05,0.0012586692649529038
2012-09-24,-0.013372828429967638,-0.001097771681185388,-0.005360134479182619,-0.004773377003666772,-0.0033555094731074894,0.008525100985190133,-0.013232363883473309,-0.0007319305167136528,-0.002235150069379947,-0.006049763960784246
2012-09-25,-0.02528844040279217,-0.018858595221976332,-0.01899064520215924,-0.007470469888526801,-0.0015109173336780544,-0.01663062513831578,-0.012751672716922681,-0.018471075050715772,-0.010557389418567714,-0.013713675200835291
2012-09-26,-0.01248963152256411,-0.012394405844492164,-0.010708729592420444,-0.0048324010061876164,-0.00479237061933648,-0.007673781322103748,-0.007265589832607617,-0.017300200848557545,-0.005753253211740956,-0.007737396846024636
2012-09-27,0.02397408721967302,0.01686415501262916,0.014050340537707349,0.01177159140853815,0.009318681312716,0.010875114436884483,-0.00033125502781231536,0.007558424719074302,0.009602727708234702,0.01377167204759771
2012-09-28,-0.0210918438285746,-0.015730926485545735,-0.007611604874473818,0.015831124435432765,0.007451444751984539,-0.004928769326948656,-0.013351389399670392,0.004508037382152476,-0.004487808236766832,-0.006515510255486704
2012-10-01,-0.011625144874353108,0.014615395078985407,0.0009167835387726463,-0.003146040642168455,0.014452920339387375,0.012032276290694323,-0.009114019851654748,-0.016629449319485963,0.002647997667994667,-0.0008667914451562384
2012-10-02,0.0029077081519699147,-0.0033542177615766985,0.015452396324476892,-0.0015887377750665485,-0.0029978776008449688,-0.0012212225160484723,0.005747990784817064,0.0038044280095520648,0.0008719067272658147,0.0020886946199281187
2012-10-03,0.01521689254624346,0.019956366903161757,0.023768395955251653,0.003174272031005102,0.0031879240279527273,0.005890951225114499,0.00672052500277983,-0.009920581370218798,0.003617857293033645,0.004856695623539252
2012-10-04,-0.006949488057130312,0.032400713941148136,0.0260804443860063,-0.0015855342559385835,-0.0005705022024410016,0.02322311316304583,0.005677048477327213,0.04351818562524431,0.007148821731697362,0.004528466772195792
2012-10-05,-0.021541047708181417,-0.009610838915707638,-0.0054492572331322955,-0.002118700592920403,0.0009503595919885847,-0.0026339869989495408,-0.006012385884609448,-0.02377515999527325,-0.0003216410840751239,-0.004222328463182678
2012-10-08,-0.022344504110446965,-0.004300673620156266,0.0002874190331053349,0.0021187005929204973,-0.0036631035265466895,-0.001199480581223293,-0.0023476162601326575,-0.009822444259752178,-0.0034627238474289053,-0.007630569469007081
2012-10-09,-0.0036417964968032627,-0.007571790619360727,-0.005188995560864605,-0.005305306699384382,-0.008759557127338707,-0.006743439484551579,-0.016932312855867618,-0.02149002885588236,-0.009940182135141966,-0.015323998210772582
2012-10-10,0.00792619760786383,0.0,0.015486459136954511,-0.026409691259734427,-0.010488884599205092,0.009380256051496661,-0.010298819362573467,-0.017215018787200945,-0.0062072555664811424,-0.004329064480124152
2012-10-11,-0.0201894105562457,0.014016246714301519,0.010755810575806369,-0.0027344976218964105,-0.00029112499326953376,0.0078692478144411,-0.0010357645216088308,0.0055102531023018975,0.00019537043698457742,-0.0007769360827919176
2012-10-12,0.002559694274805662,-0.023836685433168036,-0.02191652492326184,0.008181474483550666,0.009865634747737467,-0.011466567473585553,0.008598575338150097,-0.008671860219771744,-0.002970544956016541,-0.0017394891645119872
2012-10-15,0.007988083494351084,0.03448641697299775,0.05350684861383136,0.007575644126608817,0.005423065216212108,0.018095710557260492,0.01056061045043978,0.012588623057969706,0.008045470752666933,0.0065713632826789395
2012-10-16,0.023401623545379856,0.0021163646577279202,0.015965572748096693,0.016043127512740223,0.009858937931326252,0.01056243754109193,-0.0006778511687220582,0.028518105269606065,0.010217555817170515,0.011999459869139984
2012-10-17,-0.008003158405306882,-0.002116364657727903,0.031186684384020866,-0.007454779966373688,-0.050395766670083844,0.011375590947649748,0.0033850756395651083,-0.0076274083304799616,0.004108606125954804,0.0009508646706960741
2012-10-18,-0.01874411910496146,0.0031730319071264956,-0.000260319389080197,-0.005359019058568312,-0.028667696921739077,-0.007181873773858376,-0.0030463771922380092,-0.015432813987815016,-0.0024467198768949572,-0.01011828266759879
2012-10-19,-0.036704960174436876,-0.00317303190712654,-0.033345440187697875,-0.031107456254707642,-0.008240919956448468,-0.0161729813125416,-0.02958569550322302,-0.060090310121415136,-0.01671014460003599,-0.02212810796181185
2012-10-22,0.038899550013075344,0.011585062442401676,0.014957747407515766,0.008280280504685687,0.005363989545572331,-0.005449407947644937,-0.022599726634261096,-0.011627569022876778,0.0004394856785508615,0.0037657804475334043
2012-10-23,-0.033144122471935766,-0.020095794383029424,-0.02224979225510822,-0.009944420482829501,-0.016336346887267955,-0.018221596513268237,0.0017837767020918423,0.029631533257149654,-0.014549234970738009,-0.008822480276920173
2012-10-24,0.0056410354954458865,-0.005356069272081856,0.011052665339023209,-0.035607553380179034,-0.0027747274314616184,0.009152104174733496,-0.005361935785738861,-0.013061247077277035,-0.0030901524835878326,-0.0029336173769660264
2012-10-25,-0.011889073063824737,-0.007547300615873867,0.0029447057577491865,-0.010410555499554192,0.004603321717689285,-0.0009594167986375793,-0.0007171535667382417,0.000821184641279723,0.002991064948394708,0.0014813338114340305
2012-10-26,-0.0091296007404168,-0.013072315144414268,-0.021889572377870762,0.005218825146825915,0.008678237428331398,-0.012314472337604849,0.01176712768178854,-0.010730630639776653,-0.0007292475686444066,0.0006125920923793803
2012-10-31,-0.014475475292138605,0.021692902958383685,0.02135473399194064,-0.008129965911458162,0.006497926498764238,0.012554281531536175,0.011630271234420503,-0.0058261579692952346,0.00015586755128053293,-0.0035941857131458815
2012-11-01,0.002047556320102837,0.04407872500806385,0.015133781366706284,0.020774105474547278,0.013378544133902834,0.027451023097932285,0.03376120132377389,0.046482396895556034,0.010867212600985972,0.014283386665943427
2012-11-02,-0.03365078389881401,0.01123041533060788,-0.00926547541440546,-0.009179965210963922,-0.019048896240322587,-0.009852208529714714,-0.000677865452113327,-0.004792697810127916,-0.009423718242892513,-0.01263894714211939
2012-11-05,0.013466130155486918,-0.01020417209328503,-0.007474539567559991,0.0028778795794582924,0.0036640521510766973,-0.0035421640064859142,0.0043974483537701625,0.04155866399356008,0.002161471345057592,0.005861148613383779
2012-11-06,-0.003031978273411903,0.019299417890004774,0.030349090485036968,0.004587120525633531,0.004778575501875064,0.014327918067092544,0.007732368986499565,-0.00076858472873622,0.00782250912272711,0.004082126987663368
2012-11-07,-0.039014085572255316,-0.07315236997895466,-0.06497194266250396,-0.015566736924253508,-0.015880424760499036,-0.056302565641421366,-0.026469375065329925,-0.03122816349643373,-0.023990484179204748,-0.02509364574762426
2012-11-08,-0.036965456584431323,0.017186596706443843,-0.0013876512931472681,-0.022327473381016327,-0.0055608860097471485,-0.001978144831540451,-0.009327723802812632,0.005535884927019101,-0.0122799333135091,-0.01430193748949705
2012-11-09,0.017164948020715082,0.00425079183892493,-0.001946500466123377,-0.0005946470663045818,-0.0024227185373814067,0.005430712452616264,0.0006941776040928104,-0.039409879940888036,0.0016972512798215903,0.003203215851572195
2012-11-12,-0.0077621156816178915,-0.004250791838924985,0.013545677211500132,0.002375702230245218,-0.0020582658911890693,-0.0009855789617806946,-0.021386099306688715,-0.022398489081970768,0.00013047937654856286,-0.00021349780254011663
2012-11-13,0.00012913262217431216,-0.006410425407748919,-0.0071646083356833685,-0.00059367390659552,-0.004926599891310816,-0.01339587272432096,-0.032682480830322096,-0.007579054824288459,-0.003993383474745327,-0.007035141435280104
2012-11-14,-0.011150925318202857,-0.037122307807003777,-0.03203408198766167,0.04695180179819781,-0.015033532912084849,-0.018908487348603256,-0.009271374520413432,-0.024818939356548303,-0.013948870444327605,-0.012940950241077581
2012-11-15,-0.021195649654056195,0.011062404539521366,0.005410931783467442,0.015730832055104043,0.0018310844372765147,0.002541472440426853,-0.0067289625767707265,0.0043227235072179305,-0.001594815957016726,-0.003473103887039861
2012-11-16,0.00391099641322684,0.003294600441410791,-0.006553651923424563,0.0027829643998649625,0.005847849858108744,0.0035477987944412797,-0.005265371240294269,-0.0182846054534458,0.004828274735175702,0.005690610342700831
2012-11-19,0.060423278532773524,0.03976918069009211,0.03151611574783214,0.01708512506183073,0.018076529708903125,0.026461540948786874,0.007887474171161962,0.027730954548587334,0.01966737673954756,0.0218202465967981
2012-11-20,-0.008556505416880892,0.014644475853499152,-0.0027738820299066645,0.002183072387905197,-0.006059350091188794,0.002706568596723944,-0.0007483309920114997,-0.011680683853036318,0.0006631664358276915,0.0002091168945943353
2012-11-21,0.0014070987098162649,0.014433735641879383,-0.006409592506288542,0.007604606510683263,0.005743901866345038,0.0007367266623404438,0.00894534122261978,0.028316129835157352,0.002317493660971613,0.003378311861003716
2012-11-23,0.017296723064429597,0.013217519635623856,0.007242658803303823,0.019293558670750062,0.01667710003798203,0.008800440522756275,0.027448685621152775,0.00674514408205555,0.012942202068968308,0.013676545286047047
2012-11-26,0.031061351972526154,-0.006078562888191904,-0.012849609071117209,0.01160944181074752,-0.003157933095264941,-0.005124056529017925,-0.011254133353227508,0.017493132944067263,-0.0020316442693263446,0.0033413724162868457
2012-11-27,-0.008089763626723671,-0.018462230747705005,-0.015012026104169773,0.0021118453731314166,-0.008591445067596222,-0.003185086544836483,-0.011382671128028017,0.00412023728451517,-0.005240293685227754,-0.003024607998409582
2012-11-28,-0.003151457802307256,0.01029869238418784,0.0008557324337603597,-0.006880113630050072,0.003914367645232786,0.0019609029412715065,0.010286815273647167,0.008190103598151107,0.007825330760125263,0.008050956542431997
2012-11-29,0.010952793926905,0.00714668632374073,0.003984254650010583,0.00951405811223024,-0.00234683711138042,0.009506614227845737,-0.015098696413544431,-0.01810766535597037,0.004260553566881813,0.006745741984526189
2012-11-30,-0.006947119567471579,0.0030473970966682297,-0.01834427977540958,-0.005274543117032199,-0.00765157916469319,-0.0034021598250673986,-0.012320627012835261,-0.005830589222569031,0.0001624943340681183,-0.0005944732167143295
2012-12-03,0.0015539180896006048,-0.006104297277610001,-0.010175632403039075,0.006325836506043233,-0.0031091784368127945,-0.00659411860308635,-0.007163277187889463,-0.018550345010745973,-0.004756519166260062,-0.002674469577490669
2012-12-04,-0.01779717078164763,0.011161981326022521,0.002043366378821607,0.007329981359770289,-0.0006337533163807348,-0.005898526609268761,-0.0022724763432464806,0.029352277061203774,-0.0017112757910542108,-0.0018370103181762681
2012-12-05,-0.05763947971348608,0.05502393227459476,0.0613617967363101,0.002084332887736828,-0.003756781969455925,0.015409376419331057,0.011312249236670131,-0.01163790268201546,0.0015836076545869759,-0.007701374375266522
2012-12-06,0.015561144439731311,0.0,0.015242477357177535,0.013957678576053827,0.005550952638949469,0.006532101607301136,0.002247121076692766,0.0016710270620505564,0.0033011358587093772,0.00522226468404008
2012-12-07,-0.02589746309761229,0.01706212519635398,0.016609240085960233,-0.0072127625872056,0.011791082594936242,0.025944755006835733,-0.010152319698293768,-0.0016710270620505382,0.002916661999350491,-0.003763837848516314
2012-12-10,-0.00645241487234378,-0.006600587006934174,-0.012027245563846023,0.023001053203735168,0.0034844541515975766,-0.005891224711671216,0.017978156470005537,0.03289800485564521,0.0003385032499758963,0.002990755582154003
2012-12-11,0.02160195629915318,-0.005692764374127342,-0.005122184338080889,-0.0005055024615569382,0.008168531084794735,0.007769133236935061,0.014006800108346292,0.023191200270188072,0.006527531315292975,0.011762012380593113
2012-12-12,-0.0044242601381294785,0.009469514460752818,0.014222630856951954,-0.0025311354492238464,-0.0064569248699052634,0.00304393189730944,-0.0029328389523692986,-0.0103291301550677,0.000448139333956705,-0.002813068576276389
2012-12-13,-0.017423278364939555,-0.006618848424931717,-0.00641541256966794,0.0005068555391662673,-0.004987546001414624,0.00023370622900845044,-0.004783725926243054,0.0007977676973604915,-0.006341489977008348,-0.007209573263741232
2012-12-14,-0.03829349626125426,0.003787826961022259,0.008278868067497044,0.0060606597721063644,-0.0011989783132890475,0.0007011107751217598,-0.01112771433946918,0.004777602102181949,-0.004143975679491531,-0.006985814926897847
2012-12-17,0.017577119402541613,0.0389295025450345,0.04039669322957045,0.012509540201305206,0.009653020095894,0.015529294667563559,0.010758907365275867,-0.003979645151475119,0.011800688037811027,0.013129736564000549
2012-12-18,0.028632666221886212,0.032203221039674816,0.007886955536851018,0.013336813182039211,0.010634327679946376,0.008929725605734615,0.01683168041899459,0.001593697282901248,0.011421185666775555,0.0144863173437295
2012-12-19,-0.014317948172794515,-0.015077998438050346,-0.0002533243915096956,-0.005412386255430352,-0.00312230745757004,-0.007780424515699699,-0.009112454271882418,0.007139708224098919,-0.0076181455628212226,-0.003335010493086928
2012-12-20,-0.008740303926060997,0.02906425091747818,0.018085861149621,-0.001480825486166631,-0.0015901728039000513,0.022712731312414847,0.013457174052688087,-0.0007898900221404608,0.005473104693568626,0.0019786823490905107
2012-12-21,-0.0046106336201545955,-0.020167523326360987,-0.01707242356427767,-0.01393048848313174,-0.0069552423219138735,-0.01197352997029975,-0.008343987153162974,-0.02321099713694464,-0.009422944450144789,-0.009678200287646016
2012-12-24,0.001615895113157671,-0.003548871172002648,-0.002789428475740177,-0.006534431962829638,-0.00528731525199051,-0.0018196248676058911,-0.01430970595866897,-0.00813017567171786,-0.0024432789712663986,-0.0027876900913101897
2012-12-26,-0.013879537257531143,0.025450762286642267,0.0043072686961944774,0.004528282315292441,-0.0023418459922495234,0.0009103508169614168,-0.007418227471845928,-0.0008163267484057973,-0.0047989567899257195,-0.007476657419218622
2012-12-27,0.004007445742773686,-0.0060840282834724105,-0.0076141930756917185,-0.013646903779734008,0.003951797982947857,-0.007534966602043743,0.0037160366032245595,-0.006557693934678577,-0.0012191849162664064,-0.0014223397120539825
2012-12-28,-0.010677181669552699,-0.009636591984234059,-0.006133547220982171,-0.01023042636636306,-0.015057949068313382,-0.008979318219486486,-0.015324529315980889,-0.00494621892993047,-0.011111445674961485,-0.008610516196204919
2012-12-31,0.04335658864218667,0.02176859693111073,0.014000817272591627,0.010230426366363017,0.009019795625669529,0.016741976485924244,0.006008417077369686,0.013136322528081466,0.01680002726988578,0.01980055742606445
2013-01-02,0.031190104568871637,0.035536625655110524,0.04183274652731995,0.03451226876497065,0.024750231181824154,0.022416592712758854,0.033502082033393325,0.03683392699287242,0.025086115958697298,0.030254583720774327
2013-01-03,-0.012702629954971307,-0.0058356954717930405,0.003387786698518452,0.005393318730444722,-0.005515615209300008,-0.002017167435844212,-0.013486604682810082,0.0007854324096144824,-0.002087795423524574,-0.0037631659178699746
2013-01-04,-0.02824978047217732,0.012463423277463987,0.024816350090155127,0.0014656300923719982,-0.006576566163474059,0.017569609557556324,-0.018893146273859716,0.0324604050102037,0.0048532999789810665,0.000351436101095584
2013-01-07,-0.0058999146479030914,-0.001652970653387071,0.0009425383722967645,-0.00932052185364088,-0.004391275643377386,0.0011011832603461994,-0.0018714007555794372,-0.029323209279559906,-0.003128003259122683,-0.0009192379705949094
2013-01-08,0.0026878385571199284,-0.009140247869573183,-0.00023579538085138552,0.0009851456796603913,-0.0013992169155650966,0.001980608461583105,-0.005259347398513992,-0.02216959470976598,-0.0032476391807331087,-0.002261486846501854
2013-01-09,-0.01575198467040606,-0.04699664929991621,-0.009940762518214722,-0.0004923460874948514,-0.002855400407692834,-0.0006596873500577092,0.00563399692646585,-0.022673415650991534,0.00265234535868163,0.004517870907958117
2013-01-10,0.012319671834517263,0.030161474886802167,0.018617183260114956,0.00687283836420717,0.0029073708044819436,0.014843959727785202,-0.009029568555378094,0.0016369461200679673,0.00756870010921085,0.0051223786717326
2013-01-11,-0.006150847796508277,-0.012814920696886415,-0.011506149821006754,0.0019548838972681076,0.008106566489790386,-0.00021639729685602325,0.013886573006455676,-0.0016369461200681063,-4.751511497752233e-05,0.0012388769096785403
2013-01-14,-0.03630350079372457,-0.013853044774697338,-0.002838679602122454,0.02364411375243688,-0.009455284525393688,-0.005651004445687056,0.0022334698638843695,-0.0008192139501962042,-0.0009311049049197806,-0.0026044268053188754
2013-01-15,-0.03205795467094525,0.006950404280927836,0.008255879502138505,0.0004766872510711599,-0.0006234881333418942,0.010192344990447919,0.01183035569875493,-0.018197528970223434,0.001128033295304306,-0.002157890550565842
2013-01-16,0.04067070421274775,0.019717561190656024,-0.002116301563367535,0.0023804408535960343,0.0004670815426028533,0.010088463450593447,-0.006267308475164895,0.00913989020506306,0.0001969725099562613,0.002170733792068596
2013-01-17,-0.0067604836339482804,-0.0433718388575325,-0.029624567773987295,-0.0038107761732661693,0.005489394781915459,-0.008149038880776937,0.007736375962935522,0.013147225027916733,0.0056270605413545815,0.005903860674604082
2013-01-18,-0.005345993609699306,-0.012488609328267774,0.010132374822758887,0.0033352225680325794,0.004225527023024107,0.00043053791162776003,0.0,-0.006551793912181603,0.003397492378151099,-0.0004114491305563045
2013-01-22,0.009494724916962185,0.018675126072517954,0.0028763486948949315,-0.007161533539148438,0.008244648055010951,0.0017203004082909604,-0.0036768546473217646,-0.004942464055418098,0.00441833162771152,0.0026983511935634473
2013-01-23,0.01813969941134657,0.006148586436210687,0.005728057254369034,-0.01205103114934906,0.043120390867946085,-0.006683124675975688,0.016801032815634626,0.0016501326347438251,0.001506341924293118,0.0033318247004667538
2013-01-24,-0.05763947971348608,0.0095859905987271,0.01839222151759533,0.019212564688497535,-0.0014661352389844977,0.0030236491852539925,0.0007242051136458528,0.004933698477563684,6.61466154430249e-06,-0.007412463753408255
2013-01-25,-0.023856214978805235,0.007775938791234143,0.002567123739425131,0.006165301340363994,0.002686610718641123,0.016893667700155712,0.00900730736602645,0.01788725142132422,0.005430708661868184,0.006156007207212094
2013-01-28,0.022367996292926934,-0.01212139144861096,-0.013372456591704414,-0.0042639680340431285,-0.00019511356354154127,-0.011087853519024863,0.0010757689770135594,0.015987235018393237,-0.0018513342747921247,0.0014562441032540947
2013-01-29,0.018588749006446043,0.0008702606388156844,-0.004260708950428529,-0.013384438867286378,-0.005038507216867001,0.010239150853016766,0.0035766554148538078,-0.021643912468305115,0.005093003781205059,-0.00020296156757860625
2013-01-30,-0.003147103530621991,-0.009620062022494295,-0.004993829014442211,-0.00967154188454656,-0.0018657126517972692,0.0002124738784511533,-0.005728668521918723,-0.0016223431793740799,-0.003907244671751714,-0.0036054383560724674
2013-01-31,-0.0029375289431930727,-0.005285955741966689,0.005232284983381318,-0.0004861626150853096,-0.0022137505890652627,-0.0016989768325228463,-0.014466914802615475,-0.0048817210216795534,-0.002566591958392015,-5.7340282659834256e-05
2013-02-01,-0.0041142828800031315,0.0338725642962855,0.0201934048526609,0.012560890762966114,0.010336871087084764,0.016860233396713713,0.01733535126334474,0.008932184082573786,0.010002513224009682,0.01169729198258649
2013-02-04,-0.025226169156439805,-0.019836807170640236,-0.019007929256385902,-0.0004802576943045801,-0.006797532622942434,-0.003559223801669332,-0.017699675965368748,-0.017122287680724872,-0.0116058327096515,-0.015191456913242972
2013-02-05,0.03448635878157101,0.0342495223676623,0.016680532207620693,0.012410653788739099,-0.004918794758386569,0.023013467157180802,0.0021843924239937505,0.022765597264674937,0.010362632222059643,0.012823199391887495
2013-02-06,-0.0010707828291649458,0.004199758233517296,0.003024284444797646,0.005204819352598464,-0.004566130589483248,-0.0036959338514633384,-0.005835567507044184,-0.008071429465470372,0.0005490198591339299,-0.0009779396014133145
2013-02-07,0.029300537492475603,-0.007572393496089202,-0.004190077834473679,-0.004256711135542595,-0.0063877676348626355,-0.007848114533387272,-0.0021969292954645333,-0.0040601195475731934,-0.001807031055856767,-0.0010578794845255304
2013-02-08,0.014334256592586874,-0.006779587548842117,-0.004441747257301663,0.0028396848874997515,0.009665537790405817,0.008259436641231323,0.009848567081867632,0.006488239429093511,0.0056419945850431485,0.00903929236323983
2013-02-11,0.010367574562122327,0.00846743050609264,0.010952202210242224,0.005184924445529222,-0.007565388283403463,0.0006164985459136435,0.011189738951033076,0.011254020303046144,-0.0006063012476382776,-0.0005857047533518261
2013-02-12,-0.025385710418592014,0.032354676737101046,0.027429823341964674,-0.014204768846321509,-0.0005995359116375466,0.00981606424661249,0.0007172819803055341,-0.006414876279480392,0.0015940011376042063,-0.00172768512441908
2013-02-13,-0.0019038551148873577,-0.00655223508057453,-0.007922788938186574,0.008073953470420295,0.00024992770836814354,-0.009404717940558407,0.005366121089870525,-0.004839144023565782,0.0005920877747906565,0.0032553030640236546
2013-02-14,-0.0008998631241614548,-0.003292135818443668,0.0072461603081574585,-0.007120670127683908,-0.0022016701254772364,0.011031383089853497,0.0003564029006154426,0.028687175319912866,0.000690433265053607,0.0005566471009220568
2013-02-15,-0.013876736103147689,-0.008278173034298446,-0.010889262442830054,0.0,0.006639725879887836,-0.0069318703635751185,-0.0010700995986185904,0.0,-0.001045627796013619,-0.0020748574103189306
2013-02-19,-0.0003695056169535257,0.013212321352652373,0.014942882267954639,0.022144674804466906,-0.003289072875544237,0.011593915830821866,0.009672273568085912,-0.013444087710849376,0.007309694441361245,0.006731632415036596
2013-02-20,-0.024515773640328708,-0.032516553586806635,-0.02918601187070071,-0.01644391241567536,-0.005054973141760132,-0.017132595516911868,-0.006438058668239574,-0.014434813759564027,-0.012481711430005843,-0.015422123090679729
2013-02-21,-0.006235666160528152,-0.032733168573321064,-0.020335124806306847,-0.01671904809007103,-0.004929121497052509,-0.007433777613855065,-0.013728354107172188,-0.00729651327859297,-0.00632300546566533,-0.010457670040234499
2013-02-22,0.010592897632222683,0.001749756168974136,0.01033614155347839,0.0067214042897061795,0.013820461133408115,0.013586026173732078,0.009773813178961966,0.018541905107188155,0.008734213386774423,0.009638906289097903
2013-02-25,-0.01792785757361101,-0.03649683285112172,-0.03908007781545021,-0.011549833480144496,-0.017963247171659,-0.02505032450959419,-0.014148487376360487,-0.017728161753114074,-0.01847927558477439,-0.01451747693535994
2013-02-26,0.013838125765290648,0.009025198045131973,0.003396263444840482,-0.0024229162443632256,0.00821842367050456,-0.0020983632509425166,0.0,0.011790994706195847,0.006090876862567387,0.004290790154155958
2013-02-27,-0.00984877665004921,0.016057214967517653,0.020851325589918788,0.013494169165616174,0.015892264774265093,0.0346853918810347,0.015947821448578876,0.018422478425584393,0.012645699119019574,0.010365818924227234
2013-02-28,-0.007156052786101962,-0.006214053509187943,-0.004516532288645971,-0.001437117449293169,-0.007441449304314148,-0.007332338871413709,-0.0003594551289613231,0.004750653048382361,-0.0008644534614572404,-0.0006548311016562544
2013-03-01,-0.025073924689273205,0.009747649824216269,0.003329772686865091,-0.001439048721176102,0.01030377979390129,-0.00020436524908418614,0.005381261651366172,0.003941878609435214,0.002321159449526721,0.0030174286847592614
2013-03-04,-0.024503800982766714,0.006153852968923441,0.01951823400149817,-0.0043302324175730576,0.011174104492437506,0.0038771443591570634,0.007130208063818793,-0.003941878609435134,0.004600126548349631,0.0038698045936948347
2013-03-05,0.026058851958800627,0.012195354516609544,0.01525358595304546,0.022879931032909778,0.006509172318731177,0.007911822070132921,0.007079561466581989,0.010997936676211262,0.009520551872499975,0.013143742954266733
2013-03-06,-0.0127916038528205,0.031532379211480326,0.022228616441431412,0.02328948844354906,0.008917654549472,0.010852247140946332,-0.009213475572256744,-0.0007817979831820751,0.0010839250554146814,-0.0005459600306247677
2013-03-07,0.011491922345728428,0.028123948483964958,0.009376982246058088,0.0036761907267148313,0.004978418224965282,0.011921527372383018,0.0017784660302968666,-0.002348161143485813,0.0018148436172064244,0.0030118639644652325
2013-03-08,0.002644217396762282,-0.01561874846656083,0.03665307558159545,0.0013753889479383096,0.004573689476040491,-0.008529420758117901,-0.004987646739022081,0.004690921620145469,0.00447112871295497,0.0037922085906362136
2013-03-11,0.014144813787183828,0.006606077563098384,0.019516999513285428,0.0022875325338320334,-0.001427122954659665,0.005562309514865673,-0.0046537129158317255,-0.009404457870058133,0.0032438188658736856,0.0026164970180166023
2013-03-12,-0.02179467939242088,-0.011589611935953181,-0.013749480945662636,-0.00826040691444884,0.0022350257889141487,-0.003969964981476314,0.0014342002001119882,0.003144824808213146,-0.002406145396801988,-0.003248575578187715
2013-03-13,-0.00018687536962270037,0.004154735886976971,0.0004260176143620571,-0.0055453996874748595,0.007145826283504929,-0.0023896312012485735,0.00035820775807301537,0.0,0.0013131891571707575,0.0008632215240256683
2013-03-14,0.009641819025741702,0.004137140391873846,0.010378190658878796,0.0004632158786785255,0.017482768273137016,0.016607876133446508,0.007848951696669,0.0007845624978915403,0.005587352158971998,0.004246534114037345
2013-03-15,0.025476373061135257,0.03728181273946134,-0.0042228879765988546,0.015625292798260686,-0.004085950875655992,-0.019402417947713572,-0.003560268930132314,-0.008664635996134281,-0.0016197737499887566,-0.0030300770821043215
2013-03-18,0.026819882529476143,-0.0007958179088246004,-0.02181915216876268,-0.011926611551748593,-0.007988780186893972,-0.01024873508672827,0.002137799611024505,-0.007145899730793015,-0.005525570335024047,-0.003539569571350156
2013-03-19,-0.0027027401443297902,0.011871758999829563,-0.0097797383871601,-0.006946171561036418,0.001078753421194399,-0.006280956277778323,0.0028430018210496874,-0.00639514517872048,-0.0024254697268762293,-0.0026257621344818504
2013-03-20,-0.005316377075860961,0.005492256013941565,0.006530366118782803,0.006946171561036426,0.0075610825841782095,-0.001627327063397208,0.0049557826956782135,0.011957021530269332,0.006675163815817943,0.007739887881339037
2013-03-21,0.0014366006933208028,-0.016568197104946523,-0.018834856013154756,-0.039054294162258016,-0.013104904481525825,-0.015800374226849108,-0.007443082367057601,-0.01597450649767226,-0.008316923756005078,-0.009754861299959132
2013-03-22,0.020074108045461996,-0.0007958179088246004,0.0,-0.004328287022137051,-0.0008487069428304652,0.008854565028564626,0.004968093947823266,0.004819440206417995,0.007148643803299891,0.00692683269516291
2013-03-25,0.003608813025556417,-0.01282087047542424,-0.016496984217003578,0.004807536327435992,-0.006338165232181971,-0.0053442387543745995,-0.0031909758632570444,-0.005624960533599085,-0.003345629300947282,-0.0029936757073311705
2013-03-26,-0.005277418282175765,-0.009724614642260017,0.00761334603625809,0.0,0.007657460757335006,0.0024700782176667194,0.0,0.007226224265042077,0.007754963194634991,0.005296101815797546
2013-03-27,-0.01984210348216342,-0.0040799502382775675,-0.008287611737970805,-0.0009593449336787777,-0.006945974007189419,-0.018048338902042466,0.0074299990177407495,0.01192818630886777,-0.0005885230525645966,0.0012413702815511883
2013-03-28,-0.021057507889486928,-0.004096261714773008,-0.004960351269584676,0.0033547467293609267,0.011362897388992328,-0.0065110545560626825,0.008423856500409605,0.014129014861581086,0.004048463396191122,0.0033721468163578202
2013-04-01,-0.03155493304342527,-0.0024665621027995465,-0.010224009403044432,-0.0033547467293608586,-0.004322857233730803,0.007766189706414343,0.0,-0.03328342543549089,-0.004483616865356026,-0.008714193334396748
2013-04-02,0.002049644267422144,0.0,0.007281253428186425,0.018549698615336736,0.009279918636849772,0.00936425177003816,0.006619072949699338,-0.01053050955189062,0.005158933898853431,0.004832196958354619
2013-04-03,0.00510591512258529,-0.028382421296156052,-0.03718266515834734,-0.0009428786171730181,-0.007962048289175483,-0.023833477608214918,-0.008368297173541631,-0.012290328790282289,-0.010602133218841155,-0.01120278424290978
2013-04-04,-0.009933821698944677,0.010947395485003467,0.006332856225768548,0.0004754188207959856,-0.006368310817911355,0.013568603954839432,0.0013994095803797329,0.00984389772778522,0.004040279012737101,0.0019802298784027043
2013-04-05,-0.010623669006905666,0.002509172212484653,0.0055960142963778995,-0.02064900687283267,-0.009032266628920135,0.008804866243845291,0.003490761091457927,0.01699786290489152,-0.004304145168907639,-0.006570376222320458
2013-04-08,0.007087286334522698,0.01985210535355679,0.012706138787095703,-0.0019429822166614967,-0.00043016565654622145,0.013887951176714246,-0.0038403680388711683,-0.00241063340258169,0.006282958765270947,0.00572350690319294
2013-04-09,0.0018048640840266192,0.0032707704572922046,0.007547612467530529,0.019259301058629098,-0.00047755158079218225,0.002056075729465383,0.03505543403130427,0.015962368631383717,0.003538065806577469,0.00483277762899507
2013-04-10,0.020193903221103145,0.005697908492977437,0.026308582018910374,0.02356385947200757,0.013199899561926721,0.011640981114606257,0.022375131481747423,0.015710767916185198,0.012115443329548888,0.018176136792110133
2013-04-11,-0.0031263721825319883,-0.004066676181042387,-0.004226161587809836,0.010194632216556096,0.004330275895005987,0.0012177682519940853,-0.04526255330054273,-0.004687055755452981,0.0035459561795765683,0.0008821377894782466
2013-04-12,-0.010484658465715132,-0.008183506280860604,-0.002008043941973333,-0.0069394966864616756,-0.007258829636008191,-0.006102733239555015,-0.005196614342086157,0.024749637932356756,-0.0028407983185492532,-0.001579946999906624
2013-04-15,-0.023422533729021422,-0.01573567649865122,0.0020080439419732903,-0.0230114502869725,-0.01008046274251031,-0.02228248728842718,-0.0034795827791751052,-0.020842250848209315,-0.02323412455036433,-0.024100278654832573
2013-04-16,0.015104844593628625,0.024733702311245723,0.0391180788132583,0.005212207535895491,0.013009016483512437,0.011615759968601607,0.009712303543476913,0.010861321914451832,0.014205840828064486,0.014855697428099656
2013-04-17,-0.05656220553177082,-0.0483830981566933,-0.019914350085892825,-0.02536637121824414,-0.01105141330173114,-0.03568784547481987,-0.004844483473439008,-0.013204082391111429,-0.014431313685984552,-0.018537300712281508
2013-04-18,-0.027050572765511198,-0.02247290111269421,-0.014312047189760568,-0.0024264277448055272,-0.012091953191621752,-0.003211295037118889,-0.001388237290862783,-0.019740326301972623,-0.0067235559695443025,-0.01202639950480933
2013-04-19,-0.0038846398048417666,0.019048006871605978,-0.0013321733395176545,-0.005847740952372706,-0.057472014218431317,0.012570701941397493,0.033473204139657986,0.002389615606601397,0.008808989051054724,0.012460090128115671
2013-04-22,0.02062917172118486,0.0051328480335182496,0.002661427031620816,0.006333690224143019,-0.011486778711697752,0.0025379125312203453,0.03498672089935906,0.0015900126987350848,0.004650798215427389,0.00853783280816461
2013-04-23,0.018539098594155576,0.02942629274531495,0.02860125038959678,0.01542184392689539,0.01992448261126859,0.01716941541854624,-0.007488143903516296,0.02587362129290765,0.01036531280555277,0.01100447483981767
2013-04-24,-0.0016508918691231248,0.019689333693132336,0.014106352971059066,-0.025182997610968334,0.0005225377863670189,0.011353335990387932,0.037207398237963374,0.03348869746001625,6.340170072840042e-06,9.782082831280285e-05
2013-04-25,0.007175777170932898,0.010504472836389328,-0.00021241798706085559,0.012186472602791924,0.011616332289256133,0.005730456750681691,0.005651816221503541,0.0081995903566536,0.004026614564991384,0.00620160661668358
2013-04-26,0.021367798879040112,-0.0016086269659995392,-0.0040414472466166135,0.0014521537837921114,0.001854056843390731,-0.0024517954134844113,-0.004707440248421818,-0.004463862045951214,-0.0018438118015177635,-0.0032667321264573733
2013-04-29,0.03049841349635275,-0.003226127475291109,-0.002132963200986994,0.014886538513424457,0.024603990104882737,0.0008180436686101896,0.025467144209039446,0.011860835472377802,0.00716031536940742,0.008429697500564756
2013-04-30,0.02900867863344948,-0.0056697183950985865,-0.003423631342441066,-0.002864291374390362,0.01687892266144533,0.0018377969444046108,0.014914212905266776,0.01463077057584221,0.00248181741858196,0.006561398666463628
2013-05-01,-0.00791327539785039,-0.013906696321677434,-0.01707597369197677,-0.026151521163944473,-0.014472038913734907,-0.020614455734763833,-0.011546542770682715,-0.008753070577005029,-0.009351472649564404,-0.008950124501376078
2013-05-02,0.014082247062302043,0.00411023592282525,0.014719589431960833,0.017028226561735683,0.013731274804565496,0.0014565184010615522,0.013357974583394635,0.011653320851059005,0.009364003810320709,0.012497691753912148
2013-05-03,0.009961077318438013,0.004093110444372449,0.009196376186734658,0.00481219721071292,0.01042014269868934,-0.010663953187695818,0.00990221294498017,0.0043354988601762515,0.01047956394817034,0.011313813615855582
2013-05-06,0.023565880657674045,0.050966596677311904,0.010799580336691875,-0.0009606566653229679,-0.008495126002367943,0.012741501104873001,0.007733813220051868,-0.002887778283110395,0.001905961128483939,0.00423536819578202
2013-05-07,-0.00445969018579409,0.0015516962360240863,0.013181771373343903,-0.02087976710712588,0.004182797082277804,0.019729634948471533,-0.013122848370824733,-0.013101041428124837,0.005216639159837863,0.001078093714747734
2013-05-08,0.011230201259109965,0.009259198368804065,0.024230549159034116,0.01654583320934116,0.010503325598761439,0.01253777663817714,-0.009653124881713852,0.018149540747507235,0.004130538866696586,0.0048870526955720785
2013-05-09,-0.00876262044416558,-0.008484442208842624,-0.014097532007205406,0.005294590563107752,-0.007744005697533147,-0.014574915946453349,-0.010053696589922188,0.0007189268330110991,-0.00369391802877331,-0.0012019448130202966
2013-05-10,-0.008353387859615539,0.00848444220884261,0.0030814609499382056,0.012878872132771654,0.006033768550948303,-0.0016331901665959112,0.000918075315460094,0.04429557435512483,0.004312343771584845,0.008007976548663458
2013-05-13,0.0038996675688327737,-0.003076757446765978,0.0034816794344748646,0.008024403245482266,-0.009829742428456086,0.014397925285829434,0.01034708439693822,-0.02084842728723746,4.288844886953105e-05,0.0006428631407304282
2013-05-14,-0.024216464914271842,0.027357231900571526,0.023634768860943303,0.0,0.003648270563009428,0.011211765584960114,0.022012181841042092,0.014639570926850323,0.010091066969150287,0.006902994303147611
2013-05-15,-0.034402308896570415,0.00746843578328805,0.024648505017264295,-0.0028248504697066623,0.0005414288758435854,0.016975875269764767,0.00949832818936099,0.017152847123881907,0.005101103490210887,0.002598706574303851
2013-05-16,0.013272974583829037,-0.005970206325410053,-0.014321100860999646,0.05278815766329435,0.006715681958929129,-0.0023515907303405673,0.00677186065841542,-0.004773534421072725,-0.005022331985410747,-0.0018394860652702553
2013-05-17,-0.0030422451895641203,0.005225739905290051,0.016461439950283784,0.014544773691824437,0.01815407067432876,0.025759059985239006,0.022916022565701577,0.016271806813277966,0.010247411986562578,0.009686739603225558
2013-05-20,0.02207386352497374,0.005939090407477057,0.0029115183369353356,-0.012036301479130089,-0.004037891126017639,-0.00019120825338284992,0.006004525289884211,-0.002019284225159764,-0.0007078684047072334,-0.000726202707375542
2013-05-21,-0.007410087385104566,-0.005194623987357057,0.0011620975777432837,0.0025023134298254204,0.005044995582712091,0.013864120839104488,-0.006577914347706538,0.010442777625045087,0.001720904683002348,0.0016261044819327827
2013-05-22,0.0038366030963366067,-0.009719720786047385,-0.012858466786963868,-0.028302120934171695,-0.00798752599023202,0.011439750549124543,-0.006910836697300529,-0.03547385667102868,-0.008308074265778554,-0.0111466270157403
2013-05-23,0.0017887615981993885,-0.0075417494079550625,-0.009257950950510492,0.007257492106366073,-0.004017976527122365,-0.005234839422930122,-0.013380044055694564,0.01584563250622351,-0.0029281151046060853,-0.0011209834792858682
2013-05-24,0.006784390174576984,0.0022686789919523854,-0.00019814090999608808,0.0008502568735596395,-0.002136879954037065,0.005793726440696451,0.003507486962192129,-0.006170666080698541,-0.0005515174989888943,-8.095017013309784e-05
2013-05-28,-0.008369304715302263,0.008274026312709883,0.02482793008428226,0.01518358631172637,0.00996442712607891,0.017366204618508407,0.02164939578071085,-0.000688338048138795,0.006320962109160131,0.008563631052632815
2013-05-29,0.007920109429527401,0.009690645746496062,0.009416583146649758,0.009581651993312295,0.0006731392531113551,0.001281131977111404,-0.004005873711982318,-0.006213091243065958,-0.007072936243165862,-0.006143956592463314
2013-05-30,0.014790520976036142,0.025632981977267707,0.018759493838766607,0.010311535897019448,0.006901665267188008,0.01722798189936127,0.004291317998718147,0.013072095371903321,0.003663625114313425,0.006834527011323835
2013-05-31,-0.004105287273985099,-0.012368597080217014,-0.02432188997347977,-0.010311535897019391,-0.006420892881349798,-0.018692662616228258,-0.0037178846927075427,-0.010996802299368424,-0.014410576921857085,-0.010188390174360845
2013-06-03,0.002199172153366263,-0.008085045442814933,-0.0005774410633746591,0.01072175209785641,0.004461196891300887,-0.0018330797640302744,0.019577859146498962,-0.0013828435250564403,0.005918439859741687,0.002733659360505417
2013-06-04,-0.003133449110023311,-0.014121426636801904,-0.014148496889038886,-0.0008206007480662259,-0.01329712985759703,-0.008293046174403098,-0.01700264257337297,0.001382843525056388,-0.005526048005605536,-0.005820066714179908
2013-06-05,-0.009391654443938418,-0.019667859970872267,-0.023702727822326835,-0.0016436900416414437,-0.016874094567122928,-0.01886628604352028,-0.006020085520200995,-0.02165627371392128,-0.013875554543922225,-0.012788750865623234
2013-06-06,-0.015052799800223502,0.00836814825536455,0.015864009619805934,0.009413034220819074,0.005214956282479195,0.008823894798560186,0.005162595365305588,0.00633547043788471,0.008454454144230643,0.00661344995217952
2013-06-07,0.00761144459702617,0.013544320855695178,0.015035000128443003,-0.0024469743300174155,0.012434790604827328,0.014289540718002104,0.020105307553672323,0.013937959750980134,0.01274991452694569,0.013105701147659585
2013-06-10,-0.006631177545791138,-0.005996887672645199,0.006374839193159948,-0.005322369849160216,-0.006466009678995584,0.0016573715186279632,-0.0056226151391479155,-0.0006924495474785019,-0.0003468736036370341,0.001310688762594932
2013-06-11,-0.00294375991286953,-0.01362653303515367,-0.03887428358005382,-0.01197583260279717,-0.005085904996068766,-0.016134134206493633,-0.01792103366179368,-0.018875114268597417,-0.01020526418482108,-0.010656029162705074
2013-06-12,-0.012440035725413658,-0.004583911547160168,-0.010262486086391706,-0.0033295547021250623,-0.013722486448656727,-0.005812294809978709,0.00458218988403011,-0.008504643338767534,-0.008404776908050976,-0.01068256187404139
2013-06-13,0.008685602921296769,0.01142015627648171,0.017046508189599845,0.01489448548706382,0.01269218340379809,0.018444760492582715,-0.008032664056263942,0.02252011761043819,0.014676069097359318,0.013126555348507502
2013-06-14,-0.013649257136374722,-0.010654710348118206,-0.02150648954458726,-0.01073538781716347,-0.007734408311377569,-0.01938543544129359,-0.00925942114511205,-0.0013923843505291673,-0.005902401062457968,-0.006347466994946203
2013-06-17,0.004524015990335233,0.010654710348118284,0.0028404323526751646,0.025007115646221684,0.004145700430442849,0.013460843268339724,0.017292085201375984,0.009708780970561654,0.007538875562714677,0.008310435429553682
2013-06-18,-0.0005324295612550803,0.004532162799853785,0.013082808253929743,0.004846746161427181,0.008972726360751065,0.004816738477317785,-0.0005719282242362347,-0.006230293757425665,0.0077609634287832945,0.00866711691359569
2013-06-19,-0.02052057412029504,-0.006047212065561686,-0.009644605492549637,-0.005656481837650223,-0.014404880209313523,-0.010403318771957354,-0.01121194609749137,0.030097738105840214,-0.013948301328481997,-0.01125725744293196
2013-06-20,-0.01467027691652843,-0.0230069044359517,-0.033462873964751075,-0.009772488268867148,-0.022991814150844857,-0.020183836946474566,-0.03231783181220025,-0.027324200971520125,-0.02532842439229829,-0.023080315572693334
2013-06-21,-0.00804465280953186,-0.015637719289698867,-0.021738040446607612,0.0016353945066313888,-0.009623322409370512,-0.009957706231274354,-0.006590957517836338,-0.0013859844080326286,0.002666219053525561,-0.0021987553124018407
2013-06-24,-0.026863241625446763,-0.03121476286246741,-0.03098489390370748,-0.017306153151477544,-0.009871231339808682,-0.02021833415641508,0.013435432819195105,-0.02102408888038269,-0.01221936895962692,-0.010928511144512099
2013-06-25,0.00022388565656564032,0.029637098889350948,0.03375499161544718,-0.0020798611218462407,0.007412425000998702,0.022524963224758745,-0.0014840432638613423,0.007057556058120072,0.009452456559302368,0.008136589230319038
2013-06-26,-0.011390187164859879,0.007078768458291606,0.012895372076137938,0.015702550369818154,-0.0006153083873222839,0.008032381639480031,0.019994911563929962,-0.005642144952104016,0.009544789666190033,0.008426467244911199
2013-06-27,-0.010835618091150955,0.01940284017979407,0.013974271533697563,0.009792080914211633,0.0040459664719141595,0.012304909926027986,0.007829282177038462,-0.009236004208395925,0.006180691300296602,0.0075656406310462155
2013-06-28,0.006959460471533227,-0.011596355526057334,-0.0064418257811570834,-0.011844237199463538,-0.02347806065120242,-0.00679682526775466,-0.0023134840834423136,0.002138920419834659,-0.004298788980467904,0.00040848496953359113
2013-07-01,0.03150099979031922,0.005428106160094073,0.00582064233324901,0.007009212146310882,0.0008891877695814383,-0.005698770180504958,-0.005224855212919746,0.0042642553479565965,0.005389199609389811,0.009137582781746468
2013-07-02,0.022400181552878394,-0.002322534284662736,-0.0020752671345870325,-0.0008222173848465568,0.0011490785166927843,0.013153994155002454,-0.01229894262950359,-0.0007093720023304243,-0.0005450566900508968,-0.00031744478051612635
2013-07-03,0.0055043547074828695,-0.005441239727287585,-0.010018502821121617,0.011040667508039202,0.009097068147196371,-0.0005683513210239064,0.002060207680403251,0.0028347453134811513,0.0008237078945754475,0.002986745061008911
2013-07-05,-0.008064202160870202,0.017767595427821352,0.017879661197922662,-0.0008135117270725803,0.008655701759454688,0.022856382246194157,0.005863350007923802,0.0077547945337126025,0.010150045703225963,0.010316342841045949
2013-07-08,-0.0056941358988551235,0.016705286708411135,0.020194532670955175,0.002439237290285377,0.00025636637368545016,0.013064912830131383,0.003502029232483662,-0.004927791490456652,0.00523780521383603,0.0015652016397417717
2013-07-09,0.017435417682022777,0.018650405208447372,0.013837736683043379,0.021289978722674446,-0.01905392455899817,0.003467162285652862,0.0005824128280166775,0.004927791490456649,0.007203661934863007,0.005560089067949434
2013-07-10,-0.003843112646054269,-0.01189624744982949,-0.01161871737133886,0.00988739100367026,0.0049538757589613885,-0.0010938062813013725,0.010137831537085982,0.013254304771412402,0.00018157596462801376,0.004697504148205747
2013-07-11,0.015471857064793605,0.0104167855524628,0.008227261626547487,0.01794133143835178,0.002856791487903417,0.005638514272683335,0.028130398401335157,0.013765113378631646,0.013463212765353812,0.016210962771532014
2013-07-12,-0.0018274398010391857,0.01978812170960065,0.015270048596530066,0.0027023626564191827,-0.0037936293294796655,-0.00308802813536202,-0.000560408489009517,0.0006832850210146435,0.0030817302206288433,0.006068248197122955
2013-07-15,0.0021783869660759085,0.007230908221576049,0.01949037669399944,-0.0003859921849008591,0.009998370187513823,-0.0014566798560199947,0.01391982834157338,-0.0020516074894470692,0.0013739351515561534,0.0020561478139504044
2013-07-16,0.006436151233641662,0.0028777688326109027,0.00038607876236371343,-0.008520338671315755,-0.0007735926986123861,0.0021838348746701154,0.002761174480309663,0.005460959842926075,-0.0037156554177069927,-0.002495144986511486
2013-07-17,0.00025551665116308294,0.02763162787363937,-0.0007721066378497173,0.00038885717532170875,0.0036043111103218808,0.0047152153163213745,-0.014720748902049167,-0.005460959842925995,0.0027702066483981415,0.0031906803790676614
2013-07-18,0.003363970274424191,0.0309625707464052,0.017228343867256392,0.005428400262021798,0.017527456835803566,0.01970707845844061,-0.008429212849364674,-0.00411500650458428,0.0050203417120067255,0.00035451590440700986
2013-07-19,-0.01589829342619689,-0.0006777733665318986,-0.006473418924963913,-0.0015480136077502486,-0.022732083794412713,-0.0037323939601586966,-0.05065529907280218,-0.02153608917702742,0.0016087555796456545,-0.0065760156701600665
2013-07-22,0.00319543694622581,0.011459641117720158,0.012340065646691404,-0.0038803866542715722,0.0028377090050018135,0.007097201764693865,0.0192405925651157,-0.0007024852342880308,0.0020309625424268186,0.003555870512551415
2013-07-23,-0.017319764479011568,0.001339411759541217,-0.0022667810594408015,-0.006240263189167145,0.004574715995996789,0.0019429440421656558,-0.005953348554673946,-0.001406902725429537,-0.0018536538683364202,-0.005883268629330987
2013-07-24,0.050086060904011125,-0.015514666168329184,-0.013134534013968845,0.001173067467068208,0.00832498948974359,-0.000706131449211867,0.004390257512769723,0.0,-0.0038185027297184216,9.221514563906211e-05
2013-07-25,-0.004573399213503787,0.008124650577862508,0.008965097545187897,-0.003523008021649849,0.0030981777739260328,-0.002298210797146951,-0.01799580063100801,0.0035130590974881116,0.002553209985188819,0.0071233680645443375
2013-07-26,0.005662410371725698,-0.006766296473815084,-0.008581630895861359,0.0,0.000658961484510948,-0.00799640904054089,0.007300629758042453,-0.004216667926506193,0.0008279514379092263,0.002208253715484072
2013-07-29,0.015302149100848404,-0.014358834857334283,-0.010977863149509782,-0.006689180521802081,-0.005793483169183616,-0.006443737696272561,-0.002533331300033121,-0.002114794701721057,-0.0037430341753677174,-0.0038878131997849303
2013-07-30,0.012273877384750708,0.0,0.002707301081098019,0.013333694036927532,-0.0010198975886749376,-0.006485335035025452,0.00978090080040514,0.016795416633018704,0.00037374708533409457,0.004803505670545518
2013-07-31,-0.0017441949359148089,0.0054942309892747655,0.00692852994330591,-0.0031215054934757742,-0.004960829284253107,0.007203381160316052,-0.00031416904863366507,0.002079697635578743,-0.0001364185159984208,0.0027337763998634664
2013-08-01,0.009128630986711642,0.023689990636858796,0.013906703579496764,0.011655062759359172,0.003939822970318884,0.014430045896170873,-0.005353811365762794,0.013755380392918147,0.012462588230416578,0.013522290023377757
2013-08-02,0.012750423673361915,-0.007384971900597289,0.0026447827700226143,0.011520893114548987,-0.00332481142844042,-0.000884891273295952,0.0069227888517194545,0.008163123115218421,0.0016391140879470276,0.003760894307345634
2013-08-05,0.014828865677763755,-0.002699121689791568,-0.002455938379589469,0.004571298105735169,0.0017408644041038662,-0.006927628377079057,-0.005976039490870436,0.004731279302370801,-0.0014809308775636419,0.0009102188394353772
2013-08-06,-0.008986855966451684,-0.010869767250742547,-0.026642952647502542,-0.003808194839463984,-0.02333945355282699,-0.010933267331202002,-0.0037923131660651714,-0.014946009907036158,-0.00573947283055402,-0.007387169331099787
2013-08-07,-0.000580688879603442,-0.00754202369251793,0.0003887804019981634,-0.003439313259125154,-0.007818468719240083,-0.003430093043021582,0.015085034399974192,-0.0006846011646894248,-0.0038131256619417632,-0.0032132167460851685
2013-08-08,-0.0019937371922528102,0.005490712390864818,0.005422014225354624,0.005345276997666002,-0.0033467516644731863,-0.008535409791124781,0.025559586790875468,0.006826404304700106,0.0038779210740465357,0.004126685885160544
2013-08-09,-0.01433171304739848,-0.011011569622280483,-0.008923161658848816,-0.008029099976656965,-0.0005855959862332764,-0.005669602180046241,-0.005793742158911562,-0.014388819420376099,-0.0035763480414268737,-0.0024586522808745844
2013-08-12,0.028012347671245587,-0.002772325987248209,-0.008217738655052114,0.011071084704305154,0.0067390100940361375,-0.00791842399436531,0.005185325337150716,-0.008316396620032432,-0.0011535858605248943,0.002684793734814134
2013-08-13,0.046427126985389804,0.0069158659942070945,0.016947880200605996,-0.0007597626011365389,-0.00354957271326983,0.0036907406073204614,-0.012640578911201045,0.003473655588894267,0.002772210007268357,0.003940506063879804
2013-08-14,0.01807634457232199,0.006183211121247431,-0.0034830566388111216,0.002277345143911343,-0.0047347359374554044,-0.002581978514328949,0.0037159830785375506,0.041431908313857936,-0.005190063227858108,-0.004125793232075966
2013-08-15,-0.0011843443320940145,-0.019363900163585614,-0.014250790425662475,-0.05748981530904034,-0.009321356739004858,-0.016009467354955478,-0.017461993906340127,0.006631496658100903,-0.014384564947961866,-0.01736030292794227
2013-08-16,0.008837477974572966,0.006958667910601728,-0.010078253679374243,-0.008615321365339917,-0.0024251716999063597,0.0,0.00031451028344913265,0.003957908131193406,-0.003310067623478068,-0.000926656788626173
2013-08-19,0.010712778306503017,-0.018901686014718495,-0.020466226684432206,0.0,-0.00600675856089744,-0.027779304717892594,-0.012976877000808941,-0.015926328697963982,-0.005917777957153822,-0.0038070648435107692
2013-08-20,-0.013224114987658091,0.009845734256238376,0.011889023120128201,0.0020579268632277344,0.0017891588306895197,0.005579971209192402,0.00730064904057506,0.005029488043905923,0.0038139130983711445,0.0068030493908822045
2013-08-21,0.0025715954738763313,0.003492777031440123,-0.01534115755403846,-0.010332248231347254,0.001624407226988235,-0.009446223337838391,-0.0003168161045910211,-0.004693218256390788,-0.005796369467346862,-0.0038262410746259475
2013-08-22,0.001193387257002716,0.015911553659435723,0.01514094485071388,-0.0024962915624544136,0.0017834221961584968,0.011171336242384939,0.024376150417465447,0.005362017235750246,0.008582441743413965,0.01075369121742674
2013-08-23,-0.00386447910554273,0.0,-0.001603873728672923,-0.006267009168159882,0.0012417768650755652,0.002104449203441678,0.05778392175994012,0.0,0.00393924191021318,0.0052299380840785115
2013-08-26,0.0038844995405553735,-0.005505405506261549,-0.004626548931237867,-0.001258175891341824,-0.003674673806266037,-0.009988627775594254,-0.017416937469955256,0.0020031230591276675,-0.004047839230058562,-6.01394052954493e-05
2013-08-27,-0.02900678547230134,-0.0265754996208978,-0.027802528538203395,-0.01479663345340615,-0.01088486742059703,-0.02343858483933479,-0.02640728538263935,-0.012755977834141266,-0.01600153922918335,-0.021849698602092283
2013-08-28,0.004716795757506587,0.0007084182870586617,0.0014503875587224585,-0.0012781920686164392,-0.0031788180676581568,-0.000395199183197146,-0.0072418610899015875,0.0,0.0027438773089689754,0.004135629625125738
2013-08-29,0.0016281851990945582,0.0035351019592355145,0.003306606691209497,0.0,0.0026313621623940122,0.0023692788662163108,0.01592354348119148,-0.0020292092834358158,0.0019614766490956537,0.007471966621553049
2013-08-30,-0.009153075035290328,-0.0035351019592355644,-0.0028927493884850063,-0.00598826234629928,-0.0020278650425048527,-0.0033582790653760687,-0.004481037351007189,-0.001354752281193949,-0.0031793671926351754,-0.008440886030096654
2013-09-03,0.002787294159452899,0.009164917830863447,0.021290440025021402,0.0072664544149156855,0.009229004067996836,0.011804246394395274,-0.04657723100377387,0.0006772606635887597,0.004155575226959593,0.006314509747903817
2013-09-04,0.02048152470069106,0.005602232008555678,0.0046478436517350735,0.012275167868112336,-0.0045218374909576885,0.014368823373481361,-0.021560671061705772,0.00944054840371064,0.008084187928560308,0.010033597469264598
2013-09-05,-0.006881406051589839,0.003486013968136467,0.005228030463787699,-0.003370608813796599,0.005554132750907709,0.004616654068028084,0.0009612116537746756,0.0026808765369712127,0.0012091315394673384,0.002665636512845582
2013-09-06,0.00593876923505025,-0.0006967088271333895,-0.012918834333327035,-0.005927354922330768,-0.006100350665076355,0.008598214305505324,-0.002564963442982613,-0.004023886500377437,5.442965978223178e-05,0.000336115798858775
2013-09-09,0.015830912036232152,0.008321873984173079,0.01752121069941888,0.01558886533497151,0.010597625517674413,0.005691411422675088,0.016239869755578475,0.01666150653552388,0.009943282138970118,0.012535795807484438
2013-09-10,-0.02304261685507549,0.008937529532048138,0.019767469138765717,0.009983610932501413,0.008719474479753525,0.01520738992421812,0.02279535079102102,0.020929515232916373,0.007318940484802409,0.006143791662472068
2013-09-11,-0.055981885449182665,0.0027345171648992046,-0.007071700728558877,0.00906472817310638,0.021734220314124093,-0.007668478542370755,0.010748468417302572,0.016688252140295318,0.0030476346138184848,-0.0010759307748173103
2013-09-12,0.010591950459367637,-0.011672046696947259,-0.00930741321263126,-0.0036979509011853783,0.00015743623261973682,-0.01933695544060567,-0.0015288266975389117,-0.0006368602930933197,-0.0033861418278017777,-0.0024297991753425546
2013-09-13,-0.01661773719314423,0.0006905144073905057,0.004565317272772958,0.0012339006353304985,0.007521644637971669,0.00667755996577082,0.010347152435594252,0.0063492969401519736,0.002711001653103429,0.0016697599434974425
2013-09-16,-0.032308114717022635,0.0027566251654996617,0.010050452767074468,0.0024640502658548513,0.005086934962817631,0.010403522274444871,-0.0069877641289814735,0.0006328307630528297,0.005677008295820802,-0.0011639293003224106
2013-09-17,0.011486166971758817,0.0013756365139923701,0.003913934618745137,-0.00041000370385004437,-0.0051393369724398175,-0.000941030289538215,0.003955877140982292,0.0031576791335381346,0.00420886959655227,0.00746293187350646
2013-09-18,0.02034852213153554,0.01093666057240295,0.01953446635015758,0.017490644967908295,0.011692852248939394,0.006009456798528262,0.01177354807151314,0.008788408235935597,0.012104121558415792,0.010077978497261235
2013-09-19,0.016265194680210572,-0.00682190712723753,-0.004992325333592662,-0.007690716637089324,-0.005312104147496913,-0.012434292026371745,0.009557602332294558,-0.004384629525326426,-0.0018446541484815583,0.001515905544633987
2013-09-20,-0.010407569557428003,-0.011703941151042825,-0.014346972222242257,-0.00407167674332459,-0.01757920992677364,0.0009470928465593019,-0.025591734798857152,-0.008827197700403955,-0.007243053962847499,-0.003873534606484856
2013-09-23,0.04850401802353378,-0.020994085327981214,-0.032548897519032276,-0.009840225012726815,0.005091757423085518,-0.025706404109716134,-0.0015258543550065004,-0.009544870007170237,-0.004730758941951058,-0.002503957897727815
2013-09-24,-0.003143429505610295,-0.003542644946945505,-0.012382048118998765,-0.0053709804539793056,-0.005355445315295397,-0.0224017687326085,-0.008897426253543214,0.0038284821602222402,-0.002600521497731875,0.00078580881616506
2013-09-25,-0.015598554153535166,0.003542644946945649,0.006108545801100458,0.011942069348823714,-0.0026351595636973178,0.027054912759790824,0.0018471211702483668,0.0012733962117282354,-0.0027432251543777135,-0.0018992089357390662
2013-09-26,0.009692418530762867,-0.004252682470007355,-0.006721298956506794,-0.027388352470213775,0.003950485434402439,0.00366850081849374,0.00796596925786707,-0.0031856020915888507,0.0034793658479979504,0.006976176994735173
2013-09-27,-0.007162740228217651,-0.012866326640863634,-0.0008178358318870597,-0.01868379410272665,-0.017500506245247217,0.006722449694646756,0.015142267652272971,-0.005760288924181107,-0.004082121663443529,-0.001543091415722788
2013-09-30,-0.012505734005310012,-0.00722026201792322,-0.0078032494268011525,0.004277237586585491,-0.009352057708449067,-0.010584118848948517,0.0003005915467049413,-0.0012842737997114325,-0.006047479981190951,-0.002677087162825685
2013-10-01,0.023240633563709992,0.00722026201792326,0.0018534522217840044,-0.0008604698388656763,0.0064587395391270674,0.005209923759498733,0.008974531234084187,-0.0006430833136395787,0.007966724683406784,0.012253989640605626
2013-10-02,0.00327348636651638,0.01144491153151661,0.0022608641798523635,0.0034367277579997455,-0.0076477532337423885,0.00983896059156093,0.010073461918724604,-0.000643087654949281,-0.0006668918703408628,-0.0007755695233512218
2013-10-03,-0.012641753448660208,-0.0042764082091029006,-0.006384084305012507,-0.013382048014077682,-0.00596486618339038,-0.002884126250845003,-0.0017700656143232669,-0.010349523354973989,-0.009019972500552986,-0.010720356041267675
2013-10-04,-0.0007860280416996579,0.003564855121526487,0.015173631181140127,0.0004342942391373568,0.0013042387028311742,0.013957072344965734,0.0005903471747959991,0.013561568676072075,0.007028466704283861,0.00881290724854048
2013-10-07,0.009724083298538667,-0.01722935906259343,-0.019729755968513542,-0.00566357736668519,-0.011417689385814379,-0.01607702772320059,-0.017267362549980684,0.0,-0.008542747536819599,-0.009862702458224815
2013-10-08,-0.014060345569153487,-0.008727113665152792,-0.01064141664383101,-0.010981544211294193,-0.018240832443095007,-0.018695848217780135,-0.008747076475079482,-0.008373664939064654,-0.012408749931083476,-0.020241194688162586
2013-10-09,0.011679150464223895,0.010897198238607972,0.005856474709245765,-0.006203233724501788,0.014442516207196842,-0.0023617898062431794,0.0018160960064835694,-0.01564566086986708,0.0005737417306057981,-0.004625249124953619
2013-10-10,0.00624892260621979,0.027789111292222998,0.027156598656398953,0.02241406106334391,0.018848861236015205,0.03428254717979793,0.020650193978788697,0.011107532825944682,0.021595622882836497,0.022309088353660834
2013-10-11,0.006453014979051445,-0.0028146513062865,-0.0010154193288484617,0.01166528040171265,0.007494735644914576,-0.00019048485142926744,0.010900005212433596,-0.008482697646611788,0.006266595617327234,0.008240926413827673
2013-10-14,0.0065323855000389225,0.011212405570157787,0.00769080386953937,0.0025740474478718137,0.004341464704935083,0.0038017089959850475,0.00933237171144441,0.014959556533929549,0.004066441145288558,0.00615473220779208
2013-10-15,0.0053078451403595905,-0.007694940580261944,-0.015032059680094273,-0.0068783635327520996,-0.012431671859060613,-0.0076174172919694985,0.0011608174758957676,-0.005177994646741825,-0.007088789613758755,-0.0055905543934651825
2013-10-16,0.004861385067241512,0.02222329837684915,0.039724784305133425,-0.007795811267902012,0.011147114107608491,0.03179639368484164,0.004339458149201491,0.012254117907871976,0.013732804307132302,0.01190039045318514
2013-10-17,0.006742404425709495,0.006844582666676331,0.005492208582637836,-0.009611602220383457,-0.057472014218431317,0.003881352109296242,0.008050263361591772,0.0019211858641014741,0.0067213144137370845,0.0061589872991574274
2013-10-18,0.008664033639412726,-0.0020482425985982283,0.0005869152698701186,0.007871050332681994,-0.00602407416726611,0.001659088080539636,0.0011450697069382264,0.011450646924886376,0.00652740546362272,0.013148524391951716
2013-10-21,0.024209453216434924,-0.0075473616237733635,-0.0023490204377816172,-0.0013077092018558272,-0.005308166651500651,-0.0005530178670382387,0.0008575436707120866,0.00252692441921057,9.173220960465485e-05,0.0014730093108166291
2013-10-22,-0.0028624531918558997,0.0,-0.005305022544177874,-0.012286637018867763,0.012132500414051804,-0.012049397967834148,-0.01178652205509677,-0.00506008896149103,0.005721116239627231,0.0024256012537533186
2013-10-23,0.009743526161337368,-0.02158108117535039,-0.01129301618813452,-0.017368148477100276,0.004561863687606508,-0.01635857189893957,-0.023999007233120515,-0.017269300148778574,-0.004735753240036749,-0.005742272564033727
2013-10-24,0.013152445613936197,-0.002818876304212239,-0.0007970898953252909,0.00492954345457373,0.011483173551261616,-0.005131607316303601,-0.0011853815109500497,-0.007122350246376599,0.003252838544355574,0.005586999905959862
2013-10-25,-0.01124955359052139,0.006331312680853037,-0.0017962182772184201,0.0040148368371430085,-0.0053576027331221476,0.005510707030172223,0.05778392175994012,-0.009794170508239079,0.0043852143927746775,0.003658429134083806
2013-10-28,0.007424716204952861,-0.0021064457060540917,0.001796218277218484,0.003999153639946847,0.002823532475276347,-0.0017066268644693897,-0.004488217572108344,-0.001970314359996809,0.0013288165192369688,-0.0008194910614847268
2013-10-29,-0.02522662824692436,-0.005637420322023765,0.0013947741882300248,0.012340419556629609,0.026540176998297305,0.0009483846279411342,-0.0014064512581761712,0.0013137234714582554,0.0055686612140941685,0.003094142863988484
2013-10-30,0.01578439599379046,0.001412553347224606,-0.0065924928535222495,-0.0052701326031284875,-0.010875717496106798,-0.0024686449750191014,0.0005630928515604137,-0.0006567714291670938,-0.0048878496945693045,-0.005510626744839914
2013-10-31,-0.004200440699562761,-0.014214906538596257,-0.022300123265252155,-0.0066273207879445455,-0.005231631794299573,-0.020357602361254275,-0.0036645684718233026,-0.0019727387863445866,-0.003846770567938354,-0.0027795425582403067
2013-11-01,-0.005120505395060863,0.003572845947912901,-0.0008205060714643169,0.00044406837230544135,0.00011134707378479089,0.0186452520140524,0.003383159905521047,0.0045975739656774935,0.0028992144122096126,0.0005942750517613275
2013-11-04,0.012839139035689433,0.0014253798803430416,-0.0022586981967442836,0.00044244990384679854,0.005785864143112676,-0.008990691844968163,0.011473239251336233,-0.02925768758621688,0.0035641993780981683,0.003702952096930192
2013-11-05,-0.002470774851015058,-0.007865247406243232,-0.005154812062060782,0.02146854175152174,-0.013515417254056165,-0.0017307920900711297,0.01928919214969,-0.0013501786878461581,-0.0028095308483402836,0.0008303282920702988
2013-11-06,-0.0028374217388173213,0.0021510583522083926,0.004948583786432609,0.009061613813413237,0.012862826849754346,0.002883161780704983,0.04117162908743486,0.006733847502669626,0.004256468712287575,-0.002009743338213781
2013-11-07,-0.016314895477343373,-0.011527720525774018,-0.005568775089402125,-0.007329051203748453,0.004509891174936983,-0.008675059050654767,-0.01797112198997683,-0.023770130397798572,-0.013270435999594777,-0.019160219066600898
2013-11-08,0.015623985330758778,0.03698858895059405,0.032356316206552715,0.01716060464085583,-5.564622889632739e-05,0.043753102015044475,0.0074392558023838335,0.06711276544628157,0.013338208792264144,0.015919946408687703
2013-11-11,-0.002905503670301148,0.005571106808891855,0.004594616430362849,-0.0025557076334355075,0.015929091480105472,0.002590928377021145,-0.005041607868702382,0.008319826914197134,0.0007226700649729084,0.00014288995137342678
2013-11-12,0.0018481024387839756,-0.005571106808891928,-0.01304037175528196,0.011869775311424116,0.0010382011469470137,-0.0024055617725975073,-0.006137541116765031,0.0019103379012843592,-0.002373205445619954,3.313459634587561e-05
2013-11-13,0.0011915981907256094,0.022100255412894416,0.009446445364359674,0.011313744611389811,0.0026183665660062094,0.0031446097584273244,0.021187355812989687,0.026986324827647127,0.008062752720499361,0.011580918538673837
2013-11-14,0.014359945285871208,0.010869793407574366,0.004391157897580508,-0.05748981530904034,-0.0073269138083682005,0.004791180328072996,-0.003676006391600539,0.0043248719720111834,0.004825596820450657,0.0018038864619345416
2013-11-15,-0.006020375645148774,0.008075708363521283,0.0037766790929346333,0.007923506815677418,0.005364299391556864,0.008602423616952196,-0.004745033745420152,-0.0030874868483246718,0.004213146273881077,0.0033246575688725163
2013-11-18,-0.012188482005058444,0.0,0.0077089043854598775,-0.011674159686352015,0.006962558036572735,0.015731280486945744,-0.017058355522890093,-0.024414512140687173,-0.0037050524235046974,-0.009300562605844474
2013-11-19,0.0017721690381940092,0.018592588797912372,0.0074533724413436125,0.006087459343198229,0.0042194649369170474,0.007328800822610654,-0.004887151204550676,-0.01638017524401182,-0.0020450552776006604,-0.00444636288392336
2013-11-20,-0.008795996482565755,-0.0039554460071988574,-0.007847611539767207,-0.00890977540398563,-0.00032410582709502516,-0.000890878880715377,0.009211636299418183,-0.015008550384484799,-0.003642235996161311,-0.002618176675314936
2013-11-21,0.011851572339390238,0.029289535500897374,0.018732102446520925,0.011241068947069893,-0.005740015618392018,0.01976736021718474,0.008592712162732656,0.007858185972726127,0.0080957054207559,0.012138877361286857
2013-11-22,-0.0025739113725197524,0.0032024108322921195,0.013059810966765058,-0.00046578510284959535,-0.015489213831076109,0.004185744916798066,0.004535390116896863,-0.009832585900365988,0.0049491905000291735,0.005650191523386847
2013-11-25,0.007550802233810025,0.010810926206903534,0.016651032219215687,-0.008893029974400977,-0.013102752052560403,0.0033011760479495045,0.0018614177382640508,0.021506423445946558,-0.0012641407872397545,0.0007313012054463008
2013-11-26,0.018276522657960613,0.0044175728210555645,-0.00526808665394094,-0.0028249084237431535,-0.00915064820008959,-0.008360947386198673,-0.007734459279065964,0.008346601017549768,0.00014979323550383503,0.0057860884519218905
2013-11-27,0.023274420445574637,-0.0031537812593163883,0.0007541456768367906,0.002824908423743141,0.009318703208542604,0.005407523707238709,0.006671172441919067,0.003829023529415857,0.002481998677460743,0.0066976994562667385
2013-11-29,0.018348365191157442,-0.000631967052271769,-0.0024533247931450364,-0.0009406184089154687,0.003959086401410586,-0.004533497285787515,0.013997875350316942,-0.006389983639485688,-0.0007859984571164318,0.003736109287927968
2013-12-02,-0.008742308009085518,-0.00570512515130567,-0.0056850046261131965,-0.007558292821455616,-0.012319781321045793,-0.004203058752310362,0.008357193545788903,0.009569447152256893,-0.002722723534716429,-0.0036100254473182933
2013-12-03,0.027007039372954813,-0.012152420422424984,-0.009355539267232923,0.008028614168448082,-0.007919252050755585,-0.0021084535179032335,-0.003648144629085604,-0.0006350362456996826,-0.0031979559918936147,-0.0019944574559032442
2013-12-04,-0.0023334320676615086,0.006418631345754514,-0.0017277876222612956,-0.00047032134699256684,-0.001932711762166979,0.005787095004653462,0.01631095383804809,0.013880305295187967,-0.0013043434697867973,0.0001981496026304664
2013-12-05,0.005119113954741203,-0.012878489881296322,-0.019011360834295703,-0.016129788205614573,0.001932711762166965,-0.024247042762379593,-0.024435484983219305,-0.016424732562259486,-0.004349015813080098,-0.0011968720144277607
2013-12-06,-0.01397267111385624,0.008390320183981346,0.008386033411447112,0.017540548174625577,0.008989393067533281,0.004290786839661032,0.009428985484506651,-0.014758158986872586,0.011175194876875877,0.00725082765211138
2013-12-09,0.011381259790371766,0.0012841216893430347,0.011969508451113517,-0.0028236445116529073,-0.0011826485500937046,0.007994782875457778,0.009082651003890396,-0.01694948907839972,0.0018154512479509814,0.0015323514464131226
2013-12-10,-0.0015550044201775946,-0.0012841216893428912,-0.007125795965482672,-0.0004714054721855927,-0.0019177417214558822,0.0033565803437126196,-0.015621339095261474,0.022750373007277076,-0.0031847248956570497,-0.0020321733933752347
2013-12-11,-0.00743620926639697,-0.020124422189606767,-0.02010826111573136,-0.01568117306187796,-0.010898886547692816,-0.011173034743343604,-0.013206870238811412,-0.009687028740335396,-0.011381397674606988,-0.014057231167255253
2013-12-12,-0.001461895356780206,0.0,0.003936095750323552,-0.017879261441890316,-0.01050040260047822,0.004271127151496234,-0.010423618632921183,-0.019659949862045792,-0.0037776883791563434,-0.001352165739393364
2013-12-13,-0.010959920896617422,-0.004600747156381859,0.001177885047173823,-0.013251508701440132,-0.003293253309033349,-0.0024894944913151943,-0.014342460500088099,-0.0059739091936996565,-0.00010141528650587885,0.0006450695559566053
2013-12-16,0.005521828610842317,0.0039449182590979865,-0.0013739612457787723,0.02150616121483549,0.028805319900464667,0.004441140160172489,0.005436390531827071,0.0013304919804966505,0.006300152129396221,0.007107940781439593
2013-12-17,-0.004511835210888158,-0.003944918259097913,-0.004134574494476739,0.011538517822854595,-0.011821032206288475,-0.01248498886503056,-0.010079994168867536,0.004643417213203182,-0.0031058059363714124,-0.0014503772288777619
2013-12-18,-0.007632929901675879,0.033044975432484504,0.02474526826700426,0.0038171293683941744,0.016588978893498394,0.026914329569093995,0.0016412745832564194,0.013802764350554188,0.01651090600917418,0.011460865973632646
2013-12-19,-0.01152321088312572,0.0038165447793391915,-0.001540337946407187,0.0033275477015189295,0.00847016103873708,-0.0001750551609606742,-0.00906240840844384,0.003908352796175276,-0.0005800974283937316,-0.0029330416654934927
2013-12-20,0.008340434542790971,-0.009569440556670443,0.006340244824465107,0.002843916204390186,-0.0011104102014046395,0.008179144195558074,0.015059083475946458,0.01995559327793381,0.004807155440690711,0.011417746512316295
2013-12-23,0.03765938204346859,0.005752895777331212,0.0038238209172858665,0.02060945138314467,0.012201682132946503,0.00931519190913356,-0.004903692387552722,0.005720180735934474,0.0053040288862060605,0.010700754725410605
2013-12-24,-0.004253947911440836,0.0006371811298397529,0.0003818062364940486,0.005547636002723285,0.005418096358936264,0.00017128842297586114,0.012483372049923653,0.002531463976140007,0.002911504304306033,0.0015702721015068122
2013-12-26,-0.006663179696127359,-0.0031902862065617604,-0.00152760592125134,0.005059083194858447,0.011558336874243458,-0.0008582907065514024,0.009661682174746774,-0.009526820954183085,0.004734304621132077,0.002826102803341306
2013-12-27,-0.00677936963578513,0.0012775235226618168,-0.0017205209949766698,0.010041010923368983,-0.001457774522991025,-0.0010318928065702212,-0.004014094314262255,0.005727137493129395,-0.0003366410106074713,-0.0025446012373630217
2013-12-30,-0.009995397792884534,-0.008331021047109463,-0.00652717979758731,0.010391207695453384,0.007159976705216925,-0.003272942261970587,0.0,0.01323659992813525,-0.00017926996201467877,-0.0005750713210475075
2013-12-31,0.011654500552471954,0.0019288276886829671,0.003653116438945259,0.008057098762845997,0.006204003553074612,0.009103969046783997,0.003212921455593139,0.0031259519536641777,0.003951856349111548,0.0053751690392209615
2014-01-02,-0.014163720664561189,0.03347322809970984,0.0030655326732484077,-0.011749215932530272,-0.010935676286962152,0.0018916525344989097,-0.0067053527593866746,-0.010037796576421633,-0.008901413016629188,-0.00805807022090552
2014-01-03,-0.022210626149144666,0.019071721905579365,0.02138804783608521,-0.0009096798205052025,0.005965327907742767,0.007700825807945157,-0.006750242841978388,-0.012051892798507137,-0.00033302052016060914,-0.002697208877985917
2014-01-06,0.005438227200826614,0.015119836380463955,0.007648729397513083,0.0013639893861925622,-0.00343541201881486,0.005779420977052451,-0.021359009249117763,0.013312360587472859,-0.0025149272537594355,-0.004421759858861135
2014-01-07,-0.007177551343301587,-0.009650129667780137,0.0068526132711135695,0.013538348588372962,0.019750417932899243,-0.011592437920223098,0.007719951765660846,0.016240063207078194,0.006063345375391041,0.009556300439150518
2014-01-08,0.006313210720269753,0.004836373271954481,0.011560341346721369,-0.0008968475684650533,-0.00921445524946253,0.009386852614901055,-0.018013328148878096,0.013538937074646325,-0.0002122315034510835,0.0029883424612446746
2014-01-09,-0.012852648569851598,0.014965819200738851,0.007090185038690137,-0.009013119222055934,-0.0031435529821880327,-0.0018706047525995355,-0.006452658622201551,-0.037999177878604184,0.0003482485435141758,-0.002263915527751943
2014-01-10,-0.006694376554163169,-0.003571414286911681,-0.008733327036190308,0.005867429459273145,-0.0006406654092505112,-0.0046052894302624214,0.014251982241335419,-0.0012706369610374886,0.002304030490455301,0.004436519418967668
2014-01-13,0.005221095658512979,-0.020482613317551468,-0.018443708285072864,-0.0013505281194927377,-0.016693458525787002,-0.013598770861174718,-0.029852970915857674,-0.023803023351827872,-0.012655966458794009,-0.014809715983203646
2014-01-14,0.01970321374820061,0.020482613317551426,0.004272198170872815,0.009865463174397099,0.00951173803054817,0.0006931241067643474,0.022611979987449474,0.030771391459797803,0.010759876119934082,0.016807899809859837
2014-01-15,0.019878071424664127,0.02240691353979427,0.019093705774356904,0.016375545883513577,0.009741714149681942,0.029857869278483846,0.027021700692356265,0.010675603275434141,0.005152889134682223,0.007587615119098775
2014-01-16,-0.005595575128654797,-0.004090070645021208,-0.04443589508498353,0.0,0.005418349601808058,-0.00844001013753798,0.0035298033902780392,0.003117759360431542,-0.0013480284864258142,0.0009035459318823025
2014-01-17,-0.02480664886410399,-0.004106939992498856,-0.006292890429106411,-0.0017573823858164249,0.007021357903224535,-0.015030226255815642,-0.013920672207003569,-0.004367510761522888,-0.0039027803200150837,-0.005016452062735188
2014-01-21,0.015416341210935953,0.0,-0.008067752890324806,0.003949912681357233,-0.00877117335310998,0.001031811674122628,-0.005789647187149208,0.0037451303722587778,0.0027699122428176707,0.0066908834622568455
2014-01-22,0.00443415322305806,0.008197010637520126,0.000963945242038403,0.0004381601866671976,-0.03334722920944728,-0.010020773491064823,-0.006657201984524793,-0.0012471874993193956,0.0005747000497681626,0.004071495394408613
2014-01-23,0.008431773885906551,-0.017054382415010314,-0.022998767137505316,-0.012335382365105745,0.002630060120950609,-0.019639484271294513,0.003611772861965364,-0.0037499714635430494,-0.00892932476457093,-0.005700904018358979
2014-01-24,-0.018344826930009772,-0.024618382305331768,-0.02778756587083354,-0.016086395897406108,-0.017054598606011103,-0.02474097430611664,0.020584737535831947,-0.026008293001438098,-0.02109642142734084,-0.02173547162483761
2014-01-27,0.008080178999986497,-0.008547014921170671,-0.01059770849121759,-0.00904951398092649,-0.009733288849685611,0.0,-0.021417160168086518,-0.006447581462194942,-0.004888221853339347,-0.010852763141982153
2014-01-28,-0.05763947971348608,0.025424817391172652,0.01605604885916509,-0.01142846067764601,-0.0059196662402804115,0.011729606700291067,0.006639040833063355,0.009655687486664736,0.006121875622432071,0.00350785194292396
2014-01-29,-0.011417331623579169,-0.0029929194119067935,-0.031124622696963655,-0.004608552914906487,-0.0025477877338455236,-0.0037746132595488403,0.010695119795804089,-0.0096556874866648,-0.01026170390849596,-0.011419391032973476
2014-01-30,-0.0019389137896014227,0.014876685068965055,0.004773439239286226,0.015127333772047304,0.005427553336065013,0.008428447286084243,0.005441013112848286,0.01667783915609417,0.011204044372218206,0.017542666899754263
2014-01-31,0.0016389848197611776,-0.010688517033202817,-0.018176737827079997,-0.003189685060671475,-0.0038419280333370355,-0.011494238025117749,0.026239815947321714,-0.0012729826359039107,-0.006486290214250376,-0.004679716125112115
2014-02-03,0.0018561457441681872,-0.02417074812471193,-0.023249377318976645,-0.016567153190198337,-0.021626483923539126,-0.019149355906437418,-0.036602726316424326,-0.013465935504686626,-0.023096604704486576,-0.026398776719172522
2014-02-04,0.01437237441652924,0.0,0.00945002434983542,0.011534425471032813,-0.00034703336369079965,0.011715265806770202,-0.003570052490912296,0.005793170651835474,0.007612043683081426,0.008609418507497175
2014-02-05,0.00744036138164688,0.0030536081760403917,0.005967665639011627,0.008222412779837023,0.00806725628199628,0.00472048807692539,-0.014687749905297873,-0.009026332827936242,-0.0020302824086565886,-0.004965768436620877
2014-02-06,0.005812294553405509,0.01752834615248074,0.024972704165887805,0.022937975276288554,0.00793196948992338,0.02274238102258777,0.010000357228399507,0.012870074151371695,0.012363054453375717,0.011295678706260028
2014-02-07,0.01389246696952796,0.007758766650668695,0.022339239550381026,0.007972191096386161,0.01466304488592373,0.0024755666538379753,0.01044788319178875,0.014598828745149886,0.013214193504296921,0.01680105859058639
2014-02-10,0.01775677249722254,-0.005962869610307863,-0.000405533113978465,0.0070326455046018045,-0.0006208126401001631,0.0021176200639608355,0.006543425234266943,0.0031455380599136095,0.0015680048032540356,0.0053928045322750055
2014-02-11,0.013090138279758412,0.009523540876680177,0.006870232638506458,-0.0052703298295310565,0.014347961675529644,0.012087219967067136,0.01000349293524107,0.020516781203591402,0.011001375944254965,0.01028399829594811
2014-02-12,-7.473074652635428e-05,-0.007730644120850196,0.006022836332308122,0.006145791645444636,0.0030009255797547665,0.0015660851328993424,0.00803944803464248,0.03506986592381035,-0.00026929864772088686,0.00244037768911846
2014-02-13,0.01575508289260491,0.0,-0.002003688114823933,-0.025710435913183626,0.008837631479319062,0.008826871388165564,0.0037287921494072044,0.031005799246515992,0.005793211978776681,0.009329626919834456
2014-02-14,-0.0008092085238201684,-0.0029897785909133935,-0.006842476551811544,0.01293775191883156,0.010122471517983324,0.0020659469395391743,0.0002657496345315708,0.031190377253714284,0.004797689385548304,0.0007896806727123012
2014-02-18,0.0036699985771544933,-0.013868509193161712,-0.0028311124550289765,-0.0066708540006159105,-0.0027252425768678136,0.005830142416608973,0.0021405470431960696,-0.0005583569379129225,0.0011578033925587676,0.0067536811010766515
2014-02-19,-0.015913807038028933,-0.016529331672143325,-0.02439442556690194,-0.00581803303834062,-0.0013113164781057927,-0.021253627767954066,0.002401986757141574,0.013318754450603142,-0.0065458617731959995,-0.00818491113398958
2014-02-20,-0.011642286818139789,0.006154060219121443,-0.0012449734896371031,0.0008971257725196643,0.00713487619227693,0.005572872962270309,0.006378265733115921,0.034672996692554026,0.006013341826934013,0.006960138467429497
2014-02-21,-0.011170278249457391,-0.0006136444570266951,0.0026970235536507726,-0.007652097504540135,-0.008009782596376625,0.0005211549775230812,0.006074044383740745,-0.007482598205362813,-0.0019205666731810659,-0.0009705001034754899
2014-02-24,0.0043693158745324754,0.01462570954438193,0.014808929884544984,-0.0004522835325220237,0.0036042163249415744,0.007263510472012619,-0.007664664087257211,0.014381147210721514,0.006167455552331448,0.006909504934209413
2014-02-25,-0.010461034387338773,-0.011561021256101062,-0.011912316183787526,-0.012738960764245754,-0.0011999389873148785,-0.017382554687676726,-0.003988081029495598,-0.004525442706745659,-0.0013485906767746498,-0.0012540840602860163
2014-02-26,-0.009063124154986639,-0.0006122916480955895,-0.0016544557406969044,0.0041122235845950685,0.004519444521285085,-0.004921456679779925,-0.0018659334968640104,-0.0016023906507830585,2.1699742124629578e-05,0.0010420507361343007
2014-02-27,0.019751658216275825,0.00975010556885362,0.00762813902998287,-0.0004558408740174995,0.0065522996280619195,-0.0010580163341062296,0.01035397326277013,-0.011287234838727194,0.004935881408416543,0.006240909272837185
2014-02-28,-0.0027135179080165638,0.00242320733534298,-0.001232712834006342,-0.005489282121507859,-0.0005395715469536886,0.0022907694175213693,0.011816055648295454,-0.006507690609134127,0.0027788242813380905,-0.002506085831038629
2014-03-03,0.0028841087049755938,-0.014012065087355237,-0.021197557220755635,-0.010606474554302529,-0.004926667343643274,-0.010793747950601028,-0.013931275261860807,-0.0049088151089613005,-0.007405866200454787,-0.0071797175152795096
2014-03-04,0.0065717687102557504,0.02603831061324157,0.025301764233026,0.011523153801637095,0.011761422107134226,0.018507467822836687,0.016537840790798345,0.010334804610536237,0.015152322676141788,0.017306741768880283
2014-03-05,0.0021064484757108318,0.031206555114817073,0.012010291815429421,0.002288946682408967,0.0037481130501847123,0.015595743072968755,-0.00784076951364234,0.008620752408838115,-5.335274966455346e-05,0.0013777363915436903
2014-03-06,-0.0030287533296653978,0.005780483466200882,0.005851061803188646,-0.0022889466824088955,0.0026678664275402186,0.012643157504884647,0.00104877050479186,-0.014046741910412984,0.0017169334968570882,-0.0013410484015212794
2014-03-07,-0.0005843627222387602,-0.0011529891125489457,-0.0018122253800612724,-0.004132996643889286,0.00021329953884686458,0.008453120139888115,-0.0065747482799669394,-0.0010887672845155674,0.0005379445771157059,-0.003662303100644703
2014-03-10,0.0009043882716380746,0.008045665695992285,-0.001008154762615825,-0.0018427606903021361,-0.006897649349287781,-0.003372660412989439,-0.002112863825008863,-0.014815434077576002,-0.0004633536412194934,-0.00040827743925405877
2014-03-11,0.009690884931259889,-0.011514401310209461,-0.023265980834937933,-0.00369503516559183,0.001983415410711423,-0.017208385448141267,0.005274294965420996,0.009901741145289779,-0.005095096975215844,-0.006309067236755255
2014-03-12,0.0009692728501272285,0.0005792655115141667,-0.009335843880412755,0.009670792499783254,-0.0028955197722728317,-0.004650688735862077,0.006553883681181906,0.0027325268704794584,0.0003051243232100062,0.0037402509925766885
2014-03-13,-0.011168624067338664,-0.006969154856628237,-0.013639760897847722,-0.013844036310449361,-0.012536494655696782,-0.008669599077116312,-0.009979133426242561,-0.032171318543592384,-0.011770091695883623,-0.014658228087130378
2014-03-14,-0.011295122612578316,-0.02120181310912806,-0.009553421751415292,-0.007931199009622115,-0.009232390614970356,-0.010856706488848084,-0.00502691735653829,0.004499804311303572,-0.002825766417445165,-0.00353170780798547
2014-03-17,0.0038991472498417293,0.01828367411501855,0.017969006012486792,0.007466285294619392,0.019564452625613498,0.013638892407485866,0.009240950629262485,0.0,0.009567717695038962,0.008105352091402817
2014-03-18,0.008808473714904851,0.004665270940209914,0.008553744722889866,0.005563597247613566,0.005367791058922872,0.008301962400950496,0.038664383435569175,0.023295272071755944,0.0071936822454731885,0.01239032476848213
2014-03-19,-0.0002633658621721959,0.014438403348539066,0.016481331841048226,0.0,-0.011304973248420929,0.004125050662313518,-0.007104727077363879,0.0173917629611043,-0.006150525096734505,-0.0059507705419774145
2014-03-20,-0.00483090019568305,0.027151013485428584,0.025818319175157135,0.009203536073572643,0.017122665305509203,0.030574028036305913,0.02663508075099389,0.0005387334505146277,0.0060223340875217475,0.0027101187973779506
2014-03-21,0.007856519768816989,-0.020293645995911862,-0.002791285473036175,-0.0087417771183882,-0.0065671523164580635,0.0009978497721232695,-0.004224289188402223,-0.001616935899826555,-0.002936980116608755,-0.009888308604049427
2014-03-24,0.01179053079853562,-0.010879345811319115,-0.0005995243374353977,-0.0032395599789830577,0.008428195702079158,0.014846708536748401,0.008430016522659808,-0.004865939331002815,-0.004876580959363224,-0.011854504202488366
2014-03-25,0.010699568839820194,-0.009253695547875605,0.004982721121571459,0.0350749283445043,0.03543375242050903,-0.0022951448923073238,-0.003957981732719264,0.0,0.0043942708488222335,0.0018627116431517215
2014-03-26,-0.009606179287184753,-0.0017450999122984026,-0.0027873552779704236,-0.0008957047857950418,-0.012485013174989833,-0.017049043319075877,-0.013727544748934895,-0.02302739009266766,-0.007024936954876045,-0.014436745369830311
2014-03-27,-0.004307139009201118,-0.009944490520080913,-0.05554116521834717,-0.013531866238495492,-0.014591053253430415,0.00033362869360823767,-0.010866321961469397,-0.013400407307110068,-0.0019018913439770551,-0.005369528241110224
2014-03-28,-0.0011169332823695432,-0.0017649169621099835,-0.004223713092097188,0.013979973958582668,0.003261314342205366,0.0020009356600543273,0.023601605876325555,0.006163846912480953,0.004629489243409657,0.0010905961710997655
2014-03-31,-0.00022360489746825737,0.012873240541279907,0.007379478228622106,0.004022291296794931,0.010654374470735159,0.011097208200869048,0.016976883144166226,0.0005588029376292779,0.007892871384796676,0.010348808659377247
2014-04-01,0.009106244046697399,0.008106585318606934,0.004192724025018808,0.038389831794950556,0.010387951496690643,-0.0006592046521782478,0.010435239091543856,0.04048679809021035,0.007014688044213445,0.016310638622340935
2014-04-02,0.0016601892311923572,-0.006364081321318147,0.009163350632554862,-0.004773392515848904,-0.004896236169706075,0.0031466522144292597,-0.0016906631682084353,-0.006455384701827012,0.0028492638318384613,0.0019708407982673972
2014-04-03,-0.006954088016943806,-0.0046539884717562785,-0.011676288787523541,0.004340447524193855,-0.004453058456802019,0.0029719057754498597,-0.008256785897035794,0.010735692335084897,-0.0011270852130106552,-0.00909539183992494
2014-04-04,-0.013021160461417828,-0.025392534606422542,-0.012027250033030713,-0.016594482885587597,-0.004785884443593671,-0.01411169183239815,-0.028191826875146674,-0.03145602647071299,-0.012616542925313997,-0.02630254924581612
2014-04-07,-0.015825133690224882,-0.02054426191694365,-0.011958156815700935,0.00614590791930988,0.014238006132456444,-0.013635250738138954,-0.0017572532048240497,0.0033005099733315816,-0.010808312332149784,-0.011691902302763917
2014-04-08,-5.7326368390286666e-05,0.003656341995982736,0.0010735254781941734,0.003931207432101349,-0.006343281078184394,-0.002545904475431651,0.0005021408449926613,0.03507230171800194,0.0037435379801772804,0.00811460288517311
2014-04-09,0.013057931035964185,0.010889270080807497,0.011945622151116742,0.00781611570916612,0.017182826908520084,0.007111588350233218,0.01619191207022452,-0.001061042670134017,0.010859039341965573,0.01709348764834262
2014-04-10,-0.012981652591057559,-0.030545786027106565,-0.019916800506151147,-0.020538738051878384,-0.0048937944587619945,-0.03205902093884131,-0.027811251882037945,-0.024719146398221613,-0.02110596773738724,-0.03151259470858064
2014-04-11,-0.00742022251743731,-0.021951791084164996,-0.011968573729925259,-0.008423554972200075,-0.002507273934529869,-0.03727150954739609,-0.0038183162928625888,-0.014246728229774184,-0.009532059739897396,-0.013504353895321015
2014-04-14,0.003976049696679087,0.014479714221590166,0.04264155659427814,0.017214969882810946,0.013131548858854003,-0.0061670013140705734,-0.000765205334972643,0.01097679488345173,0.008183708150740607,0.005723964551585443
2014-04-15,-0.00715703171143357,0.024082532981333386,0.013336375471962269,0.0017490582079680332,-0.003799793629172168,-0.002915714474334734,0.014443745309184278,0.007071379020256693,0.006734579517703411,0.0028472613144060015
2014-04-16,0.002025184979687781,-0.01599063713732437,-0.0026944435966212432,0.006097724273529205,-0.0031515940790040214,0.008359061981277496,0.01622007716668369,0.0021654724895468313,0.010433867948766148,0.012824699976881742
2014-04-17,0.011361108101090762,0.00123901673049645,0.0008297587802489616,0.00778563039850763,-0.033076748242076764,-0.0007239874946232003,-0.009701151879417006,0.0037786692907679905,0.0013629237070939353,0.002270918337751235
2014-04-21,0.011798232861652573,-0.0037219692578023588,-0.007911673586029514,0.008152816740784325,0.011823642296505805,-0.0034467137698656106,-0.001750411346284667,0.008049337993612396,0.003768015655572547,0.006335560675813753
2014-04-22,0.0009973663098511124,0.012353492452947201,0.00375554635456447,0.005114753381775401,-0.000624480451560698,0.014074740468074753,0.0012511140135239563,0.008515496632847569,0.004083788996127826,0.009636706037349837
2014-04-23,-0.013157549112481445,0.004899085491511655,0.007882026285277238,-0.0008507221517723967,-0.0021878760118232273,0.004291279355945429,-0.007530849100263627,0.011591058290492829,-0.0022157668625220617,-0.008322431252625636
2014-04-24,0.060423278532773524,-0.0018341303981924645,-0.0014473116021245876,-0.007260332261668268,-0.007906847192683995,0.0024943630364368747,0.004274783155115622,0.008865729903993135,0.001715488275330875,0.005164682955914542
2014-04-25,0.007317433987784395,-0.024157425008882367,-0.012073499134128262,-0.014245495708019994,-0.0031064934305287733,-0.008758618574854316,0.001252934250060428,-0.027903806427460053,-0.008129344743501644,-0.01770004161474825
2014-04-28,0.0379974133818324,-0.06474727807222935,-0.009468884064810452,0.0008689095094524645,0.018340242167982048,-0.003777400123100912,0.023769685142203373,-0.004280307633257836,0.003230811162502344,-0.00028470232084496324
2014-04-29,-0.0029669914783477538,0.019212045741139674,0.01801873803633503,0.006063392916113825,0.010148307057074998,0.010933046711343675,-0.008847171749230538,0.002142477655180958,0.004749460504633521,0.007126552715623989
2014-04-30,-0.0037889285852773158,-0.006583438686758897,-0.0052049233579535645,-0.0021611012241224145,0.006946092065662067,-0.0021415199389250433,-0.00271893248570751,-0.011840942242825671,0.00298754980270127,0.002681891436088665
2014-05-01,0.002352859822283197,-0.003307800979813628,-0.0029268249188585714,-0.004336502886893098,-0.015076949689506503,-0.004655422764676769,-0.00995002450604202,0.005399689277931122,-0.00014327174433229932,0.003127913417052071
2014-05-02,0.0018573932019608182,0.010546917292110361,-0.0006281998866301789,-0.003046923763553451,-0.010858039283023214,-0.002515241071193578,-0.007781273806399298,-0.00756757761483528,-0.0013493550298709083,-0.0008605363112268729
2014-05-05,0.014042819089051023,-0.011210035811322698,-0.011589905623787611,0.0008715400966943616,-0.0009406586234564158,-0.024773392401025416,-0.00657200579209305,0.010793356486095172,0.0018694675823397822,0.0034277992587405976
2014-05-06,-0.010959102499753917,-0.023483294861144224,-0.0175331802854129,-0.010508225868008057,-0.006451750584774171,-0.016364102898699207,-0.009427795351451045,-0.020608231042855904,-0.009029031461991046,-0.013943845164261384
2014-05-07,-0.0035050410282637906,0.00474119831876209,0.007306874148965297,0.006580690038956558,0.0019565922387299625,0.013223304373731214,0.009174680111335546,0.0010956710500304961,0.005600754871033284,-0.003212913226469799
2014-05-08,-0.0017844295601874482,0.0087454639354583,0.00937787735208611,0.006537130690812338,-0.002062259645874021,0.0057191443197341695,0.005564890449535359,0.012510150825936036,-0.0013745692327864058,-0.003983151826908884
2014-05-09,-0.004175261769847972,-0.012807626644581191,-0.0031867128740039803,0.0,0.006174540017998532,-0.006459442723943607,-0.0025256994583937515,-0.024625160892765053,0.0015183231948788392,0.005015199255916785
2014-05-12,0.012372768784951022,0.022140944183692106,0.005940712307262282,0.007357507530399281,0.013014394725293811,0.011780085313666026,0.010816200243382647,0.028940166740045476,0.009626256172315509,0.017525305435062134
2014-05-13,0.0015678376684542376,-0.0026580757772938484,0.0031685222841560923,-0.014332058223684494,-0.0019751345470004522,-0.0005492198095188175,0.018225692959564672,-0.016278425882443763,0.0004216687882830338,-0.003309138171905144
2014-05-14,0.0001853215017985562,-0.012721708200022976,-0.006346786553750351,-0.002189794076772365,-0.018220390158153004,-0.004771422780203606,-0.004463500566740962,-0.009895327489456915,-0.004712089565017091,-0.0071779575730590815
2014-05-15,-0.008540057407225072,-0.019735372925888613,-0.0128149330284702,0.05278815766329435,-0.012047968147125316,-0.015760105532937243,-0.016032501222366016,-0.005540361000798519,-0.009405904183934792,-0.00767204520293889
2014-05-16,0.014650544843716045,-0.0027529507045580344,-0.0017215714157885046,0.007827150283738364,0.0032128509997971315,-0.0037445625461603876,0.005791509367913019,-0.002224417021996061,0.0037399628190006033,0.005220688754122963
2014-05-19,0.01177954823519453,0.010966787145277962,0.007081144625941896,-0.000821037406478405,-0.0003208970434013484,0.009706986096570698,-0.0020103670936498456,0.0317832199432177,0.003837414189704193,0.008573142932107612
2014-05-20,0.00019841797486186113,-0.009589280278506723,-0.004715261418809692,-0.009490189548384055,-0.01134760487815195,-0.0020453280841641825,-0.0017624787175149464,-0.011718265460114728,-0.006519604608543308,-0.007034195686143677
2014-05-21,0.002642554464760016,0.005490627999695382,0.00642403284220139,0.01481475426583905,0.008079963516718768,0.007418022132537505,0.01674364836453678,0.0,0.008083340547746922,0.008422045618799218
2014-05-22,0.0015817460210068813,0.006821700890005445,0.006170853231260866,-0.004093204937400518,-0.0038160441172558806,0.00791410896283057,-0.006214845057885107,0.0043762148397547655,0.0023594441947138818,0.005503305033027942
2014-05-23,0.01123330281270957,0.0006795428208476588,0.0031771371248093434,0.005725672796303718,0.0013992433956263193,-0.0003670734663727349,0.0004989790438712351,0.009236826126696516,0.004239392917884754,0.0075467142850167285
2014-05-27,0.018552756031291116,0.03340287195985555,0.005903355126182052,0.007718702522924777,-0.006258367327737421,0.011124555066367232,0.0017428263321579251,0.017690114098725732,0.0059699502115288725,0.012171703546225182
2014-05-28,-0.0025930511363077956,-0.0052699083625732486,-0.005269421543924128,0.004442142530168734,-0.009242201259073607,0.005606406014741981,-0.0044891027989417,0.008465681006959084,-0.0011146927500584232,-0.0028337371129841943
2014-05-29,0.01805677244677489,0.0006605721456965086,-0.000845261145307659,-0.005656825698461103,0.003707263627719717,0.00485727903403923,0.008214613817429524,-0.0015820022684401224,0.005352758657361124,0.005398345571715016
2014-05-30,-0.0037526004101806915,-0.0006605721456964843,0.006114682689231777,-0.002433690140546194,0.003259348373734303,-0.0026954069462876967,0.014764114735399047,0.002635017677266673,0.0018419804431013698,-0.001255529046694768
2014-06-02,-0.006895921909415235,0.007894925328305387,0.003986042043787863,0.006477906689245325,0.007188954771793498,-0.0039670408695481486,-0.003670476091091662,-0.003162842191184623,0.0007275613640587,-0.0012783107219993168
2014-06-03,0.014042311966346312,-0.0032820678630656806,0.00896303281068821,-0.004044216548699095,-0.0071343248183587255,0.004506779415831332,-0.012333557547951008,-0.004232788781194384,-0.0003792884695348666,-0.0007366341870124655
2014-06-04,0.011354397276546715,0.0,-0.006453523716489528,-0.007319920165207136,0.0007589003081925926,0.0014379431222698864,0.0007440003460134857,0.0010599777084975672,0.0018898766063629325,0.004138737364628519
2014-06-05,0.003915769778929521,0.014360602940266098,0.015543076098573546,0.008129984043046138,0.007935611777745176,0.01691766672114018,0.021833085533523002,0.004228446278418235,0.006504082119662981,0.010433066389828636
2014-06-06,-0.002753257511762477,0.010315790345176315,0.0061499994611235505,0.0052494251563761874,0.0020947852498868135,0.005985959498351319,0.0065307876085169084,0.003685049419954201,0.00461708354801898,0.005841511828786337
2014-06-09,0.015874343021821627,0.015908879976558044,0.013196230772607303,-0.0012089196803822114,-0.0008051300283315488,0.007867852234961751,-0.005075749837655906,0.0010506452374293728,0.0009383308564868176,0.003428265978204457
2014-06-10,0.0058527155012458925,0.005037683450892776,-0.0050546278530594155,0.008032361272679223,-0.010418343929925859,0.008324633906061517,-0.003883966514549815,0.0052352908468469884,-0.0002460138818795375,0.0004057451953356358
2014-06-11,-0.004146384403728363,-0.02094656342745074,-0.010597193096135878,0.0015985395714541756,-0.01113121052808388,-0.010940409812373186,-0.006100264268877441,0.012970332885651834,-0.0035433111516659397,-0.00140020163654732
2014-06-12,-0.016868222783788158,-0.010964371711192493,-0.011125392543899852,-0.015291634001555483,-0.005667565103649948,-0.0040238427755998835,-0.006876167476012145,0.006166547774108025,-0.00711413908891029,-0.007949530073297467
2014-06-13,-0.011004128589132122,0.0012960294421388396,-0.014187065514108092,0.0016202276814281076,0.007367099801208656,0.0,0.015890792352467126,0.0010240924647543371,0.0031296591990707602,0.00302500146014126
2014-06-16,0.010028446386610077,-0.010416294297501667,0.00104985825146383,-0.00690615842248389,-0.0011506641220181857,-0.002984826988157196,0.006527189724627549,-0.0030753646793437155,0.0008363553307868065,0.002421339917905909
2014-06-17,-0.001302360697168961,0.020084636566555413,0.0031437356775621678,-0.0012238256205621626,-0.0004938209890439683,0.009624445670068751,0.004328165149683131,0.006651419782357698,0.0021702124448891515,0.0037258689208365943
2014-06-18,0.0010853082235984363,0.003841111154263021,0.002924989753795128,0.005291717674274581,0.007325214722764944,0.006250031466417951,-0.0007200429911601695,-0.0010204989580217799,0.007689243160729406,0.005887294646819127
2014-06-19,-0.0034779361808339447,-0.006409942145427293,-0.00774946332506132,0.003242885659225012,-0.004257660410237443,-0.008341902720565992,-0.0033670728933784364,-0.023238643203952036,0.001276663295165036,-0.000804791891438502
2014-06-20,-0.010395865933776543,-0.005808244617942674,-0.0046358830676950956,0.004844805865922561,-0.006970735062711865,0.004353282485551443,0.004087115884538685,-0.011032742559804602,0.0017285634956760601,0.0019960111035276515
2014-06-23,-0.0008798647318527572,0.012222719380945648,0.015094014974362163,-0.005249425156376098,0.0032441602442217824,0.011059283240536231,0.007410025573279989,-0.011689799436124568,-0.0001324728528989271,0.00014653936583846732
2014-06-24,-0.006073659427551939,-0.009637129070775852,-0.005215340331407167,-0.00690615842248389,-0.006941453639800547,-0.01332069447193972,-0.005732265835183735,-0.015620944912599346,-0.006456106498617479,-0.004204620136568065
2014-06-25,0.0008853189024066813,-0.001292275524418486,0.00020920161413714414,0.0077157888112775255,-0.0008849497030454775,0.0019138415279619898,0.006684330634498084,0.010261868688295463,0.004885557422717193,0.006737550771424293
2014-06-26,0.0059587191153553775,-0.003885766336715994,-0.012414669025946455,-0.002835966091847462,-0.0019383246358289175,-0.002436742682581735,-0.007402620633566213,-0.013524668097446601,-0.0011795794276391145,-0.00016211356882588814
2014-06-27,0.011811114290834163,-0.0052052327825607226,-0.001907515235289663,0.002026335703053783,0.007401331134807355,0.0024367426825817693,0.012623320882755711,0.0010887603565014068,0.0019090452380837368,0.004302254364889153
2014-06-30,0.010275077480264563,0.0026058839116477237,-0.0008487097497259777,0.006054818293375611,-0.0024242002634628284,0.001563250037358752,-0.013103595607815462,0.008667534645325605,-0.00037232599700135415,0.0023279300893909362
2014-07-01,0.00632909045700518,0.014853367511718998,0.0076142162327270365,0.009212795341304933,0.027639272319010238,0.006098038179532753,0.004068968062324933,0.0112630506879645,0.006655572896822518,0.01138406198754337
2014-07-02,-0.0004277437624236912,0.015898952848902918,0.011521598781190504,0.0056088852978939015,0.010887492188263646,-0.010476712053005427,0.0007163696190950257,-0.003740116091375094,0.0006585960751231936,-0.0002063442541377685
2014-07-03,0.005866354920527282,0.011292201766411361,0.004779899410093967,0.006372053216859993,0.0007425751066511804,0.0014031675834270156,-0.0023896430709878223,0.009059350678082717,0.005464550227672394,0.006306207587455367
2014-07-07,0.020421334254325046,-0.005630353434346177,-0.005404503695402854,0.0015867972485692555,-0.0026021164918374243,-0.006682973742198593,0.004535135948879338,-0.00798936583584948,-0.003931239054323629,-0.007698062012302342
2014-07-08,-0.0064806639520451105,-0.02284340987520362,-0.01173997926146826,-0.0063620265831772355,-0.004370702104219018,-0.016188194677432637,-0.0050136198404917495,-0.008053710218131801,-0.007073762181680688,-0.013586072113956916
2014-07-09,0.0004191741345827886,0.0012826086942353682,-0.0008438052084789649,0.014650634262899656,0.006389452364373741,0.004651920901156722,-0.0026364716941937364,0.02974188374532637,0.004633516553259208,0.006258429440583738
2014-07-10,-0.003675644479963153,-0.010309287656484983,-0.010182475398598378,0.0,-0.0038287152211586226,-0.008245300611607853,0.00048007430497653793,-0.005246674053921602,-0.004139628324473722,-0.005179590534555099
2014-07-11,0.001891729037417313,-0.003893569195754187,0.0021298978517092886,0.0031399678472700952,0.001596930862983774,0.004310153309374196,0.009548535902741526,0.002102395491355826,0.0014698419980472353,0.004378290415744983
2014-07-14,0.012834845084501834,0.012278169376533204,0.029765194218464314,-0.003139967847270155,0.009845039583537978,0.008743391818893099,0.0011871411883993582,0.012519527503181485,0.004831860726996926,0.005630082715730806
2014-07-15,-0.01178485072291373,0.015296618901236967,0.017808162788606075,0.009000699370050314,-0.007241889258805978,0.03457027636793707,0.007329864762053201,0.0041384345436329024,-0.0019339645679456246,-0.005426297721131238
2014-07-16,-0.005681258013114986,-0.019157615715407406,0.010695025530536794,0.012003957880142734,0.02032343295223019,0.007522803227991887,0.03767904833810978,-0.0010328906790940105,0.004192285009448555,0.0021668607685143317
2014-07-17,-0.01799162921664461,-0.020189674281126415,-0.012929032936122149,-0.01356353508531727,0.000675873029197913,-0.014583787890899508,0.010156950407666841,-0.002587423823845147,-0.011904605927478003,-0.014226438393082439
2014-07-18,0.01429200881710091,0.018899381791331243,0.007696584348171066,0.01086546363732436,5.1583828400607684e-05,0.006374335921172967,0.0035870201632662215,-0.04558294594640251,0.010212608899671183,0.015621697978812077
2014-07-21,-0.005202571354859999,0.0019347755744129084,-0.004245984743333767,-0.0023182600714272586,-0.008608168784207264,0.00017181841873868225,0.0033506973136688094,0.005947693219766709,-0.002322946423904652,-0.0016822479111584519
2014-07-22,0.008269086732447993,0.0,0.005053210448384384,0.003860786420285211,0.016834158515907322,0.007356132705596382,-0.00022314594040085287,-0.004321972509871205,0.005003611167300126,0.00705347163552784
2014-07-23,0.025742285136916284,0.0,0.011625636558027758,-0.010459163548899093,-0.0023728229198437395,0.005608916911783773,0.0008919808232489959,-0.021341414268226725,0.001752900777012884,0.003959855058978666
2014-07-24,-0.0016474606306293108,0.00642263641245659,-0.0017954811455277565,0.0058245334480739215,0.008280297767004705,0.002876951419702636,-0.010530055282832105,0.0016577871023394945,0.00048803681255066896,-0.00035554791295298155
2014-07-25,0.006574154550307804,-0.0019225339186969988,-0.0011987119521713202,0.005405211808434906,-0.004311334106244013,-0.002707375205469754,0.0022494571063830324,-0.017827326415689383,-0.004860946046109087,-0.005055074420895206
2014-07-28,0.013727148845143637,-0.005789720852128414,-0.00661757899202002,-0.001927043052565979,0.00707381146782967,0.003045436624473507,-0.011981121764252763,-0.003942693976246396,0.0002881133935528325,-0.0010455716091114357
2014-07-29,-0.006483970210719893,-0.01037622438778604,-0.005649847282384645,-0.008135226743892107,-0.0061998761427157255,-0.009335694135411025,-0.0018213223823826084,0.0033800903841099,-0.004538068413714011,-0.000497312752388807
2014-07-30,-0.002340460799826361,0.015524435257178058,0.01166784151672719,-0.0031163018973337096,-0.0029339536565087506,0.004594085971590874,-0.007088209903252983,0.016732142905486434,6.091091941020138e-05,0.004536413369256506
2014-07-31,-0.026324238817626636,-0.021408630911115806,-0.021841042250119888,-0.015729729844598,-0.012083207587714917,-0.021273916306590288,-0.009684381223720331,-0.03260548077408695,-0.02020193215523012,-0.02108837644816366
2014-08-01,0.005528320559053204,-0.017863552625215627,-0.01669983218547086,-0.00915806218228365,-0.013234482485508996,-0.020850449735017308,-0.006975077460866128,0.010798589155045942,-0.002863216231298331,-0.003927791637473713
2014-08-04,-0.005632708164980964,0.004662026388154502,0.004977361444926722,0.006777462482158412,0.0025870711664571595,0.0030056744505591653,0.011828886480251802,-0.0022637841694569914,0.007163314449646609,0.007153900301059917
2014-08-05,-0.004929251020265228,-0.00332783448859134,-0.009352819867235856,-0.007978332327091546,-0.013484204254734396,-0.01046963268312033,-0.0067088171614090005,0.0005666752620066119,-0.009732679197336652,-0.007108019538199494
2014-08-06,-0.0016835258909659442,0.01324524176000115,0.005206794729255048,-0.001603224137308619,-0.00016109247686326052,0.003028065727179892,-0.00792365223497953,-0.0011335296109763412,1.5638426360123552e-05,0.0005075767089774994
2014-08-07,-0.00010573258443464153,-0.0052770953916105165,-0.0016629336964705769,-0.002811321265775292,-0.009020794737514624,-0.005707430930209466,0.011399566816496284,-0.010256197408511318,-0.005572115446733026,-0.00462130709351322
2014-08-08,0.0027480703243583046,0.005277095391610485,0.008081929450918348,0.006814626964871461,0.012563118346550991,0.007661614933103897,-0.0006946384880987911,0.08452623183491698,0.011465422557972033,0.008254175863222286
2014-08-11,0.013107692684044027,0.0013148939386323857,-0.0012391713681224107,0.007958850465429358,0.004490962763172855,-0.00035507280523731715,0.0,-0.005276731551128648,0.0027556250258418476,0.006937870509444378
2014-08-12,-0.000208622363928472,-0.0006572710299453904,0.0010329452283084674,-0.0031757913297429034,-0.0006939441344154439,0.000532469313251692,0.007380359088092444,0.0,-0.0016379823741559415,-0.0027484160594266702
2014-08-13,0.013146634964371861,0.002626496056964376,0.006378941660012647,0.001985550985957529,0.0032508206960424105,0.0065445900844684915,0.012785503643120524,0.00580282373169336,0.006684767102510805,0.010173033568039965
2014-08-14,0.002670175377170613,0.004579674180891513,0.00776487657042746,-0.026538796862033413,-0.00037209035521731156,0.004573549592307086,0.004301064172154046,-0.011107947271064143,0.004336398273697699,0.004246623104344329
2014-08-15,0.0049112066144266315,-0.006548899207910352,-0.008380404475090086,-0.004493297511182127,-0.0026651050090701492,-0.004044282455761807,0.011677680608635934,0.012684960487317981,-6.137480757126603e-05,0.002675549743720031
2014-08-18,0.011970950772137444,0.014998897542528967,0.016085347503927035,0.00815363762411528,0.010511641050824236,0.008422098300143278,0.007118989969704811,0.013563029818977326,0.0084954832196601,0.0096687973638499
2014-08-19,0.013722006130761959,0.0,0.003830010657733492,0.00040612444173307064,0.003742039888803359,0.005749642096452093,0.011091615969413972,0.008034115734576285,0.004988190179197795,0.004249694283452015
2014-08-20,0.00039741994396814365,0.004520365884582604,0.0020100388038344135,0.002836497497150196,0.00015802356571981786,0.0013891571872575851,-0.008418628315099133,-0.0062143082048844445,0.0024747482825436223,-0.00022747654670909206
2014-08-21,9.933031236194119e-05,0.040409443990635,0.025182349921996108,0.007258339390679194,0.005926648357798618,0.014809740421751476,0.005988876355761924,-0.009394443098255245,0.002945547280270624,0.001240838599455674
2014-08-22,0.007330631346898146,-0.0018580797421697331,-0.0027449610386554393,-0.009689319568745393,-0.004297156305418638,-0.00017096549144251654,-0.0015490120451480145,0.0005241444032391202,-0.0019945749188226202,0.0014221049621956482
2014-08-25,0.0021691509444042175,0.009870450934637984,0.013650572943206013,0.0020264476654612944,0.003931113152810487,0.01442783315309017,0.0004426337833693529,0.0015709175569082927,0.004776353863603847,0.004133800930681096
2014-08-26,-0.006421993966598067,0.002452502149602495,0.009637641642841612,0.004443738591287624,0.009527393169692039,0.006718267774835728,-0.003548075825477703,0.017635317423220744,0.0010505288952435787,0.0029119331007525584
2014-08-27,0.012215595913066177,-0.007992666268683637,-0.005192428202637649,-0.00040367075035068406,-0.0038412812501114816,-0.002514020317386714,-0.0031151158616698656,-0.01137543003009566,4.998604328455613e-05,-0.00022319266785617993
2014-08-28,0.0011739732408685883,-0.011797705757606868,-0.009104664186407499,0.0020146424314880377,-0.0013012744871410133,-0.007242326799915739,0.00022267199121801356,0.008285915381027555,-0.0016913305449461642,-0.0026119229398120234
2014-08-29,0.0024423875379421074,0.004984545923342079,0.005046885307597341,0.005617996297928221,0.0015609119066833197,0.004889940104537391,0.012180485425438849,0.003089514649067937,0.0033149143290199016,0.004939799448479135
2014-09-02,0.007774486139273029,0.011124625840967291,0.005983879525329537,-0.004411879152447096,-0.0038553590099587964,0.003694164791348448,-0.007512078912467793,0.002567601625215825,-0.0005442142177026967,0.0039047824407363397
2014-09-03,-0.043123822959859115,-0.007425631397998297,0.00518275970900866,0.006410347655275961,0.0020336005099890245,0.0005024953467940276,-0.0028874047521150084,0.009188486777212072,-0.0007794447528015455,-0.005589499122958149
2014-09-04,-0.008322090459832386,0.0006211588223599739,0.004584783887040781,-0.005205027021093305,-0.006638079203538223,0.00016750062961178394,0.006649998384333625,0.017628099365319984,-0.001535599204712169,-0.002248536921457787
2014-09-05,0.0086254846452147,-0.005602162916658102,-0.0032451269518225336,0.0036063974322349006,0.002723041804900257,0.003344047065417425,0.014259312047298684,-0.002999980801466211,0.005023247704958486,0.004507265197294529
2014-09-08,-0.006182867910233522,0.020389645879694062,-0.0047915456004968176,-0.0020021060057925423,-0.005559304986399006,-0.00033399780297172096,0.012124475491165512,-0.009054638205339442,-0.003077845854315851,0.0020468546279993455
2014-09-09,-0.0037688624740916036,-0.012927073122795072,-0.015294561491269724,-0.003613309242224622,-0.0007887807444425345,-0.013955487614324448,0.006221030110944344,-0.012712864815988423,-0.006566521532685439,-0.008748407203691968
2014-09-10,0.030255116583953648,0.013538588038884811,0.011058586237774136,0.002811321265775348,0.008124710902706112,0.002705174004372438,0.0017095538838340517,0.003576190932151275,0.0036394436003678032,0.007491159204341471
2014-09-11,0.004248563715351785,0.012754489116662712,0.0076878639187740825,0.009978319983557112,0.0009396251815845916,0.00907725956536403,0.0034100762131501205,-0.010251488932936424,0.0008815167647232053,0.0011527237750751178
2014-09-12,0.0022648204845927273,0.013189780327794066,0.0028678782153744257,-0.0007945510977156243,-0.0022973992802669528,0.004507742969407867,-0.006403595107220876,-0.015053218438730797,-0.0059804054920065425,-0.005286370389546674
2014-09-15,-0.00029527988885407093,-0.0029826560419448896,-0.0013373131175796692,-0.003982796610552445,0.0027666464575009896,-0.0015003824251338287,-0.00989901710559199,-0.013691859747218366,-0.0007104037481093734,-0.010719344441448687
2014-09-16,-0.007605381622750728,-0.0017936690058465332,0.000955377878917432,0.0063647746023203855,0.005977618232819341,0.0008338720327792752,0.011182982115828806,0.01473733043656804,0.007456507324556423,0.007465011202157226
2014-09-17,0.007113509159714722,0.0035841265226794618,0.0005726506576139687,-0.0003964583824135468,-0.0008298466159690963,0.005320205096222006,-0.005145878408908734,0.0005220975078921825,0.0012948050790884346,0.00206916756513705
2014-09-18,0.0020653801229466666,0.01597197524352254,0.02395239604743079,0.00039645838241345017,0.004916043209837466,0.01660804918365448,0.003433493849445015,0.015030137481062685,0.004879257127339826,0.006824301405262368
2014-09-19,-0.00818759683204813,-0.005295745286840494,-0.00336022671819344,-0.0007938310568693187,0.0012887996557121137,-0.0034303230291066822,0.017834868614866845,-0.01869212816387151,-0.00047738351040339826,-0.0029739058808572376
2014-09-22,0.0009898824545209867,0.004708998375257628,-0.008261336607870552,-0.009168691683431481,-0.004598085092716637,-0.00327818740433881,-0.009727079445469914,-0.010007879035440826,-0.0080456025302185,-0.011441291357354728
2014-09-23,0.015513248185331044,0.0011737214763944469,-0.0037776472078124646,-0.010871675639390456,-0.007745629382874176,0.0004923537697634709,-0.010681682273953797,-0.004244272696358346,-0.0057932500796262516,-0.004205230024853864
2014-09-24,-0.008708870097364941,0.0075952963887589995,0.007916798126554703,0.011272380413728088,0.003594397959567411,0.011258758869527624,0.011106162660651122,0.005830912204878323,0.0078019767586544365,0.010267242589267507
2014-09-25,-0.0388785222455749,-0.019394824234201455,-0.02471133698344393,-0.017770809952939604,-0.017308418366110367,-0.024306955543188062,-0.022337255279806015,-0.02190844926945537,-0.016300913265170507,-0.01961280045173645
2014-09-26,0.02900196989663872,0.010625806369047792,0.010148481071604024,0.018570975023535122,0.005539698721132357,0.006792812829878564,0.008004357501682192,0.0021589165525448422,0.00853926112400154,0.0101215354214414
2014-09-29,-0.0063724589689477616,-0.0011753872513360424,-0.008417610027873846,0.004788676262089559,-0.0022122931486895465,-0.003805009488209357,0.0006461025824640114,-0.0016185817186435856,-0.0025500508569158233,-0.0014060360714733264
2014-09-30,0.006372458968947879,0.002349108727730519,-0.004428851280232416,0.009580780875257473,0.0010013072159094703,-0.0014932623512048102,-0.001724096420956514,-0.0037867972579158178,-0.0027898165443120183,-0.002769115741976078
2014-10-01,-0.015705669383586758,-0.013581476487173148,-0.013991733296529564,-0.0055774386384902005,-0.014111743154128427,-0.007832342035581056,-0.009972174822862358,-0.009803927741849964,-0.013337106112637435,-0.01599505876341688
2014-10-02,0.007233393451670453,0.0035604388493386896,0.0029313049333446377,0.001197463180272977,-0.0013899783557043538,-0.0089672601645574,-0.0030547210639578666,-0.004388551205187111,5.143328250229687e-06,0.0018323741757181316
2014-10-03,-0.0028070958735489414,0.023998716632415235,0.02066270401792007,0.009926585600868268,0.009372173185862783,0.024510117022266662,0.0071858182026244295,0.0021965117644336687,0.011103635523902509,0.010200141948125612
2014-10-06,0.0,0.0,-0.000764497215628606,-0.011923803816372867,0.001959065261506543,-0.0019919072042449202,0.0,-0.0060521412391549385,-0.0015663860013981836,-0.004662793105909297
2014-10-07,-0.008771278623305732,-0.023998716632415255,-0.019508001101608934,-0.014904335636134932,-0.01777220603941878,-0.015236819865308327,-0.012224656177298815,-0.01054131865724697,-0.015241618619128634,-0.015746843336384618
2014-10-08,0.020546831707300393,0.01411810552211042,0.024468787166807535,0.0008114302041682541,0.019463977082352375,0.01888599618219482,0.027084620590665028,0.01823783719804261,0.01731094749805919,0.018837608299838896
2014-10-09,0.00218024327255603,-0.03144716689452006,-0.027008153641596536,-0.01924347817546921,-0.01564790837040954,-0.022096728872882748,-0.02008103999250922,-0.019353622015649885,-0.02087784845431496,-0.020403266226501057
2014-10-10,-0.002874501929350193,-0.006652872127288614,-0.020346118226108875,-0.035770945343690214,-0.0026320144991761447,-0.00952395751014841,-0.04050403947891136,-0.061008693804947736,-0.011517080026210946,-0.02359544781251243
2014-10-13,-0.009175830959406016,-0.00486601977593088,-0.004199685345669365,-0.017722514422636396,-0.013046739672676975,-0.006170798923339764,-0.008667651254909379,-0.0035671601508602403,-0.016605033202522507,-0.014742507845565155
2014-10-14,-0.010676742091100287,0.00729036346225628,0.03097827240537707,0.0056535045211035685,0.0015245935023864869,-0.0029271265294639605,0.0018313491249077533,0.0229621734947375,0.001577619680866768,0.003201054170238505
2014-10-15,-0.012328608334282095,-0.04709650713020816,-0.03539664473795076,-0.00434538461491391,-0.0112159904304874,-0.04334726869480484,-0.011731052281021876,0.01502090022120403,-0.008133300726077349,-0.0028072537355371893
2014-10-16,-0.01320997704403694,0.020101087004624058,0.0014079549948722038,-0.0061162898941167785,-0.01056453278747594,-0.008136603785307577,-0.011168461456670165,0.0005731186335595161,0.0001449672004417697,0.0004910195064661626
2014-10-17,0.014541539001836459,0.008052007346047921,0.006411772183496524,0.018667720714993716,0.012213966909196697,0.020130240746421186,0.02060980281384799,-0.001720844059927313,0.012801813377146141,0.009686396558486115
2014-10-20,0.021172944687619023,0.00307980142598022,0.009144951841442175,-0.013859550727066763,-0.057472014218431317,0.007621856779795481,0.010261225996845853,0.008574119564893049,0.009101116121281314,0.013442342986070511
2014-10-21,0.026803063556452688,0.02069473732596535,0.014538863359329912,0.024979985140538587,-0.03532977071507499,0.02269673295463833,0.01798616862463756,0.04180046845341567,0.01938537082775091,0.023676812432221573
2014-10-22,0.005061384447771645,-0.012121489434665638,-0.011180151365688597,-0.010690672380455455,-0.008861171985967127,-0.008320394366944105,-0.011203859974165177,-0.02375125314718662,-0.007326100661612184,-0.008322817692813183
2014-10-23,0.01770822160213184,0.01212148943466558,0.01390683308553958,0.013239521163250856,0.0024072615703301737,0.010561498955299555,0.014318283342923253,0.02211233401644739,0.012228305721599457,0.015831654783962687
2014-10-24,0.003713455047751534,0.007202769527541131,0.007557477488837802,0.008870325503161065,-0.0006169342701683807,0.011644535672906516,0.02435673087675471,0.010334698691763284,0.007028690175716194,0.00692223214876713
2014-10-27,-0.0010461793740316166,-0.0078053670589873616,-0.00406238955263854,-0.0008415845179097425,-0.0012960716517594695,-0.0017044970550279168,-0.004780842053024536,0.0005408739278826504,-0.001502696878837878,0.0004927641292525539
2014-10-28,0.01538874893615218,0.012578914411363747,0.01634200241539357,0.012962598344856125,0.010630648474532272,0.016742444239987345,0.01255453867542769,0.02351781860093271,0.011868364566910393,0.01731710823357259
2014-10-29,0.005605209246258399,0.011246094354361916,0.003996476356938677,0.0012456423226148467,-0.0008559362448467485,-0.005718510812657736,0.002792609474107503,-0.006359343056710186,-0.0013863159906425204,-0.0033049957140349924
2014-10-30,-0.003359386307325083,0.0023513687681236176,0.009642000107452746,-0.0008302932298921063,0.00543002605841884,0.001685214644618755,-0.012302391829511771,-0.006400043265454467,0.006210797247873184,0.0037102554106654556
2014-10-31,0.009489396512641158,0.007604253563440717,0.007123771098443863,0.0160667227900778,0.000303941304682585,0.018186877421422568,0.019355828655398005,0.04447513392233657,0.011663114233148569,0.014048494163974617
2014-11-03,0.012879631797276045,0.006389938304268627,-0.001121004809871569,0.004484793900732583,-0.00024317693345021966,0.006592107058080187,0.010382620442556676,0.016747385343205506,-0.00011892891639947338,0.0017627253771574224
2014-11-04,-0.007339635650227934,-0.0034798947640313207,-0.0052506293246944976,0.012131356832759241,-0.010458419760168031,-0.010402255503367009,0.0027361921463325617,0.013000215027903153,-0.0028338532526650333,-0.003297155293505045
2014-11-05,0.002391118590163036,0.007525228346494268,0.015484049212118675,0.0107938738074645,-0.005116251980546231,0.014827210113772039,0.006077993154379357,0.0,0.005684311060804489,-0.0006317196346874504
2014-11-06,0.0028558366826114553,0.0011526096448215995,-0.0005554526284212426,0.004363906297942956,0.0045936904274690065,0.0013075469220625625,0.017398948656329467,0.004460911166501827,0.003768403644328259,0.0038340331972334324
2014-11-07,0.002848257600568947,0.0,-0.004455340537542691,0.002767643719767191,0.003771076277786748,0.003911739134095595,-0.0004107288069166141,-0.021495646721622,0.00034952512678080786,-0.0012815080359138643
2014-11-10,-0.0016526168744917212,0.0005758070140483547,0.002601312387262911,-0.007131550017710253,0.008723520988897945,0.007455611227233649,0.004304677978260366,0.011555277971299219,0.003115327019558855,0.0041124624520801085
2014-11-11,0.00796234951485366,-0.0028828488051565954,-0.001485662994011452,0.0,-0.0011629439516618247,-0.009083249111466298,-0.00040968760436083806,-0.012060423788057295,0.0006964516302874351,0.0019200539474107565
2014-11-12,0.014030720554430052,-0.001733692832910345,-0.007274020965860844,-0.0015921862371109652,-0.00848660033011477,-0.013286858741413653,-0.0018430312450347431,-0.006593972039192804,-0.0007013625789179808,0.0031235128965103184
2014-11-13,0.014013770487970652,-0.004056350066896151,0.00037380288031116105,0.022446524735101663,0.00535897461053984,-0.0054636970000024095,0.016872098611877124,-0.005102206622112982,0.0005297044284002311,0.0010689151644705864
2014-11-14,0.011982364978687087,-0.004656563949712815,-0.0011231847673786445,0.024616813636315824,0.008380079093368195,0.0008295534890851616,-0.0006047140516239236,0.012201324478063815,0.0002402413485468054,0.0017931884613385546
2014-11-17,-0.0016655914755302685,-0.0029215181224103676,0.003553221179106865,0.005682640737840543,0.0,0.001657388816124593,-0.002423251306087592,-0.0045576802554010715,0.0007350887776586797,-0.003748060165940628
2014-11-18,0.012899971037342176,0.0029215181224104127,0.004470181673821412,0.004899578929547981,-0.013924187828511498,0.00248137233747698,-0.00837702887929268,0.02357763774447249,0.005120849353688389,0.006708328960737881
2014-11-19,-0.006952109098588631,-0.004678848985247347,-0.002791508923343162,-0.00037639952085042776,-0.0028457386594407472,0.0011553965863008143,-0.01072605276790279,-0.003741439417853869,-0.0015022868756188182,-0.005700495967983535
2014-11-20,0.014200514516676026,-0.0035226634233374784,-0.0026123804010955163,0.008240065891492006,-0.004905457880726479,-0.007951913737840512,0.009904617989953233,0.016357508302759637,0.001965164013202754,0.00557931233709574
2014-11-21,0.0013748102951672018,0.007033815314889097,0.0026123804010955583,0.0026075402872553694,0.001741226877894047,0.005474010635307401,-0.014894428051543685,0.005393497638437899,0.0052232126037382535,0.002358001284777523
2014-11-24,0.01837554132086081,0.0034982285044830243,0.013696476324060155,0.005564781199098049,0.007614718745526322,0.008401061358021648,-0.008161580485601776,0.006336981000993618,0.00285992981373923,0.008855262804825835
2014-11-25,-0.008720357239755836,-0.004667290708872473,-0.0012880451143574743,0.009206434612169238,-0.002408050907396988,-0.0108858075606249,-0.0025247740657627585,-0.00048624153514436474,-0.0011506914684172845,0.0007063626463319457
2014-11-26,0.011834484378438453,0.0005845595108899712,-0.003687754435598196,0.005483508626255657,0.0011736934564238709,0.0006632888202339312,0.005881379637074163,0.016871841266113935,0.0028020524716035632,0.006090765584870331
2014-11-28,-0.0005883335939935073,-0.004099539755588199,-0.0029600457833914963,0.007626822880029095,0.001357323715467279,-0.00298762410184073,0.001255875053998805,0.0023871332056924106,-0.0025456646370122207,0.0008999021847775037
2014-12-01,-0.032994451301553256,-0.014779776718410428,-0.01155483313807254,-0.001810720551018711,-0.0038920990925220404,-0.0026629783820513214,0.01680020304547473,-0.018772732936661964,-0.006852789344834434,-0.01350580889438309
2014-12-02,-0.003831277528945289,0.021214569692340535,0.018754896636768013,0.008301892107023203,0.006970690507085649,0.01783990624482912,-0.003296535976655209,0.001456704252412049,0.006364166758848178,0.006002228352540212
2014-12-03,0.011276999898505754,0.011049887716405995,0.015515769479335197,0.004662082293007664,0.0113086717465139,0.007503120190078231,-0.007872460814582555,0.025390484958081435,0.0037576738340269794,0.003915977192808673
2014-12-04,-0.003802653459763373,-0.004637528970162653,-0.0005437583110538662,-0.0064608818692067325,-0.002860956365445552,-0.00260343726000574,0.015683613843475833,-0.009028958263372576,-0.0011625717317858438,-0.0010541327026234607
2014-12-05,-0.004251576958822893,0.026943392403035157,0.016178664876999503,-0.009770517511460028,-0.004766091723586834,0.02127714326715873,-0.008636964609188662,0.005711976982615099,0.0016638315989210529,0.0023705953523891357
2014-12-08,-0.022868394557087484,-0.0011320119990337813,0.005157934000334969,-0.009866426580037148,-0.00867349317288824,-0.0004784705509540516,-0.014981483550281819,-0.01289742004248922,-0.007283022149715385,-0.008416798282878071
2014-12-09,0.015186488760114993,-0.00567860085714942,-0.009267825930983561,0.006953135713756654,0.006957036542541643,-0.0035166823228475,-0.0023088525635523737,-0.0033708141344613754,-0.00023785182583414743,0.005423351706044163
2014-12-10,-0.019197957989496747,-0.010303443210630725,-0.02501908892435044,-0.020262387594019653,-0.015332702626131135,-0.02875195370296152,-0.014604991845230243,-0.022439813749040638,-0.016486121183048656,-0.01744931432835966
2014-12-11,-0.002952030981198269,0.005165200296166371,0.0007338218719993863,0.0044562951229135065,0.0034829551480010986,0.007552054600282967,0.005740443219664981,-0.0004933728589881973,0.004525433971620777,0.005140486963564595
2014-12-12,-0.017077688163975667,-0.01965431083746286,-0.02057324747167325,-0.004828408342653088,-0.03596544919790769,-0.018155508220566968,-0.004674827481521833,-0.031589606287894055,-0.01634646579165845,-0.01165607211499498
2014-12-15,-0.013764045287023338,-0.016480627799317863,-0.01148897491100534,-0.006724156951753644,-0.015043622267087414,-0.014765252618301316,-0.0059817032574999655,-0.0030615015474691693,-0.006362786271721939,-0.010463686723936579
2014-12-16,-0.013769036208243629,-0.007744701176644174,-0.031168356037674032,-0.0033790593328512294,-0.010838495113322286,-0.012416312034274339,-0.03288973816184939,-0.011305312509018105,-0.008525259865380821,-0.012527234575100335
2014-12-17,0.024612785461557936,0.031785998936196935,0.024706723315654967,0.008240065891492006,0.0034284342015130295,0.02267461770017637,0.012761444307972002,0.04001546095399597,0.02014807324329562,0.020992613722856292
2014-12-18,0.029183391265106492,0.015522183490917633,0.030973614203173565,0.030850701651896194,0.0371477309751424,0.028208074373548275,0.0381774261953559,0.0039645996684351675,0.02373137488570905,0.022164871607772287
2014-12-19,-0.007752872078610587,0.005121046105234143,-0.0016643387761837464,0.004330757932716512,0.0052499098918076656,0.007292756926527157,0.0029416362852813763,0.009842298805516344,0.004559637967419008,0.003569558867611204
2014-12-22,0.010323888381643808,0.0050945429424058735,-0.0009264807261435941,0.016074364851156032,0.018316181174632153,0.00016156103149586018,0.006691891223429107,0.017475934144779288,0.003803222479927145,0.003360299678177525
2014-12-23,-0.0035479215419590825,0.012346039101580306,0.008488680489279279,0.001062748118868214,0.004943057272836876,0.008680034701247022,0.00974834060223631,-0.006275018934900531,0.0017448386297044874,-0.0033518976419745885
2014-12-24,-0.004720575012866624,0.002784366147371806,0.002202725103799402,0.0017682629847365304,-0.002592559174274847,0.0,-0.006418973378695691,-0.0038818829733459352,-0.0001393062410745646,0.0016878892123968197
2014-12-26,0.017522405686470902,0.0,-0.00201928811379591,0.0017654279678600787,0.0032087072036422735,0.0011201860678377328,-0.0054155361804070715,0.0009718843773118671,0.0033041099821209488,0.0069704871040833245
2014-12-29,-0.0007018975007260757,0.007204658801726337,0.005496972554476051,0.0038721880368309636,-0.011336850114983149,0.006532927903921103,-0.00902138066286392,-0.0014581205210211167,0.000861403428089447,1.0462694374475183e-05
2014-12-30,-0.012277334537495589,0.0011034967372881449,0.002007569421833248,-0.0035197241124431547,-0.002869683083490886,0.0030132472953515186,-0.009103603031561719,-0.009284243010374331,-0.004900593034504285,-0.006149672626721501
2014-12-31,-0.019202443599506708,-0.013326479313506468,-0.013400744390459638,-0.01922446827080974,0.0024337479236911596,-0.009066787036879525,-0.012196537018520345,-0.01583412310220917,-0.01036438356125046,-0.008701412200178983
2015-01-02,-0.009558167799264761,0.0005594325598909601,0.0027682306869439804,-0.0007241908850206361,0.01004695979650631,0.004972967649218885,0.006651549507438545,0.003982545570404482,-0.0003400214731352804,-0.0019528449461662183
2015-01-05,-0.028575992454555357,-0.029480845991847224,-0.03202215695250538,-0.020121406363462564,-0.01586016089582984,-0.031537074023576826,-0.009238270868281728,-0.017034715561371146,-0.01844721353258727,-0.01583085145879194
2015-01-06,9.393902650215602e-05,-0.030376219670854937,-0.035838976844897376,-0.0003697565407815253,-0.021802264471155307,-0.02627126297766311,-0.01478636114449923,-0.03078759206838713,-0.00893325469070017,-0.012942870422475874
2015-01-07,0.013925053490646301,0.0047340759364907295,0.009227470028825294,0.00919960122757858,-0.006556742953851219,0.001525147751646612,0.01262552351099749,-0.002608844227620928,0.011562735844876304,0.012491489067169988
2015-01-08,0.03770251275338398,0.0204503363683058,0.014935705351365076,0.007663012457266647,0.021502067513903468,0.022100184972148728,0.028993668178555736,0.03692732735684156,0.017730168127155693,0.01826466669013005
2015-01-09,0.0010719249345452343,-0.01809181936635143,-0.02258665565046686,0.010126787372868524,0.00434584442661732,-0.017539864077849292,-0.008440472793194482,0.004019945450914782,-0.008439322147078786,-0.006804948578658863
2015-01-12,-0.024949421112977137,-0.017825976985299523,-0.00790828970193388,0.009312427775920744,-0.016923296519710362,-0.008631686384737488,-0.012581591669654115,-0.012616926614336456,-0.008126616843470486,-0.00840239513609557
2015-01-13,0.008839589633466462,-0.013885294047396959,-0.007171196736143032,0.0017810401390751936,0.0023621974797293295,0.0001700372483735406,-0.005163240014503763,-0.0015248200151389319,-0.0025818854358163217,-0.0006883741793720633
2015-01-14,-0.0038179027971761655,-0.025239633405394844,-0.019583016223917372,-0.006426317688326016,-0.006461378384471187,-0.035109546085569474,-0.00866567468897464,0.004061136218448701,-0.00583002896797565,-0.004769518869782126
2015-01-15,-0.027515441882217793,-0.05379046600098601,-0.037810627857474646,-0.018435603147575495,-0.007926225234722842,-0.03256076416376625,-0.010499194417369219,-0.007117388572854235,-0.009290903004567546,-0.014875184459604023
2015-01-16,-0.007800325466414772,0.011772985037763412,0.008013668951450227,0.009802300558872282,0.016489990054806638,0.01694923791246556,0.016572634141706847,0.018200387539940226,0.013334893186267299,0.01380981852593203
2015-01-20,0.02543084279254431,-0.00783326279156018,-0.0073786304637487475,0.013990936671825346,-0.0012095602569571085,-0.003941493441150265,0.003239051316600522,0.003001834308548017,0.001548752433400387,0.004407307822467951
2015-01-21,0.007605751383667039,0.009781496225200702,0.010105392209275345,-0.008227192354936462,-0.031455233483286923,0.0032259457937176194,-0.010183633754275404,0.013888712906261758,0.004720465022189361,0.002696731978393255
2015-01-22,0.025682480844058903,0.043181489443255325,0.03761589760164517,0.023430104127160352,0.021465736551475254,0.029963443541611373,0.02600907244206788,0.017094882937988293,0.015154313070630327,0.017622364717860564
2015-01-23,0.0051472147020221095,-0.022628036273576874,-0.019350845269360276,-0.010227527077594705,0.0030843712770687263,-0.01592754413487905,0.0010607041230369513,0.002901254837831251,-0.005506656279301935,0.0015733617816892675
2015-01-26,0.0010614362044043804,0.007599559680990865,0.0055380319401660185,-0.008543789423655702,0.003138408056683898,0.0015867147959506376,-0.003609769883409564,-0.004355497166335454,0.0025651679986232745,0.002912994224210248
2015-01-27,-0.03564096858284052,-0.013977047026393893,-0.011934364363426668,-0.039006500984471254,-0.017353270609495545,-0.010091153490773783,-0.05065529907280218,-0.049202218252835085,-0.013478287815857576,-0.0190965890789716
2015-01-28,0.054992395902426466,-0.027897184295679313,-0.02515345479806264,-0.0033513954841352073,-0.013891970338435292,-0.026139253429070256,-0.03506616645273963,-0.016435958203891207,-0.01358750281102202,-0.009337438133816354
2015-01-29,0.03065895421958499,0.01501856518340387,0.010979663456575701,0.015177089883964507,0.025601557659899014,0.016663842511864282,0.019711966600294287,0.02404804388068489,0.00948951705826357,0.009745377183870085
2015-01-30,-0.014742527931371496,-0.018313097571187858,-0.014169587220739804,-0.03172500703757723,-0.014055408722161373,-0.023444841646450155,-0.03907812409703795,-0.029760737921778767,-0.013077099006318498,-0.010338482270577966
2015-02-02,0.012469055848751532,0.02025533857503782,0.01626789760971409,0.01729380983323932,0.008767794663764344,0.019845858913943495,0.021548705583562384,0.021638999614205484,0.012879170000215516,0.008902554037261753
2015-02-03,0.00016870109424727678,0.027434162908615882,0.024017463276890586,0.010750562836554744,0.024335711431557994,0.022284591955302715,0.007722274771419004,0.024667822138099156,0.014336238577453099,0.010856754412825019
2015-02-04,0.007640252028209222,-0.006313452354599408,-0.009868471060765948,-0.015982224543790557,-0.009574174438329943,-0.006012243792137919,0.005752767983752304,0.0024831018479770563,-0.0041647065724529616,-0.0023378926836781395
2015-02-05,0.007112200269290409,0.011335488803728826,0.0028883599834665027,0.02113154463305897,0.006034377727720919,0.006893198977321576,0.014474415968332254,0.016236477593552057,0.010238810710909235,0.010209099796191261
2015-02-06,-0.008456436451239934,0.03204192798591029,0.012285340207806784,-0.0007341225389612294,-0.0005745499755928027,0.01953655740742573,-0.0009431011562063712,-0.004401939393976537,-0.00342402761187852,-0.004353589149376303
2015-02-09,0.00662049986572928,-0.00852611156662141,0.0014233693657570363,-0.004415197550307247,-0.006208603338121955,-0.0012094430624196386,-0.0011802877744636956,-0.0009807576588032093,-0.004256239310481708,-0.003883709465308347
2015-02-10,0.01902921198817047,0.004271957600511002,0.0036513701877584144,0.013550922879551484,0.017881224573349994,0.011007530924469693,0.005650165681853605,0.02758399819418943,0.010618979554062366,0.012956380331452758
2015-02-11,0.023168403699973996,-0.003660368522198867,0.005854244037331922,-0.02058144216297397,-0.002273325466782247,-0.0015405450317345281,-0.005177522759444178,-0.006704517061862656,-2.9034010158247172e-05,0.0028241321915579635
2015-02-12,0.012572862670051437,0.018771057045056057,0.0240641743153526,0.05278815766329435,0.002021051007305623,0.02034981459407681,0.016614173310800086,0.06915307300403944,0.009598295065916026,0.011684761614296072
2015-02-13,0.004890619842177059,-0.0036054476942874434,0.006072760049858333,-0.0010189583777913819,0.011789900027969523,0.0016775527171240593,0.01793981722033837,0.0004486953121947241,0.004066459227779422,0.007430720203066958
2015-02-17,0.005884684821328909,0.0012028712019737924,0.009524520604945779,-0.004085789865021016,0.0034852019669366573,0.007180251602390712,0.0004590409975732588,0.0031321309631506555,0.0015962996977983961,0.0011089789481742197
2015-02-18,0.006938003338737785,-0.020042967432177154,-0.005236544992200838,0.0061224872177952794,0.007612370743352445,-0.012220855368299591,-0.0011480491012521505,-0.011685101901610297,-0.00031435862322874816,0.0014460764010507617
2015-02-19,-0.0020999392825451755,-0.00553653392781204,-0.005851726674849337,-0.006122487217795337,0.010427041983292354,-0.0023607268551334723,-0.0006892779502001452,0.0027080940432365696,-0.0010626217157189283,0.0037311039091323227
2015-02-20,0.008141342028383522,0.010432632952636994,0.012828276676491758,0.010183388876431597,-0.0014652313290196648,0.009577648893283592,0.008241975016916514,0.007188420169691001,0.006107842721055837,0.006329555107374547
2015-02-23,0.026668496575417144,-0.011049808166163086,-0.008923424066485101,0.0006752014376888862,-0.004532493947935498,-0.007553641721676944,0.006589965249719933,-0.008089480513406317,-0.000303385211985694,0.0010083756092166378
2015-02-24,-0.006260201544034661,0.011049808166163175,0.011238232871453674,0.0,0.01171707411185586,0.024466492962462214,-0.001359753485254724,0.01058872168490159,0.002754972468831103,0.0014401930772084813
2015-02-25,-0.025905835063674165,0.006692910342918985,0.0036542815102284638,-0.004736103096325127,-0.01233099204010859,0.005247611770836061,-0.0022706093767724486,-0.007649139097696325,-0.0007660169636026022,-0.00019727323630860106
2015-02-26,0.012576618111430899,-0.02766846752992344,0.006124237548310573,0.014141813268108545,-0.011987186692832556,0.007171109261431575,0.0015897854005806433,0.00270633619229973,-0.00147711863025381,0.0041687527773130945
2015-02-27,-0.015142419841801012,-0.014442881557486908,0.00019102294819913493,-0.01346395629000319,0.0066294251270548376,-0.004883542255226912,-0.004777772903970953,-0.006326290432367665,-0.0029606830486323707,-0.004895864190735505
2015-03-02,0.004892347361694111,0.0125708612916521,0.02020632219340946,0.02278175585001317,-0.009056715056216016,0.00796406516654524,0.000683981748622682,0.024183778452494226,0.0061062381811330165,0.008939483282219829
2015-03-03,0.002089339508293808,0.001872020265834801,0.004476867171466892,-0.021765467398678875,0.0034213569178426838,0.0032325107052335795,-0.013767980562822416,-0.018759084397953506,-0.004548872603817568,-0.005646830245635757
2015-03-04,-0.00635923955362485,-0.009425163412289536,-0.0011172669546668,-0.007134247832512629,-0.010048555424924078,0.00257880469904149,-0.005096145380191882,0.011208578312990639,-0.004398161230154572,-0.002565541623161566
2015-03-05,-0.016709369393883098,0.010050536946448205,-0.0020515221906652627,-0.0010239352848284236,0.010979739176650702,-0.0020946992829274456,0.001160469219974979,0.018989550416721863,0.001195365251036089,0.0031497514102939135
2015-03-06,0.0015017953712526241,0.0136560831170292,-0.009379612582146698,-0.012708198616811068,-0.0167672966145567,-0.018065616061524126,-0.01755078471606735,-0.013653333122234101,-0.014275356362467066,-0.011188599757960254
2015-03-09,0.004256250538659771,-0.0030874327284421397,-0.002074839439414457,0.014754106865098739,0.014220419385739438,0.009968305852959481,0.011501731067172396,0.0026569751861831746,0.003936662357975969,0.003053723595505734
2015-03-10,-0.020902813764841967,-0.02378080433712554,-0.033022934264541365,-0.024130787156513078,-0.01858293467067169,-0.025359744375296308,-0.01932239738742998,0.017101606096155915,-0.017106820937141425,-0.01686388938807478
2015-03-11,-0.018399513569439318,0.02006324327260813,0.021244638720735533,-0.014054858480130307,-0.006420707119350548,0.004658784294172314,-0.0011902001224687031,-0.005231109304223093,-0.001919520676484767,-0.002028913482671355
2015-03-12,0.017917601920719017,-0.001242139091052805,0.0328945953420272,-0.000708231018265603,0.007497032718989893,0.018585031539451524,-0.0231338318291008,-0.009220671708480267,0.012522702206037068,0.008898565218575129
2015-03-13,-0.006934293487656738,0.0,-0.010035602980626755,-0.010679966123748014,-0.02369909591941016,-0.006047145911531718,0.008738319046050175,0.001322611527790562,-0.006093237090196838,-0.004409666874501351
2015-03-16,0.01094397007355809,0.002482962446097685,0.0027978384284505563,0.012802586646607278,0.01798582701662644,0.013838010329379077,0.004340261421032378,0.011824144101135085,0.013442909023855906,0.011784324087326405
2015-03-17,0.016588425065421547,-0.0024829624460977096,0.0027900323636092014,-0.0053145459971771156,-0.0007642306226627776,-0.0038880958743200476,0.0033631399189677307,0.012116144188167243,-0.0033256977077820026,0.0016054444244093604
2015-03-18,0.011193494112001599,-0.006860088638136092,-0.0022311139851337964,0.0,0.01799457710437732,0.0022698857473471327,0.019002812890443515,-0.016479039522260194,0.012085101501628708,0.00915302988844116
2015-03-19,-0.007579356157559787,-0.023426138176362934,-0.02526072530312097,0.0039001564925834785,0.0,-0.008946468785854006,-0.004953369911662132,0.0151881626931674,-0.004884489126950175,0.0019147080898441514
2015-03-20,-0.012628209336654503,0.014626739635033905,0.011389608423691655,0.006348869111306028,0.01902844589543935,0.008946468785854112,0.013854787770543955,0.010708807009066502,0.008972382193259682,0.0067952590551324165
2015-03-23,0.010351449782673784,-0.007604541017889581,-0.009482785290854404,-0.0010553338641426273,0.010686762595323003,-0.009927663834734892,-0.00046611992557061416,-0.03291770004279176,-0.0017472566067133015,-0.0030784335413681233
2015-03-24,-0.004096190145861475,-0.007022198617144358,-0.010342461984769234,-0.014536537172683887,-0.009950065195205457,-0.011184215233446055,0.0009326469339831142,-0.013744469435309414,-0.006158345701590925,-0.003246199330254
2015-03-25,-0.026474386696290243,-0.012895091891732664,-0.010840011883426787,-0.019474074478359246,-0.023589078349048356,-0.014158500682641802,-0.03414300741202501,-0.06263500492425804,-0.014665926527239062,-0.02395149794627094
2015-03-26,0.006946471126587011,0.0006489037200476159,-0.003704770152851896,-0.013565627386383153,0.008693153674966581,-0.0011752168544850712,-0.006048018238607719,-0.0033331990056943224,-0.0023803307374738966,-0.0027023257816139053
2015-03-27,-0.008000372931944048,-0.007159069917851428,-0.0037190535610668856,0.001475232994725292,-0.0011838454365054707,0.00016792327269581355,-0.0058408669835038314,0.01936324978706986,0.0023657607295033602,0.005712276099327744
2015-03-30,0.02499912293424281,0.013623101657307887,0.01247096357394229,0.0189854899272441,0.014052837126018151,0.023401733203817773,-0.0002439524669792853,0.004200608924140695,0.012162382647149434,0.011428454194200603
2015-03-31,-0.015470675176575197,-0.008411456617056647,-0.002326477262062693,0.0032750207681722454,-0.013429777106985412,-0.006253152621477621,-0.00735121551844347,-0.025472715402797313,-0.008834686217530795,-0.009455502323651886
2015-04-01,-0.001447707974152633,0.0012985211575523591,0.0019392236117949143,-0.010223139263005752,-0.008258189530134845,-0.0038290816287707297,0.0014742657778522336,0.00381419451399171,-0.0039732542018475255,-0.004222411017267489
2015-04-02,0.008574822038041996,0.008400820782556237,0.004638770973589068,-0.0044134866800400255,0.007946392012564705,0.00946320795973479,-0.010615909913929172,0.0023774607997618007,0.0035234523037141535,0.0013739828521006805
2015-04-06,0.01606870792660017,-0.0019324505123155453,-0.004638770973589173,0.0033117929018021894,0.009861553550338534,-0.0008268111962111496,0.030794318242055287,0.02855371085027443,0.006587072647165644,0.0061973021463937435
2015-04-07,-0.010577980332095085,-0.0032286809754568813,-0.001939223611794963,0.0062261327631480436,0.0001851605518192532,0.006264382466745206,-0.0004815811426734762,0.008729449676443063,-0.002064032708587167,-0.0014428509894906056
2015-04-08,-0.003259030693265137,0.009655402596949024,0.007156330878277434,0.00582441553075567,-0.0013589541793273127,0.003281048444842993,-0.002652203309903726,0.007292728840281175,0.0026789415573472003,0.008232404012392978
2015-04-09,0.007614406058255381,0.0063858366653418135,0.004614391011618409,0.0029000179611377358,0.0030233115337108003,0.006856540950963831,0.0014479880458353655,0.022896569064639858,0.004447575873625805,0.00478375234569858
2015-04-10,0.004257456952344571,0.0006363619518026734,0.0057383789122732775,0.014729669836364563,0.0031975268475649054,0.0037347404405884007,0.005768936444809056,0.01015688457679074,0.005189376899456221,0.004296648876425557
2015-04-13,-0.00196867900690091,0.005076139573388988,0.004376956105547303,-0.0021422329246015125,-0.002951109847854993,0.005978630369780746,0.0009582264402643898,-0.009269398489245115,-0.004591806820961145,-0.0015484382928599907
2015-04-14,-0.004345328633186349,0.0012649232659010421,0.0013286816062676324,-0.006094157713941885,-0.0004932071668429263,0.01550662060508553,-0.0026376835883100106,-0.008461869967633397,0.00162843225851382,-0.0021995727905040913
2015-04-15,0.0037934168189071352,-0.011443178565998045,0.009061668600385642,0.015697705158606884,0.011212621891056975,0.01838939615209353,0.01453978755931571,0.0120029735738788,0.005134989044995592,0.006753917026600647
2015-04-16,-0.004823280365625926,0.00954503974250741,0.015107929064242305,0.01231353195347222,-0.006111236010463682,-0.0062488895743712195,-0.00236905143858777,-0.006205818100940062,-0.0007787467579851993,-0.0006447832750125187
2015-04-17,-0.011318462156767364,-0.0146733206087247,-0.017742164011443348,-0.024063529405455062,-0.015195257913656978,-0.015318141426906151,-0.012891030766196448,-0.01297848473495705,-0.01137570418905323,-0.015288635296160083
2015-04-20,0.02258864056703508,0.000642494641102392,0.0024463399802261126,0.01985862385192876,0.03359873159427253,0.006345527995120867,0.03052402415488902,-0.004967467773639923,0.009192748586536723,0.012651275850795115
2015-04-21,-0.005422054971804903,-0.00450592106992031,-0.01362670087715959,0.00734665023644789,-0.011500486876406273,-0.014815233133952742,-0.006311884179978078,-0.001358822658727704,-0.001481702504767951,0.003896614803686099
2015-04-22,0.013384000635035026,0.015365410289695711,0.011744930337138838,-0.002443077582313235,0.006674371983622565,0.010059703426498458,0.008174346653594216,0.01126909333776435,0.005074582853386292,0.004193310569195374
2015-04-23,0.008130292559166124,-0.0031818892829749462,0.0022577195289103878,0.0020942856437612544,0.02908403481817698,-0.0022265431690766417,0.00810837708392771,-0.004042576181582605,0.0023549408425523675,0.004140261712462893
2015-04-24,0.004693463930230061,-0.003191813711685629,-0.006031232873671729,0.004870016060414119,-0.002705464185857229,-0.0031898791992468582,0.05778392175994012,-0.008587188726555266,0.0022502668247534868,0.007098871381720233
2015-04-27,0.01802789884306285,-0.005128280866217353,-0.001891962992456507,0.0024254969719284167,0.0055797677263596255,-0.004162039671111465,0.003337254340528791,0.007686962002741124,-0.004149913240734652,-0.00627051763977948
2015-04-28,-0.015881141503717795,0.005767490098632696,0.004158208486037654,0.014774473417919775,0.01851235628924753,0.006714805461535506,0.023254444938188783,0.004942802905396586,0.0027654044373465075,-0.0009549695728263394
2015-04-29,-0.014815126026731483,0.02086684605351114,0.013860144845224985,-0.009251450152907672,0.0027556387968458588,0.013295438017767584,-0.0020361970843207006,-0.007649139097696325,-0.003747348127573222,-0.006306121858079693
2015-04-30,-0.027504830989935735,-0.003133647182157292,-0.008218111632218196,-0.007601514966599337,-0.017993245867897127,-0.005360547584544627,-0.008597887736224994,0.00270633619229973,-0.010180553033248205,-0.016502074285951934
2015-05-01,0.029911724238650513,0.011235874911346058,0.008218111632218169,0.010351355087024578,0.013798687216749666,0.005517518646797121,0.0004109247695315707,0.02447315625106755,0.010863776563455257,0.01286263564699395
2015-05-04,-0.0019406078182050022,0.020277318927692575,0.007597443367067069,0.00137245520744707,0.0017260620444946358,0.01729974898913059,-0.008668874494708587,-0.0061729818352327355,0.0029364331477630206,0.0023028687574550275
2015-05-05,-0.02279059793703886,-0.005489580148857533,-0.015253340873212439,-0.009645318592884521,-0.005128919948678127,-0.004956389364308342,-0.013355604732988236,-0.02598713641857595,-0.0119080033585301,-0.015588517592954487
2015-05-06,-0.006299928423937172,-0.0036764842787250355,-0.009983855086211312,0.0027655086459851845,-0.010122109873280754,-0.007481431901592176,-0.028123163315250388,0.00317239880556681,-0.004465681140931977,-0.003994325402346239
2015-05-07,0.006166219928528809,-0.0030738472990831625,0.010181107826301413,-0.0055383164098825625,0.005512797454584321,0.00903302345540555,0.009034547878546698,0.017493047932131314,0.003766710469475405,0.005250783338736791
2015-05-08,0.0186658925205125,0.01284787812289998,0.013230617148044249,0.01447332940751334,0.009834778159391898,0.0152321734970191,0.02223484630761027,-0.07667663524700014,0.013368147987361164,0.011661453244019909
2015-05-11,-0.010239075213795704,0.0024288371069997668,-0.0009260013487145736,-0.0006845376287881438,-0.009075265737775973,-0.0006112487305825284,-0.007989834909753581,-0.009647798407901125,-0.005102556456082039,-0.001996571843585578
2015-05-12,-0.003568565496778555,-0.0036449923165171334,-0.004271050773436632,0.0006845376287881056,-0.003336336975613121,-0.0013760508719444988,-0.0004223060792232974,0.009647798407901215,-0.002953996439367266,-0.0034865234121325174
2015-05-13,0.0011115539778824284,0.002431127327867371,0.008523365251336918,0.004096596959095654,0.01009273052083205,0.002445100558201817,0.005895929950178227,0.005744456329205386,-0.0003050012906516677,0.0011046529229135442
2015-05-14,0.023063544809948256,0.0030316475837051026,0.0073532725140034874,-0.010274095337699345,0.010221351814489804,0.008056652051089316,0.022626862810345306,0.016098489695918077,0.010721604261760033,0.013777428777020819
2015-05-15,-0.0013968224896414977,-0.010344166247146918,-0.006615412049929162,0.0170655847739913,-0.004549423219434531,-0.0025771508617240912,-0.008658151169517975,0.00047026811617030675,0.0007681188278664758,-0.0004970280917384505
2015-05-18,0.01096705779583803,0.009738483525624038,0.007896363160688844,0.0070811188890251,-0.001154846464904901,0.008163208962624877,-0.006022038879798926,-0.0014096046094876377,0.003043312472570502,0.005954536456689599
2015-05-19,-0.0009220828844537492,0.01562533211980511,0.012000255798624331,-0.000672073869545109,0.002423827647649173,0.0088440431132437,-0.00251906347991616,-0.006254105626390984,-0.0006435815978420154,-0.0016574239076162902
2015-05-20,-7.691150231087593e-05,-0.0017905875247388257,-0.007984211333638839,-0.004042946315032233,0.0016128928807675037,-0.00794099996764834,0.0,0.0,-0.0009309494507940488,0.00033730783318372597
2015-05-21,0.01017407567501415,-0.0005975757074164631,-0.0009115063109395291,-0.00643545495011973,-0.002419989277910347,0.002553997816876648,-0.0033684034822668986,-0.0071550109289500174,0.0023351459087448084,0.0037490322759001133
2015-05-22,0.008714229619216349,0.0011948668385552911,0.0023683408455185376,-0.005793393733071681,-0.006482594278099202,-0.0027042687474866677,-0.011026525859475235,-0.0014370478398777816,-0.0022363851494835974,-0.0002809734246309138
2015-05-26,-0.022277291587090412,-0.01503757170236819,-0.013369242160253307,-0.010650756665972783,-0.012209690749192327,-0.011195173454180956,-0.006631423810489551,-0.006251578387547836,-0.010335204907502334,-0.011185504657757535
2015-05-27,0.018497876760242535,0.014440280571229331,0.011548149625494128,0.012358348717614513,0.010931785097526467,0.011195173454180946,0.02165648132072341,0.052161397158111786,0.009120918929110081,0.014565277482289243
2015-05-28,-0.001971147331151598,-0.004190475804285295,-0.005849276595116752,0.0013636684908100423,-0.0016873673531054877,-0.004070203416358978,-0.003366091134359009,0.013642371546380578,-0.0012675639174870542,-0.0016874528711367874
2015-05-29,-0.01144758005605129,-0.01024980476694393,-0.008653013906512956,-0.001363668490810135,-0.01206994667968889,-0.006364765670614802,-0.012512203582919643,-0.00045111726376571566,-0.006338515184097658,-0.005497686637847637
2015-06-01,0.0019935572508922366,0.003025117505975471,0.006818360793684318,-0.004445197632678233,0.0031194501693774515,0.004550291559901404,0.007865272845535957,0.011232642912878576,0.002057343499147661,0.002541209187649182
2015-06-02,-0.004452700349213071,0.010219799214034226,0.0049463880389316985,-0.00343308408295076,-0.0031194501693774523,-0.0009083568988659176,-0.006585595371643996,-0.019855916748996196,-0.0010091051653478204,-0.0012619102367556194
2015-06-03,0.0012301632007205093,0.0154765208181957,0.016493411232220156,0.0003439950600558732,0.0015907078645820561,0.010247094874458974,-0.0014931952308436102,-0.010998935614374948,0.0021166294697559994,0.004463552788202209
2015-06-04,-0.005857956860221556,-0.008899482481804439,-0.005407400229387374,-0.016638048304874687,-0.009104613937134569,-0.005562542506580223,-0.010513544565053367,0.017813023178730972,-0.008660562215101069,-0.007896965814319238
2015-06-05,-0.005503811386404148,0.02414047774736825,0.016313233694737576,-0.0010492028969699156,-0.0058370178127323214,0.016299140595589342,-0.004757215722871697,0.007666427367983578,-0.0014372152327325357,0.0018444379260907822
2015-06-08,-0.006628847354760334,-0.006420015452627363,-0.010546179570536914,-0.010552740011088316,-0.01238233592146981,-0.007891603017842875,-0.008925467704815409,-0.023178003197753195,-0.006495560338305542,-0.009282457362686996
2015-06-09,-0.0029777270189645685,0.01337579948262309,0.006269357689427873,-0.001415112218997633,0.002054148988895108,0.004325733083499017,-0.0017509197527475393,0.005044865001903819,0.00041826551900276467,-0.0015464634889120145
2015-06-10,0.011392934222393927,0.016046708805894868,0.018050575272660973,0.014762942976013388,0.019367212313178256,0.015948384894453445,0.020811755860356797,-0.01800225806861129,0.011970491752514406,0.012451367509028206
2015-06-11,-0.002252813996996785,-0.005701329967743989,0.0033263526042537437,0.006954244978031205,-0.000829340055329468,0.0038014635560966984,-0.0036544073226306025,0.010655945717746316,0.0017371167565281324,0.0011457250616611681
2015-06-12,-0.011104077549674976,0.0,-0.0017491849591045928,-0.011149676152758192,-0.010661907212742515,-0.00394811552783874,-0.010171892571953273,-0.027565589588849054,-0.007018874653102703,-0.006199127256676773
2015-06-15,-0.0019679567745183174,-0.0011439696575869735,-0.008087390803729982,-0.0021049431559224613,-0.00438133739457609,-0.0038166811091306678,-0.010716468391131533,-0.0018969211424221906,-0.004633289621771348,-0.004191998091507418
2015-06-16,0.005343659254414425,0.0045684603563261265,0.007386623827576805,0.008043683646382051,0.0034827593915601174,0.005573440231068546,0.007666279487272651,0.012264532887776788,0.005673730515753803,0.005072548493818615
2015-06-17,-0.002353949881504426,-0.010309481243805887,-0.009330292218182505,0.00763353623595542,0.0019756412887576608,-0.003369699612960653,0.00305018890385879,0.011652408648330283,0.0019776843950728407,0.0018438111930692306
2015-06-18,0.004545865813347352,0.0005757195384718209,0.003883475232375766,0.009632135462728671,0.006439627045845648,0.009348792788448513,0.01618322804389591,0.016544504809539375,0.009854000054008836,0.013350158410420948
2015-06-19,-0.010060105494781276,-0.012156540626716287,-0.009381215389353832,-0.006181374328936289,-0.0075166903315872285,-0.01022967627742229,-0.013359305541455119,-0.0031952586849368267,-0.00531761523794962,-0.003112250866233218
2015-06-22,0.007946449774160435,0.017321841975724197,0.01272287089975526,-0.0031053513376635266,0.00442133579015926,0.012843313791138747,0.002816066338850857,-0.004124284268251111,0.006076367981542122,0.007199003353606732
2015-06-23,-0.0045555736190817505,0.011382938240523222,0.007696874950732163,-0.005196401594759353,0.005292209702933154,0.0113905137564444,-0.006946032203588397,-0.026047566187880653,0.0006356664251933869,0.0011866577447873228
2015-06-24,0.00846606818521469,-0.010238968582936176,-0.012801595244071557,-0.009773249411277926,-0.009833500145555486,-0.010521163080644118,-0.005898493288367932,-0.009945778579025469,-0.007380465718305258,-0.007328928987677849
2015-06-25,-0.004772900988065379,-0.0068849905450666955,-0.0083298884878669,-0.0038658538657921145,-0.005344647365270597,-0.005375137750705032,0.00021908068489181814,0.00758689792335052,-0.0029780041565964136,-0.00199718956156597
2015-06-26,-0.005899766568518015,0.0023005453133778486,0.0026661110195933062,-0.00423458123300314,-0.0037398216410541893,0.004360623870316053,-0.008580305182268133,-0.020520979123431985,-0.00039015574492238484,-0.006216268252218322
2015-06-29,-0.017669906715918234,-0.030323346467017176,-0.026255911044758752,-0.026514915684274786,-0.015163579189983378,-0.025708639672869012,-0.019859757004247358,-0.030349669455875406,-0.02108696950861153,-0.024314335382309562
2015-06-30,0.007201168737692397,0.007667723371064471,0.0065383283527404275,-0.0029091209504116438,-0.0019039243674874838,0.008299067145757745,-0.0049708083493351495,-0.0004974617142132217,0.0026549623524674106,0.005711213209628244
2015-07-01,0.009284461194515944,0.011682077068035326,0.007933543555178743,0.0036628178527713783,0.011187751106786492,0.011079121311844456,0.006772193765955791,0.014317548793268844,0.006912096434637041,0.005250017185637145
2015-07-02,-0.0012644562906594826,-0.01109480573145231,-0.005583079459675754,-0.0007312393816788375,0.003640970854398762,-0.008112972594977102,-0.0011255854336826318,0.0009801204544984939,-0.00030807018954653404,-0.000780288898472099
2015-07-06,-0.003485843844513922,-0.005298754845641485,-0.005251048812239983,-0.004033103427004685,-0.002182624714813803,-0.002817605712393931,-0.00022514931969964757,-0.012318560525379513,-0.003869232698897424,-0.0034536102079160496
2015-07-07,-0.002463394466951946,-0.014867928700511634,-0.010586212850915785,0.005130100504189802,0.0016371862268846058,-0.007902658850045485,-0.00202972941750133,-0.019019566866125843,0.006062560593868743,0.001105175515459586
2015-07-08,-0.025136438064279558,-0.026717188244389376,-0.031689450447428845,-0.01361558096181796,-0.011213973184805777,-0.020722652925956125,-0.001355111213679028,-0.007099368725641561,-0.016792964912141516,-0.017704762503760584
2015-07-09,-0.020607476704469135,0.014054731002006896,0.017088075971173358,-0.0029687598417887893,0.004220086340017654,0.010339139687401367,0.006309229714771466,-0.012289094280664692,0.0022596476448199895,0.00257118356683614
2015-07-10,0.026383374620933726,0.013261264527910705,0.015701920468517316,0.01365607818896291,0.018742908339813544,0.014119438700444947,0.0020192118503547696,0.017365200764721183,0.012262986385007718,0.015181649077130425
2015-07-13,0.019121541638189812,0.018980604924041904,0.017802437617948055,0.01852271416497109,0.014450565703611534,0.015391327087934743,0.02063308444655349,0.006560829945082329,0.011005268507355188,0.014660711739015406
2015-07-14,-0.0003977090811892704,0.006441798421331574,0.006639625105450542,0.008598938365575787,-0.00455671909819846,0.013855338507272559,0.0017551456333731279,0.0005029675719240743,0.00444327323650017,0.006560373242812471
2015-07-15,0.009586852882025593,0.031603254423512674,0.00978915163162961,0.0028500221591915083,-0.0004747704671790588,0.0021706602287087126,0.0030637241399295006,-0.007063797517006204,-0.0007352563007372865,-0.001166267164660117
2015-07-16,0.013237969492674487,0.01515591115816154,0.037031544615078404,0.007442609943698381,0.01454991406728823,0.005332891012406973,0.019477191266226417,0.022034059228848313,0.007982733444475738,0.01252003928714171
2015-07-17,0.008600197370471279,0.008321543658978341,0.0027273182506741705,-0.004955580166412119,0.008791664691436853,-0.005044368932239893,-0.0008572474440539829,-0.0059613738623067215,0.00110557162445071,0.009054050259865111
2015-07-20,0.018725069505451577,0.0011046408335494686,0.0017005739063411152,-0.005337051936477698,0.0041073830521920545,0.0007223726653198661,0.006414255523633764,-0.018607298679807743,0.0007709366240016023,0.0016722079958574815
2015-07-21,-0.010044784063278144,-0.0022099689454442924,0.004239218761123182,-0.006801915608951003,-0.057472014218431317,-0.0023129608377445085,0.007643302535695514,0.004557875554851299,-0.004270796242723094,-0.00205999242575921
2015-07-22,-0.043214842932878285,0.02025780172911797,0.02076437049046134,-0.011197241935948557,-0.01682153202578538,0.014083131975870904,-0.037496371654804544,-0.019388463006306186,-0.00239056502019028,-0.007003975143384797
2015-07-23,-0.000479575600501385,-0.01474200989941309,-0.007819962928356256,0.01728519213651014,0.008569875608831715,-0.0062985275390085955,0.012438999470976307,0.012289094280664629,-0.0056922102113794535,-0.004915578893412658
2015-07-24,-0.005286927407144399,-0.015521472601866398,-0.019735704927033217,0.013827383858991798,-0.012318521208526093,-0.010537769335084041,-0.003693722354365286,-0.011774014204812383,-0.010761020696661188,-0.011290798481497907
2015-07-27,-0.013993147186681399,-0.01293246186734997,-0.012686325150896169,-0.0067127220884019715,-0.004265511840703945,-0.013146526015017515,-0.012925940326015,-0.0056802062868553365,-0.005791755065064178,-0.009646228390784958
2015-07-28,0.004956125026484495,0.011814641988845251,0.00704864941959258,0.0,0.006141748404366159,0.0005877904402293086,-0.00022082352202525135,0.02151712743629994,0.012310073801889353,0.009760216846986481
2015-07-29,-0.003165899549800199,0.015538232878493333,0.009378604311393958,0.006712722088401982,0.006477192605527114,0.012994093681774222,0.02073637911952416,0.012090791903758408,0.007292142927383681,0.004415290403795153
2015-07-30,-0.00505362420540263,-0.0016529334174490546,0.00016967029157319082,-0.0035269708739979135,-0.0008075245312709165,0.0014492126547844294,0.01266511426843408,0.0025006345709197653,2.836690402236809e-05,0.0033298772877237864
2015-07-31,-0.00878247740463459,-0.013885299461044163,-0.007158561789395897,0.004231135400092704,0.006378634666885319,-0.0074141903251902655,-0.0038468626654644374,-0.0035027284507199844,-0.002274103801051709,-9.749382792764164e-05
2015-08-03,-0.02386037763262546,-0.006171430212571956,-0.0003423379311532006,-0.0021134231713461514,-0.020455767481343538,0.0,0.002352865826553108,0.016899297367711386,-0.0027606939449045503,-0.0025186133825207454
2015-08-04,-0.032609372876655864,0.0016867315264557396,0.0005134629585354065,-0.011704159805351146,-0.007018417324611585,-0.001022113971919151,0.015474510609346407,0.003934882566519827,-0.0022522391669328678,-0.001923519964706288
2015-08-05,0.0066071289089724445,0.003924948177277551,0.004607143919874243,0.008526000899959904,0.0019018872742459392,0.0039360409411098975,0.0008410377670399575,0.010256725008182331,0.003109838185490679,0.00671324977683178
2015-08-06,0.002173957661845872,-0.0033631325785333766,-0.010955688880325637,-0.0021253045377592717,-0.0017896484170678182,-0.007008293677780911,-0.020382744598528815,-0.006337084184086415,-0.007783195922562142,-0.016378728060912104
2015-08-07,0.0033817115168383646,-0.0033744814176578457,-0.003275294713624682,-0.0021287973110424765,-0.007706211982043226,-0.0029347493027784086,0.0025707742621923157,0.09380984871442556,-0.0028790228563377145,-0.0025544425599272557
2015-08-10,0.03571187798365215,0.0162060683640883,0.01423098359395021,0.015509666211865475,0.01045309142661008,0.012268440704298049,0.012544122955049655,0.03422051323928985,0.012726835632025084,0.011485156127950905
2015-08-11,-0.05344069710789719,-0.013955058822303471,-0.018904673236215554,-0.020138484248894032,-0.007941966559242604,-0.009626644932482996,-0.019629549164458436,-0.005058860977315527,-0.00960306468018227,-0.012824398187797735
2015-08-12,0.01530218628740964,-0.015293682212986302,-0.012745089716358597,-0.004292045784360934,0.00417081979847979,-0.014616028079695543,0.007085426209408765,0.002532473540090802,0.0009496036382146948,0.001507779637615468
2015-08-13,-0.0007813601494170832,0.005692076131943033,0.007352725759667566,0.028270742189026164,-0.007004325825585485,0.004599907226117231,-0.0002139710380573673,-0.008467583182991912,-0.0012760258683812036,-0.0021492629124151776
2015-08-14,0.007009625326287345,0.00452992909041517,0.004525190760452081,0.011432482441412883,0.004375407935599165,0.005020488375394776,0.005760925415095154,0.0008504216461344754,0.0039043322743591373,0.0029122152254291026
2015-08-17,0.010295055418565072,0.003946601741300955,0.0031203836938092006,-0.006913273340307072,0.003589164300540664,0.002647789143246208,0.006785677707617963,-0.0063926979339775794,0.005197891709402951,0.008572087254521105
2015-08-18,-0.005649072328093071,-0.004511977922074268,-0.0038151664308870817,-0.02032307478150986,-0.0019212558153234762,0.0020545803438657625,0.0055153136687313645,-0.009143692783065979,-0.0026289829356331003,-0.006373765519975525
2015-08-19,-0.012872124336339039,-0.013087132163977193,-0.009602810993133707,-0.016057548732343243,-0.013357211916225685,-0.008983116306439222,-0.014060701467961352,-0.003907153267176168,-0.008289136409597112,-0.0079974019991938
2015-08-20,-0.02073341764898849,-0.04330677026995958,-0.02973619602431229,-0.027718508107702433,-0.008349625541360442,-0.024862705826950392,-0.02059275933875745,-0.036770074435295785,-0.021325960454146156,-0.028609842518035854
2015-08-21,-0.05763947971348608,-0.03778644449003564,-0.0317661551328233,-0.0213057536146662,-0.025274292988543022,-0.0361318688416413,-0.05065529907280218,-0.031632309296752724,-0.03236924252187817,-0.03578399297769859
2015-08-24,-0.025278875432158125,-0.051620227915553075,-0.06274934408541136,-0.049564576885406206,-0.03681299231238362,-0.05411084755637738,-0.03280551380307022,-0.03604016105383592,-0.03940543961689492,-0.03895301625934229
2015-08-25,0.005994172412553762,-0.0019641338171559456,-0.009179662188445133,-0.022887671562334126,-0.017649742512386962,-0.005659085497220703,-0.029460764349898468,-0.020981707681616252,-0.013614249742655897,-0.004375150094499521
2015-08-26,0.05577030534129325,0.051096921924593745,0.04699349799581615,0.042153183076946155,0.03991358494471459,0.048861601168997466,0.05387254575081905,0.07273369540242224,0.033434479226047135,0.038614096639444526
2015-08-27,0.02902155867828851,0.023385558905614463,0.02194539471561391,0.01890115399101179,0.012464894012607839,0.024649912526347836,0.027481309100566915,0.03690758083780389,0.02400725448969004,0.024221351156577062
2015-08-28,0.003271543412867108,-0.0048780370827949315,-0.002998306019512962,-0.006517490380915754,-0.0037775172948316233,-0.005442709117821627,0.0006832728683833058,0.004409667684846064,0.0006085511568762156,0.003238217756731906
2015-08-31,-0.004689090783795494,-0.001223254842351912,0.0037468902193467696,-0.004625665634063874,-0.000608405537873139,-0.0004679400308556174,-0.0093773325531493,-0.011059861463771031,-0.008427078663984055,-0.010788439425055436
2015-09-01,-0.04572684189504379,-0.04762787415302401,-0.04865902166745268,-0.029806155867033723,-0.035864410334552614,-0.04222047112129712,-0.03984577439743325,-0.04178636877231302,-0.030022649842427997,-0.02983658861222784
2015-09-02,0.0419948747567959,0.020395907905161985,0.015775530958099058,0.020878837047131796,0.01647398723118205,0.018062052543533994,0.036162848358559326,0.02970271569743366,0.01812767142321464,0.02426688677108994
2015-09-03,-0.01769159742628279,0.005661819541599996,0.0007727220827313991,0.009699614316990159,0.01185652867798583,0.0017562785285574556,0.0032234406341834685,0.0026984298915461507,0.0011641156994188924,-0.0034755168127015156
2015-09-04,-0.010016599423837834,-0.018360594063020295,-0.023442865543387,-0.014780423295224526,-0.021207193628793225,-0.01900518680567227,-0.02067189730559793,-0.023627134566420925,-0.015448308754276238,-0.010529537095898005
2015-09-08,0.027441012868415833,0.03206800351241839,0.02073647152924536,0.03010641086202636,0.0242682987723875,0.026634299496664397,0.029597413692157813,0.04186970773364707,0.024773637197038505,0.026962938080094943
2015-09-09,-0.019419738279599055,-0.01621964874468581,-0.015020572436999271,-0.013782673665860726,-0.014917633821580093,-0.015638002351083077,-0.018859547995520903,-0.02004045935602876,-0.013995035769084717,-0.011579921936066016
2015-09-10,0.021732006855820437,0.008766263843353371,0.00372729701187999,0.012260601671361379,0.00789741951161373,0.0076899800410869116,0.00509460961627981,0.015621482151943377,0.005264075444935658,0.00831599694408536
2015-09-11,0.014464043722364012,0.0,0.0005871357022057995,-0.009181304339694765,0.007970514723998475,-0.0015972944729958298,0.004379218750585411,0.00309511635654944,0.004477006444986281,0.005424892454705339
2015-09-14,0.009584746917562224,-0.004999664365668941,-0.0023511203376816625,-0.012374390904786507,-0.011739727417105304,-0.0028814937380821875,-0.010171158735239374,0.0017649029264613302,-0.00409804122304381,-0.0034441053140056945
2015-09-15,0.008377226005551014,0.02169277476513053,0.019810454392733753,0.010836029326021882,0.012824970370399862,0.019054530733509902,0.02160536396700307,0.010957736806048765,0.01274968763143236,0.011330282372145685
2015-09-16,0.0011174024170861096,0.0012254054341037475,0.011282086661174235,0.0034582198667891546,0.005947454473564405,0.008769099272517693,0.007249463544112379,0.006950700378103077,0.0086677407153759,0.005891488030084446
2015-09-17,-0.021622183933828854,-0.02920395335389906,-0.01803528099331313,-0.007314765017720185,-0.0018208629651157752,-0.023504375327678382,-0.0011291643483944164,0.009049737827037873,-0.002564344442560099,0.0009628681635588548
2015-09-18,-0.004134416226676672,-0.01909652772352167,-0.026684152855238178,-0.01322463127573372,-0.024809324555895563,-0.027673916839954724,-0.017554504427481674,-0.000858801790370746,-0.01629623095438354,-0.013726988145326307
2015-09-21,0.015394800194512316,0.00895703692258783,0.008316700854822567,0.0,0.013540129590535528,0.008334028919596401,0.014385884489512023,0.010252356577312887,0.004555392033672697,0.00035629303319383634
2015-09-22,-0.01583528800999026,-0.00831473020129912,-0.006528843100719349,-0.015785872737001456,-0.014093770880025013,-0.008826303067065833,-0.004772136157959774,-0.027575891268217946,-0.012394930019378313,-0.01507069291567301
2015-09-23,0.008080183034193665,0.009588023335023805,-0.0051740690120788795,0.005553058582430256,-0.005345549978981406,-0.004442915635233534,-0.0006837400494264051,0.004794142512531768,-0.002050744229593947,-0.0008370571016913785
2015-09-24,0.005930653371765098,-0.010873127005726044,-0.019950023376377333,0.00512944377447762,0.005207134953489695,-0.006950171333093281,0.0009115161062108605,0.01894967097598153,-0.00336865187130644,-0.0038494471597518244
2015-09-25,-0.002525244697471189,0.02162922389166354,0.02849244930321544,0.024107357964085235,0.006969297569475451,0.020544826343373124,0.0006829167821580824,0.007226581685562938,-0.00046590180122054944,-0.010185860791861522
2015-09-28,-0.01998723736432584,-0.026787228903951747,-0.030530396841545033,-0.014316577739624007,-0.02014356334529189,-0.024538185281754686,-0.014903659921080229,-0.013217156594823604,-0.026001211162809106,-0.030884908638957417
2015-09-29,-0.03052161491370752,-0.007787198408331593,-0.0006120369884131643,-0.0007796247603894091,-0.00035088744364683143,-0.002336993744935532,0.003459190577998841,0.01744365464135451,0.001232093912981713,-0.00588226783480372
2015-09-30,0.011305754026015215,0.014872278775502554,0.012371923075397884,0.02351227778312808,0.01739527173604885,0.018707578954236862,0.018700308234401098,0.038879780944363576,0.01889589860356512,0.022510511617136644
2015-10-01,-0.006549147822113337,-0.001927075354882861,0.005628795901088143,-0.011975999198270831,-0.009564561385031778,0.007353893415208972,0.007876919191950273,-0.019664349388363173,0.001971938678337173,0.0014966461325328425
2015-10-02,0.0072740189909799675,-0.010992730965847604,-0.00020066123065209178,0.0011652298839871207,0.006870791880401379,-0.00279168703752211,0.021292051671554787,0.025731278227121228,0.014213793016405511,0.01729039721802811
2015-10-05,0.0036176476401856782,0.019955348133357975,0.025337614593771596,0.04144239345107279,0.03038161384879628,0.019702617240236704,0.02299423774271072,0.024692146446944136,0.018124593518502156,0.015487647375943183
2015-10-06,0.004772548115071887,0.0,-0.0019563979822605263,0.014053660537249879,-0.0017461457136048208,0.0004833386589256296,0.0025699926785287906,0.01289890998086812,-0.0035946893441432997,-0.006904794595511248
2015-10-07,-0.0047725481150718355,0.0038169180550014017,0.005079057443920012,0.011320486138948122,0.008766576663304456,0.0012885745881862452,0.0010690016562332554,0.010430503706001012,0.008003519857552759,0.008971179253292756
2015-10-08,-0.011621909412996364,0.0,0.006410040215068823,0.01334548142156929,0.014485931029407987,0.0,0.013793091308513984,0.005748598554320424,0.008779780144558488,0.004090874183511055
2015-10-09,0.023645256919502325,-0.01085245986762884,-0.005241225729858904,0.0,0.0007221376701931878,-0.003224310601085264,-0.007191133980348176,-0.003828536471176927,0.0007248485605153577,0.004082495980133249
2015-10-12,-0.00464852073946145,-0.003858259273803023,-0.0019486160059258534,0.0017897383587808288,-0.008236828478422744,-0.0033964988981939168,-0.0023378105026625852,0.010682993774462683,0.0012746644773328382,0.0016899018673344251
2015-10-13,0.001700922314937471,0.0,-0.001365739557351196,-0.003941830776648443,-0.010107606500435051,-0.00275857973895727,-0.0023430068074735888,0.0018953868995118415,-0.006848823690127077,-0.008724327864418516
2015-10-14,-0.014234328244036285,0.007702151336460723,-0.009614798812249576,-0.0010778326840977831,0.002603064001695422,-0.02567183371027762,-0.004488760817747249,0.03571808749806696,-0.0047274309119391435,-0.002872766344687792
2015-10-15,0.014860139118419874,0.03456202667800417,0.04340553805127474,0.01179236985891247,0.0005333022775611468,0.031180996551834404,0.007044709266707058,0.0025555137722505583,0.014743551351355088,0.01807786726285376
2015-10-16,-0.007357470947909774,-0.00433299187040025,-0.00530014607115201,0.0035460280951177927,0.001996711294199895,0.00868728286936879,0.010579757591175347,0.015554858242236777,0.004560061373697022,0.0034006798694076763
2015-10-19,0.006194819153462673,0.001239840084781248,0.0032213122007640703,0.0,-0.007809914259886409,-0.0033692500463926153,0.002312743882755939,-0.001796675681333318,0.0002705089438730595,0.0038357821286325745
2015-10-20,0.01809342328113178,0.003710769425919623,-0.00037792827090005237,0.008810536785122393,-0.057472014218431317,0.004809458176513606,0.003144777513918201,-0.0014395622399973977,-0.0014221010558937615,-0.005006938193600329
2015-10-21,-8.783426592435784e-05,-0.018692113385929878,-0.019685914367060707,-0.007749472674573503,0.001988890297415704,-0.007384534193359981,-0.01200333953975234,-0.013048292954907377,-0.005842448911134253,-0.00840447659991879
2015-10-22,0.015179634684243073,0.016219648744685886,0.01342049075205613,0.025486030574213434,0.022245814377127703,0.018044318162314818,0.01743160488800228,0.03548090634412723,0.016490847012594123,0.016379115335632036
2015-10-23,0.03052493744413614,0.022032887772040956,0.021291396141327065,0.011652097813668858,0.004086399681402203,0.010703925774921907,0.05778392175994012,0.006668464480413293,0.010969953969042788,0.022471016543952418
2015-10-26,-0.03243155424851482,-0.00060550473269818,-0.0099296831943558,-0.013722321406960772,-0.007074985678853137,0.00046942097773603695,0.025766832517729866,-0.004557471350403884,-0.0019149330011001104,0.0005643103682076387
2015-10-27,-0.006352570391320236,-0.00668515652871016,-0.009459188764429227,0.00344820625899018,-0.04121083055651759,-0.00407710878391928,-0.01037618383543498,-0.0007033420516692322,-0.00255738586508774,-0.0009041949427194023
2015-10-28,0.04037843189558211,0.052268958947457284,0.03950599868326198,0.01061455087859366,0.02131470616171598,0.028807738563698504,0.005386463117069483,0.008055122197231035,0.011770488488143476,0.01294528756932929
2015-10-29,0.01050888592262171,-0.01105672669251448,-0.018830133986643998,-0.007521532854270065,-0.0019900738827569333,-0.0044371720901880555,-0.011551892375171208,-0.03514124461409218,-0.00044987538066072313,-0.004212396829623938
2015-10-30,-0.008582584598981821,-0.018305418251342218,-0.009173711418035387,-0.010001452787098537,-0.003349340295730513,-0.014831188001915994,-0.013585308071577222,0.024622426643905595,-0.004821481688425431,-0.004052134093246162
2015-11-02,0.013960905089379317,0.01654854922259993,0.012336873274300426,-0.0027770118649920856,0.002067861782076009,0.01987914969993454,0.01133345436691352,0.011564588433755546,0.011803876338814608,0.014419388229223845
2015-11-03,0.011405247950979736,0.0070092423375961955,0.006111446763034557,-0.005576716377816329,0.010699474704518033,0.0036550822785310984,0.016948598017370163,-0.006992952023788489,0.0027243529250675206,0.003500683238098253
2015-11-04,-0.00466114865436154,-0.009944422623534073,-0.0061114467630345925,-0.004905707343946329,-0.0017632445160499686,0.001063553983154541,0.004605927443831158,-0.016628933048377346,-0.003551666939647187,-0.000515163859744258
2015-11-05,-0.0046207355530318624,0.017483018089381575,0.005927061771222047,-0.0014057062874437453,-0.012361675413476617,0.008920033312224735,-0.00036749035164179966,-0.011481976770342123,-0.0011327897564983025,-0.002870387568255252
2015-11-06,0.00115727461430466,0.0363058307375207,0.03126931743843534,0.0007030540229799418,-0.002456709653574362,0.029950300592190386,0.009881078825961826,0.09380984871442556,-0.00034768178002366065,0.0037722957064239768
2015-11-09,-0.004055806921379431,-0.015156260901810686,-0.0028678640262466315,-0.009535937740649768,-0.021494744140855362,-0.015753242117876768,-0.01393501408761865,-0.004447565159036943,-0.009871290656502512,-0.010118849853096436
2015-11-10,-0.032024419762991224,0.009569637100562816,0.0016141565251021185,-0.007122295793177776,0.001181520141934163,0.004294016763955698,-0.012074364513948027,-0.01928692877015599,0.0015094551534496445,-0.0023696081970764615
2015-11-11,-0.005668072476984575,-0.005617873967084452,-0.016260495111907098,-0.00573471915666945,-0.00332697915210271,-0.004887584372862317,0.0026130501705265716,-0.009784937714643055,-0.003233307321568946,-0.003196022219108344
2015-11-12,-0.0033644891004139758,-0.021641152648548517,-0.026579498306515084,0.00035953238918638063,-0.014773120410509596,-0.020248281769943997,-0.006170041497850409,-0.003611774767272385,-0.014089163336632673,-0.012299465184743001
2015-11-13,-0.029643486692882925,-0.009835108767792856,-0.0054395515643912385,-0.05748981530904034,-0.00974402795381264,-0.006689085677899662,-0.009043146003402155,-0.0199344686377933,-0.011270640432155438,-0.015544560759690164
2015-11-16,0.016246366818179665,0.013283564682508619,0.009732773967940438,0.021887780027908706,0.014767581713771493,0.014386567288274976,0.01744744111810625,0.019934468637793325,0.014793302794234362,0.011448343827129764
2015-11-17,-0.004300792351848717,-0.0005740211060287175,-0.0037320689088140365,0.0007461746412415447,0.0008218625689835719,-0.005729478267960546,-0.008272435916342554,0.0,-0.0013402770182465746,0.0002808049099663019
2015-11-18,0.03117381931894298,0.023824418167477386,0.027474601790897432,0.011496522302186948,0.014835198356022532,0.01976383671797294,0.016476755931375184,0.024301929019584285,0.016033229877172244,0.017727971260069652
2015-11-19,0.012623525434495622,-0.008443813339907742,0.0014542330528655918,0.00917625153596083,0.006751210093325493,0.0031087817958391365,0.001670104385844149,0.0028959301244224933,-0.0011237403289792015,-0.00030743583601640655
2015-11-20,0.004368532079483689,-0.002263704437862424,-0.005646418372628282,0.0072804529355041,0.012788448067737278,-0.0017750175872938818,0.004623861345247834,0.008638822590015997,0.0038029552801494165,0.006146229613078286
2015-11-23,-0.013077757384423721,-0.010250842076582951,-0.008621503618308228,-0.00509085137572185,-0.0002885211454593315,-0.009820337265346408,0.0,-0.015086124574386565,-0.0012356238416840882,-0.00047807305994961957
2015-11-24,0.009550824787233972,0.0,-0.0018438682830293806,-0.005849946214358327,0.0010101735680277798,-0.0014963628326510907,0.001106917206869031,0.00805308509549345,0.0012212499449607925,6.468765196316936e-05
2015-11-25,-0.0071759151563680085,-0.001718414428794795,-0.001847560531469756,-0.00110076931118055,-0.004338284484462537,0.0011975109342629313,-0.01037636386315788,-0.0012843729849117572,-0.00012914061496715576,0.002608895323095157
2015-11-27,-0.0018655921980269032,0.0022905866064415422,0.0024007831433474377,0.0029325683732439075,0.003328110916434653,0.004625917741234801,0.004459948473928436,0.008317412463804998,0.0005934415594808398,0.0022218401080058682
2015-11-30,0.004150771397243525,-0.00286420938474227,-0.002215968762546027,-0.002565671130648668,0.006909083514923556,-0.007321958264007696,0.007757887971891895,0.01045813847367965,-0.004651800139618441,-0.0036830342289864365
2015-12-01,-0.00814801059591863,0.021567179919141248,0.014499650549496805,0.011674669658665513,0.013252911695207698,0.013851008362127491,0.015880591083021988,0.03195569152379811,0.01062393894673922,0.009282137687060984
2015-12-02,-0.009074559343595188,-0.007913742167559716,-0.013575709577481226,-0.004726303747689035,-0.011246234797465341,-0.014150983939308666,-0.00018109560831621228,-0.007663152596028605,-0.011056592639448921,-0.006438029202239512
2015-12-03,-0.009331490966967221,-0.018328329584689752,-0.011704761737232894,-0.01801864809211839,-0.005599134024614571,-0.012985284103005956,-0.018463139021315467,-0.0021560278614076076,-0.014477826444150087,-0.01686734961662725
2015-12-04,0.03270586953230826,0.02849173362330222,0.029099927470175632,0.019475320106078265,0.010811160101916956,0.03126913370671018,0.03106214949102984,0.039896263837732385,0.02031785636385123,0.02057878007337099
2015-12-07,-0.006321040192403357,-0.014714465894493227,-0.012604271890310364,0.00036369350100407894,-0.006286524430904011,-0.013196236545168041,-0.0017898108422656452,-0.01914475351169915,-0.007014043960397749,-0.007899229801642132
2015-12-08,-0.00042270246826707063,-0.02015594111991524,-0.018740935170519998,-0.01244522548741338,-0.010806995232596758,-0.0156440843264196,-0.000358629274619039,0.013499420876439282,-0.006511052625594547,-0.0006999621103756436
2015-12-09,-0.022322806577496846,-0.005249623053606801,-0.010922457897613006,-0.015590697183400878,-0.0104857181770288,-0.007609219125413385,-0.014625483440912041,-0.02565389781386755,-0.007769086365692726,-0.014893921286645023
2015-12-10,0.004745589020629193,0.005831015395360584,-0.0030343880553997367,0.0014955315891987525,0.0012435837918991696,0.0022887821779232873,0.005261232655775029,0.008220319641574231,0.0022488565785946774,0.004429827666043689
2015-12-11,-0.02607490799128403,-0.027705880791832702,-0.029686182335264644,-0.023050102124859632,-0.016289399816249956,-0.023751840429662566,-0.022135941095730055,-0.014969033938365994,-0.01961386775581532,-0.022388696513026583
2015-12-14,-0.006204267313917004,0.004175282030001168,-0.00019589394842688064,0.0125354924393104,0.010055321298090891,0.0031168612853532136,0.01978095379826657,0.0024593986387954204,0.0047442880640680245,0.0037953382710895073
2015-12-15,-0.01785048715669728,0.036240171224410894,0.02740977680910543,0.013498197771621333,0.013591058985371782,0.028075674844320747,0.0010873807686223283,0.012206479921661014,0.010562580105914385,0.008671477966132567
2015-12-16,0.007663660879680875,0.018766590108111266,0.025936196031190503,0.014421174327007975,0.01082718854772179,0.021403126854108834,0.016707467832472536,0.006047632163622677,0.014410635650771483,0.01505419513839498
2015-12-17,-0.02142437305068359,-0.025678881521338123,-0.01986184059920818,-0.019274428415755142,-0.018403363739591696,-0.018683842964641293,-0.007690210847167418,-0.015188588740119729,-0.015154776635876313,-0.013615905959056485
2015-12-18,-0.027442328807685594,-0.03171132349219978,-0.03133382372555416,-0.01698488745392511,-0.013620715447693612,-0.02877427051815437,-0.02859175659069983,-0.016355883966947673,-0.017957495007106937,-0.016013376618641068
2015-12-21,0.012186217966112125,0.012451503353949999,0.01126240571642845,0.013986368235743592,0.004437664949407519,0.01754692146943088,0.012848860429666209,0.023371134622638692,0.0077483067271562,0.009268130181899955
2015-12-22,-0.0009320498612742905,0.006461313722874299,0.0042391854083377424,0.009340723779335112,0.017775025917389893,0.0021336777099539837,0.009439443228806774,0.0009116444752880632,0.008778095591568889,0.006457363509095071
2015-12-23,0.01278733052624181,0.015107708828029389,0.011850009414224991,0.018788402668411516,0.004412492092283528,0.01586049926033748,0.008455674570929354,0.003940119043169115,0.012341596527553888,0.008922152126664282
2015-12-24,-0.005354358422159228,-0.004045201119857546,0.0015187261603292882,-0.0007299099750480862,-0.002095833367102854,-0.0019504421102493987,-0.002691080193437282,0.003321574565971662,-0.0015999154038633197,0.0005072225139466807
2015-12-28,-0.011263818246126078,-0.008139406254506347,-0.006280097296132777,-0.00256004178298584,-0.004639954505800712,-0.0033087433032267903,0.005016942983584534,-0.0009049715607682286,-0.002180936456306017,-0.0014866972396938064
2015-12-29,0.0178146467334319,0.008718870476160583,0.011389626921984178,0.016704021192704414,0.01564660150609282,0.010341172290650827,0.010667076299366076,0.016163458644485342,0.010573664173022947,0.013193642490866126
2015-12-30,-0.013144774485510394,-0.013400069698799442,-0.012918026775282369,-0.008680213597985159,-0.0031528951342941498,-0.007182585699087834,-0.004253341330631656,-0.008647888053098534,-0.007243398783778549,-0.008274219090457786
2015-12-31,-0.019381433049435296,-0.012987253040725105,-0.010571838401526973,-0.013531228281360412,-0.012420583704179217,-0.00844496575782518,-0.01484944593632833,-0.01296155273064049,-0.009456485041467845,-0.011603114699755264
2016-01-04,0.0008548025414474086,-0.024053746349267015,-0.0120532372786719,-0.020240835567142058,-0.012209457201370906,-0.03049579947426692,-0.012332121858724109,-0.01806276897893802,-0.015422041797805928,-0.02105325981816498
2016-01-05,-0.025378944079919693,0.0,-0.005294691681180219,-0.0045538836895191075,-0.000735815359834808,0.0017278482545258285,0.004551302581261543,0.015936491887290925,0.0020102041393599396,-0.00238085653063411
2016-01-06,-0.019763867110112222,-0.021533019391360413,-0.014656333585538646,-0.010707476719722978,-0.005018027808062595,-0.014541161224253123,-0.018332127597566226,-0.04222912603626484,-0.01320216300262602,-0.011446474948399683
2016-01-07,-0.043121097502133596,-0.03673602022892474,-0.05242825138435288,-0.023338552929720847,-0.01723730759534153,-0.04127987792668809,-0.03540204375341055,-0.04045202072039753,-0.023985816519344776,-0.030727177886918255
2016-01-08,0.00527390297673346,-0.019544601167491387,-0.03052850631194197,-0.025105730932714846,-0.009300949141101036,-0.022653917709803496,0.0030620410237979815,-0.021699928049825318,-0.010897537445847908,-0.009814714646046987
2016-01-11,0.016062499806606456,0.0072110084486553035,0.015487815897597668,0.019580999496554983,0.012082233099218466,-0.001528563295958787,-0.0005732359215112823,0.0016856399987893358,0.0008529082958226729,-0.001215229466481054
2016-01-12,0.014409056766438782,0.0,0.0006396402384937792,0.0031609753448565863,-0.0024802314069166847,0.0022072699851285694,0.009135974176761999,0.01670615920522114,0.00777251411777486,0.010281117874848388
2016-01-13,-0.026046831759800285,-0.027145067539197872,-0.03671540014254649,-0.03003250319479403,-0.013102633652006708,-0.027860786269005858,-0.021835852149536004,-0.03095791490072242,-0.025282375077909022,-0.03471043432965842
2016-01-14,0.021634948745597526,0.0060220037223818424,0.004195896370282813,0.002436157047779382,0.013178068653185498,0.014886871323807113,0.028068832049822415,-0.02037001184306892,0.016558060934383972,0.019460051146634988
2016-01-15,-0.024307781487020712,-0.03599704194763406,-0.06627342340389179,-0.04308880561958312,-0.02190696197382124,-0.020132682426937047,-0.04073543855921384,-0.05594914904006109,-0.021835772698162375,-0.02781113863122749
2016-01-19,-0.004850622423586341,-0.015331374866716176,-0.012558183804643578,0.009690411649932456,-0.014876208609397529,-0.0005259043162665933,-0.00846913628673951,0.008082784780763106,0.0005316801874288286,-0.0025586746938705243
2016-01-20,0.0013439388924612972,-0.03938912913735567,-0.03518445428035428,-0.04064726910789178,-0.05001640830804234,-0.026663704475713035,0.004538801263807739,0.005473453341416806,-0.011762766025898373,-0.0011756544976131913
2016-01-21,-0.005075205216553536,-0.02440070665403276,-0.008432979366669537,0.0,0.008579455230770448,-0.004694559077256363,-0.006122205306273212,0.011577453424188686,0.005181988635948063,8.27655486147231e-05
2016-01-22,0.05180205034483887,0.014859355038483377,0.02241208168560851,0.02031589407508175,-0.003341370998277767,0.030305096196771773,0.03522773364647256,0.02311234156013322,0.02008072688221347,0.026287944248924108
2016-01-25,-0.01971610923826038,-0.045256872706542446,-0.037468737974093794,-0.008594313950715115,-0.003434187477398981,-0.022911810301556174,-0.009608136278375172,-0.0010551900424211045,-0.015761545172821467,-0.015959190825839804
2016-01-26,0.005515539417718229,0.026648010855939906,0.023736027369488155,0.023459851990020146,0.004169085940399186,0.02519203843633475,0.007310622340986533,0.009804129014211663,0.014045237830367907,0.010825291855182485
2016-01-27,-0.05763947971348608,0.0037495068121191507,0.0014805737485115735,-0.012300992214292901,-0.013385918254786161,-0.0007011564623143867,-0.018377240390539874,-0.011917682728628408,-0.010922922300528425,-0.02202429961686028
2016-01-28,0.007146563174686979,0.012644195189842252,-0.0029669777548239967,-0.013751882577902304,0.010362973524509402,0.0041987955330967715,0.01626652477555657,-0.01099092127262709,0.005513350717591524,0.00858186818468703
2016-01-29,0.03395795226894885,0.04409828039646719,0.05280265641133082,0.028999931668204828,0.020809628951662478,0.03802478186632092,0.05657157409898836,0.04325770578364768,0.024458650994556432,0.023523585912589934
2016-02-01,-0.00939271873462544,-0.012811532974604052,-0.002351125694828524,-0.013116402266047798,0.00032051802960490506,-0.01081452604986987,-0.0069219427124835,0.0003411538608172941,-0.00044333484554180534,0.0013904483908008852
2016-02-02,-0.02042889253616401,-0.05370903888215404,-0.04970919955421893,-0.02807351343222118,-0.015256252660818738,-0.03158443928811614,-0.031754640492730905,-0.043242714284560536,-0.01892096871823143,-0.022637783272873736
2016-02-03,0.019599046375844732,-0.01523255962690846,-0.001484894700415824,0.011757083956328782,0.014374679881157778,0.006641464298180714,-0.015975875376754056,0.004977187161221946,0.0049796200215740235,-0.0028178031372544394
2016-02-04,0.00800318022685353,0.016743049713670816,0.010597393915070207,0.018868532767506413,0.023220902942258058,0.017097137918588245,-0.0030719512211363578,0.00035477166522001225,0.0015255682925234377,0.001180373352750572
2016-02-05,-0.027071322597041165,-0.022902049336456717,-0.02306334048298427,-0.02800083327472861,0.007181375866938993,-0.01119246468316603,-0.03602634838789986,-0.06517705614872725,-0.018654158276351848,-0.033007587798383045
2016-02-08,0.010474590047702344,-0.053938098932767624,-0.05279982165792974,0.0017459980812718132,-0.0022812820048429554,-0.021174766897465343,-0.015064996513262372,-0.04686253127706542,-0.014255057923057347,-0.018363218767761057
2016-02-09,-0.00021064755122479178,-0.005721773559906209,-0.007965932529996497,-0.012286378812314444,-0.023183497374664307,-0.0060319536025659265,-0.0026343905250679513,0.010649074141265676,-0.0006638406467602255,-0.003505462171017437
2016-02-10,-0.007608366456690403,-0.018197043208823264,-0.0026696814258362856,-0.006200033826832911,-0.03177263408730856,-0.012173447836120285,0.008687897236551466,-0.002356883113012612,-0.00018896813076091644,0.003468074544767209
2016-02-11,-0.006065079493986329,-0.07090241452741888,-0.06716132368127016,0.05278815766329435,-0.019660969967650627,-0.045131596601880555,-0.00040229400573761837,-0.005125055893898719,-0.012377447329256216,-0.003917936767749156
2016-02-12,0.0030903670834622056,0.06839524006360836,0.07063058345777568,0.017272824834791232,0.026708551243545674,0.059985415773635836,0.016169636578862362,0.01685374165133305,0.01933001520704595,0.016426926898683206
2016-02-16,0.02780425408071882,0.024794662712845892,0.03532978123663744,0.028657547243233796,0.013947187152900942,0.014848143406279355,0.018769672277717253,0.0478083558203091,0.016381737741684915,0.022443646797676027
2016-02-17,0.015198494377906371,0.02499127904669479,0.022627073196469394,0.02371041076032901,0.027007037328793716,0.0071723521365961405,0.02569919107677766,0.02452076828442709,0.016346110625641338,0.021873754759793362
2016-02-18,-0.019138536312861394,-0.025807991385974113,-0.02185579035405424,-0.0011342806055734175,0.04754936920910198,-0.016469767151713798,-0.004397325765475266,0.08254270517870207,-0.004676632123934705,-0.010313122140480939
2016-02-19,-0.0022878321837415017,-0.00902783974263019,0.0017967333573020844,0.0045296194001198465,0.0047450847038794965,0.00017276152664598535,-0.00711448979988323,0.013227592120662686,-2.60332818018429e-05,0.0037567198687986944
2016-02-22,0.008708447624542348,0.03324191159384192,0.013501520564331907,0.0030087136456882486,0.005171480016804812,0.01288802300312489,0.01588988948270793,0.03486494322881333,0.014350731099076084,0.014585249301074063
2016-02-23,-0.022864928838787643,-0.03077130272569919,-0.03344736079994638,-0.01933731951757596,-0.010294143983778623,-0.042730345905766534,-0.02831733011447754,0.002534601132229563,-0.01253257757078849,-0.014773991905669753
2016-02-24,0.014780946743786634,-0.002470608868142745,-0.0034071597016361132,0.007628156741165445,0.003016649774210569,0.00035625283500859085,0.0035106048143767736,0.006937901100211417,0.0044299600346319485,0.008629053245707105
2016-02-25,0.006844464497495573,0.015542450720105254,0.01381827121715461,0.01058202913862605,0.012719833336172581,0.01537824266956585,0.014305312012166994,0.0021975449083041273,0.011284366730450844,0.008677568126167793
2016-02-26,0.0015489613724011708,0.030378163621901867,0.022530108008187427,-0.007168562020716713,-0.01853515773794888,0.009253522571572581,-0.015473834233857975,-0.0066068667081905594,-0.0018718653295646535,0.0018031873821418116
2016-02-29,-0.0022728179050775284,-0.014274687578077512,-0.01659221266155807,-0.008746871821217665,-0.007602728716160418,-0.021785589845386238,-0.008221016216459754,-0.006515779354832734,-0.008154131091571704,-0.007109458255860044
2016-03-01,0.03894606793210541,0.05213167882748047,0.06042756791149156,0.024524984256132216,0.025170821738517195,0.05022674046259043,0.03286602119793155,0.0433700695021576,0.023588385401618943,0.028474307907781455
2016-03-02,0.0021863479488033956,0.020339635989642526,0.022758285575293608,0.0026055054848955336,0.014261182548413905,0.009415024559631708,0.007012097515083095,0.005784410775955234,0.0040859498611017005,0.0029425752658630484
2016-03-03,0.0074164501043734975,0.006688854401440393,0.014344508628768462,-0.0011159109597439084,0.01094478011383703,0.0033412131242800194,-0.0113961779920367,-0.008842589629253217,0.003492634320316937,0.0008500835860122266
2016-03-04,0.014767448847053222,0.0029585231663153883,0.0,-0.0026085155833577055,0.0,0.0014996943383095856,-0.006131468793717685,-0.0030677097869331953,0.0033004398659416986,0.0020372777663968103
2016-03-07,-0.011128651087768235,-0.000738810615709377,-0.005149577609729802,0.01260716643779538,0.01691023768506854,-0.0018334141149890916,-0.019406770031490925,-0.006472413842352095,0.0008846228008639487,-0.0018609593240473826
2016-03-08,-0.008279935957028178,-0.03535515207225326,-0.0372981559987203,-0.0033219804123939783,-0.0077361424177872055,-0.019542333041759584,0.012076613573466063,-0.018412372648265646,-0.011303756056006186,-0.012702902949720318
2016-03-09,0.0008903568261758955,0.006107040128970304,0.002433367287890864,0.020491150180790205,0.009589683255806548,0.005767788507778321,0.022778252328401277,-0.0006297661794232799,0.00503967278281425,0.005483122411772973
2016-03-10,0.0004944577373345111,0.00984481759542261,0.0053316722871129,-0.008365114280927443,-0.0015682375686631145,-0.008663863986511037,-0.015063624388894605,-0.0015772300322438523,0.00015579279712262694,-0.002617614981298026
2016-03-11,0.010716273040339399,0.03843751590044449,0.038411952399000984,0.017378934242919232,0.015360408804958342,0.012377885538739662,0.019406892257587956,0.01690163713628605,0.016262545588851488,0.018343612567710766
2016-03-14,0.0025392096488354356,-0.010936733365066323,-0.007471812180905434,-0.005759390558223054,0.002946030029294269,-0.003714021552228562,0.0018825377901841242,0.0024801990010960306,-0.0012617686166117468,0.0003810123088598002
2016-03-15,0.019894484956664505,-0.00514542702154831,-0.0018770566116130306,-0.0014452102627971843,0.0012600300961680745,0.0013520266267490354,0.007868331513655652,-0.004966033772444049,-0.0018386309343179589,-0.004559555939723083
2016-03-16,0.013203622066403953,-0.01934554227279784,-0.00848791669723928,0.007922092842150005,0.0127193065518423,-0.004740878189544148,0.014081972549334763,0.029431850399049494,0.005584727881779697,0.0074374368313127655
2016-03-17,-0.0016053255823324992,0.006738760324441909,0.014574505797860684,0.011057874892799401,0.015420029321613083,-0.0028893548306222275,0.005687699525000112,-0.008495015323229655,0.006573583068596323,0.0023105294318995265
2016-03-18,0.0011335086767268493,0.02868894233497048,0.015974491110948345,0.0049542469087688655,0.00034015855810522677,0.029021504563154832,-0.02163744176767564,0.029718320297768764,0.004395967251026178,0.004317307884006706
2016-03-21,-9.454928173461549e-05,0.0036193594405840904,0.0013770500453017293,-0.00495424690876879,0.010415645270195228,-0.0003307670928594496,0.006893214144232677,0.0029534821905476054,0.0009850919042923014,0.0027529169945064154
2016-03-22,0.007618852651508252,-0.00579726234724285,-0.005058520759025088,0.0031874854031694387,-0.003572291487044944,-0.003645344292827887,0.0038913020417592585,-0.00177089831478082,-0.0008777728967722512,0.002656145865066571
2016-03-23,-0.005543610594635028,-0.010226328128119272,-0.02355834325467071,-0.016040196868241662,-0.018399247382825275,-0.004992642250068913,-0.001851093435459207,0.016989028172552382,-0.00640650953066712,-0.01101104556016765
2016-03-24,-0.0043438402019548,0.004395523681608326,-0.010200558920840729,0.004660226572191843,0.017385720767710305,-0.007703925332408408,0.004437201701001412,0.001451486163655021,-0.0003781417793768198,0.0009725344990047201
2016-03-28,-0.004552854796975177,-0.0043955236816084625,-0.0004768677905797493,-0.0021481323990999762,0.0030370085699312215,-0.0013457421210432256,-0.012436222383575272,0.010099457504635603,0.000545106888072358,-0.0014066578723361705
2016-03-29,0.023395791777195172,-0.014793049069746949,-0.004782214770930952,0.007142753986675892,0.006247276282843039,-0.006248435013887114,0.021617132341756145,0.01595021699994075,0.00877801205423741,0.016608448375786084
2016-03-30,0.017308201094602405,0.004460795608849523,0.003827919441622534,0.012730000301609543,-0.006179743433837749,0.01145372654141704,0.00619526843559732,0.01040064464133095,0.0043408799935662195,0.004666564974423809
2016-03-31,-0.005215973360625571,0.0029629060826595753,-0.0031093682660554385,0.0003513844110672348,0.02027680679687537,-0.008240251412804867,0.003264764010184061,-0.003641907571292346,-0.0020418423596207116,0.00011501191819908964
2016-04-01,0.009133340647350444,0.002954329557578659,0.017098980864384144,0.007697567258153372,0.007039974299433605,0.010916232813983366,0.006137037775837053,0.01448885410900299,0.006310959066599757,0.009135010267731267
2016-04-04,0.010221259208766723,-0.0036944104835713782,-0.009700722343333608,-0.01025265154737122,-0.0029547687810036138,-0.003877632599701325,-0.0025222668732125275,-0.009729017526777942,-0.003213480045854618,-0.0046378721314822985
2016-04-05,-0.01185928822487595,-0.023970978370430076,-0.013162790211332438,-0.02010105596767625,-0.013705546178410187,-0.014290830048683766,-0.01582014923238354,-0.0013976577883358606,-0.01019629841179453,-0.009833882979920184
2016-04-06,0.01041821937259997,0.006047121808994095,0.008395795259528254,0.015113798269538984,0.0001330495868634779,0.007681076327730051,0.010211524752410836,0.0013976577883357932,0.01045279793201316,0.015728493913449985
2016-04-07,-0.022050876683881136,-0.032162028658354186,-0.03872325286073596,-0.014389045984257753,-0.011868525372099644,-0.02566209221479847,-0.012045978076045197,-0.010388963382576485,-0.012048073970004866,-0.014812314764514955
2016-04-08,0.0011047549397256975,0.002331676632548765,0.004953852574388739,0.0032555997101701437,0.007392563462417412,0.007300490366350186,-0.0007347246290468684,0.006470560969958765,0.002782702604616504,0.00047836063473630187
2016-04-11,0.003307811263557621,0.006963507915276353,0.01593360952656463,-0.0025310920296514224,-0.0006696409794444461,0.007935146169871694,-0.0020234006175992234,0.006150653988242397,-0.0027435458896039448,-0.003570817229743326
2016-04-12,0.012940805313432308,0.022866844110528826,0.018791464317406862,0.0007237964305668024,0.0025427443372079825,0.018386737565957045,0.006240912973178751,-0.0011155709345065689,0.009615753881389974,0.007972837510671281
2016-04-13,0.014383587609330896,0.03843751590044449,0.054569481803327644,0.02112113323965301,0.010636150694632448,0.041469436292238634,0.012727332783126932,0.02480154836554761,0.009990069768557895,0.015343241717122319
2016-04-14,0.0005354623586552563,0.025064069108483807,0.016362600544678023,0.000708436162576715,-0.00046287366047051605,0.012864110162677385,0.00018068421440543692,0.0027181303754468173,0.00017291243013242585,-0.0003092564893614197
2016-04-15,-0.020275431990390048,-0.00995038751030727,-0.0013350025232680537,-0.012466933281459156,0.0036977299798502867,-0.011570315206133193,0.0052248323153022335,0.007841007331269826,-0.000984769576145959,-0.0015519704134578382
2016-04-18,-0.0218111622368404,0.01206982287672124,0.00422100873258588,0.010340666595286412,0.00532482557055672,0.006444624133430124,0.014450042639513896,-0.004318440758409209,0.006519725613797989,0.0044047910372524675
2016-04-19,-0.005317262473821595,0.019567138829930584,0.011461335830065702,0.004954001220190463,-0.057472014218431317,0.016721280628210645,-0.0012402662321356565,-0.018013592679508684,0.0030797379028665328,-0.003977630522650901
2016-04-20,0.0020553785651701625,0.032678442135120916,0.024034769539679205,0.0038752722926275406,0.014546381332594338,0.014425005443697896,-0.014288872936394772,0.003848057295316733,0.0007612550492345003,0.0015775573417737738
2016-04-21,-0.010886798050554848,-0.002011358286753568,-0.00299954357026056,-0.007057299236333884,0.021597867678405682,-0.01001271419660058,0.003412191279082493,-0.0010977148194265972,-0.005207562857292034,-0.00045274744291748994
2016-04-22,-0.0027404396147961076,0.013995442772929,0.00790872301773869,-0.0031917262301715266,-0.005372353430039134,0.0058005705999619045,-0.05065529907280218,-0.003852762295354893,4.785857954074228e-05,-0.008051134174468653
2016-04-25,-0.005693454070657672,-0.009976843569955342,-0.005979593713511351,0.0028375824772834163,0.002084977039193771,-0.005800570599961912,0.006352767791902538,0.004950477114781504,-0.0018136896207629953,-0.0021301620141825606
2016-04-26,-0.006971480924180177,0.008652287256420078,0.008742839355783016,0.007763062889196927,0.0018129156396034735,0.005175274091062735,-0.012940821619992032,0.0008229137062841627,0.0018710001742369307,-0.0015352006917815366
2016-04-27,-0.05763947971348608,-0.004649852185800078,0.004871749507334642,0.006656312789903591,0.009280599029505145,0.002811614331072608,-0.00976764801702738,0.022497218749430517,0.0016479941117468401,-0.005156111486265541
2016-04-28,-0.031043348106849774,-0.015430982981953969,-0.011701066880706542,-0.024029805619771877,-0.022855082006329852,-0.007986888422135555,-0.020627338529730248,-0.030202167438627827,-0.00927363606156167,-0.011966945405786855
2016-04-29,-0.011560863745323101,-0.01567332784934323,-0.009676708868102943,-0.01695236490543193,-0.007712593527124942,-0.006309192968329796,-0.0006014028763013,-0.018681691779363803,-0.005075949230557177,-0.006248067397302258
2016-05-02,-0.0010673347181059253,0.014319850995656922,0.008606315271515803,-0.004374826178960265,-0.004602054409909556,0.009291986751892143,0.014729500510820625,0.013141311258585356,0.007779606697244105,0.008804435456671821
2016-05-03,0.016311945520587286,-0.02815121873971709,-0.02406694877438443,-0.01880934448841827,-0.00787815109928724,-0.019469912097849682,-0.016535882302286184,-0.012016423787271616,-0.008714499388395887,-0.011349815354398132
2016-05-04,-0.010455518014794142,-0.01614654801394099,-0.02017059831021843,-0.01575995715540783,0.0008318774685182249,-0.015951787486351784,0.00180638179146534,-0.023035118040182493,-0.00595458270547255,-0.007920924793264165
2016-05-05,-0.004066996164632584,-0.00567768768483069,-0.009674935853040285,-0.008737123246373189,0.01527289370614508,-0.005373772778709417,0.0014023051656946476,0.006023227154968369,-0.00023903669279415213,-0.0018109795203852315
2016-05-06,-0.005592878975262635,0.004261454526070728,0.00406113511948525,0.012135117749295567,0.015186904214995977,0.005861037610234531,0.008971098235166739,0.010241850907640423,0.0031696105535526063,0.004034662866140923
2016-05-09,0.0007547866893700767,-0.00854114679384396,-0.011778085503724727,-0.0007542857300316808,0.0003396264076378188,-0.00635149266812916,-0.0063708948083367085,-0.001415918808291938,0.0007532133076099479,0.0029621055865979673
2016-05-10,0.006766578925972603,0.02191681857788975,0.021414342409773697,0.019425517271478537,0.017692459430628846,0.013468947256771733,0.018795669397810338,0.019090464290658495,0.012406365236037333,0.01248329204531247
2016-05-11,-0.009788606525434524,-0.007017684540194742,-0.00828620201966735,-0.012283733740894464,-0.006824737866153628,-0.0037141183572420417,0.0005876808625408945,0.0027770753581942862,-0.009607522877868724,-0.010279508004299562
2016-05-12,-0.023736493781106448,-0.004234219814098248,-0.010624554964036297,-0.0011243359255497358,-0.000738712176274224,-0.0006474772618376131,0.008970571257761068,-0.0136815808629871,-0.00016947926796424465,-0.004918901062255732
2016-05-13,0.0019905167062038206,-0.01855867614611727,-0.02043521532874929,-0.005263161875002687,-0.007552989711060599,-0.009270564811821591,-0.008382810265565465,0.09380984871442556,-0.008514434161752484,-0.0041565117554259534
2016-05-16,0.036446246788072394,0.003595846813197869,0.0009274729903096549,0.016448888939260838,0.011710095672625771,0.007488362358494872,0.014575984829760726,0.02909858909609993,0.009748976389612767,0.012173105595842025
2016-05-17,-0.004162709348132019,0.0057267143946563735,0.012665680887971723,-0.011936245464344516,-0.009816738977123185,0.0,-0.018827929804953205,0.0021314710210147032,-0.009455863552162807,-0.01258657120541064
2016-05-18,0.011380008337720128,0.04739543003412848,0.04846295112585468,0.002623194867663161,-0.004469376372643184,0.03787246690579093,0.0059221309612460405,0.025223609607469354,0.00020515768640127935,0.004947764204348395
2016-05-19,-0.0038140672083817185,-0.010951539885254808,-0.01781627852394562,0.031316186580312044,-0.016492132149004256,-0.010201717354289316,-0.009690760901994163,0.004371799003414685,-0.0037135945227206248,-0.005626615978684536
2016-05-20,0.010769462992982964,-0.0006885368198372168,-0.003557081450863919,0.014404220840269532,0.01588108370633768,0.001891064472723184,0.005943998880719107,0.017751971065199934,0.006001459222804671,0.012029196532226031
2016-05-23,0.012627327498504296,-0.003449317541466246,0.0046660510572401415,-0.0010730726512115456,-0.0032653010821220682,-0.0007875416576137632,-0.01172387218526776,0.0015780340973898588,-0.0020876365681016884,-0.0007928975154521239
2016-05-24,0.015129508325093377,0.014408196474927769,0.016489533787537175,0.018791505775644403,0.010438277041752212,0.016875502355327546,0.030704984237059522,0.02398417221870985,0.013588637533990108,0.01979536095162359
2016-05-25,0.017416324983745533,0.016216655225237075,0.023276858489943004,0.015682574603302368,0.02253420528947601,0.01507006111028986,0.010221018534739282,-0.0041971803149624355,0.006950529651583447,0.006935298570664997
2016-05-26,0.007898551826782686,-0.014854804737950669,-0.01784040794582954,-0.000692285789929793,0.0049320060538447456,-0.007506833827741383,-0.004422919972420404,0.010570465746161778,-0.0002104660499285901,0.0014045366142703094
2016-05-27,-0.0005975418829574455,0.012170292579882268,0.010141720816334158,0.0006922857899298032,0.0026204802367661103,0.0061322673442873905,0.008252727146702566,0.0054615165235353084,0.004277694939439437,0.006452306950036499
2016-05-31,-0.00489474886126944,-0.006066551055051582,-0.00021489721725613276,0.004485104313523073,0.005871448107523758,-0.002448365721514707,0.012913298641070608,0.017706996646659156,-0.0010057686205899895,0.0029448447844467093
2016-06-01,-0.014119036687970868,0.008107876692876725,0.007913584346751582,-0.005177390103452986,-0.008032876130784622,0.006414503198306444,-0.002834336634047642,0.001924901788754318,0.001134398653926189,0.000848498661122494
2016-06-02,-0.007543962366062469,0.005369437571558385,0.0006389263974711988,0.00620965923424124,0.006470555920233498,0.0018249886272188659,-0.007025444567950293,0.007024756423264952,0.002820696166986195,0.0038513982646103694
2016-06-03,0.0020445042524055404,-0.03542605492818372,-0.034216988278467565,0.001717700257883036,-0.00398183216785277,-0.017938560695972574,-0.013235183418900412,-0.014099837074018864,-0.002916062236694851,-0.00581809048398313
2016-06-06,0.007224628970233159,0.0069107653034911724,0.007681270776024754,-0.0010302305848099175,-0.0010468030872355317,0.009852486679444694,0.0065438137898354105,-0.005177050899884392,0.004885328519363624,0.0052849146706565615
2016-06-07,0.004047309840495511,-0.011777058154585227,-0.0043821670908589325,-0.001031559354918189,0.003920625098143188,-0.0033758976154111935,-0.0005758927137608883,0.0019449692320920617,0.001288615629197613,-0.0014017401217061942
2016-06-08,-0.0009090715036860341,0.005559406869822942,0.00043946589672473976,0.002404993926317838,0.004359844813739758,0.0029163363655255433,-0.001152532610346638,-0.003243509588119731,0.0033041019719547236,0.002594532576182138
2016-06-09,0.007150161098379634,-0.016771725700763955,-0.012146299027532724,0.0,-0.0037732562746232603,-0.007692738217954322,-0.008103047662229666,0.02565388809376485,-0.0017192355978938075,-0.003225533814921624
2016-06-10,-0.00826240020978977,-0.02569748922686447,-0.024970218309958468,-0.003782093408659442,-0.006867608643810034,-0.014153774494193099,-0.0027157566512361693,-0.025220362744797387,-0.009217532410166119,-0.013005198540335383
2016-06-13,-0.01519158852495586,-0.01677041223720422,-0.016999658857860037,-0.006566149730571196,-0.007178890957213965,-0.008968538635659893,-0.026374425026359675,0.012689791528112811,-0.008148298789709478,-0.009465309671663577
2016-06-14,0.0012320781754818337,-0.025317610270168885,-0.028197729438845482,0.0041521207651160665,-0.0014559119066901909,-0.018987330656247595,-0.006202021266299881,0.0019211942726648531,-0.0018005050719719037,-0.0010091090192682806
2016-06-15,-0.003288518681393795,0.006015029321171701,0.001190912498324223,-0.010762030214465992,-0.0025182686501300823,-0.0017736964247236891,-0.0028135372433890013,0.010187164194981101,-0.0018424090638101951,-0.0017811952295341933
2016-06-16,0.004211732441463635,-0.002251263915781238,0.00261498920119388,0.007649691091427745,0.002518268650130082,0.004026260501634452,0.013989530701237712,0.004003483977745069,0.0031280931110455722,0.002064029822674692
2016-06-17,-0.0230204366217284,0.006738643992295699,0.008510367151467685,0.0027670016324198225,0.006138132662364548,0.0009639590740838272,-0.0051736325114879874,-0.0176093892045597,-0.003263284144608922,-0.00924400102452651
2016-06-20,-0.0024159025313040287,0.010393606240754664,0.007505325229470781,-0.005194962185314308,0.01060199456586924,0.001444278368150614,-0.0011973348654439248,0.017819929998127263,0.0057913827784231015,0.007651383974256576
2016-06-21,0.008481482889869446,0.0058910089403475955,0.0027997679447314917,-0.0010420414985841619,0.002860135314170109,0.009255986923565463,0.022121985403959543,-0.006116345569308248,0.002708390604209703,0.001353130083425156
2016-06-22,-0.0037605431758912116,-0.000734437257032728,-0.005607577458470289,-0.0017395717633464404,-0.007362157476742596,-0.0038198507251551886,-0.0039145990672634435,-0.0008467761779320398,-0.00165292899657585,-0.0021576644812310555
2016-06-23,0.005739585113894812,0.031105666749209303,0.040859447715882055,0.01725961165267208,0.01576563016120136,0.021143282082821284,0.01788204607495279,0.02632880072170148,0.013275567071955107,0.015748530603105618
2016-06-24,-0.028497905026301455,-0.07315236997895466,-0.07223828041646976,-0.0516174906121627,-0.057472014218431317,-0.056302565641421366,-0.04089445849256556,-0.05860359775186026,-0.03658079280558263,-0.04202315921628902
2016-06-27,-0.014667951104651276,-0.0651543859869025,-0.04621272970027036,-0.01598292101654782,-0.021304294056146846,-0.03395937814571806,-0.02849735675092104,-0.010772740364624445,-0.018262246511702756,-0.024412073124153194
2016-06-28,0.01670003353167081,0.041806938262160684,0.04968053402951905,0.01742349486355844,0.015214541773893205,0.032616189548126916,0.020640034106451745,0.014483732497237032,0.01761412160408792,0.020984384621285067
2016-06-29,0.008617469500755922,0.037857129131023466,0.040703493593488155,0.016771249193306616,0.01876580055807468,0.027834739636687453,0.02200564521307552,0.016207412352560537,0.016889242971253916,0.018452381777753345
2016-06-30,0.01263211900695936,0.006046585246781982,0.006389904708450309,0.015100930426973348,0.022116658220831236,0.015242872392136012,0.01238811180939969,0.007687711231122043,0.013473863149466128,0.013182574956962055
2016-07-01,0.003028823281371028,-0.012893700398701366,-0.0052036964517999515,0.003826738754130449,0.003748477163488837,-0.0065083763089239955,-0.00019521927044003365,-0.007473317399673444,0.0019467062930320223,0.004100863194015816
2016-07-05,-0.009430466408035512,-0.027865557928085368,-0.03351715224624713,-0.00738516268502131,-0.004407485880103178,-0.028311006648964295,0.0001952192704400663,0.014679973795566263,-0.006871028985598719,-0.008191681937534086
2016-07-06,0.005668962685145779,0.009375122926360939,0.006842971932378098,0.013672320148661508,0.004538424443295912,0.010690055285979425,0.004095528313140949,0.006315368430882955,0.0053386870582759595,0.0074902289830894656
2016-07-07,0.004282737502969194,0.011596846226689739,0.005585678275191239,0.0006961194936392335,0.0015086131301249037,0.006458861595617897,0.0,0.025690830882813386,-0.0008719578867330009,0.003625713984213417
2016-07-08,0.00768330375117908,0.012222988291786288,0.0165729150299939,0.017931518650945173,0.012114792205825712,0.020423496842925517,0.01774726057156288,0.039306988633621164,0.0151381865659924,0.016260924593800852
2016-07-11,0.0030984587409062974,0.003032590038648205,0.00735754996296527,0.005793329919960902,0.005617022333424938,0.0070912974327560115,0.005529699436172877,0.02274796314544612,0.0034028193119982385,0.006411100730562091
2016-07-12,0.004526777700955906,0.024674090719659907,0.026830023020822432,0.006097603373152836,0.010948729281984253,0.014824260468498005,0.011720381436828863,0.014883002924101761,0.006984842307345719,0.0068281390389143765
2016-07-13,-0.005661594728055742,-0.0074127242783731135,-0.0025355456218225936,0.004716788300934495,0.006220829482189181,-0.0006331094887760104,0.005622067771757646,-0.0003787716936290928,0.00013475867498170382,-0.003408241595436939
2016-07-14,0.01962628429208824,0.015504076043940634,0.025519652332879925,0.0003363705257008652,0.014200902869828832,0.015085392600853021,0.004289464184117834,0.010178910477121274,0.005245422801696999,0.005643574857110462
2016-07-15,-0.00010118416438295644,0.0007325475080574252,-0.0027035003189126625,0.002013792493451771,-0.003124602083555872,0.0009353428165695493,-0.0007449422881727976,-0.011695710376994848,-0.0009293790598711438,-0.0008883884437818029
2016-07-18,0.010573527378199051,0.032411980968727896,0.005399711425810246,0.00301370376132683,0.0005008233658844821,-0.003433850175971544,0.004829955939899529,0.005110177806543791,0.0023794618218687365,0.00519366195603866
2016-07-19,0.00040083925888303345,0.010574476240918448,-0.0049481367123780946,0.0003342295446090742,-0.001753372632535467,-0.0015648107625221737,-0.016254366591310843,0.010329767570339906,-0.0014362045004153862,-0.0038464929847230544
2016-07-20,0.0009006098088924179,0.009769501081578542,0.002701702825192073,0.02345291076838772,0.011092708034687062,0.0010955241560427786,0.05175479118428173,0.012994389642050155,0.004261208315763991,0.010578504786948854
2016-07-21,-0.005316091288052116,-0.009068696397328217,-0.0076752616574838305,-0.0016338891981337285,-0.0056555662328444415,-0.0037610015495648545,-0.001969340302840695,-0.018615875480266126,-0.003619069856524976,-0.00315437912798466
2016-07-22,-0.007774318998453777,0.007679427841123628,0.0038454591598732846,0.004242238758188779,0.01004556104721778,0.0054804378352017605,0.01370485504472859,0.026881189905226546,0.004543626789510244,0.00516220900429856
2016-07-25,-0.013469912332435986,-0.0006960221489352837,-0.005886440685423044,0.0026017298714616018,0.003572602776450776,-0.002658361398284257,0.002824511553846035,0.018306057097607322,-0.0030160187399297005,-0.0004962395734236541
2016-07-26,-0.00690687492910481,0.011072730462513315,0.002494835523743606,0.0029187328558168135,-0.0032640933575127638,0.004062375097526369,0.0005284476005618811,0.016917657896968606,0.0003227321607194127,0.002433447832242736
2016-07-27,0.060423278532773524,0.006858708579237992,0.003165646534149257,-0.003893650837145754,-0.0017900967775408474,0.003113877962284585,-0.010092947694122079,-0.01011631559499688,-0.001199260946808637,0.0058069745209869406
2016-07-28,0.01341144317967075,0.0034116721011577915,-0.0011337002410044608,-0.007832996729892325,-0.0028464414873852002,-0.0035817662670731224,0.00035591953830412714,0.0021382127289801276,0.001604920448092453,0.002947108740875199
2016-07-29,-0.001246863017471106,-0.013026843546189378,-0.0061440797458517165,0.00032755043752763616,-0.00465858868107965,-0.0020301524850966164,0.008326706024070213,0.016243386937744898,0.0016299801176578648,0.0013860283709532504
2016-08-01,0.01750288063725168,-0.01110388024549333,-0.008941843817029175,0.006529576918360101,0.0051541782445558414,-0.002660578479775522,-0.0017658568331118624,-0.006501144992866763,-0.0012705941474910585,0.004266313912137412
2016-08-02,-0.014915033955793803,-0.014054986878953969,-0.009952620564793265,-0.0035857729055155316,-0.005403449233861782,-0.0023539916505088423,0.0,-0.012237716700635596,-0.006381940812667669,-0.00900423235208438
2016-08-03,0.01246019457826863,0.024468130503246407,0.02071902699717702,0.00326043785394495,0.000560564925873439,0.01574340548475933,0.006869406960214271,0.002673503430095351,0.0031290427160710972,0.004274892175701501
2016-08-04,0.006158581048950487,0.0,-0.0011400199326715157,0.0026009669917231954,0.005462026074228143,-0.0015480101120955846,0.007345034549594701,0.018339290365036943,0.00021254929948908707,0.0012608507929310444
2016-08-05,0.015092789005548156,0.038609725524541685,0.04198923373726565,0.007761731654187839,0.011998309561343193,0.026595039592442575,0.009883022917977019,0.016807261344836472,0.00856669728938006,0.010564873868038848
2016-08-08,0.00824632346259074,0.005301435443938238,0.0052357396698393165,-0.0009668973008132656,-0.0003700486618028831,-0.003021213669836113,0.001723848990769516,0.0092355888698696,-0.0009075772915415996,-0.0015295731236123838
2016-08-09,0.004052156372054483,0.003957929377010822,-0.0013062275613883896,-0.002260121734942444,-0.00166776988198802,-0.0034855375670632656,0.0024087925816516902,0.002550275160889201,0.00038971798655598234,0.0023642683342312877
2016-08-10,-0.007472212429960756,-0.025334578623134443,-0.009852433587980236,-0.0029131482406780135,0.0019143853528493548,-0.008997263034825216,-0.003097990493285689,-0.00647352253192502,-0.0028687970634882847,-0.004007633743110304
2016-08-11,-0.0006480466437525635,0.004715260366713996,0.006141471315340233,0.003236418308610789,0.008906379683377662,0.002753434426363865,0.00481436619552568,0.020134436263776843,0.004723415102443644,0.0045662630718698435
2016-08-12,0.0023133187731814533,0.002014210718378229,-0.0032852982179051543,-0.0025881801814178667,-0.009708658920236988,-0.002141106219895191,-0.00619389076936945,0.05443707347586876,-0.0007963633869140575,0.0008584475975684687
2016-08-15,0.011945630974290848,0.00735052532831773,0.017614940776698673,0.010313015722082285,-0.00043244598225505664,0.00610485221700945,0.0031016666756005238,-0.0009520089023705806,0.002789016294521772,0.0055512543100111455
2016-08-16,-0.0009140506384397655,0.009937221709073525,0.004945544264602816,-0.002246981134861083,-0.007316105299576254,-0.00015188986608521182,-0.005555695157947284,-0.006052004120343251,-0.0054941422164782264,-0.006656469228918029
2016-08-17,-0.0014635496399070635,-0.0013194915214820814,0.00021477102362889338,-0.012936804083891517,-0.0016189235776902092,0.002735291248892273,0.00208720929547474,-0.02343571728737185,0.0018668460061555662,0.00029654305272874885
2016-08-18,-0.0012827091693169066,0.0006598061796351319,-0.0027918786026686175,-0.00784323579507627,0.0057176944292760875,0.0009105280114060508,0.0006945709401171928,0.015416182701177193,0.002197201696382422,0.002195044258666415
2016-08-19,0.0025634703010758327,0.003950034092366787,0.0006449548983879554,0.0013114434907589537,-0.00821456095926273,-0.0013657656473871353,0.0003471418515698773,0.00257343935994583,-0.0014413095687681864,-0.0003378373845140268
2016-08-22,-0.007802746365414479,-0.0026315693250119187,0.002790300830811657,0.003597835279704475,-0.0002496844133416327,-0.0009113977027715545,0.0008674021271570012,0.004167153002980003,-0.0005634818833231075,0.0011867265959381982
2016-08-23,0.003128362337795571,0.011136461033058308,-0.0015018576995358343,0.011361595105085503,0.001623597475247363,-0.0004562358117787322,0.0038074044169792752,0.008059851597135187,0.001949867178361733,0.0029472561591690305
2016-08-24,-0.007561864786044927,0.0032522158595076943,0.0015018576995358525,0.0025789202272679486,-0.007578817840297767,0.0027333991619374197,0.0010361478499177827,-0.015538967793591308,-0.005254055259671874,-0.008091486627520059
2016-08-25,-0.004266916676797763,0.008406207863133138,0.0012844163190618937,0.0073780932484199336,-0.0026439246230210212,0.0018178250876917607,0.0037890424525100362,-0.0066410817378544686,-0.001366160396645455,-0.0010526950003789952
2016-08-26,-0.0058740753154544415,0.016603196452569614,0.008313086954380211,0.0019157439648017235,-0.001955985356074226,0.0022677188383291905,-0.00240972179204555,0.008093092982768972,-0.001580064238713279,0.0012883999832339786
2016-08-29,-0.0011228276317079562,0.003161281346393508,0.0031790962902659183,0.007309603124388357,0.008803635599491395,0.010963443623211047,0.001205918851269621,-0.0006449736582784495,0.005214428428674345,0.0025662315243498157
2016-08-30,-0.007705811155956607,0.0218556263305003,0.013451660420859513,-0.0012673152025746211,-0.0020054934480329594,0.008181916555263614,-0.0036213873616519772,-0.005824189388285997,-0.001955591407122778,-0.0017866207739694767
2016-08-31,0.000942790052403074,0.0015501861330486186,-0.003346284725387186,-0.0031756985060106407,-0.003267699653388183,0.0,-0.007455545306910999,-0.004716942214869441,-0.0023786911055626065,-0.001872331423931779
2016-09-01,0.005920443114855761,-0.009962763526593706,-0.007991903918225827,0.004443013708585206,0.004145400260880883,-0.004305846681899873,0.0022599807846598427,0.02908082273045783,-4.138538941144249e-05,0.002679919166362643
2016-09-02,0.009325695141170737,0.0012509168102541963,0.003162341659404569,0.007885160905229992,6.319063211154853e-05,0.004157450328138548,0.0013881601052719537,-0.009866364294405114,0.004192241599034617,0.004331342741513816
2016-09-06,-0.00027851147248861703,-0.013845481426634694,-0.0046411184414844875,0.0012557762956541913,0.005001066505656436,-0.0007413602355624285,-0.001040957989508842,0.009391022935128073,0.002977242370005349,0.004942195746225562
2016-09-07,0.006109405249223275,-0.005082774945242286,0.004009363244387567,-0.002513131548437908,0.008012909915415502,-0.004160245907251628,0.0008674038865933518,-0.014843399214237897,-0.00014639593829345095,0.0015189663519711233
2016-09-08,-0.02655838668880979,0.010139771092795482,0.006508040343577336,-0.010117058555366768,-0.016467517043386407,0.0013391995150510093,-0.003996869914330823,0.007209758744060383,-0.0022254881924702883,-0.00463801346613593
2016-09-09,-0.022910556922996657,-0.007595116618818965,-0.01305849548124394,-0.019898214372952885,-0.02103695654355735,-0.008962085516207132,-0.021472180407454102,-0.051091728020877046,-0.024827742410836417,-0.025724058113203104
2016-09-12,0.022151964736316768,0.010113758553588585,0.013058495481243847,0.018944453567288033,0.01656139374891758,0.006132690059654924,0.014833526121897781,0.02045478955349998,0.014570387233434434,0.016634479409598876
2016-09-13,0.02352598146064194,-0.011385351837756519,-0.018372329260758026,-0.012160426629024649,-0.015791341957848103,-0.007934681979207093,-0.009156528372786318,-0.014591013022257647,-0.014941748278210834,-0.010926967231749716
2016-09-14,0.03477495560832911,-0.0057414679054115635,-0.00362948511892985,-0.0019334838983344586,-0.011360354708302515,-0.0019559284178561212,-0.004787618158522715,0.008812821449162142,-0.0005878493998128358,0.003586020618182548
2016-09-15,0.03343329272159133,0.002555884523191676,0.007033934150504887,0.009950457445017429,0.010397176205209444,0.0036080018270641242,0.016395061453397756,0.037213075284842405,0.01005851644943989,0.014567382563311129
2016-09-16,-0.0056400029702679,-0.011553430624472883,-0.014333548384440339,-0.015125069904297206,-0.011760977656612858,-0.012381318885070686,0.0010485239233392423,0.0023899452919213006,-0.0037794277955721,-0.0009757939498584458
2016-09-19,-0.011728965872979336,0.006435188374036188,0.0038708727672477974,0.005819714904546199,0.0066730885442313845,0.005605722704055867,-0.005605100839506326,0.013121516736203159,-1.8603233824686035e-05,-0.0018206882044092712
2016-09-20,-8.782703055297692e-05,0.0006410341465983608,-0.001073697463307951,0.00257559845698599,-0.0027159262597283382,0.00407061159003736,-0.002110482555059229,-0.009151103417653978,0.0002990934842341777,0.0012065834453275958
2016-09-21,-0.00017619092654966762,0.003200006617478923,0.007705866130739066,0.00832566308339583,0.006968201428386941,0.005701605037180849,0.016584593795568685,0.027669105606343128,0.010858000333635954,0.010217888635524305
2016-09-22,0.00937914350326524,-0.003200006617478858,0.004467192305546912,0.009520544083845114,0.0037222168265993462,0.00819481286535094,0.0010383302352313805,0.0024635693298293506,0.006478751917642122,0.008338758943068096
2016-09-23,-0.01680452563296437,-0.0051412682016980715,0.0008490086941543712,-0.010158894840832476,-0.007264638899295527,-0.0020794292850026424,-0.00676812519610626,-0.001077256362438891,-0.005753292959718776,-0.006344626815770723
2016-09-26,0.0015074481298631508,-0.028097210016521157,-0.027087183544671174,-0.008652343375702701,-0.006473377965027542,-0.022101298443197512,-0.00927123689444426,-0.00943597487192772,-0.008624850117916047,-0.009137367006146195
2016-09-27,0.0018584247774260548,0.01316676093901855,0.01040561025694467,0.013109503092786414,0.017957048185789925,0.008778629290699846,0.018285213178587716,0.03362169200186267,0.006423495165298114,0.00912982062465914
2016-09-28,0.007575907259091314,0.005868919370311756,0.010725179092736776,0.0006355127590100992,0.009648886256598202,0.0052602893316957295,0.0013793206604645208,0.0036001888054745766,0.005282576603642458,0.002417081337319876
2016-09-29,-0.015655035509918872,-0.014407661902294278,-0.02309382032091081,-0.003498373620571966,-0.0011377594250799115,-0.016017094852372633,-0.0109159276965269,0.009241632917379292,-0.009365127730081198,-0.009331632401026026
2016-09-30,0.007725514056586159,0.03181046642866194,0.030745095462105212,0.010458214625729267,0.00466932571177727,0.014216502421013069,0.0034785107904384124,0.016480377319152657,0.0079363925880277,0.008099371485712579
2016-10-03,-0.004699193922505366,-0.00127868303683222,-0.004243527426438447,0.0012704338895654207,-0.007836704673011608,-0.0012017283682898131,-0.0031298608047500066,-0.001022060281236078,-0.003266023181527122,-0.0020974320367323886
2016-10-04,0.0042568159004755645,0.010817867742811267,0.0151940574365561,-0.004773220582167451,-0.007323040337857924,0.008595307475513089,-0.0031398374203235237,-0.002193713988882727,-0.004967881786362002,-0.002116979005699607
2016-10-05,0.0004423780220298549,0.019430233203372473,0.018672148417709013,0.007626351269129002,0.003955057566585012,0.01623410331905994,0.006963489505827288,-0.0010252116992248077,0.004287486231196994,0.004970905613495629
2016-10-06,0.007403057907112037,0.006804741781802689,0.008596273603776362,-0.003488266729384288,-0.0012745120402201566,0.0026551765505079747,0.0017336748238695862,-0.013130240365446156,0.0004814438526045025,-0.0017264494532113555
2016-10-07,0.0014915484625952773,-0.005564133745426827,0.004270479661541299,-0.0003177193594646195,-0.007742353165332073,0.003530120138880962,0.0010386156536340535,-0.007303105203661242,-0.0032587874416142044,-0.002726646558033629
2016-10-10,0.01729613957985237,0.010484140469049486,0.005463851490319765,0.0,0.008634758652244053,0.007751249680128374,0.0041438566415000835,0.003732836787406091,0.004595330317324387,0.006829850687667496
2016-10-11,0.0021517742356988562,-0.011724748505425249,-0.011366233850444711,-0.013757825837899635,-0.014304065858238488,-0.004819235707554969,-0.014753557801744529,-0.014561256721200408,-0.012524577697755964,-0.01548519294316384
2016-10-12,0.00890296223072412,-0.004978472719596332,-0.005936901008182491,-0.022809882816377604,-0.0032355017925868364,-0.002638339058657036,-0.0013995941106503638,0.004525746698118154,0.0011459322063988205,-0.0014820068091960393
2016-10-13,-0.0030727097138417885,-0.012554734714843748,-0.004733921365937914,-0.005619126807456678,-0.003701244619950394,-0.0057409000898254415,-0.0033327177166729855,-0.016390966867552453,-0.0031040764122339942,-0.004915639620973981
2016-10-14,0.005541100158079995,0.010681769575736367,0.002883946828061972,0.00033182758886051203,0.004737704148620076,-0.0032531076917266077,0.008746070424560522,0.009745841573131036,0.0002015841591211507,0.0001592095716410208
2016-10-17,-0.0006800433828693485,0.0031199827618710253,-0.0002057055337822829,0.001324112247083656,0.0020699347896068845,-0.005197009815463077,-0.0034893592102715047,-0.005775154335764804,-0.0030426181118402627,-0.002754055821543291
2016-10-18,-0.0006810736746840204,0.012999080146929382,0.007992581079840806,0.007253733851757382,-0.026516515885126855,0.007859515576021815,0.007660209890832822,0.015126394977417934,0.00614150560569863,0.0084300487804726
2016-10-19,-0.002983918267071101,0.012832774255025685,0.009952447904712659,-0.002961079726443401,0.003576112065442553,0.009555385847822104,-0.0022570852991431667,-0.002103871688424114,0.0021895721553504997,0.0004900383787679619
2016-10-20,-0.0005124240523551941,0.005449438418829258,0.002019053321229275,-0.006279858965274159,0.0017175691485055075,-0.0013173117249823771,-0.00487900005531601,0.01877823383541795,-0.0013766711313809553,-0.0008733740482264026
2016-10-21,-0.0039371178461675635,0.0066205129584634,-0.00020209435599799366,-0.0003315430153180093,-0.012551796564694776,0.0033633782661206583,0.04123410387334301,-0.0028086187895561042,-8.414514015477906e-05,0.002965900482440589
2016-10-24,0.008964728327939056,0.005980815639511172,0.0002020943559980295,0.010229227141096106,0.006262791884595633,0.0055330561261583274,0.02221215285899992,0.04586658849713559,0.004738594647427366,0.009923244996880276
2016-10-25,0.0050868183659967285,-0.00298583014338286,0.00020153654882843413,-0.0039472923143055215,0.0020564791400033548,-0.001016829486753303,-0.0001637977805477698,0.016272131420421696,-0.0038049574647063588,-0.004990023000217741
2016-10-26,-0.02275162046265328,0.008931228808457646,0.008433704980306806,0.0068976114683619045,0.006145212895096163,0.0047849224720371095,-0.005920176583507351,0.004027028262223995,-0.001741927921187231,-0.006290303815896046
2016-10-27,-0.00964934151130373,0.002368241155197547,-0.0016006915120146234,-0.005580310162124665,0.010093124857573231,0.0014455923087256907,-0.0087800391451156,-0.0207233941968364,-0.0029911959060088668,-0.006554393308929373
2016-10-28,-0.006660672232054762,-0.013694583888144499,-0.007438055378402468,0.00688872823959173,-0.004837276283509887,-0.0017349475185938713,-0.0038344326946984746,-0.0016992904102965725,-0.00311314013962507,-0.004972130632893002
2016-10-31,-0.001584228511825964,-0.010850185659708607,-0.008307266516718122,0.0029378823017884503,0.0070514486525446686,0.0021681613909035175,0.0008348177228644939,0.008467381498256824,-0.0001222838841985538,-0.00018497711172694493
2016-11-01,-0.018220289385924866,0.0066447222013157935,-0.004281590382909811,-0.006539972296782277,-0.0058727881393903485,-0.004195853413373023,-0.0020044191021461153,-0.030099961279486585,-0.006810019108735079,-0.006876372554788572
2016-11-02,0.0008965353992327703,-0.007857565714552255,-0.00820684265055813,-0.0029573543764358384,-0.005512946799970732,-0.0042136755898995425,-0.006206511626278158,-0.004208505901688304,-0.006546884453454001,-0.009359567769968945
2016-11-03,-0.010776739417817607,0.0,-0.0039351024313647115,-0.0023060126019100666,0.0027601541731516657,-0.004377487442661715,-0.003708922077507928,-0.01170321335057146,-0.004433213022609399,-0.00927983063513772
2016-11-04,-0.009054766201610222,0.004238568121920775,-0.0004152631265982018,-0.004296826337286025,0.00039384422389342064,-0.009108944718369611,-0.00848017705995817,-0.005755026950925885,-0.0016675202716929607,-0.002383039400069733
2016-11-07,0.014322011541586731,0.027415504892962468,0.03368004992388692,0.024538971043044092,0.02135422034813003,0.030807869505715974,0.028710098992286357,0.053311126280992424,0.0219801997294649,0.023462390322630172
2016-11-08,0.005869674924773083,-0.0005882304078255296,0.0018047710488094029,0.0019374833550226335,0.0054929618193020596,0.0021442962077228168,0.0008272213529196589,-0.0015444187983202962,0.0037648783971575305,0.005274376846989442
2016-11-09,-0.001622060735427613,0.05549027554989804,0.0331064053653679,0.011546078131800691,-0.0023233558006604533,0.04495443009039874,-0.0049736237848449095,-0.017007280388077584,0.011016119879656035,0.011025868556972195
2016-11-10,-0.028263613620709907,0.043023334088438524,0.03840823069604259,-0.011546078131800579,0.03434992676393581,0.04537155273331149,-0.024734102983744354,-0.03180392983649293,0.001948845716095396,-0.008082366441807399
2016-11-11,0.005919940312719725,0.01376434165180217,-0.014656723010007325,0.011546078131800691,0.006531487017486707,0.000521722414586431,0.0054365469584240845,0.09380984871442556,-0.0013989283477976058,0.005420327918951786
2016-11-14,-0.025405442681261742,0.0542331932318191,0.03441908817390578,0.0003187527560046917,-0.01915623606008683,0.03611138956282451,-0.015366447960512158,-0.05047433432300458,-0.00011550945718323702,-0.003578970576906871
2016-11-15,0.013156903528185736,0.003975752225235535,0.01398379900845855,0.010464564213707547,0.002903133168074706,-0.0018883277829380759,0.01955469442121036,0.030032513043331138,0.007452955022089459,0.010905407427502567
2016-11-16,0.026533341341911272,-0.020546644353800266,-0.014898732045377916,-0.00410938758867633,0.003899994838574274,-0.02500822678725084,0.013162495921614958,0.06120481660572322,-0.0015835165223759536,0.003587440336282725
2016-11-17,-0.0003637607076698515,0.01657089212856485,0.014898732045377868,-0.04934447682717827,0.0031964381791422325,0.007978644823088382,0.016460515818479977,0.008259790836484131,0.004665469361197901,0.0074121711757329
2016-11-18,0.0009997412358515062,-0.00399221502418305,0.00018007034219176535,0.004316969462475598,0.0036853128065893943,-0.003980891863133339,-0.004793666713069121,0.01044445285664754,-0.00238965136554844,-0.0023387881017850505
2016-11-21,0.015059739454438597,0.016365385009185624,0.0014413289053736786,-0.004316969462475637,0.014729690218560021,0.004365747627243814,0.008414889790166014,-0.004078876182625826,0.007433702070873876,0.008858516392373136
2016-11-22,0.0006262276996990004,-0.0014768718487515014,0.010032461109363714,-0.005338715491487922,-0.0006142990477022456,0.006130765493407472,0.004262991985108858,0.0071801222490209884,0.002163091103593048,0.003252423682390475
2016-11-23,-0.005111469272175774,0.012727170796684176,0.010461933148580776,-0.006040247180429775,-0.004250847083484598,0.004193366787941737,-0.011849685585693274,0.004907293842309875,0.000807698156908801,-0.001053200790768217
2016-11-25,0.005022180505347802,0.014485563708557612,0.0015863224545877924,0.012709221054735256,0.00713588658654941,-0.00038034235000881196,0.0021497537021306465,0.0020201025761955346,0.003906745613423708,0.00338412618942722
2016-11-28,-0.00197008809073134,-0.027212734505241858,-0.02334191556536388,-0.005665860134903841,0.008423196745257504,-0.006490368060505315,0.001321059006666763,-0.0005316278258919894,-0.0052683892547352165,-0.005592625709566247
2016-11-29,-0.0009863526612031456,-0.0004928146878092593,0.0009009002566525223,-0.0030122799643596855,-0.006035546063426824,0.007631209920548475,0.007888309827825476,-0.009180033011920495,0.001334402353261901,0.0020671962655593795
2016-11-30,-0.008469308145800051,0.04379583791524789,0.015548914651964885,-0.0003357216256411253,-0.008042963301688381,0.015714791214350456,-0.013679802556053505,-0.011324141152205414,-0.0026569305551563936,-0.010508663091915896
2016-12-01,-0.009363192239705588,0.017832529387847542,0.015485221670422211,-0.01248541549815927,-0.014905318979806311,0.020005958571100158,-0.017747040738613017,-0.05072238120054671,-0.003521722966763813,-0.013725369770223615
2016-12-02,0.0037376533327914967,-0.012637743822413207,-0.02206858114494429,-0.0068141391564217,0.0012509284089958987,-0.002325841361221614,0.0008441340023459115,0.009199494739801722,0.0003969277200846238,0.0008642130297714829
2016-12-05,-0.007214377427582122,0.028327549836165675,0.02224301869248411,0.009527241730225972,-0.0011256831757228357,0.020138619713360013,0.01623893564096127,0.03804598840469825,0.005804426926743671,0.010079129786107026
2016-12-06,0.007669245609069764,0.014546045822988326,0.0111111529657752,-0.006795440938277724,0.0031852343814147118,0.0051515201540727135,-0.004493568588540257,0.016301205756379153,0.0034050844688746093,0.004531132011658271
2016-12-07,0.009774718432137883,0.018332591008366757,0.01949089219401676,0.020917863963135695,0.02731327496805057,0.004530283081258962,0.02341006901320306,0.017829133473132138,0.013077358744723351,0.011328754774108695
2016-12-08,0.009769057433758268,0.01669639806023183,0.018287669249995482,0.0,0.0034530118643520034,0.012412527265062834,-0.005883678288174185,-0.016866009208050176,0.0021570150168711013,0.00436590028660732
2016-12-09,0.01618999737059234,0.00608157642458671,-0.0018303029913425272,0.003666055030700811,0.006990679075890615,0.0043371178605425675,0.015613138853754371,-0.017917352261669225,0.005921418532969715,0.0049973381247973925
2016-12-12,-0.005720235717695302,-0.02100725142001174,-0.008194870807195595,0.003652580084498401,-0.006144360122090301,-0.00892978348926059,0.0032219108286121985,-0.024586789393073155,-0.001138082290599516,-0.005887433985410889
2016-12-13,0.016543518193702717,0.0,0.004021984176883025,0.013825156353285437,0.016717467047774975,0.0003540940892754435,0.012944846943821498,0.017482750895421704,0.00651848320123699,0.009431532526566932
2016-12-14,0.0,0.0026499066773938928,-0.005702675751601137,-0.004258737231523364,0.0013062422435877912,-0.0003540940892755311,-0.0047746147896741385,0.05629844953686501,-0.008150295461858616,-0.00498329662973481
2016-12-15,0.005454431342810602,0.021384319364050303,0.013035140662367547,0.005565611189949907,-0.0029119638682696845,0.014877367647486513,-0.0015968899612370778,0.02316164852018613,0.0038757076875535726,0.0037049913764215115
2016-12-16,0.001294168058977314,-0.021825430972437977,-0.008001430916434238,-0.0013068739584266942,-0.0077073328475814745,-0.012401799829757539,-0.004484318106181819,0.017075461298776,-0.0017521567509802415,-0.0036148236302253126
2016-12-19,0.005760649528994715,-0.007975041266911701,-0.0015074970260356769,0.005217196980998238,-0.00029973582611823445,0.005751837707214486,0.02096642938613202,0.012077017922562298,0.0019731727152112587,0.003722910138548469
2016-12-20,0.0026544263819789707,0.010179176460895853,0.018928035047975876,-0.006198246269707025,0.005504261743340215,0.012793941456764529,-0.0012583165662865357,0.03423958009289255,0.0036309124011527547,0.004844005436425653
2016-12-21,0.000940001065477668,-0.0035287431418310816,-0.0008225477073883529,-0.004591610408966341,-0.0016123376809225798,0.0025394435906256293,0.0,0.0062554304871077345,-0.0024603857246776667,-0.0022837696815991098
2016-12-22,-0.0065993519665471356,-0.003984908311362953,-0.004288999881288823,0.0013139224661518657,-0.001614798948712766,0.0016126070779221965,0.00015744320841866465,0.01202236007016672,-0.0018647112223965044,-0.0043979526034326685
2016-12-23,0.0019758015157058237,0.0026583342866331105,0.008231944366813205,0.002295509106742491,-0.002097315696200317,0.0018396238171764065,-0.00488987852157238,0.024622429781430626,0.0012509325350792359,0.0027992439477931923
2016-12-27,0.006330736325926721,0.0004423869035707513,0.0016377862858215453,0.004901110426569177,0.0025760729376577145,0.0009184881073647121,0.0006322060930360026,0.06642666398418827,0.0022458489045486347,0.004520502023614265
2016-12-28,-0.004273122284992151,-0.01246078066850614,-0.017336868449917504,-0.008510541999463538,-0.005699863380627795,-0.007256672271027888,-0.004593420573908033,-0.07126638631935245,-0.008391640709771516,-0.008947503004471747
2016-12-29,-0.0002568638023467997,-0.014889054401279488,-0.011053505693434218,0.0013139224661518657,0.002463830769732496,-0.007077230601487451,-0.0014295486027289489,0.019757817787093776,-0.00029334773186837293,-0.0011904008805230597
2016-12-30,-0.00782644482317513,0.004535332601339281,0.0008415173581881731,-0.007910479285818036,-0.0036683608081446955,0.004646704058827314,-0.012156351383865005,-0.04300053554574407,-0.004647834696854234,-0.009055776336158233
2017-01-03,0.0028455188976459376,0.0192701251290182,0.019330860780502238,0.010533820715784976,0.007203660601362841,0.010834433032806378,0.007055755066956243,-0.045325249014211574,0.008450766753157112,0.008501551381813334
2017-01-04,-0.0011203572316445375,0.01847005233485312,0.013442673561326062,-0.005962432891892895,0.012305135401738573,0.0018423348664312424,-0.004484318106181819,0.023063054355834573,0.005705963770549438,0.008787800917977956
2017-01-05,0.005072669963470194,-0.01183433013969858,-0.017577433329984793,0.002322598227440859,-0.0033140178853221756,-0.009247503915989204,0.0,-0.025713053556535855,-0.0007709676024811847,0.0019954409408078624
2017-01-06,0.011086471258206535,0.0,0.003474460780939431,0.0019865376974058913,0.004907774236562711,0.00011630720449034,0.008630451716176761,0.013278763157547054,0.0035107891805790594,0.006016934709685306
2017-01-09,0.009117975112933758,-0.005748397013229135,-0.005465057989004539,-0.0016547017616462155,-0.01115126258172687,0.0006963144914890452,-0.0031878432457217295,0.0397425276257708,-0.003554905471559629,0.0019469620837221327
2017-01-10,0.0010079103318001255,0.017147101631733476,0.00016606281192175308,0.006604594041564312,-0.012786724255717016,0.002897099470971644,-0.0003192827528854244,-0.007578917658591163,0.0,0.00360892673194564
2017-01-11,0.005358685442807802,0.005650739638722578,-0.004492977736037765,-0.007599264733131496,0.013382639118029453,0.007492650579509976,0.009061430598296845,-0.01238030021405913,0.0028256423891019514,0.0021285798770022605
2017-01-12,-0.004184014646473984,-0.0065231791322401846,-0.012249778395294876,-0.003654888463684379,0.0011916162884942354,-0.009693467734239705,-0.009221416330522744,-0.016490870933917545,-0.002147112393729617,-0.0029087346867140255
2017-01-13,-0.0017625240443507738,0.00391886766932043,0.006730966583915625,0.0009977255615078913,-0.0036386073913886874,0.0053194941342768745,0.001436641408067413,-9.708429445200672e-05,0.0018481313951466559,0.004788862918781612
2017-01-17,0.008032241343840863,-0.04261580729064708,-0.02118550008485915,-0.002663822991643354,0.0032811155308750855,-0.0370084158913641,-0.002714861217782717,-0.02268566324701208,-0.0029719144562184454,-0.006369249301118923
2017-01-18,-8.360167056203346e-05,0.025963516761772984,-0.017103289782231683,0.0013326310169208219,-0.006512703340917806,0.004656904827356909,-0.00048017988319009035,0.018033799364553838,0.0017622004698093201,0.0030501812939061406
2017-01-19,-0.0017516449961882568,-0.004428564460587292,-0.012801504889357817,-0.0016663180694499761,5.9539974471157494e-05,-0.007653199141513788,-0.003204940292438247,0.0212398191108277,-0.003615837624319374,-0.0028064551796767516
2017-01-20,0.0018352466667503713,0.0048705738174353525,-0.009754371049743882,0.0039949094747155625,0.02217284333546977,0.004431580012351424,0.007037902214263669,-0.010995886423063827,0.0033605840612999428,0.0027488861408699787
2017-01-23,0.000666490572074688,-0.003540195425830389,-0.007692898426889124,0.005631942253983516,0.0028106917314136477,0.00047766046800769215,0.003500158894909104,0.010330448660204139,-0.002693749646069815,-0.00043033465182841263
2017-01-24,-0.0009165563806237073,0.01713967394324809,0.018858003908880795,0.010842931533107647,0.028076564297638034,0.011993669140158291,0.008855426169285984,0.021090763631413573,0.006543140528962317,0.008610497967116026
2017-01-25,0.01579505039832874,0.018135086979512806,0.016604604581498376,0.00326250537253262,0.013496025793856907,0.015344157917858094,0.002515574656831569,0.004276501784808962,0.007994052795968681,0.009839007671767912
2017-01-26,0.000492370444435436,0.0029909638060002706,-0.00573659105241188,0.0013019949469714747,0.0020729450558460366,0.008334413570205467,0.009222451252412719,0.017108703829836064,-0.0007356549352631034,-0.00020504193438384134
2017-01-27,8.192486868635485e-05,-0.0034189611073803974,-0.004367922413813177,0.007777138439554529,-0.007641242306948412,0.0020726827460417424,0.023223116685949858,0.019150125688615995,-0.0008668394897415927,0.0009896835710599752
2017-01-30,-0.0026276570692842505,-0.017707089678132632,-0.008793681683984287,-0.004853384495543521,-0.008496363534477408,-0.010407096316247347,-0.009930837922565312,-0.015781433169479768,-0.006027673496096654,-0.00834984088034713
2017-01-31,-0.002304535924247185,-0.013599478517417812,-0.013874315454544981,-0.0035745395186565043,-0.007307530831790346,-0.01640745726329465,-0.007397120669103625,-0.0076640262031134505,-0.0008903016080325452,0.00019238155200275388
2017-02-01,0.05919372058476366,0.010981738469217293,0.003932961460013846,-0.007187228691789472,-0.0013188262782090824,0.003774129541775361,-0.016689001292750826,0.042761397683608426,0.00029831898811628964,0.004949601384228
2017-02-02,-0.001710349913305951,-0.007454551973310947,0.0016085171041396186,0.022050309581823718,0.0016624663964471393,-0.0042465962074604196,-0.0064694843580332334,0.012558253015984467,0.0005701468386910137,-0.0011436817899747387
2017-02-03,0.004269952722935457,0.024778564949701095,0.03130213957187124,0.004480024024255409,0.007077548759963265,0.030159048130252192,0.008040876304090118,-0.008791350340145098,0.007238496854553608,0.005409179742155792
2017-02-06,0.009330486679703454,-0.007326153514487728,-0.0020794974733589957,-0.0006390513762348518,0.00022727734570712784,-0.004714162820460795,-0.0006281668009766787,0.025293761714689725,-0.002117597513709103,-0.0005684243658458462
2017-02-07,0.009472060077712566,-0.009561179314184945,-0.007837792924583909,0.004781001574270742,0.014676727510487798,-0.0005764129880283234,-0.003305288408957774,0.015395410513834756,0.00022680346384577153,0.0018822772535124236
2017-02-08,0.003870165282086149,-0.010094708417548016,-0.0153292504710896,-0.005739741897743447,-0.00503912657711462,-0.008802473923672399,-0.0014200282783461747,-0.004374357972882009,0.0006930821486096318,0.0014493652826428015
2017-02-09,0.007199899443939077,0.01965588773173289,0.016552433501103317,0.007328396214520957,0.005885685215603408,0.014322124973865575,0.011303231677414665,-0.01898070173618668,0.00573606373596025,0.005743311437779524
2017-02-10,-0.002268159070177101,-0.001731629094731804,0.006440872552368374,0.0003174282290265683,0.00826110710524464,-0.002296143870630532,-0.0009373043499788662,-0.024000772417667997,0.0035597068220090916,0.0033101949790070454
2017-02-13,0.008816523670240228,0.013769894595547956,0.02264687020680168,0.014492971132710308,0.003798445011378001,0.01313170543269731,0.011187383773225906,-0.04721613876433088,0.005232133584011204,0.005188713161223966
2017-02-14,0.012896170654420856,0.0278145171525288,0.014817282467607022,0.010578878671149483,0.004283935330953091,0.015869247811713744,0.003723757149504718,0.003683832004656629,0.003999327195672579,0.0032234584315146407
2017-02-15,0.0036220098394156427,0.021382335241600495,0.011136034226663432,0.015661357971310224,0.008567897415431413,0.011434692355451923,-0.0006195765729890971,0.002020400251398965,0.00497988866573445,0.0063558369715910265
2017-02-16,-0.0011811581256458716,0.0,-0.0019852248707913672,0.023487595754409257,-0.0013767553508657736,-0.0006622982507468156,-0.00015523300597170914,-0.01618575412799811,-0.0008644916015501692,-0.0007804549899558788
2017-02-17,0.0027297625290253675,-0.0024442237373861666,-0.003484205662591924,0.004158250504213109,-0.0041979790666893235,-0.003319275790029236,0.0015488882659306683,-0.00018619471121615152,0.001677149327237158,0.004064057846044583
2017-02-21,0.007194756116292643,0.010547739226037134,0.006295628140609558,0.011492534515745926,-0.002271723815138955,0.008607134959762574,-0.0020139441735589196,0.03518471135824725,0.0060298500200691545,0.0046768501489224444
2017-02-22,0.002995307889548274,0.0004036668798938742,0.0011551780152559276,-0.0011725971049063992,0.004925399769042252,0.000549571053816554,-0.0020178109967334203,-0.0015335317262929952,-0.001082786146804093,-0.000907393772029207
2017-02-23,-0.004239757838836912,-0.00850718236854477,0.0,-0.001467793409507657,0.0027562548663719612,0.0007680362834121693,0.00403175517029215,-0.08868374734966351,0.00041889897125923353,-0.0042954609925653815
2017-02-24,0.0009520724095920184,-0.014341500296920622,-0.01764047257081837,0.00819200259862207,-0.0016534404988208335,-0.0088173803122649,0.0,0.009606044054550148,0.0014922502320316529,0.0016780149708354542
2017-02-27,0.0019732328364125136,0.013934191605790213,0.007693591626775392,-0.0017495892474650948,-0.01081096355036033,0.0011064606272732636,-0.006053580050656692,0.028661067940531217,0.0010174652677336642,0.002834126134213486
2017-02-28,0.0004385437332614632,0.004467274783406232,-0.0035047152842870226,-0.0023380234619802204,0.002338715499268854,0.002099058995554053,-0.003899784079091838,-0.028463865664882005,-0.0025817061151949088,-0.0062392434380208715
2017-03-01,0.020233431921883805,0.03572897820725808,0.028514597855167585,0.007577926764608525,0.01177555553985527,0.03235498039998527,0.014893107396559312,0.012826424912233993,0.013581211083725323,0.013400609175273366
2017-03-02,-0.005955181927491014,-0.010644834548701054,-0.014897832930595236,-0.0014530123110501427,-0.007835161335042761,-0.015720957850151374,-0.014424411525121672,-0.03756826526055665,-0.0058771169721052695,-0.0072773224951747754
2017-03-03,0.005883253488815488,0.00828856402080078,0.0060840390467693595,-0.002911860401934109,-0.002662081455868606,0.007137468354109134,0.003742206709506072,-0.005774142935208059,0.0005037503685347897,0.0016245842902275678
2017-03-06,-0.003152092639549054,-0.007496419328257172,-0.011873713591085062,-0.002920437648453408,0.0023298886046213348,-0.009527848843300187,0.0003115486989680119,-0.007751056432514606,-0.0032826227635658124,-0.003680883460768836
2017-03-07,0.0012904300160620217,-0.0015850108450977684,0.0036431302255908915,0.00029238375104710754,-0.0004985945290897282,-0.005563707757463807,0.0020204361443223956,0.010895523202233724,-0.0029176259020898777,-0.002610607655355163
2017-03-08,-0.0037338737583956514,0.0019810812164446317,0.010031972924490951,-0.005276918995689293,-0.005169057191558848,-0.002190489664399352,0.009119759739329363,-0.0018244759939264824,-0.002286827964063899,0.000620251935204384
2017-03-09,-0.0023044152173790026,0.003556662240908874,0.007174607177363194,0.0014684339799925009,-0.012730870129645189,0.003939198898314,-0.004008494647050758,-0.00020294701531748148,0.0007995756127663866,0.00021586417786015035
2017-03-10,0.003311011003191127,-0.0015790324485643592,-0.000975269452601409,0.005561508323458828,0.0036619989759944156,-0.0031722113048095264,0.0030850931993072887,0.0058684148569578005,0.0032633397058585423,0.003917759541808927
2017-03-13,0.0004315795784409303,-0.00039528771011180836,0.0006502577006691613,-0.004681452348544587,-0.0077338883613166775,0.0008761425174080175,-0.0033941004759962417,0.027170201373481122,0.0003665656191696328,0.00239400208021747
2017-03-14,-0.0015100374883063002,0.0007904192295878667,-0.001463737095034225,0.0005865933621445033,-0.0042020947879346645,0.0016402215170661669,-0.004646669855969702,-0.0006874411060980835,-0.003384748980891005,-0.0032320164453379777
2017-03-15,0.010520808326460785,-0.005544883182538438,-0.009813721729221857,0.003510883751967738,0.0005121496161508267,0.002401503857679645,0.005264588953346286,0.007536740130924401,0.008339879124686365,0.0073540281830857665
2017-03-16,0.0016360138006504368,0.001587739174631694,0.005082496799794558,-0.00029189516631570114,0.008100461436028397,-0.0009816832160070938,-0.0017002626274313204,0.01221217403531952,-0.0016280347991836145,0.00012032410727860148
2017-03-17,-0.004987913508505437,-0.014377438985707114,-0.012837599389563857,0.0,-0.009011205800827699,-0.010530761080186761,0.003551732273292428,0.021536575953674766,-0.0013151792642314352,4.071161925076747e-05
2017-03-20,0.010446396606850919,-0.017038768181231612,-0.013004719931721975,0.0014595048071310542,0.00028435209544817414,-0.00719401355799464,0.0009247117327586209,0.03136870210357998,-0.0020119160803802947,8.97748476384802e-05
2017-03-21,-0.011518184609905465,-0.05985771869612605,-0.026355009853517644,-0.011737234944616055,-0.010412366709335494,-0.029762260060204864,-0.01115094069043481,-0.032878128356183055,-0.012485594590102116,-0.018418031219059428
2017-03-22,0.011234654536046695,-0.0034813270218963426,-0.004662706471764806,0.006472148189688177,0.005162514626082362,0.0016008073019929288,0.012689925440360338,0.020189197504838673,0.0018881028474626675,0.004788460771409256
2017-03-23,-0.0035412599204773135,0.005650673211141985,0.004834865435577108,-0.004113965303212039,0.00022920163412763962,-0.001600807301992955,-0.0024636964826841214,-0.009109398868794132,-0.001060832144830083,-0.0006787668083383763
2017-03-24,-0.0019889726503642675,0.002164956067840565,0.0003442290370029112,0.0035277655004362215,-0.005679248934543342,-0.0011447493805951281,0.0016945653174194842,0.0035421221155146603,-0.0008443522139384829,0.0018976280487613742
2017-03-27,0.0017049418578297282,-0.003899974517235485,0.004467897080364609,-0.002644342290766922,-0.0003453387528733879,-0.0005732018519741008,0.001844921938398124,0.007231693077535063,-0.0010201075858456302,0.001993277347240475
2017-03-28,0.020514771230808408,0.01935093609054508,0.018514030425203547,0.0008820521386360208,0.0042495567877518965,0.015469056632186987,0.0029141830744636526,-0.005186928476472599,0.007225308829623951,0.00593574174157009
2017-03-29,0.0022231460874739006,-0.005551930474135439,-0.0005051675989537997,-0.008264615049037485,-0.003271565055859211,-0.00373149718885166,0.0027534458515200986,-0.003255252857695857,0.0010847362038301697,0.0038070645106492635
2017-03-30,-0.00131930004423472,0.0220253374378738,0.018682902766604906,0.0,-0.00045996035776062,0.008572991686428244,0.003658905973810259,0.019009663648456063,0.0029308109117050134,0.002842906744049648
2017-03-31,-0.0018780359480820958,-0.011799522032345234,-0.01146848387409742,0.0017767533745917596,0.0016092079016609762,-0.013456605721495183,0.0022801007289171174,-0.004305686033034439,-0.0022575939382668176,-0.00043964008356083505
2017-04-03,0.0002789948710847703,0.0,-0.002343411359961022,-0.006530154162830632,0.002064971014282266,-0.0036493975513030414,-0.004717754095736739,-0.005061746033109997,-0.0016434753080133316,-0.0028899649300523867
2017-04-04,0.007418288479285929,-0.0063788828150586905,0.0,0.003598356723747301,0.00011455430770236247,0.003327371762027684,0.002741958755727422,-0.07270363726019223,0.0005593660746613713,0.0006664277114228801
2017-04-05,-0.00519405659667757,-0.011585582834271585,-0.0015091455864584356,-0.012347922726608554,-0.009441407347396423,-0.012911121459507832,-0.002589939730970673,-0.007469653249420146,-0.003059536811522123,-0.005802893463999844
2017-04-06,-0.0025032267536933173,0.003876658983688782,0.005022078866887808,0.0024212855788125257,-0.0024905360475271036,0.0033591357413893996,0.002589939730970612,0.007271369365042375,0.001927650293734993,0.0024643944657695063
2017-04-07,-0.0022295824741028446,-0.004308158451009544,-0.007710697944718919,-0.0036340169563017395,-0.001798967282726591,-0.0034751345869316083,-0.0007608727149513313,-0.004276886449701405,-0.0008274724629448716,-0.00019395423529970627
2017-04-10,-0.0011869411604590728,-0.006063183645137886,-0.002526850837427892,0.0015156845615303003,-0.005475888423084734,-0.003486801631367528,-0.002286743924268549,-0.02584664368079182,0.000687450135783276,0.0005306890361614029
2017-04-11,-0.01081442323969771,-0.004353889898878048,-0.00422649338285094,-0.002730115619133321,-0.0036279335752177067,-0.0017485927033300513,-0.0007631313338137086,0.003573316131648126,-0.0014349082919582845,-0.0024107123730201492
2017-04-12,0.001199257009897525,-0.011849788412121995,-0.008847870715638046,-0.00915482425565238,0.00046866418548956114,-0.0038564970308089283,-0.0038252604407457372,-0.008289339497073209,-0.0037670374189869064,-0.005231157090523928
2017-04-13,-0.005302668498626168,-0.01378087140936444,-0.008065175839769649,-0.006149829838253249,-0.006643395333405197,-0.011779016688697682,-0.0043018425256963625,-0.01888063274457629,-0.006838020289804216,-0.0053276353089023
2017-04-17,0.00551431721144987,0.020819818018054298,0.016235240112749492,0.005843406928140644,0.009218786792117755,0.017150693095163313,0.008127102966442137,0.038418696255017676,0.008576465691107291,0.008856240814480575
2017-04-18,-0.004452069519668318,-0.0043936487009365865,-0.00970967207829617,0.0018381988876790846,-0.006156114054802961,-0.008185989921694128,-0.0013754035043938735,0.0006050712645267555,-0.0029076028458332546,-0.0012505830237797791
2017-04-19,-0.003689131835269132,0.0013202885274990832,-0.011881045699326092,-0.0006122303445834911,-0.05041166677358093,-0.008254357472857911,-0.005366919584539603,0.003919791181224162,-0.0017178253968685745,0.002315402581914787
2017-04-20,0.01243283582930639,0.014407438064993408,0.011710064400599657,0.005497764996056531,0.003765293596694876,0.012823560842928987,0.007047697216951802,0.015726365504267932,0.0075288503629738525,0.009125847528951719
2017-04-21,-0.0011942134783915687,-0.015727726592492317,-0.011883354285657855,-0.0003046144093866295,-0.01190017202546701,-0.012113031010408124,0.01364690469129301,0.004139344794375827,-0.0030396881071153782,-0.0010585283729791608
2017-04-24,0.009583898100376041,0.039711894298146234,0.029363548274610355,0.013918601637053085,0.002304342277628412,0.03465047946354842,0.016875138564331125,0.01241269471972515,0.010781736588111827,0.01232531331422557
2017-04-25,0.006176685339055329,0.014702656488573924,0.012870775947192008,0.004197549088772235,-0.0022420944251499574,0.008648356379714372,0.005758545362164623,0.01723737640122926,0.006072214211751177,0.006939712138112261
2017-04-26,-0.005898800840452505,-0.0037598464983418026,-0.0018283409208394979,-0.0005983376331519105,-0.002059475671321025,0.0019243156959079404,-0.0013263341353842726,-0.006897493090558511,-0.0004858214756873499,-4.319308749193075e-05
2017-04-27,0.0007652196899544318,-0.010096852238563762,-0.009217772286681893,0.010424628683702643,0.0016228486559166568,-0.00931631787547048,0.006466015873745047,0.015453769140139687,0.0005527670002992063,0.003927390713712775
2017-04-28,-0.0009739131524238436,-0.0131945126253657,-0.004556868050897044,0.00943642914644417,-0.0001868367508089631,-0.006986627663858719,0.002779179923680385,-0.012765816463816478,-0.0019149794714900413,-0.00021991033010830918
2017-05-01,0.02019162787884038,0.011501581460925949,0.005734196836222587,-0.002939293210025028,-0.00908719231690153,0.0006892354205585702,0.013781453263939489,0.022187516068396168,0.0017307918268938255,0.007247658962710246
2017-05-02,0.0063248499790720305,-0.003393983998290605,0.004195995734011972,0.00791668412109999,0.0016353028004337843,-0.006452870557218906,-0.0015860819777404143,-0.030080224369106796,0.0011883435858115294,0.000618696786001342
2017-05-03,-0.003055144753793504,0.010148183662762543,0.008837007880470035,0.0002923472806573952,-0.002958403043067605,0.005763635136660338,-0.0031797309325072632,0.007413475183345413,-0.0012721693958273864,-0.0037509022744950924
2017-05-04,-0.003610818912945125,0.0033598717032677344,-0.0004978910619343172,-0.0020462588248557766,0.0026438579285962094,0.0011483505991055796,-0.003915902939841172,-0.003844579058805132,0.0005819332878695465,0.0004593454817753823
2017-05-05,0.01644767212026763,-0.004622913384849787,0.0004978910619343133,0.0061250253200888765,-0.025470559880277646,-0.0011483505991056033,0.0027573377189296496,9.647659557519318e-05,0.00408035940747836,0.0041753861451672295
2017-05-08,0.02682539195044554,0.009224357055885592,0.0043067754093532706,-0.002911830694268039,-0.0033923398455755977,0.0011483505991055796,-0.0008701433787283362,-0.010550395760887442,3.7445271907879016e-05,0.0003114521425186321
2017-05-09,0.006384343946133414,0.0008341148625694475,-0.004472992825321682,-0.011438669158831093,-0.00603002073169813,-0.004026183404244664,0.001449532454137481,0.001652942098718299,-0.0010257745567932176,0.002933704270059164
2017-05-10,-0.0047520608697658034,0.007064415837057172,0.00232192365815656,-0.004731039095033582,-0.005670133473638226,0.007807664541943919,0.0039030059998781032,0.09380984871442556,0.0011299627174494742,0.0013959971968291029
2017-05-11,0.008611383436225913,-0.0033180654716628514,0.0054513717492924866,-0.0032656589968212083,-0.003974733717270311,-0.003092591464789374,-0.012339470208067327,0.042058058124485966,-0.0021651513741066187,-0.002152727338468263
2017-05-12,0.013869104081686418,-0.002912439761784512,0.006076976725094105,-0.005366557749912287,-0.0018602391583614965,-0.00275751821338096,-0.0011692495239214677,0.010928217082003892,-0.0014795353407942593,0.0008613120957155911
2017-05-15,-0.002565968000555982,0.0024968819124828916,0.005714963946468925,0.023050791766810564,0.007552736143789831,0.004820789271596178,0.0007312118120271472,0.04898005635455746,0.0047651423030152336,0.004635355606437805
2017-05-16,-0.0014780219097307696,-0.002913750288428505,0.017270934171784137,0.0020426908758207248,0.014220887430250857,0.0030861163336280105,0.019935002875556832,0.018442578390683972,-0.0006871330369860457,0.0032793778585442457
2017-05-17,-0.034152058933761775,-0.06101529288427106,-0.04099527208358321,-0.014093022220058697,-0.01805644427545349,-0.03886911928143336,-0.028199751204056454,-0.06875273906061856,-0.018345468171115042,-0.02604669794648529
2017-05-18,0.015126241446592616,0.007503988397385664,0.0016659031850887768,-0.05748981530904034,-0.0009940362526371445,-0.0036853845753336656,0.0034029167368944194,0.04103506957143502,0.003680038627215951,0.007274738230481625
2017-05-19,0.0034030044351222245,0.013540202898111866,0.016834768231786746,-0.005432347793314112,0.00792699239604949,0.009719134763115412,-0.0002957115076019067,0.022832051567383174,0.0067447032082007,0.004707268340042261
2017-05-22,0.006057725511615806,-0.0004338486465955784,-0.0006550059427679367,0.01210216060596053,0.004333259054688064,-0.0009440440110668282,0.011164760390881214,0.02109935813704991,0.00514686329600843,0.008172037469970929
2017-05-23,-0.0012348471589632157,0.015076634887621026,0.010589155309283414,0.005367018931168474,-0.004004497424266863,0.012436999949988784,0.003354960014615351,-0.013554348269668039,0.0018361851723804105,0.0008294829114657503
2017-05-24,-0.002994938534000963,-0.0012832721264326849,0.009033970059278916,-0.00853742942743917,0.0031522662899171375,-0.000583151661627583,0.0013093853328138732,0.011175653799708859,0.0024860338045762944,0.003952304314493648
2017-05-25,0.0034501440098418552,-0.004720112611189582,-0.005152423314013795,-0.001589378997332724,0.0045140779951183185,-0.0042089653615382675,0.012284558739008042,-0.002239779822978064,0.004432112041978175,0.006830361383776883
2017-05-26,-0.0016914723303706088,-0.0004301157957679125,0.0019350561721133799,0.0019066986408027252,-0.004645048383453199,0.00011712683457902503,0.004871552832170771,0.02556393088761619,0.00031050178530242343,0.0007942001549250416
2017-05-30,0.00039061024839361633,-0.014301390907384717,-0.006951640153317292,0.005698222110357818,-0.0049964913967342536,-0.0172520244180261,0.006411537658254928,0.021136996471648222,-0.0012053507295338199,-0.0011278154391573935
2017-05-31,-0.005939382197026112,-0.018787554057685042,-0.01800645422075434,-0.004746234371664418,0.005914303984207614,-0.02107881393971526,-0.008128459469125823,-0.0035958544992887513,-0.0004600746199513276,-0.0007531093874038955
2017-06-01,0.0027456043965992157,0.009769389266434317,0.008879892747890816,0.009155470785654736,0.0002618366506857799,0.011016305255319285,0.0037158082576384042,6.913528310544465e-05,0.0075425955848472245,0.007763590556333566
2017-06-02,0.014710760557203712,-0.007986175210570977,0.0004910506473534405,0.005015792285697355,-0.004069193716008369,-0.005069011765684271,0.023404657206925326,-0.004999759752747422,0.00370087461804602,0.009395666235020897
2017-06-05,-0.009826597705166949,-0.0017832140558633296,0.0022885250793869454,-0.006903141026076354,0.0023648003879157766,0.0018137976649857765,0.0072203357505798964,0.02996955336327684,-0.0012184071404286387,-0.001606101997112512
2017-06-06,0.0033725413394736546,-0.008064683309778917,-0.003926493544468276,-0.006317039725357619,-0.00026259052613707964,0.002050740828552905,0.003315156707119968,-0.004536839976668875,-0.0027829086662040834,-0.003280655760450012
2017-06-07,0.005939350880387273,0.01650775906183967,0.014159589945924205,0.0015829458135480448,-0.009164398104334885,0.011386364042864144,-0.0017947040959369752,0.012008202901890636,0.0015670287963475379,0.0035505992108365737
2017-06-08,-0.0024489262816323595,0.01623864998789677,0.021265389911524265,0.0,0.007390798533677545,0.01231790146875144,-0.006096549560014998,0.07004745668458953,0.00026716903566476714,0.0038639580549371722
2017-06-09,-0.03954841469077967,0.030019527129943626,0.019427002842133476,-0.00762150950543746,0.013063627526046421,0.02338542768151573,-0.022915052424436744,-0.06683375165307082,-0.0008303338661872762,-0.018171729713240405
2017-06-12,-0.024186239614077922,0.0046369163339552676,-0.002018864941953443,-0.003832728564370403,0.006984090133948937,0.00023012663198521317,-0.007708887669336451,0.002470438999230554,-0.0009792424797181137,-0.005242516274024199
2017-06-13,0.008013448746092172,-0.00042122537889262355,0.005735700543107745,0.01429725713937234,-0.006011231697434615,0.003328231948993699,0.012390630133903402,0.009490168387939424,0.00450135884323014,0.007246042010562105
2017-06-14,-0.009802843655222285,-0.0004205132448280079,0.0004638898083357798,-0.00315939206057575,-0.0028566038320836174,-0.0020645946494801653,-0.005393430882040358,0.0021109864082437257,-0.0009963269653176028,-0.00410462861373607
2017-06-15,-0.006011620616860297,-0.009302599598154779,-0.009625565631197324,-0.0006334411099953644,0.0026621685421412697,-0.005988826587628741,-0.005278923272824571,0.004275230656977251,-0.002242109796840374,-0.004755544409569821
2017-06-16,-0.014098504632445105,-0.004683803876057133,-0.0032818277875548765,0.001582259965660034,0.007493580820631582,-0.004515021961744702,0.0014297349278413762,-0.004934259936347129,0.00028359915005969524,-0.002231054688446312
2017-06-19,0.028206295058128536,0.020279539138139784,0.009192363645496616,0.011317325439304717,-0.0034816800580726166,0.021693661007314916,0.012351925157164772,0.036904586515317174,0.008312583206893995,0.014083296742270997
2017-06-20,-0.009130049897967837,-0.0177219541964218,-0.008879313882105793,-0.004385831845814895,0.0007103701724504898,-0.006264396642690238,-0.01363870897163477,-0.0014632726140817705,-0.0067191604469316645,-0.008204732309370567
2017-06-21,0.005913104846122843,-0.015444152025015864,-0.0012525486176531249,-0.0003140669122977954,-0.007514683234002941,-0.004580983459517848,0.005135972159453308,0.015037253488275504,-0.0005828141932715965,0.0073934460379712795
2017-06-22,-0.0016463447518187703,-0.008684441724162105,-0.003295653753529157,0.00031406691229788676,0.003958684710385272,-0.00114853236208459,-0.0001417993731752617,-0.006921977843705176,-0.0004558859724380852,0.0004393914198136561
2017-06-23,0.004452998026067378,-0.0048088077787013005,-0.0033060701129346763,0.007506844782707152,-0.0018799303536354572,-0.0018401990363271844,0.013430429303072394,-0.0290859179786218,0.0015596985554090976,0.004568908251040179
2017-06-26,-0.0031491458251705724,0.0030629553994914985,0.005818093495966331,0.004663447191856623,0.007241308174271685,0.004364831107603862,-0.009594741517985275,-0.010981280466262061,0.00031575193973236123,-0.0028931476651626645
2017-06-27,-0.014436738130109221,0.016464817995899335,0.007030664257802632,-0.015000137520897195,-0.0030968695978620996,0.0092422224398479,-0.018893355958383436,-0.037295547667102226,-0.008105586575672907,-0.016222987810580746
2017-06-28,0.014505065628571418,0.02587631619754291,0.014682069003505747,0.010025050315717054,0.0036765700394147246,0.0199028149144694,0.008488822582607952,0.03466295016612747,0.008769501646551084,0.014181616306052386
2017-06-29,-0.01485300173655059,0.01825778151462689,0.027241529856628834,-0.02110633501042374,-0.007691187133086634,0.014698706947869284,-0.018946511670150268,-0.03398093884544995,-0.008637216844141348,-0.014550996349674794
2017-06-30,0.0023636045560949414,-0.0024706745810284133,-0.0014939328567967084,-0.003508251630408347,-0.0019484095354592081,0.0027393169096499876,0.006403798599240772,-0.014558634510346828,0.0015320576108735333,-0.0006398452570274766
2017-07-03,-0.0036173382819548903,0.017164653739714937,0.020424172595177672,0.0009579882249088567,0.011312384886283526,0.020147720721713617,-0.011086825857015745,-0.036849467387256675,0.0023081679791475806,-0.004956528313061341
2017-07-05,0.004103333791325558,0.009677451806219269,0.002779329276029486,0.002252675929632564,-0.012352923478817533,0.009976721714078296,0.013260890269313758,0.02634903611469212,0.0014522240362887008,0.006655284520607184
2017-07-06,-0.009483146410005673,-0.00846246993831003,-0.01205190288425635,-0.012615420694318572,-0.008561555309404592,-0.0032074948443266654,-0.007410263972732525,0.003001512121002335,-0.009412987306866183,-0.010032485787998037
2017-07-07,0.010107357681978258,0.0048447463041338965,0.00413160433369592,0.0058421917922502715,0.0037997031527492544,0.005020738122719103,0.012896044588116986,0.022602775300887588,0.006382712569615801,0.01039338073358788
2017-07-10,0.0060846560441113196,0.002412986301527569,-0.0038356385613781806,0.0025855609905293176,0.003133692179728531,-0.00705740975830359,0.007458348678712628,0.046204140041882905,0.0009273361035125654,0.003781198374374358
2017-07-11,0.0032348801992098603,-0.011719265080090647,-0.012345346802388676,0.003544484421063376,-0.0015001206992770867,-0.0038705552932447066,0.00014284785906337863,0.014083808864344306,-0.0007829870660821734,0.002734050502835099
2017-07-12,0.0014420565524154228,-0.010214762399733497,0.001495729356717012,0.0022489779895056594,0.0033233356896448353,-0.003452988239697929,0.01643813015102336,0.04165290338380234,0.007279050947821435,0.01089902509328648
2017-07-13,0.013832778097983016,0.011027484115353647,0.001492964664612373,0.003523966005342579,-0.0004553398844397605,0.006357256498484029,0.008676286398442269,-0.011635754166103988,0.001872829473473065,0.002117172540114899
2017-07-14,0.008557920712209122,-0.016793488112683903,-0.004486206895770488,0.004785510954895399,0.00396241903250209,-0.009171765663905658,0.013974511796980716,0.02653873043981902,0.004662616170009233,0.00604284748067201
2017-07-17,0.0034831107596893507,-0.007878991374118929,0.0016475667644513634,0.0025429026729906043,-0.008006439600370957,-0.009366298266629342,0.007801264905606647,-0.0042529404813552935,-5.291423670686425e-05,0.0003104421342701968
2017-07-18,0.003470582577749501,-0.00500843315545243,0.0008972674992568831,0.00031757521129483456,0.006449264470468413,-0.0035075971631532473,-0.0006822220126770406,0.010357184588606088,0.0005976786981109875,0.004720839159660531
2017-07-19,0.006243943949521117,0.006672319491185301,-0.0028448499600249623,0.012300683022412889,-0.042921111188507485,0.0014266371681618208,0.007611192952921527,-0.00519523144728515,0.00535825821605345,0.006399402821862989
2017-07-20,-0.004513159088562469,-0.005000085769625593,-0.005110180747705158,-0.0012545066710062242,0.0008809071566229268,0.0,0.004862025431508673,0.014431781709435574,-0.00015367108860704477,0.0007765081238974098
2017-07-21,-0.0004655680977425538,-0.0058646491227643234,-0.005439779969896936,-0.0006279603538282798,-0.003935362822450838,-0.003405093999721725,-0.0058104621700532065,0.0035759231107311317,-0.0003679393292088825,-0.00035217468228059174
2017-07-24,0.0120387700984754,0.004610662392413361,0.0015137600715501881,0.0006279603538281753,-0.007438582119350826,0.004281526396979723,-0.002578218277458691,-0.011668346535720152,-0.0010643009954088047,0.003603543436462615
2017-07-25,0.004264369344516216,0.02355969374912325,0.028780317993625303,0.008127724819468357,0.001368851929280953,0.01651497850197193,0.007984564632541158,-0.004826482930411752,0.002918907519898033,0.00021209785688189173
2017-07-26,0.00470321956639593,-0.01109051621076068,-0.0007353079710744312,-0.014425066276989721,-0.005693454432133584,-0.009419202902854943,-0.0018888698512741586,0.011485134005363586,0.00028262400611947947,0.0016486398958153678
2017-07-27,-0.019078331172710263,-0.004139205865654298,-0.0056055992412459696,-0.002846828608521081,-0.0019972020679806667,-0.004142052371254337,-0.012091829450894716,-0.03355984445640484,-0.0009731616373937137,-0.006335085432658464
2017-07-28,-0.007065393599947309,-0.003323334393219596,-0.0025178465430583555,-0.001584845323910824,-0.005391460305854275,-0.0029537232278628385,-0.0016414743691509676,0.016251941813853962,-0.0013420156781160386,-0.0011773681825579503
2017-07-31,-0.005163784088017943,0.003738231301673733,0.015013448892890472,-0.002223262957828136,0.0026303769921760356,0.005680579735301627,-0.004665935236530323,-0.011502095650527904,-0.0007284108345598019,-0.004175196743742291
2017-08-01,0.008835756083599565,0.013588804993043338,0.016660862255714858,0.006339178594329176,0.004345265009374809,0.013309601825555696,-0.0016518691238495147,0.0121105344076151,0.0024461207749384662,0.0023318009458559046
2017-08-02,0.04616883962881472,0.005709661675411226,-0.0025891086174670793,-0.0041159156365011135,-0.005867416381337415,0.0008597177408122921,-0.004418487710850283,-0.0006084387570872838,0.0004925274073474498,-4.5583594334117125e-05
2017-08-03,-0.010041115518614616,-0.008986801995169576,-0.014137242660840972,0.001268264952614234,0.0033865934231783502,-0.006572672284300745,-0.001523656136031218,0.012633778034405978,-0.0021860418349456704,-0.0035125717612049323
2017-08-04,0.0052571751679841155,0.024322026228489134,0.01239895584464866,0.007575762800705445,0.0015166866641666463,0.012462497012680217,0.007319296285060731,0.004375163112563269,0.0018873214175395684,0.0017680911215949477
2017-08-07,0.015355324201376523,-0.0004006765550997859,0.0008691181044122397,0.0012570272828052833,-0.01171066163509533,0.0038363205264197123,-0.0038606069409613804,0.030277472707720913,0.0016458446442804673,0.00505837373981778
2017-08-08,0.007965361117901847,-0.002406681985519471,-0.0023202837590905194,-0.00535356650786783,0.0009859165544363795,-0.0036229995138309387,0.005372581811901659,-0.011966749738176467,-0.002417352230385335,-0.002087160643323675
2017-08-09,0.006103233339161532,-0.0064466917203684845,-0.006554251615996893,-0.0015799150953481355,-0.002395602075824969,-0.0016024614198175524,-0.004405944774944581,0.010572904061134552,-0.0003636747927123762,-0.002849987310706156
2017-08-10,-0.032370343156899864,-0.02537964064078638,-0.017840400431496106,-0.019802605425613864,0.0004938976309988976,-0.014430096678635899,-0.014734395565326049,-0.04376541330005139,-0.01458021840074153,-0.0215551035235179
2017-08-11,0.013811516263899157,-0.010837953475180968,-0.006267917574742108,0.015047513983616935,0.0,-0.008387943215962743,0.015148449069624868,-0.05476904087969617,0.0012747571279871366,0.006363939156985675
2017-08-14,0.014936891239665158,0.023198848613699627,0.016185773598625375,0.011688573045212917,0.003378311662976564,0.011636563588125653,0.014922279290434284,0.07674254700219867,0.009993651246049404,0.013284519644583355
2017-08-15,0.01088800461222955,0.002045807551721909,0.001177545919749805,0.007821072342011461,-0.0017581402771042628,0.002591547877424574,0.00027349320826950416,-0.008468095092617076,-0.00049893232688349,-0.001139442758062017
2017-08-16,-0.0040300721793653,-0.01150878772541311,-0.0038324038737187916,0.007760453930911241,0.0030219080239400524,-0.006925949686555084,0.0058554328358881216,-0.011020008084780352,0.0014190955233323716,0.0019088163993396484
2017-08-17,-0.019385482431972686,-0.022999496136787482,-0.016529372929149338,-0.04102800840633871,-0.012712020516167238,-0.015760313468237634,-0.017118069741317077,-0.022534655906999827,-0.015557342487191416,-0.019607457273010817
2017-08-18,-0.002282887016817176,-0.0008461295645530612,-0.0003003864021846781,-0.02182167901477715,-0.007132413050298262,0.0009924961772530161,0.0012426175675880695,0.00018552443553154083,-0.0018370536613519935,-0.0008651199756024069
2017-08-21,-0.001842862263310941,-0.01021280828273873,-0.0095071231491113,0.010155727924671247,0.004499184708570148,-0.0012132674807317047,-0.0047012833041026126,-0.014657782638528218,0.0011619757145661966,-0.0005470628350838573
2017-08-22,0.01621489358093401,0.01906407627702204,0.013554367642892105,0.019048228386762792,0.0048342206134664965,0.010209437604378471,0.013901285295195864,0.022018579435746984,0.009891695260625078,0.013484774404012837
2017-08-23,0.001251478527857123,-0.002941561502860842,0.005668441729487163,-0.011256091974491468,0.00798164924963206,0.0012002147132210916,-0.006032368049935552,0.01979663893631806,-0.0034595701326390073,-0.003032761677763341
2017-08-24,-0.00444776328300131,0.0033613324441641454,0.006818611821656774,0.010296377806335334,0.005612332051270205,-0.0016375215317942138,-0.0004125710050364344,-0.003686527336115137,-0.0020766167471384417,-0.001128322777032706
2017-08-25,0.003697391966602154,-0.0029408191993360224,0.0023608022131977064,0.006381419795240917,0.0055810900414028424,0.004035002368656206,0.0017865796537475695,-0.008388715694445471,0.0016714716689374216,-0.0009077060405215444
2017-08-28,0.010020992649485538,-0.0021055249573843026,-0.0005894171418505652,0.003175934326398943,-0.008593844476372802,-0.003161001008021859,0.0001376420312410768,0.007056699703648086,0.0004869534732960745,0.002769999937671949
2017-08-29,0.008878286574181616,-0.005919403557345183,-0.004878410858924365,-0.0019043656442596986,0.004411071170681869,-0.0054733363622018,0.003016234049783005,-0.001638098210320465,0.0008424667620097917,0.0029988503843025685
2017-08-30,0.002697557656472298,0.017325351434310476,0.007823590639330113,0.01607097215433998,-0.004060151961841154,0.002302417348866539,0.013055922373104479,0.005932016117321907,0.004604531788061044,0.010484527361194361
2017-08-31,0.003970877482753263,0.0008375116033895152,0.0002936993988819969,0.006853792364792575,0.003291016172354644,-0.004610360265584682,0.010216271770710978,0.0224414156805704,0.0057046735847135445,0.009432005240532318
2017-09-01,0.0003047385672233604,0.008336956307234885,0.008052224895683512,0.0027899587000022744,0.0073148783562295705,0.008872339789169474,-0.011162636939034857,0.006002033092522955,0.001980578042335197,0.0010369912214152
2017-09-05,-0.012081168577251732,-0.032914286180013366,-0.020922836545164806,-0.021277274294815574,-0.007244454162138584,-0.024171932307427424,-0.004472921333959722,-0.02705563641281257,-0.007579458552144929,-0.00932966268336957
2017-09-06,-0.0010490138907892398,0.004280680037031769,0.002379334768385012,0.007875351816957159,0.0054380938656192245,0.00668050762174893,-0.0028564522959764866,-0.000603165102892335,0.003123842493144133,0.002778669069202086
2017-09-07,-0.004022744762431679,-0.018974558340332816,-0.01889417684691652,-0.003457506885901362,-0.006417435093411088,-0.017689643249723812,0.012724426701455674,0.004633285469527009,-0.00017845204485370908,0.0007130004775582265
2017-09-08,-0.01644339366228874,-0.0034887424325539857,0.0016640716259628057,-0.00885529385537527,-0.0031538776143960126,-0.001243355764077893,-0.004854066290762057,-0.017501155685000727,-0.001489960143457705,-0.005906898880834623
2017-09-11,0.017930255116039212,0.020324851161203906,0.02300657913782431,0.022303323051044117,0.016776618978644964,0.015375917011990974,0.010488251689854679,0.031924183635487415,0.010780975197147024,0.011267675600764254
2017-09-12,-0.003970362375056141,0.024943433909897228,0.015824294639584208,0.006811202239613529,0.006193705956562345,0.012176166898320077,-0.0010707443087490406,0.003602881131401396,0.003358302594883113,0.00341752584180453
2017-09-13,-0.007551018243956185,0.015741754501076552,0.008684540190001458,-0.007121837605000779,0.0015765543341177332,0.002856245723766987,0.007071715702355062,0.004470735251655923,0.0007568342480825294,0.0009152767070934495
2017-09-14,-0.008617856455730303,-0.003705713412299264,-0.002163891889605763,0.0003106353653871184,-0.003087258807999944,-0.001976613199426251,-0.005867572925183292,-0.005709494548706554,-0.0011013238508279736,-0.004827259207910684
2017-09-15,0.010057831404787231,0.005758609997763581,-0.0028930052033106202,0.0077362869409281255,-0.004959429077477711,0.007119764646479814,0.007196566973193876,0.06130512950538378,0.001845477546159349,0.0030114658349750635
2017-09-18,-0.007596964306440054,0.013040260592918932,0.022344394433147702,0.0024631219215664715,-0.0018658450712300617,0.014089444819522857,-0.0019937083266634735,0.04047757952377005,0.0014548619291293301,0.0009563465206670136
2017-09-19,0.0003776056082818259,0.00645705258460407,0.007760309801594717,-0.0009226558232596753,-0.0011077408423175242,0.01091754128949013,0.0037179650627794316,-0.0010667695823623584,0.0011095796167313857,0.001034330876793996
2017-09-20,-0.01689950509192481,0.008012772616843465,0.004347411109386284,0.0033796499180406086,0.010266476123922551,0.007001056750990432,-0.006649398754381883,-0.008092362455152532,0.000634146702309437,-0.0008174712953968885
2017-09-21,-0.017320801517226866,0.0039823446477780374,0.004189018708161865,0.0030630985987624183,-0.004258931859419369,0.004535396412781509,-0.009788914239595891,-0.02771633008872853,-0.0030505659469148337,-0.0051791088489420555
2017-09-22,-0.009827125092418723,-0.0055796776462346195,-0.005029187387635968,0.020282158071559378,-0.0008955152829273625,-0.0021068265687619893,0.002691406118457966,-0.009784282929921107,0.0006475839951670207,0.0006583827317022118
2017-09-25,-0.008861363590295525,-0.010445937576633061,-0.007874064552324362,0.010433604986387306,0.005086267119916162,-0.0075155490220264924,-0.015575534025461753,-0.04572242610811364,-0.0022245226998538568,-0.008803344236384632
2017-09-26,0.0170568628476542,0.002017279591972549,0.001410472345220515,0.0011855685301904258,0.004718751421186215,-0.004472408054333777,0.0,0.0055983527112285075,7.216412589487934e-05,0.001501137469898743
2017-09-27,0.007092787980526464,0.023896097259044367,0.018713451056945097,-0.008328280412757487,-0.006159794037776609,0.015671767795683984,0.008020858960665634,0.021687058709703246,0.004076822401987925,0.011392193258409117
2017-09-28,-0.006178604237346414,0.0015726520800835174,0.005105921970512434,-0.0038908738726830617,0.0,0.0020992900379168396,0.00027108639312883886,-0.0002846294403480944,0.0012038906289380277,2.9508633585247316e-05
2017-09-29,0.00546517719414362,-0.004331565386042565,0.0012380790558061815,0.00836097968054813,-0.003989848690632959,0.0013616085733653117,0.008358103678476655,0.01743592603813484,0.0036982630684988258,0.006565537397474744
2017-10-02,-0.0020135324777169313,0.010989181035796885,0.014467123928225337,0.0035622069371809353,0.01083181570710951,0.01382961423891775,0.0016097791218360274,0.0012857180893953832,0.0038665188297123134,0.0031907756494799983
2017-10-03,0.004346426751631239,0.009324062273714481,0.0044616383700001655,0.0029585148053123504,0.0008176309165015282,0.005252283442549524,-0.004702253894477655,0.002064791775669527,0.002156511184660919,0.0022975564854565696
2017-10-04,-0.006494304936246705,-0.005817240724529286,-0.000944793750498874,-0.003582199423835835,-0.0020456878309819855,-0.01022150216560002,0.005773889997519217,0.008327701629422046,0.0012459436611136387,0.000446938003836164
2017-10-05,0.012367925652452157,0.01620387491626041,0.022166734906396174,0.004475602044473338,0.0016369164806269239,0.013375718701629938,0.016992473102389494,-0.0005527283997950963,0.00563090403129274,0.007733273313398515
2017-10-06,-0.0005793263119076439,0.003056814394542134,-0.0010572268408564,0.004752226902818639,-0.0016369164806268304,-0.0017524770411005604,0.0003947616873226762,0.0029274136519477,-0.001074211165239725,0.0007317062831234564
2017-10-09,0.0034711444412580603,-0.013830171408936574,-0.0033106538314459115,0.00029589847858641643,0.006193054412795112,-0.005275834427406603,0.0038084558898844553,0.022308744281163452,-0.0018060638680135568,-0.001586980834608403
2017-10-10,0.00038467154269037105,0.0030899635957598232,-0.002789043520194782,-0.006239700961496973,0.007502904044457405,0.007439818221869642,0.0,0.018914783034178075,0.0023197196304780643,0.0011422543909153438
2017-10-11,0.004160659998892298,-0.0038642200516696267,-0.0031978811585497147,0.0011915755800919574,-0.005943614207233507,-0.002989841774935407,0.0017027836823037797,0.010582556140837708,0.001801882929663564,0.0024713911552202298
2017-10-12,-0.0035193094841150696,-0.014820698644895538,-0.0348956261195291,-0.00987292974983126,-0.004004648147248138,-0.008815961087103188,0.009117855559533962,0.0004715050660316622,-0.0016881771203513885,-0.0018249318754235667
2017-10-13,0.00632620042822725,0.014820698644895606,-0.003598978289375991,0.006294081293711776,0.0004759177261554555,-0.0013553175341261014,0.004786469173767878,0.018464221686376014,0.0008777220048463043,0.0021655996733542077
2017-10-16,0.018241374599881417,0.01574858454264213,-0.004726391983872568,0.0020894490245157746,-0.0018370559526488836,0.020444578227590954,0.002062376811937266,0.017018748585518582,0.0017492225323057532,0.0027513956466083127
2017-10-17,0.0036838223799316805,-0.0015257144161716332,0.00583520403220232,0.0017868529770893992,-0.001977433035377656,-0.0022511861044940597,-0.0007730008725011101,-0.0009098471132278302,0.0006723529054339931,-5.1306230091338106e-05
2017-10-18,-0.004434663293967795,0.010630290662620685,0.012800052104366596,-0.001489029125577473,0.04754936920910198,0.0037832163663696597,0.00025780528850818355,-0.0008601097341176228,0.0007420595113295467,8.455067201628171e-05
2017-10-19,-0.02394482431662793,0.0037692803851483393,-0.00328763804446446,0.00594380248291054,0.008551077662423197,0.0012241515181749011,0.003858157526945145,0.0011127815493641629,0.00032794411501048555,-0.0028951521880388334
2017-10-20,0.0017297216322701898,0.02195443062689758,0.00887906423021721,0.014706076955368139,0.007244923086212422,0.014168564137447017,0.011485318784430225,-0.0045603430923289515,0.005103796185030386,0.0036239670466225705
2017-10-23,-0.0005127925387456497,-0.00036824569878982007,0.0,0.002915040921214459,-0.015670667116621153,-0.001709532349044919,0.0002536024550240345,-0.0014229882684652655,-0.003980395312997195,-0.0063892636076707445
2017-10-24,0.005937854961663383,0.018965212105774117,0.009609819391835472,0.0066738731577842,-0.023270782604571386,0.01577943238065576,0.00038086717521352735,0.010422310439724965,0.0016166008745580412,0.001759555810917559
2017-10-25,-0.0044018361897163035,-0.0018080134762801855,-0.008386547959137059,-0.008130295741176782,-0.015386069845984866,0.0009902926217404992,-0.0029209620195000028,-0.025591250355485127,-0.004673955687259985,-0.005248332744711128
2017-10-26,0.006373138393284096,0.003973272963634482,0.002306670882862399,-0.0008750442829930902,0.000651340802517383,0.007102170529381828,0.0016519389240617632,0.010427821280555733,0.0012701392506023993,-0.0010853292138704844
2017-10-27,0.035203158157154975,0.002160497212662184,0.0010838552619980347,0.004658221833782333,0.0005205865412564358,0.0002946356684524554,0.05778392175994012,0.031042405657243383,0.008040609979727099,0.02179742681450516
2017-10-30,0.022258535037893917,-0.007220166356045662,-0.0012194712312398018,-0.011392167114313031,0.004414827700929436,-0.0035433558827133575,0.000953756945590361,0.009761304403546316,-0.0031975773767407194,-0.00034324880591641405
2017-10-31,0.01381951413700979,-0.007637830434959827,-0.0038019115096820286,0.003226592883506964,-0.0019452849581977673,-0.007920097254258655,-0.008499244304605448,0.01446475229290197,0.0009440129366793155,0.004276576467020277
2017-11-01,-0.012800160569417176,0.0050985330298272975,0.007185097045212061,0.01366865457230874,-0.0001945939638493072,0.0030763543173968943,0.0,0.001884196620249557,0.0015908441079038695,-0.0016572409680248742
2017-11-02,0.007283657907660743,0.012274298190417447,0.009544540885547053,-0.011913404895938088,-0.004424456969592557,0.006616943110690298,0.010404730994776118,-0.006099505596354078,0.00018994776966671517,-0.00023673414597078816
2017-11-03,0.025778663606812087,-0.0017956767277354884,-0.0049839440007780665,0.00757117775116371,-0.011609721973117517,-0.0017732001738284546,0.0010705724910328156,0.013264918053728687,0.003092289326314394,0.0073445845350007845
2017-11-06,0.010093753370006581,-0.002519360014201911,-0.003381893999493298,-0.0017420701732714543,-0.0048935873365257955,-0.0062321256761885295,0.003914135694387805,0.004493909161731452,0.00127044388477643,0.0032470244765495943
2017-11-07,0.0032084476503250643,-0.02075441065049132,-0.01487973020313451,-0.0002910199443929835,0.0033752937587859097,-0.020348209905401295,-0.0023706902413991927,0.011383783305640147,-0.00018912080508191734,-0.002753410880953316
2017-11-08,0.008147232636332274,-0.014452604826162535,-0.005102012195254539,0.0029032013975422897,0.001452830237244358,-0.011304189121733626,0.0034353481659437574,-0.013627890124144459,0.0014426139320604147,0.003148263955817796
2017-11-09,-0.002044933893683793,-0.011261692417090829,0.001243833879405597,-0.013129537823470282,0.0015310405018937603,-0.00010232347956676907,-0.0055731379870010795,-0.018529821953181234,-0.0037689813393701364,-0.0057714647467207066
2017-11-10,-0.003315016785414281,0.0007549730968483225,-0.0024885196179875576,-0.0017634332805525135,-0.007613499408158913,-0.001230075668452008,-0.002620018860175297,0.05135650140312118,-0.0008980469760537102,0.0001318624392403196
2017-11-13,-0.004015731284636168,-0.004158007210533334,-0.003605317760291741,-0.0011776887538906937,-0.005108447395234863,0.0035830262391722155,0.000715340490193321,-0.016372931950553726,0.000983150911293032,0.000986066113790979
2017-11-14,-0.01523265278951132,-0.006079066045367743,-0.006410097921665729,0.002647528266994211,0.0032965600479301412,-0.006047430458888571,0.0014284502470176185,0.007263429450647276,-0.0023122805602819227,-0.0029239432507870717
2017-11-15,-0.013278237441417476,0.020743792576143515,0.0027918752473055776,0.0020539946113148386,-0.012095167702506538,0.009414097310925644,-0.007802468730526257,-0.019804769209363048,-0.005540998742123611,-0.004709911662700839
2017-11-16,0.011876222370610628,-0.0011207411573597344,-0.0008365125147084375,0.05058968907325715,0.013638948250383606,0.002847538864123725,0.0026476860712652457,0.007732802738082622,0.008162652782972403,0.012901409084552541
2017-11-17,-0.005567662628617024,-0.005245188410699683,-0.004755195611264587,0.0005572748422675095,-0.0010066568025308832,-0.003357077686852208,-0.009662051895536962,-0.0011822814875076819,-0.002629416978897395,-0.0015468385621177207
2017-11-20,-0.0009996866856313293,0.004497533118933619,0.010043216096974185,0.01657505030697863,0.010284443215934518,0.008825772966580294,0.0015767249013629236,0.012787140955268332,0.0012748698887901106,0.001166968397803051
2017-11-21,0.018420024959229394,-0.0003739062433899599,0.004569585083718005,0.0041013556409284346,0.009522093597599946,-0.0008078365325575111,0.014315956986898103,0.00915989282770944,0.006519838879752696,0.010513393706289337
2017-11-22,0.010456652195559217,-0.0026222297295469114,-0.0016589608005693416,-0.005472601428246006,-0.0011852488686847715,-0.00293613795192404,-0.007313004588745138,-0.004502745273755648,-0.0007505427033295442,0.0007108433999985528
2017-11-24,5.717467831125154e-05,-0.002629036021637053,-0.0033271101942399365,0.0010970933299969089,0.0004611767534628123,-0.0032492771023309454,0.0018030738466150232,0.009400426983415186,0.002053984278231966,0.003169451458250258
2017-11-27,-0.005042052317704389,0.0,-0.008785949857525002,0.010360068943259243,0.0009217159449385038,-0.0039748954491902935,0.0072997792021980215,-0.013083178078532763,-0.00038433158680325395,-0.0015456690889468945
2017-11-28,-0.005876391913114916,0.038728576014326825,0.03184505286521672,0.02305728298770181,0.003218655238713744,0.03442616615996592,0.011970621680598046,-0.016146981448605238,0.009800332196793644,0.004907578335103917
2017-11-29,-0.02096116223575216,0.022890839378650597,0.01801858239343447,-0.006648013109224428,0.007058372984212587,0.023112877812496328,-0.018310042520623886,-0.07022754032877276,-0.0003692938827907781,-0.01280811387881643
2017-11-30,0.013887439389609648,0.000354985834241533,0.006111378318838921,-0.0048142078930663535,0.0027316565865071083,0.007586932671165688,0.009910030627538962,0.021605797926955113,0.008157586662811174,0.007238865580534145
2017-12-01,-0.004666232217815915,-0.0024879652490759955,0.00013202593211294574,0.008011090743581091,0.005117895356056175,0.0025797997411339743,0.0010688498880944272,-0.015211635227390692,-0.0020265829358053324,-0.00384510266813696
2017-12-04,-0.007334571161775842,0.033593381046426056,0.020838541269623888,0.0031859163516900642,0.010924713834444055,0.0204030575777374,-0.03847081995638605,-0.0573605825164764,-0.0010527105492864532,-0.010602747616714649
2017-12-05,-0.0009430654766921205,-0.004483683237987432,-0.007290004612464103,-0.010928938558965092,-0.007120030105377246,-0.011567549022832245,0.006270175013026572,0.005769294183472868,-0.003746390525955308,-0.0019442411892794916
2017-12-06,-0.0037204449289269634,-0.010074715563684217,-0.014475488189457795,0.002676805877713446,-0.008078772983036496,-0.00750040280671762,0.014479706205760947,0.008063516790702828,-0.00011411217053034995,0.0020932648396374625
2017-12-07,0.0018324126959796158,0.004876441117209413,-0.006116387595363023,-0.00026767919257218796,-0.0034451184826568876,-0.002958613986126898,-0.003509355403066428,0.014321820727655445,0.002928067010109385,0.005366025299091653
2017-12-08,0.00029487879587052594,0.009337925832817173,0.009688786653043143,0.005599434762065182,0.00804189681406117,0.012443504848141317,0.020042645603765383,-0.0026075599930773436,0.005491202035518141,0.003990394827913195
2017-12-11,0.019297079690699995,-0.0037939514569488284,0.0018475052740507464,0.009263081476216094,0.003868447043449303,-0.0029304620025893866,0.012634043896420862,0.016418687700322947,0.0031968421216958323,0.005103852317928165
2017-12-12,-0.005633699180376322,0.013045010370928421,0.003947313372099099,-0.0013182770378954458,0.008521508590866617,0.011578343934750948,0.0040979781439425406,-0.019819087060017577,0.001547723722089516,-0.0018577398440470724
2017-12-13,0.0033144788087333577,-0.01650635052189837,-0.013352089436074521,0.006310759192053718,-0.018220160559147377,-0.012620440588558747,-0.002691003060173127,-0.024721537571492133,-0.000473068970150185,0.0019624206454635705
2017-12-14,-0.00029057722322531766,-0.003821549646482369,-0.01636967600469293,-0.006574003031431336,0.0005842249457465686,-0.008088868717361636,-0.00776307413241655,0.0015562569820279665,-0.004079167730762682,-0.002806520489276862
2017-12-15,0.01011007261595766,0.010732450634331904,0.011433270749247946,0.007622426689558852,-0.009787589015491083,0.014041894704317335,0.02518495706374386,0.026931073328836007,0.008934313410142761,0.011607417404651989
2017-12-18,0.013984699423194859,0.015037754189956705,0.011965399073805564,0.007564891818104704,0.005427540749084954,0.0076962696248911635,-0.005426575129429906,0.03256063819386604,0.005348478579597589,0.008352394871157524
2017-12-19,-0.010713397604695802,-0.0010178921668466013,-0.01290186599314342,-0.004689059878514552,-0.0006523132558378363,-0.00421629963578167,-0.00638741132747049,-0.009086252319916856,-0.0032354980431185012,-0.004428767447945699
2017-12-20,-0.0010891829263531905,0.0010178921668465239,-0.0005354890441573718,0.01142297375964624,-0.001828998929742068,-0.00347996998910953,-0.0036180481080655587,0.003512407484508927,-0.0008282360735725663,-0.0004151060945305013
2017-12-21,0.00377819530321502,0.011467266365964403,0.015417388173117835,-0.005435406358906565,-0.009525295177025758,0.015797200546124653,-0.00023424981895265413,-0.004634595764755292,0.0019836870126583982,0.0006318830165735217
2017-12-22,0.0,0.0020099956193758194,-0.004361740073820696,0.0005189566698710406,0.006579066613520637,-0.003530357652038521,0.00011722921028179175,-0.003170203791263516,-0.00045827163811375547,-0.0007755516832037142
2017-12-26,-0.025697258519345952,-0.003352266747958504,-0.009449771004369811,-0.0018174641920960196,0.0021612609410702724,-0.00401004536001177,-0.0012869604927126005,0.011051531481843914,-0.0010589757000585695,-0.003412438932942377
2017-12-27,0.000175928142178481,-0.0016803960801555298,0.0014698648599997942,0.0020766510612769446,0.001961377231301898,0.0018670546540838918,0.0036231221492898685,-0.0013685491235632984,0.0007906283102422613,0.0004453639572611747
2017-12-28,0.0028094090587112153,0.002351639736101273,0.0025336821907041133,0.0007774750494164691,0.005924860688913175,0.005302327501217858,0.00011645595572135756,0.001165875771373169,0.0018323190029195554,0.001558056760703433
2017-12-29,-0.010872302456458668,-0.009440396318269897,-0.008963572280783932,-0.007543185989207899,-0.0040330006661310125,-0.007917091506959751,-0.002101791674723506,-0.0199546592713209,-0.005196632292748298,-0.006752088270782765
2018-01-02,0.01774615392076573,0.012790417397102141,-0.0006724391951569221,0.014515788064413566,0.0053953796993041975,0.009400260893591219,0.0047814864604122514,0.029784579379543288,0.008269078218398127,0.014882748801405181
2018-01-03,-0.0001743274092957321,-0.0033500210788323316,0.00308826758808164,0.007945562534244242,0.0271169456981576,0.0010185541230423383,0.004643043237515415,0.06373863797939255,0.006378433243936035,0.008332636701786437
2018-01-04,0.004634432571481158,0.013002612404686276,0.012258504225710419,0.0028253021092697,0.020051135187800447,0.014223703409250076,0.00876288527632426,0.005257675556434742,0.004020542855326989,0.001750687853463847
2018-01-05,0.011320989579022571,0.004626194429831981,-0.0013247182205355316,0.01375471337530445,0.004873690726005689,-0.006440378586587864,0.012321793452057599,0.008438527518494818,0.007009145888585348,0.008252187283554726
2018-01-08,-0.0037212201902739723,-0.006947805605830928,-0.011738616599292224,0.010318332003049817,0.006013019922844402,0.0014757401380346249,0.001020152850754734,0.03018066609427089,0.001660963767296979,0.0029145327338445013
2018-01-09,-0.00011457206970133106,0.004967584205640013,0.010411539196829182,-0.006279092179515011,0.0021997882776219322,0.005056742599432258,-0.0006798918043385258,-0.00027029932182161904,0.0013020835172984225,0.0008644584408543671
2018-01-10,-0.00022983894757235744,0.009207642521186415,0.004504323487008484,0.005527745326690914,0.002134563837028473,0.010943781539206438,-0.004544305540708929,0.007809427734080188,-0.0011128458115206878,-0.0013983586964871834
2018-01-11,0.005664270640909597,0.0035944437894315172,-0.0011904595954477391,0.0047490842954060145,0.00012127704533988659,0.005337211412415863,0.0029557445072919595,0.0017866798892482857,0.007009025768882019,0.008104262147180293
2018-01-12,0.010273527358199374,0.017138162907120755,0.016798332954752616,0.019020434482607578,-0.006476285461648757,0.016375265785205158,0.017110115754186542,-0.0049211149355691845,0.006726926399094035,0.006810061387407545
2018-01-16,-0.005095088964538592,0.0016021729884194342,0.003508014248823733,-0.008107382005860581,0.004342470512181402,-0.003556458987952259,-0.014049055324880213,-0.012954635657590764,-0.0035307132616026696,-0.005159937189424774
2018-01-17,0.016381131054164926,-0.0019224830315795853,0.004657510847376152,0.016149149674046556,0.028874511461271953,0.006392581073207341,0.02005779791695878,0.020727694845559645,0.009371006206502086,0.010272779947747283
2018-01-18,0.0008932753395533728,0.00957551971547078,-0.0010332016956192908,0.0024241613351452277,0.002782762823334318,0.002387005730971593,-0.0004437943341315408,-0.0012470529428651213,-0.0016176974974736241,-0.00030559546738707113
2018-01-19,-0.004473005898299445,0.0075949856139445006,0.011689840442320005,-0.00024202235693702624,-0.04073090191180145,-0.0022097511407530783,-0.0011105334329090926,0.024949336185179003,0.004375647986990156,0.005512437935737619
2018-01-22,-0.008214746014390758,0.00691172686649141,0.0036971398622573214,0.00892106202333338,0.0014157767220155165,0.011612440559188282,0.017730457880270174,0.015437957713541799,0.00803436438221324,0.009719001025396256
2018-01-23,0.00022622811818833193,-0.0006262558203843815,-0.0005088487181804436,0.010506480629522382,0.02219935466947591,-0.001049871228883453,0.0031609957463381586,0.02209150514165263,0.002172004968222319,0.007029774680554691
2018-01-24,-0.016057070508649778,0.005311584908842744,0.011392225684240594,0.001661074373906304,-0.005307505259422452,0.01270243492414817,-0.0008711389794358081,-0.013103037174312345,-0.0005601325472320471,-0.006081217525638149
2018-01-25,-0.01801233698498426,0.0,-0.000126175692908446,-0.006422824996085686,0.0006047178291415635,0.0002592161710000427,0.005538883869105213,0.0023296370169152937,0.0006024393988328895,-0.0005260818168330194
2018-01-26,0.0023349251610109245,0.0034221685878785494,0.008024386072132983,0.015628759687492253,0.011237875699693079,0.005344523170317338,0.01856391796399461,0.029104982755652323,0.011771638106084168,0.012685067344250367
2018-01-29,-0.020915486826483306,0.002481370435852619,-0.0014998293739103144,0.006790921023719615,-0.0032322401582105496,-0.001032557142240356,-0.0014895908933282816,0.0143624462295315,-0.006754736284863033,-0.005244404252838061
2018-01-30,-0.00591185975454922,-0.012469178319724375,-0.016900211193814876,-0.014101725950119687,-0.01924911041722056,-0.00942433020608912,-0.01264351467312562,-0.016872660010651425,-0.010958642805337085,-0.008612579878181297
2018-01-31,0.0027512033364087405,0.0037570187711609315,-0.0017823547159391772,-0.016947297546616148,0.0004891308575773483,0.0048531480070121355,0.024182556462400393,0.012609835821632507,0.0004888658586947881,0.0012150702622428843
2018-02-01,0.0020880154713994407,0.015504385654643902,0.009132638773056655,0.003844343077733309,-0.007973109214249445,0.010320916753217557,-0.00792541928103163,-0.02179816958691878,-0.0006482983520233253,-0.0034628038632553097
2018-02-02,-0.04435947608746733,-0.017068258971692604,-0.0238627239404948,-0.01863818368702933,-0.0209695690267115,-0.02241080676041246,-0.02666250611443175,-0.02945231320476255,-0.021436680516698812,-0.019814902727970922
2018-02-05,-0.025301798017784247,-0.0543452841177424,-0.049913853873855926,-0.05395827687656916,-0.04173154730975765,-0.04914008365806781,-0.042057542018928834,-0.08868374734966351,-0.03940543961689492,-0.03849168499780571
2018-02-06,0.040942119750952424,0.03059155453528181,0.020934116161209868,0.035215660772272984,0.018254731379982177,0.02996932431916525,0.03714264441108759,0.05410144946448494,0.017290573348937088,0.02106813455178275
2018-02-07,-0.02163948634682612,0.0016009890279281712,0.002269620783312944,0.0042232183658677805,-0.009637695557510382,0.006756146247127126,-0.019012665919258962,0.014173575046026388,-0.005014138223752627,-0.009020464099426138
2018-02-08,-0.02790217319136804,-0.04952617039504955,-0.042495933271691426,-0.03969694401966652,-0.03174255227142551,-0.045217532657099324,-0.05065529907280218,-0.05055745570485842,-0.0382590522458017,-0.03975026748981897
2018-02-09,0.01215692544977714,0.019644125732710058,0.024872160784962988,0.019413322547605152,0.012924973467266307,0.01982444598015343,0.03661157329896164,0.06479133624511137,0.014825645199524345,0.014259334878984965
2018-02-12,0.039488988198409146,0.025713606449582146,0.014551751301356249,0.026708045232105057,0.012562270641868715,0.015330919319531941,0.010715518078560506,-0.01760491865147333,0.013818665678186272,0.015512180977900487
2018-02-13,0.009967619228519414,0.0019261113248055966,0.005602261172080672,0.015398056632612695,-0.004302739537129779,0.006156034102769854,0.007823014632081961,0.019972268347863933,0.0026095219802775584,0.004508581526370728
2018-02-14,0.018269697656243013,0.025958940759532683,0.020146878485474057,0.020644428617873568,0.02625289759121668,0.022862302165665153,0.015537031483960835,0.03708901658285316,0.013313439808897013,0.018381411494061847
2018-02-15,0.03302674165848207,0.006540954218328784,0.004811602829660634,0.04619576737545596,0.008044487121996423,0.004164299118021016,0.020167455000886146,0.020823552349268033,0.01199686177677526,0.015668329507534506
2018-02-16,-0.003242463949355114,-0.007478795465716141,-0.0033786658346505803,0.005655346444377112,0.001088906005158379,-0.007211589835828666,-0.007148438593793119,-0.010849763913154516,0.0003733996499216942,-0.0023399676072669603
2018-02-20,-0.0033690488955026485,-0.0012520190731724493,-0.004697214856983935,-0.006109242699208935,-0.006552171061240465,0.00026153675569985267,0.00779559911580745,0.021262002985629167,-0.005858517106837343,-0.0007130350704711438
2018-02-21,-0.004549094802362202,-0.0018806076424991538,0.007037671907231757,-0.017168589768616068,-0.007764035654584842,0.0041754777714782835,-0.013354539712732913,-0.03086343676691012,-0.005511664483310908,-0.0022252261148222254
2018-02-22,0.008324498213463743,-0.00566431138282231,-0.009525566472417103,-0.008580067889848166,-0.005079523747866637,-0.001824636994070166,0.002619885640626708,0.003267982764741447,0.0009730774855778604,-0.0011283555786926532
2018-02-23,0.01724152860945951,0.010671959802440645,0.010563775256819806,0.024385620974010487,0.015160866845141011,0.020061771126851917,0.02508363526514428,0.015489176353434525,0.015901278245121022,0.017501799981988878
2018-02-26,0.019579232792822383,0.012102437088301287,0.0073678250645719656,0.03044134407639854,0.019484917614835454,0.0123689942441374,0.014355132742183039,0.002639932944819851,0.011688438620627399,0.011392585865810146
2018-02-27,-0.003246372470252717,-0.0027797763463673,-0.01649073144148742,-0.0070798440460808736,-0.01288397666553042,-0.011942798680094159,-0.01286792784624601,-0.0021110904843565825,-0.012788311441467541,-0.012352521001094765
2018-02-28,-0.001514451537028857,-0.007139557565688271,-0.01172053586126162,-0.005789328120911323,-0.004609180781986678,-0.01597554214900786,-0.004575453462025162,-0.01663761826571682,-0.011157806083656078,-0.007853073163015006
2018-03-01,-0.01767157143469453,-0.015758387611063032,-0.024540085229554375,-0.022127723599878073,-0.013047887604185007,-0.018084456025094228,-0.009859763321201684,-0.04129559610684973,-0.013413965854876449,-0.012792821286839794
2018-03-02,0.006890413041086896,0.004753564622928208,0.0002710336791598895,0.005918588374925571,0.00441147133492203,-0.0009704978196986668,0.0021518823749971773,0.01847483364806503,0.005058785485198549,0.010709030898665704
2018-03-05,0.0034558865134869526,0.015684239845081147,0.009993467772946765,0.010386095521833333,0.015797850367035085,0.015238017790097678,0.006320577964634572,-0.0037695040011835146,0.01097161761052657,0.009985954582790477
2018-03-06,-0.0008486622630990952,-0.0006226777885597649,-0.004849268568203603,-0.0051793993165703675,-0.00786787479790459,0.0008688673048206289,-0.003423333613599701,0.027250909187224556,0.0026353829319968104,0.005617996408895345
2018-03-07,-0.00932620849144375,0.0021777500960195153,-0.0018920824644579257,-0.0020340703237639664,0.016558884475882087,-0.003740849013987731,0.005770046083447167,-0.0013222009886720962,-0.000483991825716375,0.003336817305749764
2018-03-08,0.010853447720662395,0.0006213956382593201,0.00256709009645107,0.003162263257888771,-0.013417179497232881,8.703768974388466e-05,0.0060543922832472915,-0.002732873328083648,0.004453148208884627,0.0042227566711994504
2018-03-09,0.017035305223158166,0.016019885897474495,0.026629533923477257,0.022964048582192788,0.019650676174300895,0.02835517087346913,0.022098889014185344,0.01706099211317237,0.017229546741207587,0.01772839658381549
2018-03-12,0.009620526897260754,0.0036606359037115385,-0.0011835577950787442,0.003959202746190353,0.005945644948368802,-0.003224950179315238,0.0023796591056814216,0.017895974193875914,-0.001274797337998416,0.003631864810273344
2018-03-13,-0.009676426113607247,-0.01472406832110037,-0.014708837495537063,-0.008598710214596884,-0.0058828695064005,-0.012055905497727438,-0.024690140121213844,-0.008241692988267466,-0.006383910414314703,-0.01024028698970021
2018-03-14,-0.008537868175678955,-0.006821799993567976,-0.019410307983634155,0.002653582884100025,-0.007560541821290591,-0.011245782230620015,-0.005949365710921277,0.004149354512598884,-0.005740969825188786,-0.0018923083345609277
2018-03-15,0.0011763675398770118,-0.0012452113589354172,-0.0017713601508823934,0.0011038617070724336,0.00937903303066119,0.0025198456146352044,0.003510236608826899,0.002409240120169884,-0.0007822363990965508,-0.002012187963278203
2018-03-16,-0.0035328058114309853,0.002178211469437894,0.0017713601508823381,-0.00708454506701966,0.004064378297029776,0.0017339386614749076,0.00444933260924541,0.004561780476026566,0.0017019979472317418,3.3414127652933785e-05
2018-03-19,-0.015397194526455668,-0.005923465914332365,-0.010535991620621422,-0.01657726737652726,-0.018324828272469847,-0.007914116587075262,-0.018241215242646013,-0.03858193339729076,-0.014306040541373417,-0.018582466273706987
2018-03-20,-0.0003422660540403485,0.0,0.00302175537291471,0.002256132050830049,-0.007335445455527326,0.0009599165679658391,0.002580450314064914,0.03498238072211636,0.0014807086617189258,0.00272761031290941
2018-03-21,-0.02291519711547777,-0.0034455038074148077,0.005470448876718552,-0.0013531780283333864,0.0031322829023273544,0.0008718827771929832,-0.007004167500472195,-0.004095140352535394,-0.0018456921256294063,-0.0025846779427457257
2018-03-22,-0.014230443500239418,-0.04230071261168638,-0.041919355998347556,-0.028383677969052126,-0.029797120123195592,-0.04264302312780896,-0.029518618114480883,-0.0273668265884184,-0.025484886972854417,-0.024616765349244556
2018-03-23,-0.023429131592338615,-0.04622352359515813,-0.034877970877302246,-0.015206973714997955,-0.021264758736460398,-0.027103143302652042,-0.029498701544929787,-0.03740789398777506,-0.02118980731175066,-0.02458008506782245
2018-03-26,0.046379737711429454,0.042616372815649395,0.027311517518066795,0.03793263526075394,0.02964561434978568,0.030372025759631376,0.05778392175994012,0.04822365791353962,0.02679504070603539,0.03206730137297476
2018-03-27,-0.0259759691396655,-0.030689467324298503,-0.021730932624224552,-0.031821748725017605,-0.009564819285581987,-0.019590427702865124,-0.04704835509399306,-0.08072465345987974,-0.0174272856453219,-0.029761810254837467
2018-03-28,-0.011110365668998938,-0.0044135310843246706,-0.0002926923027866096,-0.024189180280231357,0.004007400257239947,-0.0015728830634094532,-0.000894242636916814,-0.018663285210270414,-0.0029209188994626773,-0.008537078245363964
2018-03-29,0.007778573682554698,0.020209613426580134,-0.011196599972985482,0.029097160294973466,0.00594859511910655,0.018076149665554406,0.020813095310170057,0.045223189392696726,0.013675777493843445,0.016302769090529544
2018-04-02,-0.006577812181233805,-0.022935553284241742,0.0031066556742166684,-0.04482253267083585,-0.02214248084901665,-0.019466039943759065,-0.030593754422736732,-0.046579595354867505,-0.022590682343495868,-0.027752037963765908
2018-04-03,0.010207022179008688,0.009507986106674218,0.011307641363065318,0.00898169796647271,-0.0014672906008550398,0.01362962908778856,0.013353766084074587,0.01926592568022722,0.012535961315741067,0.010304574212672335
2018-04-04,0.01894135228559583,0.009752626819905763,0.012047351917961597,0.0036473484618529204,0.028096743316991794,0.015069276872943458,0.028787021041722562,0.003941199661635681,0.01150010234644679,0.014421657157892691
2018-04-05,0.00691065198961294,0.01461834819760393,0.01304427492762442,0.014936107107138904,-0.0005842673119090261,0.013044805038693662,0.00054139132783974,-0.021715589640115964,0.006839421401651201,0.004878651447884911
2018-04-06,-0.025911268447784894,-0.02302020870995452,-0.023340999814051546,-0.026409648564769368,-0.022718816722888405,-0.025253554283305536,-0.023548539921345472,-0.032736697135002955,-0.022164067057064987,-0.02307762053986691
2018-04-09,0.009869205088693834,0.008067358358187149,0.01217062202204894,0.010745252371963748,0.013981251354054366,0.011936554417099622,0.005966507979566892,0.00539948181319587,0.0033309949675928295,0.005081704095747849
2018-04-10,0.018642508169852606,0.020216204407096334,0.01529173377009426,0.0320292973182509,0.017528688380061976,0.018932268603321596,0.02297970672260199,0.05640746749437766,0.01658859899631407,0.020501060422378717
2018-04-11,-0.004685944429260901,-0.01921249073769966,-0.00883213761886112,-0.001883494617700964,-0.00019354026371878712,-0.016941294521936972,-0.011042739617272873,-0.007354662532454521,-0.005540685772461173,-0.0035683765155923013
2018-04-12,0.00981017057732794,0.024774157196909535,0.03154722170536712,0.0212205142958816,0.0172932248702393,0.02455599119335873,0.01855102936652572,0.036285757043189044,0.008216898697657044,0.01002454907482414
2018-04-13,0.003382397833761952,-0.02812407992092778,-0.015649000661797422,-0.00787620831376533,-0.00864106748153705,-0.027452780626983555,-0.005357101797620043,-0.013302186708221926,-0.0028907998267066345,-0.00471683807462594
2018-04-16,0.00621886542689775,0.004353094663047247,-0.01332627861614173,0.006952605820160418,0.007501632697348996,-0.0008163061997301349,0.011642172098500337,-4.2933258588771514e-05,0.008076336801563068,0.006959311194262101
2018-04-17,0.01367023791524124,0.003668425002996083,-0.004720244445836896,0.029356736715774358,0.018946575085800013,0.0,0.019975598647757987,0.025799311420140126,0.01060507161386675,0.01729170024394236
2018-04-18,-0.002246943532384501,-0.01712309047939666,-0.010957535626151343,0.0008970026898609938,-0.057472014218431317,-0.00810807518394595,0.0038440100602793676,-0.00493750740942677,0.0008310204075532664,0.001940149699054451
2018-04-19,-0.028749228602344967,0.021772504191120378,0.018670661563947272,-0.0015701208001157002,-0.007352363381319596,0.02171607772729858,-0.0034275767233172523,-0.03150194401513841,-0.00574258179583257,-0.007868890021573644
2018-04-20,-0.0418353273589521,0.002647156230391526,-0.003992168034438868,-0.01060324353409629,-0.019139364716194675,-0.002240252813903124,-0.01161679973928709,-0.0014415323614919214,-0.008573177188352708,-0.012782287752647089
2018-04-23,-0.0029004158709084018,0.001980969798230475,-0.0074562462953005025,0.003621901048489704,0.006603332238670273,-0.004855882288739706,0.0036775421635091878,-0.02134455410265535,5.623011118453955e-05,-0.0024560596231532647
2018-04-24,-0.014016989882266366,-0.004296828831196794,-0.005194873663823244,-0.011592021049000594,-0.0020587929330874895,-0.00469863359234154,-0.023665584289905426,-0.01204340834824819,-0.013470888006475166,-0.017155263282233792
2018-04-25,0.0043479789863875,-0.0016575077470622154,0.0034660771284942475,-0.0006862032288771066,0.0026070166778097248,-0.0038115354748390787,-0.008736290841572273,-0.020737797275956593,0.0018353742328236348,-0.0005152865730758118
2018-04-26,0.0034769960506047643,-0.0023250127330523094,-0.002598376523317043,0.011374278062340024,0.005330688867453745,0.000999822350522503,0.02090434893390566,0.038748394563757206,0.010380144187376953,0.016278014116889845
2018-04-27,-0.011637179111851914,0.002656749518875406,-0.002750281214879402,0.01124624964445576,-0.0016374378265651291,-0.006378244976222996,0.01641476597517188,0.0049163401435068635,0.001113005271363815,0.0001572680384554393
2018-04-30,0.017950069301304338,-0.007657695443271866,-0.010491177467938869,-0.009438084797170204,-0.010431004823579887,-0.005683579976499696,-0.02429611841879119,-0.006338318864273083,-0.008221192548921247,-0.007546845586481015
2018-05-01,0.02297022197777765,0.001002114544600806,-0.0002929556749473237,0.012118292220478579,0.00027592961401723247,0.0,0.01570133647768183,0.00991105365803994,0.0025458021710273926,0.009076671592713827
2018-05-02,0.043227327228462786,-0.012430732001704739,-0.003816697050611203,-0.02187496779885498,-0.017742602198079594,-0.007937367766116777,-0.015808644090754425,-0.003661161627164381,-0.007231951201402355,-0.0041879108910961044
2018-05-03,0.0018104005003586189,-0.012929775007292999,-0.0007357895265378954,0.013137329502178306,-0.003234534460478517,-0.006320685305182501,0.0059708458774322395,0.02908986473149465,-0.002256217585064076,-0.0017971609948732692
2018-05-04,0.03848351263746257,0.003418718150356912,0.004721317723949295,0.01916719299762247,0.013431556711358714,0.011035665728837612,0.011520790531470686,0.025718884553663612,0.012729810028334959,0.01699189975559301
2018-05-07,0.007208791882546612,0.011537284831938319,0.00820877223578077,0.009447355151686336,-0.0048061543359795185,0.008631730012093948,0.01107761012670495,0.039452603887148885,0.003451980554989958,0.00768093535488219
2018-05-08,0.004795409570205787,0.009736719974467768,0.03584611791306938,-0.00043740160941181796,-0.0015374435748183478,0.014703518367045077,-0.004270465680737819,0.006892467341468153,-0.0002656766117338216,0.00023258032450448925
2018-05-09,0.007016386924475334,0.026052353661165758,0.013291688686670352,0.007193665337659732,0.00830875335462346,0.021569209064933887,0.011725179755365365,0.021258128756931057,0.009635647934868785,0.00999682499393901
2018-05-10,0.014202333501372488,0.005518561520309202,0.008580079803749164,0.005631231551082486,0.011365056095224252,0.007729628531370936,0.009956617537728987,0.016863756088177705,0.009327011603848374,0.008824823149734514
2018-05-11,-0.003810367977679875,0.0009707367387450211,0.003988192823957955,-0.00802323474279112,-0.0006937749435739392,-0.0037694112072822,-0.0021472405179886766,-0.021762887568968464,0.001706139270961256,-0.00028232755347324404
2018-05-14,-0.002335940990944109,0.006447756585040859,-0.0032994115330631712,-0.0050201709157377756,0.0011096533810807155,0.0003512448373851874,0.003371805616509477,0.003255754299691027,0.0008830995101265589,0.0011394395223916028
2018-05-15,-0.009129564177479536,0.0032080579245086713,0.0008259255438247196,-0.0048260983839579835,-0.0038883266965556336,-0.007667785284156492,-0.007268998674527102,-0.03913292057650151,-0.006865655043990812,-0.008086495972407811
2018-05-16,0.00928900242515993,-0.005138202550113773,-0.010094786638468746,-0.0070605429499863755,0.006172494039875473,0.002739095006335292,0.0025767815281007044,0.0018310553907872052,0.004052339847514407,0.0063281762839907
2018-05-17,-0.0063437580771384654,-0.008081370696165269,-0.005435316757921936,-0.0383708410139435,-0.0008991795767496856,-0.0033583148519728367,-0.010034732524072025,0.006886380110666387,-0.0008562387886101002,-0.002141917623339441
2018-05-18,-0.0036433290824693394,-0.018012898238379402,-0.022612560057380687,-0.0057690596281610535,-0.0029109034941394935,-0.01633330716929282,0.0018696230051537528,-0.007171339587465911,-0.0026356652545503154,-0.0038177061586997206
2018-05-21,0.007060063428314395,0.009538097719840228,0.0066955386934803175,0.01241975063558985,0.009738613854188657,0.00913656307058776,0.0127864298142266,-0.006936114462545044,0.007359604547933372,0.005383681667708879
2018-05-22,-0.002507842584187491,0.01106782251652356,0.009186724112426086,-0.002288101106585823,-0.002753086537317858,0.007639215069397027,-0.0010249278081082113,-0.006324910874946179,-0.0031406885928751895,-0.0021093361180167503
2018-05-23,0.006390790429978446,-0.014674973296032453,-0.011888253061873966,0.0006867042168416382,-0.002898972008219413,-0.004612038271363327,0.01182742518006883,0.020364114776918983,0.0032431452068987514,0.006417024543698568
2018-05-24,-0.0011153623621778387,-0.007584463937974911,-0.013328565220550937,-0.0025215154803075687,-0.004155988180437488,-0.011264004090887977,-0.0035542837330025537,0.0006056741476078355,-0.0020252629577225518,-0.00020602625891678175
2018-05-25,0.0022831422203962973,-0.0016564862235396616,-0.012631794526756996,-0.007140762003058886,-0.002988776351756391,-0.005137939312491343,0.0005085409117219165,0.006398729904680775,-0.002360003054185922,0.0012679695043726937
2018-05-29,-0.003612812512253894,-0.040601265650038236,-0.04070612937112746,-0.006725494057875554,-0.016991469856982626,-0.043683698955924756,-0.0035648080129852366,-0.00277190301572987,-0.011631572511792225,-0.005024845176855618
2018-05-30,-0.0021309668482169916,0.0181358721267918,0.014653896311800812,-0.0027966092350354254,0.00986472522875278,0.02258796143408548,0.00954515659247754,0.017545200188092854,0.012615875351923801,0.00886474263269079
2018-05-31,-0.0033654758658965642,-0.011299339088286106,0.0001499050890941715,-0.0032727958601577655,-0.009227796503814575,-0.012444145029791766,-0.0011122712389604098,-0.0031670996567709003,-0.006903333243434208,-0.002728034462862242
2018-06-01,0.017873341207184177,0.012320220256874221,0.008807977631641385,0.02199902123887543,0.004518997578832493,0.01290570033221791,0.019537157931545812,0.02130270804641424,0.01079079970923988,0.01496514890387624
2018-06-04,0.00832281403189788,0.0,0.0008912275070750887,-0.0018339489683392408,0.007649457558033056,0.0004611673584876248,0.008692810767396326,0.02767805913374054,0.004469594898352221,0.006876961968937246
2018-06-05,0.007685760830616264,-0.00956929018991507,-0.0086501242790344,0.0020629976926645503,0.004603623041441786,-0.0056409298297828495,0.005101622438060928,0.0008304030464864464,0.0007023462695756739,0.004119560218171129
2018-06-06,0.0034601339656390286,0.031104569469429525,0.021780152378386583,0.01342032447387653,0.007004011232647036,0.02309931553354152,0.002931516084525973,0.0003018401468345428,0.008530900637311972,0.006704538135994898
2018-06-07,-0.002684461265131628,0.001663164530320324,0.0032191451732266146,-0.013877922017483916,0.004481567117297996,0.003979087050766656,-0.015833827426298044,-0.008522101070608601,-0.0007144436219845289,-0.007069895556034445
2018-06-08,-0.009139052731192513,-0.0026623618340318074,0.00029240153364297206,-0.003902437605390558,0.005351456891239923,0.0027938892030040506,0.0074073512679995734,-0.0023610689346863843,0.0031210289077513477,0.0013664328593386542
2018-06-11,-0.0024549555441913578,0.0016647490057393553,-0.00527180839962417,0.004817975267752041,0.003006431890750487,-0.0025232763832112974,-0.005723547102829971,-0.006349351798375495,0.0010681370069403208,0.0018843515088009125
2018-06-12,0.00547596167791326,-0.005336935111085736,-0.007368451989993768,0.005705858959419871,0.0019763452642897477,-0.0057913130967811545,0.002569633707446191,0.007492315819563136,0.0017418672787038484,0.005709552350183889
2018-06-13,-0.008251377240814893,-0.002008610460431042,-0.004744196184330176,0.0015917096306118914,-0.003546552437361331,-0.001998837364270334,-0.004550696111696507,-0.0006856069364747326,-0.004034254541411457,-0.0010506639338146815
2018-06-14,0.0005245414202424124,-0.01145956863860318,-0.016935441171451744,0.015332873099615191,-0.0078893159605295,-0.017798489954738726,0.005635945648397654,0.017041471048502496,0.002468500522503687,0.00845459417280978
2018-06-15,-0.010326186917262446,-0.007485430723845212,0.0027170658975954726,-0.009894597230623536,0.0013079157881055866,-0.0012038452420975799,-0.012800904913984123,-0.006201058378544549,-0.00101762031549408,-0.0018907285275285711
2018-06-18,-0.000529386970174286,0.004089713952422549,0.006161160451045551,-0.0009039462155375588,-0.006278906417800256,0.002591355417181194,0.007264027873380241,-0.0006410622622319445,-0.002128391180886516,8.38940372789239e-05
2018-06-19,-0.016291704920179152,-0.004773159273686125,0.00044947562059860307,-0.008860828424341263,-0.004022264931072326,-0.005840330302461143,0.0,-0.01873442275092656,-0.004031517951391294,-0.0027713413297319658
2018-06-20,0.004352635757926247,-0.0006839916934289005,0.008944529290978352,-0.0018272464091218024,-0.008864752634649482,-9.3094074276495e-05,0.009964222047399645,0.008192055759697829,0.001710690224112545,0.007212201595005314
2018-06-21,-0.005591764586462187,0.001708708722193175,0.003703440007601759,-0.013349207035527512,-0.0097226145477864,-0.0002790694244339992,-0.007191665651506843,-0.020023021290871704,-0.006365728843220268,-0.008849616950286781
2018-06-22,-0.002916255447474527,-0.010295288678582315,-0.006378586673622469,0.0009267090867239279,0.00021244202183080414,-0.01650612998742858,-0.0072441717704496015,-0.024250157614772543,0.0018602032551338834,-0.0026133562327808717
2018-06-25,-0.014983034752426854,-0.017748582920480267,-0.021813283945777116,-0.021290029168187164,-0.017781617560755157,-0.009119417207796479,-0.020322685953064072,-0.048288311292992894,-0.013819722967770653,-0.021125496113385964
2018-06-26,0.012329808226603558,0.002104264424678621,0.008481033694850695,0.006129386838762956,0.0020871577440775627,0.0006676626177312046,0.006988558445846053,0.011930996958152012,0.0022021505056967236,0.003924852573788241
2018-06-27,-0.0014650764845450985,-0.010567354447011599,-0.012901528177294359,-0.0051838502852093364,-0.011570892502725775,-0.015569616157814492,-0.015664942066413706,-0.026251972863704093,-0.008641586313141117,-0.015533337880731118
2018-06-28,0.00724963818350612,0.015112024042914812,0.021460866928491296,0.014307609298877975,0.018449703446740597,0.016237195059304287,0.011112810062076699,0.021571290620906673,0.006159680019031288,0.007840168258906632
2018-06-29,-0.0021042509791690785,-0.016883830115776446,0.0005975441308807013,0.0020937136858688466,-0.002430887809244047,-0.006981312642921062,-0.00020271126596032056,-0.01657766020085656,0.0007581158875170001,0.0008817954125147008
2018-07-02,0.011120212844287942,0.0031874675880852856,0.003580165047529004,-0.005125764416253674,0.0011445794494836553,0.008409875470572422,0.014097584054190622,0.02229073068652858,0.003063260834293461,0.007612475513037093
2018-07-03,-0.017569782691642055,-0.01783843252832817,-0.016514349423351806,-0.0032754083344614542,-0.002075264473049959,-0.014088463768308648,-0.009645650225539376,-0.022543794815697026,-0.004959629280533677,-0.008628914446621389
2018-07-05,0.008014812180779547,0.0050270626056988805,0.0075402386193081615,0.005182788199586602,0.013238279061725162,0.006480806220112418,0.007142319074549452,0.024564538864223752,0.008583856745537827,0.01110220141850054
2018-07-06,0.013766579523197212,0.003931682249917489,0.008676376740971076,0.0035181212836775267,0.007397068539733178,0.0032725676021213668,0.01393644897137026,0.01877381519094273,0.00844551760058016,0.01335026837691078
2018-07-09,0.013789912220665392,0.03574338089062013,0.026456422155611847,-0.0009372701154831164,0.013316192277481388,0.030474905357700276,0.0067976808384555805,0.007732927236283128,0.008784290785341506,0.008781132145535843
2018-07-10,-0.001207825758544379,-0.007602226160655221,-0.010352219326886382,0.00444305760091513,0.002213929782218002,-0.006171139807974958,0.002647402541670444,0.015920890573072295,0.003467249318821859,0.00038671255163987716
2018-07-11,-0.013060753564327857,-0.0052159289230109575,-0.004701056885053306,-0.006789184215832419,0.0015876008778435095,-0.0021596921551322013,-0.0013716094097448663,-0.022845648395267978,-0.007119486371916502,-0.005504130561746751
2018-07-12,0.016626978724645653,0.0031326122879908862,0.008796785873111383,0.02344834328652079,0.010364719587147844,0.0043145534204504015,0.021439215300642193,0.014837126872262522,0.0087109915801719,0.013810567038781462
2018-07-13,0.0015691536917857203,-0.007675934253692573,-0.02228730129149815,-0.0421803970493608,-0.0037630280425851323,-0.004596357361483705,0.011831095400108512,-0.00763167650203464,0.0010786555366086475,0.00026326795934844717
2018-07-16,-0.0021977087810338553,0.04217992592429437,0.036058546612327755,0.017086247474046922,-0.003020002921100273,0.038909526086409255,-0.004944376043079622,-0.0045022724219949,-0.0010286646208985384,-0.0025921399100494796
2018-07-17,0.002824546171014323,0.0076936822340621085,-0.0015852686105001072,-0.003771254410663137,-0.013635874103780149,-0.0007235609829112389,0.0098645033999825,0.02187825807893761,0.003965824343443431,0.006308737607944706
2018-07-18,-0.005499428871102102,0.003990582904540988,0.007183880445135345,-0.0030756360389295394,0.0071525967566716,0.009277776473999117,-0.007864745547736859,-0.007875262915137255,0.0021581820767374625,-8.659386757343794e-05
2018-07-19,0.007743261018953924,-0.015384865381608288,-0.012388258777982936,0.0044910299148502595,0.032137676434364416,-0.014813994462350218,-0.006872913959427658,0.001309907222649063,-0.003960826849049506,-0.0037169201452832553
2018-07-20,-0.0022958421637241603,0.015384865381608166,0.00332823661135404,-0.009240459113228797,-0.019554439862344942,0.012570019129122126,0.017753190793895927,-0.004532930703129147,-0.0009488977712743676,-0.0006518947372211367
2018-07-23,0.0008874359425201852,0.02036869563097125,0.01420098725886058,0.001189217726162178,-0.004451568388418586,0.018431004931097106,0.01587071826569743,-0.0059165047849577,0.0018363623432315187,0.002767186619702538
2018-07-24,0.007228411864447882,0.002598450183287629,0.012174369693181445,0.00781568843162493,0.004656377836572474,0.007033192797338267,-0.0028754757539629612,-0.002810546557868107,0.004769518886053562,-0.0001402949565205447
2018-07-25,0.009385637682118251,0.00775456272876955,0.009104371766486558,0.0180012105142556,0.0016380392871209728,0.008982606107806134,0.02901931853647617,0.012625458745205325,0.009060435070372713,0.011598450616720955
2018-07-26,-0.0031357746591392554,-0.004192953189203094,-0.005312382829041596,0.008536526812098573,0.0006137075603283042,-0.0028694450182073705,-0.010977685599498679,0.011722550158484371,-0.00303690274886736,-0.010144274299498457
2018-07-27,-0.016771612483864155,0.003870864517949754,0.004894151677468299,-0.022300517547376515,-0.010689942095263447,0.010222016796268931,-0.017856113549075098,-0.011127438401304304,-0.006583834644845457,-0.014722934030169109
2018-07-30,-0.005618537252695757,0.00801668564053014,0.008334469372049468,-0.009440734338249716,0.002339411872263924,0.006014975969280674,-0.021685513619056056,-0.03180746426740927,-0.0057707893155871425,-0.013980443306997423
2018-07-31,0.00199896681747575,-0.013828952231854366,-0.005548726541635825,0.002841533873634176,-0.0038564624131235395,-0.015366656357030753,0.006715362346113919,0.0029858460244583697,0.004872837219303094,0.0054621247390766224
2018-08-01,0.05724046304447093,0.011910809569040738,0.0005563990177798014,-0.010219887867062283,-0.009915683481315643,0.006157743385692358,0.0018834055177336278,0.006553516781230363,-0.0010408930675711336,0.004616669251018413
2018-08-02,0.028811830192803655,0.0009594205313584606,-0.0012521075291868347,0.015879071804580102,-0.0037701662420918415,0.004227553447610401,0.012064926630467213,0.01669777467092083,0.0049143495822087,0.01230189923991944
2018-08-03,0.0028884440888244218,0.007325941504586329,0.013910292655187152,0.007028958767881437,0.03261842774141495,0.00806021965896849,0.004359729102104626,0.005887947297874371,0.004633432065347987,0.001193724567276273
2018-08-06,0.005179398008793378,0.0003177826446216309,0.00013797068854136624,0.010913855791680662,-0.01137100436208706,0.0002563860677203064,0.0008328158797497048,0.007626342068065964,0.003531982650801626,0.0060836524154275875
2018-08-07,-0.009419080961435601,-0.0003177826446216559,0.00013829428346507318,0.006445545254056584,0.006688140380410655,0.003664583881368415,0.006912027241400896,0.011429291130697534,0.0028202017464857678,0.0030463673538434527
2018-08-08,0.0006757304829517524,0.009161439010232,0.006607293126190612,0.005948573842897144,-0.0008164350360460014,0.0020396366046534302,0.005586913661065963,0.005704504438686204,-0.00026241439329510795,0.000592179165986378
2018-08-09,0.00783394890241353,-0.006309261550274339,-0.012563151078734795,-0.0013694170661122322,-0.0037919380717134927,-0.007755456094714396,0.0016423052506661863,-0.007613686478927351,-0.0014427146770399496,0.0004372221887036803
2018-08-10,-0.0029826973166483333,-0.01305936850205582,-0.024185610641466487,0.0,-0.0020055004556228714,-0.009888160012531268,-0.006127714730358494,-0.006532744368862979,-0.007139312263244473,-0.006696394147989415
2018-08-13,0.0064358553263617006,-0.02302678829045495,-0.015780236264940854,-0.000685521785437987,-0.012326383990703953,-0.016026592464177168,-0.007274120740443463,0.005206472150974593,-0.004014037665980266,-0.002477825594418422
2018-08-14,0.004204371248410742,0.010119331633135402,0.012215432160464414,0.005697720965489105,0.004544507215814918,0.0066508828668826025,0.012398717631012815,0.020520319435087368,0.006368930016417421,0.006523696605063858
2018-08-15,0.002333228124193399,-0.014064227879787315,-0.019617078846938106,-0.003187089831903279,0.0038292392821686998,-0.008320455228756449,-0.013653428209266063,-0.009029435827572057,-0.007631208581378815,-0.01237087762637584
2018-08-16,0.014543795555211216,0.011787931097647348,0.013168702422017401,0.0292093124213095,0.009887799707579144,0.009366506550700445,-0.00018606512845124532,-0.006350259928416963,0.00788821455263811,0.004159001011764668
2018-08-17,0.019773309943135454,0.0006509745107611079,0.001579923965431672,0.015599697505400209,0.004941660057501716,0.0,-0.0005573327214517367,-0.05026373166462034,0.003317606375263089,0.0012558604635883955
2018-08-20,-0.009791355804388325,0.004220101425420105,0.012268675995057304,0.007601145089183912,0.0030762014878277814,-0.0013075499344285164,-0.006621735745366859,0.01226044878801335,0.002425074902128281,0.000598527330922324
2018-08-21,-0.0019513416658368187,0.004847389102254328,0.010016014653152801,-0.009565365716479205,-0.0036925941982485526,0.006088416576654461,-0.00836261467029769,0.021869870617066748,0.002066399954627058,0.004867320700090972
2018-08-22,4.6815604819984594e-05,-0.0012906841199014463,-0.0016857916495108549,0.004576847434096218,-0.005013616687532179,-0.0030396567893579913,0.010139054203064511,0.03681614804284728,-0.0003982310542435054,0.0038010793287848598
2018-08-23,0.0020437192297995386,-0.004529023828220857,-0.004368458958144423,0.000652351499542768,0.0008943644631177072,-0.002089634947835865,0.004659475083025311,0.0151799890383424,-0.0016926939235351061,-0.0013496239486998085
2018-08-24,0.0031043811711053194,0.0016196827186216458,-0.001978884970824001,0.0064974262234818395,0.0045981438584901954,-0.0004358667639880723,0.007779310799932466,0.019960937114330727,0.006179705928285333,0.008533689601206361
2018-08-27,0.008200869240240197,0.013505285299491666,0.02404690511623854,0.005812042143142563,0.004441265805574398,0.01754642306004132,0.01100907059577516,0.013428041221816794,0.007641141407110444,0.009010392083066462
2018-08-28,0.00804317936709771,-0.0012785005392610678,-0.00013805828110441499,0.007697247472115102,-0.000681709341307131,-0.004895905616930359,0.00600391267982624,-0.005524301588272775,0.00026924207759835515,0.0015129841062377677
2018-08-29,0.014818995131949862,-0.004165932704318243,0.002070449056779838,0.01122545451997707,0.006459659698646107,-0.003277331776542096,0.015836284388038326,0.015414875751236862,0.005685242468911669,0.00987012162643435
2018-08-30,0.009151804180992564,-0.0041834347757714095,-0.014862730427140149,-0.006974589923176036,-0.010972385086806152,-0.004936020440705654,-0.0006252472416661196,-0.0024447532148294143,-0.004440172044458075,-0.002633661547073223
2018-08-31,0.011487647762001632,-0.0025830497261489244,-0.0030834298862947138,0.013063924565476805,0.003761928820684889,-0.005309551483063211,0.0033884845476396096,0.010278010428111993,0.00013446846730492032,0.002615177026669387
2018-09-04,0.0032019863819226723,0.006766484501920276,0.0022434495540747286,-0.0008378486810008556,-0.00547664845869918,0.004962233104421927,-0.00553449943239528,0.01070186527350899,-0.0016556920488793076,-0.0022579203593070863
2018-09-05,-0.006546096061655836,0.001283686286202013,-0.0032263606057597403,-0.009684487139122578,0.006704614621897985,-0.004875248511760192,-0.029248329768585078,-0.018786411677805193,-0.002807062801265972,-0.01194563129969452
2018-09-06,-0.016757092307637323,-0.00581761177675703,-0.01500593681306918,0.00021164270802117118,-0.0018425910457728412,-0.00428506531991111,0.0023017809253539166,-0.020685425522738957,-0.0036589910366181576,-0.009101758641426221
2018-09-07,-0.008100901895180172,0.0003239866816277162,-0.00672660671435421,-0.004876405022248128,-0.00644191622866019,0.0019263082735782092,-0.004885917060881574,-0.003158292722645239,-0.002215797895014484,-0.002551609209266961
2018-09-10,-0.013511632713151292,-0.0012970242900130636,-0.0001435104526027926,0.0004250158275608996,0.001373858410623301,-0.005350149172658338,0.010754289763710076,0.010501500515596788,0.0018960282146933797,0.002732108445747185
2018-09-11,0.024968589379372387,0.0009730376083854985,-0.002876186291056419,-0.0008502123703851189,0.005751153236071652,0.006311707386848789,0.016861908087395672,-0.00704985221686044,0.003732865689715426,0.006078043735167767
2018-09-12,-0.012496822890288991,-0.013707786491465283,0.01543557715286472,-0.002981244672293363,0.0005458525970464674,-0.011867571334948632,0.004216268053007037,-0.017005755680483587,0.0003566083498935524,-0.002290523727588993
2018-09-13,0.023868042184311822,-0.009575861493964135,-0.005119000734453856,0.007436715553811741,0.016107460787015224,0.0038833140025926836,0.010684679264276528,0.011639400034788258,0.005268352159391334,0.007449959830897455
2018-09-14,-0.01141590613978701,0.007602014524797283,0.005544098836356864,0.0033813460139230185,-0.004170928686950512,-0.0001760325274737986,0.004065738277880916,0.018585210732221885,0.00027544390076635555,-0.00045806030912466157
2018-09-17,-0.02698706794229556,-0.0029676016721919486,0.004808621414649803,-0.006137317542753299,-0.0026332609323669784,0.0029910828776557948,-0.010908505096018784,-0.009084857841897167,-0.005585290991549207,-0.014366048722210843
2018-09-18,0.001650887503891885,-0.0023146357844874817,0.006749017793268214,0.007402115744948674,0.004182351939821915,0.004032848240989893,0.009496120914398328,-0.010680185581664699,0.0053546528676252396,0.007610458775181269
2018-09-19,0.0005954497748666857,0.0258143144804663,0.032536889237929856,-0.003800013532564223,0.0033599650224515995,0.028632252863662302,-0.01342794649501016,0.0035358972422370447,0.0012524880331719868,-0.0007632047416434572
2018-09-20,0.007573258096854281,0.006110249050006017,0.014410087294398905,0.009472844431101453,0.013923721302937574,0.008550496480019805,0.01660293785969635,-0.02118008364918259,0.00781001418532906,0.00978711280321286
2018-09-21,-0.010829612619469119,-0.005143080836403862,-0.008594530524239431,0.017240291527256223,0.0013224503856812426,-0.006596883979520284,0.006057378838700435,-0.010684870337764116,-0.00036860093700704873,-0.005153870923131796
2018-09-24,0.01427750028350793,-0.00938968097602884,-0.004189441568343377,-0.0024743816092527376,-0.008759644954233826,-0.009635085893740063,0.0035818153671016736,0.008504253921201523,-0.003521882314013849,0.0007872286287500391
2018-09-25,0.006320805172909183,-0.002279810063540101,-0.004479123222485549,0.0006191696293960955,-0.00749336868454402,-0.002830803607641794,-0.0019207506581370081,0.010147909331758041,-0.001305948493117946,0.0017774473144537082
2018-09-26,-0.007998210152677982,-0.01776380126150193,-0.014524777252827992,-0.001238624024423207,0.017969559408995733,-0.011840665243321509,-0.004114832917906534,-0.005566872486368632,-0.003294699681159941,-0.0021378015799517077
2018-09-27,0.02034364415642481,-0.006325588625750466,0.00687774097143544,-0.001654020843809591,-0.0007260010481138123,-0.004356947027373001,0.0037656859504089537,0.0017968839613877552,0.0027594762285113967,0.006437023511163868
2018-09-28,0.003505762970605189,-0.016162133467768756,-0.016725856955099858,0.006599436678334868,-0.0019162526228350858,-0.014778257673064864,-0.0003496285286468857,0.049679865226740345,-6.870144138179519e-06,0.0005444798258151167
2018-10-01,0.00671066968592248,0.0064287886364672005,0.002644919341429905,0.004511888300276949,0.0117686870717328,0.00583196296233358,0.010783608963383498,0.02924594742547122,0.0036344923421985013,-0.001125402999805149
2018-10-02,0.008849485488923387,-0.0023634869085760145,-0.0018087801620404352,0.0028604344333575523,0.004889981044620517,0.004132527913405487,-0.0039868044490504835,-0.010002676371674644,-0.0003967689102790794,-0.004707915911818703
2018-10-03,0.012094919137453461,0.014098768569150212,0.00776911005500752,0.002649172959320054,-0.0034533057122717405,0.00934450230486375,0.0001734311237783915,0.0008721906991629679,0.0007112667367183715,0.0031875987539673662
2018-10-04,-0.01773714276881906,0.014231545829326342,0.003586783550318238,-0.008848706448099465,-0.012544034070566836,0.008975711993495205,-0.020881448524204302,-0.02629023469366118,-0.008203035421009815,-0.01830717498590276
2018-10-05,-0.01636206244965017,-0.006594115330689772,-0.0027582168156696225,-0.005180822887432757,-0.015182930367810165,-0.005654760361004445,-0.005868915708405553,-0.03434761428507609,-0.0055433145846221455,-0.011623797330643629
2018-10-08,-0.0023211501848896497,0.0013220178165598158,0.0023448185934085283,-0.012755010795884866,-0.0043037839637375406,0.0060883078015876915,-0.011480807103837596,-0.015271935998177005,-0.000395194708349698,-0.006763572030761691
2018-10-09,0.013758588228802425,-0.00962641756617871,-0.009689872105822164,-0.0006316127008548252,-0.0077800083262299525,-0.006961462348753737,0.012639440796617956,-0.0008660902222811258,-0.0014189098341542976,0.00026752335727117465
2018-10-10,-0.047433451753680446,-0.024992840285093992,-0.027356678454809064,-0.03995367569973358,-0.031389318615880166,-0.0269938965496418,-0.05065529907280218,-0.07769459129623556,-0.03341638904260208,-0.04169057041705027
2018-10-11,-0.008867274700970987,-0.030557860848551076,-0.022700068864557266,-0.03365231540936541,-0.026056808268978146,-0.030421010307141595,-0.002357553786240942,-0.043931959510128474,-0.02078757997254153,-0.012607997468520165
2018-10-12,0.035096363015707295,0.0035198293409880238,0.021126332049325198,0.035403909199897714,0.013077824815291817,-0.010972906894574398,0.03397380892052381,0.047385730937479005,0.014106235408376288,0.022641010553660704
2018-10-15,-0.021617948524439146,-0.019156338650780324,-0.009061518988092586,-0.023015283439769073,0.001985909116380311,-0.005720101740172068,-0.018143090700912204,-0.04632308186721017,-0.005922482291300048,-0.008862804571271032
2018-10-16,0.021797785436958424,0.02161288441805373,0.007198132454766267,0.025418972599113188,0.0278794070164212,0.021214077670683024,0.031109340906873253,0.04343875008899846,0.02126782803490127,0.028490480618551608
2018-10-17,-0.004330726691309338,0.012885460767749655,0.001863386533326354,0.0026155207775031787,-0.057472014218431317,0.011078323204780487,-0.0026158256546450543,-0.011331737132841902,-0.0002526942626648821,-0.0003649927185700407
2018-10-18,-0.023650976662246217,-0.02274830440507051,-0.01762269168912014,-0.010503171920917154,-0.026456352946950902,-0.01596967985073866,-0.020164094420011564,-0.014629573146590373,-0.014496490575341185,-0.020831229406195338
2018-10-19,0.015115161411167304,0.002474865768271098,0.003491479769145521,-0.002643382998839057,-0.011168947140261842,-0.0016665599434924935,0.0014738778045192923,-0.044214553352565404,-0.00036123513527937907,-0.004835946306432387
2018-10-22,0.006091651192942496,-0.0337555572345651,-0.03352123777063626,0.009221015510745357,0.007101047470889288,-0.014467644856270648,0.008886855212275717,0.0089054208248304,-0.004308797096477868,0.0026277726360612085
2018-10-23,0.009382519973385574,-0.013235223228430714,-0.012998877373449059,-0.0074582281857376665,0.00911067284576768,-0.010491436070636682,-0.014054084427849563,-0.04493514570264747,-0.005527076180694164,-0.004171412105854851
2018-10-24,-0.03490392379017568,-0.031199627162489883,-0.029802194159712424,-0.03017294389667016,-0.030960005462384643,-0.018798198579695134,-0.05065529907280218,-0.08868374734966351,-0.03135077386114084,-0.043748218753435014
2018-10-25,0.02166145927651675,0.015157714302080133,0.018172139129791487,0.03127327992860492,-0.005992347811961316,0.015085690119567367,0.05679985383980112,0.04140544926923248,0.018453717978714167,0.02910633535786402
2018-10-26,-0.016051674328665024,-0.00755035554088204,-0.011766288144936998,-0.027197616964967124,-0.013214559482541707,-0.013827592019409503,-0.012450038571060267,-0.04703798356508632,-0.017479138010003174,-0.02086705285381519
2018-10-29,-0.018948371659879698,0.008302152863274284,0.0021779126484227384,-0.009308732832220471,-0.04214515872674292,0.013732213442143402,-0.029507212916155538,-0.06602893754070613,-0.00658120829519397,-0.016447695824603176
2018-10-30,0.004981629978104337,0.006368074498301913,0.0027931337943575526,0.01673901235841339,-0.03608285310700789,0.017490679739202365,-0.0011564038741077515,0.08950428463345547,0.015545322971877482,0.01567163144462349
2018-10-31,0.025732625335850332,0.026530641073739536,0.014309062674242399,0.025906466490329454,0.0002601315252356486,0.021510083422973548,0.029260256954761803,0.037846273104744664,0.010792878754571094,0.01994183981730184
2018-11-01,0.015235698376749087,0.01120960111587116,0.005636573382891412,-0.002188289023185965,0.012055596893448844,-0.00036683420262305984,-0.008367640679934731,0.03394721698768131,0.010502498868529206,0.017389923216889792
2018-11-02,-0.05763947971348608,0.002872714146852394,0.008225151200416945,-0.003731356954022813,-0.009978609608467574,-0.005521317053890953,0.002263424421824894,-0.014733234792335653,-0.006336721055879746,-0.010421237192339805
2018-11-05,-0.02879893047594601,0.0060767829056631115,0.020718484124693508,0.01440810787939863,0.03725040471825181,0.006530088203979508,0.012636470253318896,-0.014765478928172898,0.0055846936971941175,-0.003832286137168563
2018-11-06,0.010755940002115064,0.0053314387876234924,-0.009255021512907937,0.007771856221423515,0.025167862780068734,0.004664059180970147,0.0019513003722035705,-0.003358243683178302,0.0062397877444086355,0.006407430530376597
2018-11-07,0.02987743531321633,0.011629868841744998,0.023418632545803543,0.02966320078577101,0.013873170667070634,0.017007949152666905,0.03860645928942099,0.012851848550403768,0.020987078560774024,0.026066079888775167
2018-11-08,-0.003494895049773023,0.011496486750734313,-0.007056620682155763,0.011210417586429678,0.0008921733727382586,0.008040517506465847,-0.0018774810153704574,-0.03716638509383775,-0.002512068988491457,-0.005280252546508446
2018-11-09,-0.019469930988904663,-0.012197185025487271,-0.030255505650273275,-0.02784073517153292,0.0012959323508519042,-0.009746469881657888,-0.019700493765290063,-0.0015547043605242325,-0.00924158591537243,-0.01659990027946333
2018-11-12,-0.051687391337904405,-0.027369780929318764,-0.02385265001036007,-0.03213908903622086,-0.021601202158493597,-0.021250084112143023,-0.02495068950106542,-0.08167328898562083,-0.019898150985467496,-0.02821011668331967
2018-11-13,-0.01004129626159772,0.0003603387819514763,0.008837945717256455,-0.011020403608386195,-0.0004964333980855127,0.0058565773253763725,0.0006548044450115281,0.05026155360992622,-0.0014830188221738934,0.0
2018-11-14,-0.028654146590354358,-0.02001164936530368,-0.019956920198638692,-0.017664069402548038,-0.005310194273026815,-0.020837425173445754,-0.014282579962454954,-0.010693673044140897,-0.007596188818450545,-0.008994802921004108
2018-11-15,0.02437908609851264,0.025042147199696885,0.01717409799562262,0.05278815766329435,0.010263021358091297,0.025208224797860463,0.02176789711940677,0.026029064533855666,0.01053803274264194,0.017039116089412196
2018-11-16,0.011014897891143276,-0.005390836616344765,0.005403454067221912,-0.009020785031150301,0.0010699996841605245,-0.0007270560170845762,0.00937047373636992,-0.08868374734966351,0.002220837537483983,-0.0015385327320372028
2018-11-19,-0.04043861442872502,0.0,-0.005093555379797482,-0.013029194007134285,-0.01041852740453083,0.0076078085452194345,-0.034478253064971695,-0.08868374734966351,-0.016783161235721437,-0.030737185316640953
2018-11-20,-0.04895711372708122,-0.013423303399276727,-0.03287773083232386,-0.02792724301610544,-0.026189522749243778,-0.02170811712738617,-0.028208894168576592,0.029820340570759208,-0.018317995556585972,-0.017171632699517898
2018-11-21,-0.0011306533810722698,-0.004025519642187465,0.005422802403938073,0.008950078587054296,0.011621342373496966,-0.007496993215663042,0.013670613868972777,-0.029751337488105677,0.0030386693107672014,0.009139153981611482
2018-11-23,-0.02572732933862695,-0.011062207216578912,-0.01797498890511728,-0.007826861575783267,-0.011706878552030278,-0.009240031433361131,-0.0003881110011209398,0.002002211537641137,-0.006576419711855615,-0.0047831978926308446
2018-11-26,0.013433303860687324,0.021640723872102256,0.03156120146276671,0.02286163055305713,0.020021655316320653,0.024177887789975313,0.03245516039344778,0.054030900126612186,0.015412975845366429,0.020380399958705674
2018-11-27,-0.002178406715228151,0.0065099205373206044,-0.004245567631524798,0.011997093856451776,0.0039236140434147386,0.004201518519677255,0.006272861744940913,0.004433076503784587,0.003256384364612641,0.00012003171857734702
2018-11-28,0.03773187641963149,0.024569358587159924,0.032861068008788887,0.025051967895072077,0.024442561843656393,0.01105801451220396,0.036474485776240996,0.040413477568980935,0.022714051303113776,0.029066389289646947
2018-11-29,-0.00771181803108424,-0.013812817584697745,-0.010423116351578705,0.0010568483590766816,-0.01243483636549704,-0.007963980479859634,-0.008404486874044423,-0.016074969972693393,-0.002185494545393453,-0.0025417363646910753
2018-11-30,-0.005417024432177795,0.01275699079161526,-0.0016961758574251253,0.011133602338228172,0.022706807012147025,0.01021486897460552,0.006332616609320015,0.037848519967090426,0.008137547716617559,0.007869316922645475
2018-12-03,0.034345411794808864,0.0049173332586147055,0.005694599640691782,0.018010853308288586,0.008334182825107344,0.009398759250448405,0.010763322251574458,0.03964878426763208,0.010882001794362436,0.015024565381903974
2018-12-04,-0.044985447883158815,-0.055839789694277706,-0.045526884626351564,-0.02893293888432987,-0.030053686409522846,-0.04566321729966151,-0.03236752660948217,-0.07908736538530452,-0.03290022883855611,-0.03878304600426648
2018-12-06,-0.011212341700300393,-0.02108547674061097,-0.03597529584501576,0.021726265110724095,0.018818368716636644,-0.019207731910749117,0.006154727738417236,0.007482716082989561,-0.0015233879141442856,0.004158399317293842
2018-12-07,-0.03630779915119084,-0.03287843565352595,-0.028884434634175508,-0.04113223691186895,-0.03757869267173013,-0.018228090556400664,-0.04084457621686897,-0.06985532982950861,-0.02359633545632224,-0.03094149209317898
2018-12-10,0.006566140041038579,-0.026700072361622633,-0.022180933284873663,0.009003685625728362,0.01488773738351115,-0.018861566187800497,0.026082828559889568,0.028385343946594706,0.0017606032229163218,0.007329677184979998
2018-12-11,-0.005735645597329409,-0.007296305010845131,-0.015006018471214777,0.004896029313329455,-0.00198334636485595,-0.009815055763761337,0.009251738340987668,-0.024463635750179524,-0.00035640967530566644,0.001609703851287379
2018-12-12,0.002783278883922403,-0.0024442906545585836,-0.004278073968971289,0.006983417786575333,0.0022310448793699898,0.006454913617234684,0.004502178674702437,0.0047797349726782686,0.005404871010351243,0.009409739797904772
2018-12-13,0.010880716104119661,-0.004906016499130564,-0.0037583540028600106,0.0010538521371087123,-0.0035554039712953696,0.0009893188140000034,0.0033862995935330237,-6.71235812635527e-05,-0.00019995031241503897,-0.003949569834596789
2018-12-14,-0.03252080395484058,0.0032735683149032317,-0.013539254684262241,-0.03537726274885203,-0.006898380543736597,-0.008241861149068002,-0.0317455674109403,-0.016523718925359452,-0.019271212268699812,-0.02284199638844531
2018-12-17,-0.009349726839389526,-0.0004084120617954346,-0.014093914589939083,-0.03599578801474613,-0.03220634571827701,-0.012845090988661021,-0.030061831509955898,-0.01979183977139398,-0.020992284828576645,-0.022970227614571542
2018-12-18,0.01290878234659746,0.0,-0.005916194780134019,-0.003172663795695884,0.004725962211884277,-0.004758640879769116,0.010441951278224993,0.02313206252809849,8.639685378910398e-05,0.004458712962559901
2018-12-19,-0.031688161083123716,-0.011922293033174441,-0.02079658409920484,-0.021101376796358824,-0.0018876678853692384,-0.012766087235739182,-0.002696705795724663,-0.05908214378793969,-0.015515459175936802,-0.02191920329965038
2018-12-20,-0.025558543990930938,-0.0028990959702143142,-0.010467532584115305,-0.015182110550564239,-0.029725448190312996,-0.008671687007753684,-0.021248154813834474,-0.024927036821526298,-0.015897809484103957,-0.016471005628987238
2018-12-21,-0.03967240827302361,-0.031173520488451734,-0.03961077323728978,-0.015176847043706825,-0.018575281726421502,-0.023923120633270224,-0.03284586629812146,-0.0417940784433429,-0.02080312049854063,-0.03039093048481333
2018-12-24,-0.02621495614290964,-0.02776748672888188,-0.019699546358260014,-0.03823696950241682,-0.03084783699992544,-0.021792190929039706,-0.04263496046916895,-0.019404265550411845,-0.02748657287831441,-0.02236582406431099
2018-12-26,0.060423278532773524,0.05894100721733354,0.043303767907704044,0.05278815766329435,0.03489609319338916,0.04062232116358551,0.05778392175994012,0.04628389746498772,0.033434479226047135,0.038614096639444526
2018-12-27,-0.006510724965145828,0.01072628673505299,0.00639475168764308,0.010306956973325235,0.021229104497138468,0.011191882628359849,0.006146714578566981,-0.014606391981973133,0.008526228968816992,0.0038268141596525447
2018-12-28,0.00051231505294284,0.0008201008468581087,0.0011580853226611733,-0.003267977489744017,-0.006613581027376624,-0.0021666968122781055,-0.00783876987684498,0.01873016810971924,-0.0012423539102312722,0.000764172209532057
2018-12-31,0.009618707503750388,0.01019801935380642,0.004428064258480218,0.013008316385397633,0.005646481524092048,0.008125695711173265,0.011685681090565505,-0.0011230528955349592,0.008456625862206874,0.007679392400735193
2019-01-02,0.0011404002945451022,0.012903257424980974,0.027845236827317855,-0.008808478602383412,0.013456824794409749,0.017163839646973867,-0.004440283710744967,0.020169737690692784,0.0012676930626261643,0.004610135188027707
2019-01-03,-0.05763947971348608,-0.01615534838668466,-0.018286725008780137,-0.03704603634072363,-0.020165410271325998,-0.014313683107678046,-0.03748160296086794,-0.062318975352210385,-0.02506833181891511,-0.030840003413063557
2019-01-04,0.04180290258814173,0.040691638538590855,0.047738790757148805,0.044060138289522974,0.03831407541128075,0.03620215890866481,0.04546024564106313,0.0620987725151716,0.033434479226047135,0.038614096639444526
2019-01-07,-0.0022281509330857423,-0.0007822024247860732,0.008668902652277228,0.0067338773075212,0.007049923088335752,0.0006948726012710563,0.0012743201279364564,0.05158703346435426,0.006985975995229761,0.01247742073715234
2019-01-08,0.018883787332962053,-0.0019578288041904707,-0.002700984761565234,0.008067440231194021,0.014118972057374638,-0.0018872865295437523,0.007224628301465314,-0.0252107410471202,0.009648587336497393,0.010718362847466868
2019-01-09,0.0168389496127033,0.009752278475521545,0.016452487042782217,-0.005524879830967534,0.007151060704781212,-0.0016918296178932053,0.01419823328285233,0.01947599021186614,0.004089671332822161,0.008673322865231559
2019-01-10,0.003191243177789356,-0.001165239299180992,0.0010634427584244705,-0.0018485033866968237,0.009072964015710136,-9.973933037060781e-05,-0.006446550871154262,0.018415509020247665,0.004508241374462229,0.004158283898455209
2019-01-11,-0.00986675875831975,0.011591827751399721,0.004419849334691303,0.0057650067018473914,-0.0027132110661726313,-0.004792524293721991,-0.007751682411698151,0.02448584927247141,-0.0001463085444824661,-0.002090603188675801
2019-01-14,-0.0151510192701704,0.012977352257481622,0.038752509456981776,-0.006459063715377178,-0.008848534908610553,0.010256191556387632,-0.007322700248793705,0.010759606472570269,-0.00527139458724949,-0.009448534565961127
2019-01-15,0.020260120052105174,0.006803143530568508,0.040733588963781965,0.01857239525848991,0.01106894115375212,0.007304355371972784,0.02859266385944952,-0.003796059717217787,0.010664618879761001,0.01692966097108439
2019-01-16,0.012142560857272673,0.06899392687078605,0.01311031104514106,-0.0013640813905872477,-0.0009040015322676877,0.008032314340732071,0.0035171607742421696,-0.0068963314135127764,0.0022195205290883643,0.0015449514495489678
2019-01-17,0.00592009198829712,0.01880268479441203,0.004492151993867594,0.0056706375683017686,0.0046758603876498874,0.004088937126852853,0.0069980438751896055,0.019164908748755163,0.007562730706235749,0.0070500314846657745
2019-01-18,0.006140462995738604,0.0106364320608157,0.010351173617879851,0.018378161110387238,0.013251762588252029,0.016095909899856594,0.014871862169423334,0.033763014696301906,0.01309691283985578,0.010219384517698674
2019-01-22,-0.022701932471154148,-0.007192902704010688,-0.02032566366241004,-0.005567401473896899,-0.010555007899267544,-0.015901344066935958,-0.01902664615632945,-0.05339826685908985,-0.014258476827972471,-0.019308552581686445
2019-01-23,0.004036219096041103,-0.005861185451756943,0.004517188023119131,0.015071650691918374,0.04754936920910198,-0.0025291442099986574,0.009698890779696502,0.0034892063676564044,0.002200489919450871,0.0007703412345865474
2019-01-24,-0.007957596387992382,0.005517271349279535,0.00929169937913276,0.0032937208943602646,-0.0027127776152532598,0.0005843141203515731,-0.004790563679285441,0.05569106160932829,0.001374780110977555,0.006764925935189553
2019-01-25,0.03259962872149607,0.017048114110561858,0.02067447431163368,0.011336396065457178,0.010807069284917765,0.00630664785910237,0.009092051421135589,0.014529005907623757,0.008452867700518018,0.012838756110327301
2019-01-28,-0.009297421839275549,0.0016887496132859216,-0.0026589059015065903,-0.008271292083111852,0.0022367856933111015,0.004728343104800248,-0.01969438192163458,-0.08868374734966351,-0.007877775848708898,-0.011112631817476794
2019-01-29,-0.010418669500105402,-0.008132786859345136,-0.010074178902888958,0.00457975311075805,0.00044670839137696917,0.0027875766520646167,-0.020575684464413123,-0.04755912029954033,-0.0014573079351148383,-0.008132432213352268
2019-01-30,0.060423278532773524,-0.010947952093362771,0.015852527986639307,0.016186537010037135,0.00037207741500599106,0.0023012238962329193,0.03287127897904689,0.04305659061775386,0.015429609891560045,0.021784832765876307
2019-01-31,0.0071753312324547335,-0.02085597312227856,0.0037301041085651167,0.012340498615253874,0.0002975296492779621,-0.008753617390652675,-0.018500514354455953,0.045252070397526635,0.008560648809767757,0.01364160551103814
2019-02-01,0.0004806492884943259,-0.003165891837992001,-0.005326039018824141,0.0010568021626783765,-0.0023833738522313227,0.003664816842355175,-0.015926202380088367,0.006793968718640944,0.0008982065848071141,-0.0024571160296978757
2019-02-04,0.028009041893244765,0.017464480443477915,0.0061067559623222654,0.0002113858481958255,0.008095296152094193,0.003555210110006013,0.02839228207089271,0.030284062541041955,0.006753381117479676,0.011452807845096613
2019-02-05,0.016964723244880315,-0.003468533012908074,-0.003910231053506501,-0.0019028856394748593,0.0026594720675209623,-0.00442214032449115,0.013899610659798979,0.0051480778288373556,0.0046973704373502,0.00739548370868154
2019-02-06,0.0003444223138860689,-0.001739066824157703,0.0012528739195910848,0.004644757151283358,0.005664842016906205,-0.00048187318241974604,-0.011160408067843514,0.02013617706139817,-0.0022269157175087858,-0.0036272138731508357
2019-02-07,-0.01912096556199837,-0.01720236521124764,-0.017048280988542677,-0.016564840643276603,-0.011644854646133438,-0.013196387316059674,-0.007193673278533992,-0.037152425149371275,-0.009401193202230233,-0.011856642123861078
2019-02-08,0.0011742375245141162,0.0017689727170330394,-0.012818536567572229,0.010438120220506908,0.0038967046131031763,-0.010012684051174172,0.0037924468406996194,0.005074745240237128,0.0006759725660127,0.00135057281614435
2019-02-11,-0.005767475516326336,0.00423300363238467,-0.0064719339052137035,0.008230664616759397,0.002091884659109572,-0.004747011443010217,-0.003982540635791275,-0.0116762125987655,0.0007088518038183947,0.0013281722557409628
2019-02-12,0.008580051408514117,0.009807559818997237,0.01705877988089324,0.006494010817127359,0.01525706883478378,0.01690629641388357,0.015461860474260208,0.031720881259401174,0.012807852902838604,0.014497801185621979
2019-02-13,-0.004163557199395255,0.000348190153239991,0.005886840231384106,-0.008176970762809639,0.010747182187438878,0.004764392950762165,-0.0007486003378953505,0.01124832823992308,0.0030194315937109753,0.0007765104030215458
2019-02-14,0.0036368424371763437,-0.010860087898189342,-0.009883894280999825,0.018770088321684412,-0.007591251777030094,-0.006520483689512678,0.0008421551435907343,0.010734980215326557,-0.0026551633836986214,0.0008850497556546418
2019-02-15,-0.002226959980219341,0.025044817075270676,0.029207119696984682,0.021057339469167036,0.011292687210236609,0.030103103917234413,0.012272050083256214,0.01802078976246761,0.010820004664957538,0.006102289082795742
2019-02-19,0.0029878476742228434,0.0006866092214723165,0.0017101234221585935,0.004441207663606899,0.004842383534059649,-0.003511786541801605,-0.00046192657052021986,-0.004458953947444891,0.0014976213265920058,0.0019198736191796573
2019-02-20,0.006414730556917575,0.00956630693917168,0.00403020555713635,-0.00040275066226545646,-0.005059500505895313,0.004837387354957691,-0.005212610055195997,0.012119776411625994,0.00177553356074094,0.00030713532323710325
2019-02-21,-0.005654514959872294,-0.004088466854188279,-0.004962464673734033,-0.004442905250410769,-0.0011602221538831309,-0.0020843048632534205,0.020872385663246902,-0.017689400810022335,-0.0035326693258413886,-0.0039280665652146555
2019-02-22,0.011103990759325952,-0.007195680011225807,-0.0028024611382917396,0.01406800875690328,0.010177364041748505,-0.004466149063271882,0.014157594837143812,0.021717890862454865,0.006390638694710404,0.009051766169176747
2019-02-25,0.00725784333467896,0.006512432630766326,0.006061914034442441,0.01347882418162801,0.0015068386074458325,0.010421935565676875,0.0055714598818315045,-0.0031457070100573588,0.0012311044497517107,0.0035698117574532147
2019-02-26,0.0005739282772933922,0.0006832473804594135,-0.00637386028088132,0.007649223012984193,0.001862727994406605,-0.007663697805870952,0.006876606646932877,-0.010070065161639483,-0.0007907696728402984,-0.0006832942963663161
2019-02-27,0.003092691350372299,0.00816051830077891,0.004357277163851225,0.007979033277472576,-0.003944224098172465,-0.0012352393578643022,-0.0016920748236085453,-0.01081588917609564,-0.0005441974362980739,0.0006898870274924959
2019-02-28,-0.009884423960798068,-0.010263643875270952,-0.006543094432050311,0.0034829550141245503,-0.007501147257484069,-0.007636601064881006,-0.001248952290642818,-0.006397237139453223,-0.002829507598950442,-0.0029137586529924936
2019-03-01,0.010456343810780462,0.007878152196897333,0.007629662371008788,-0.006978266894892514,0.0077169064330709775,0.000670622443782599,0.0044527678696175774,0.014097130607267557,0.006871656588713028,0.008305284558913564
2019-03-04,0.005016819236169392,-0.009598813131928386,-0.011230937446963447,-0.004874614072517919,-0.005547230975101437,-0.0023011390211770365,-0.002402026016235763,0.002106978331624262,-0.003888107395255168,-0.002343686207766131
2019-03-05,-0.0018215944608321812,0.0017206609350311952,-0.012946095745833844,0.0027326776713776225,-0.003981131613356779,-0.0007678971191711471,-0.005000882209923307,-0.0016598102213283147,-0.001132173489706859,-0.0001596893960870817
2019-03-06,-0.005770480705369129,-0.008287143252818322,-0.006696526481496438,0.007186888403982927,-0.006548752984918578,-0.003753332968966936,0.0004475463661302093,-0.028974574059595425,-0.00654547360412503,-0.009340823081353283
2019-03-07,-0.011642199091192506,-0.01010635613350239,-0.009806353288160126,-0.0073818125074067535,-0.01189700602156543,-0.007257055492433326,-0.012244599137660553,-0.018519481122941883,-0.008158911138331157,-0.011316234048727796
2019-03-08,0.0023740285815494807,0.0034963906153344876,0.0025814286038793963,-0.004298525414755428,-0.001996855418860354,0.00038836329734608154,0.0010863333231552461,0.009203040072705386,-0.0021339641314536495,-0.001796383950066561
2019-03-11,0.034055617871325446,0.010071337645569086,0.0040202722435396954,0.01650686206321767,0.019209035417014513,0.01292448437558029,0.02077629385927507,0.06738090055007877,0.014559535563489445,0.020035137147738583
2019-03-12,0.011172822346450907,0.0,0.007992535035918336,0.004420228804487535,0.004130539730224983,-0.002975322402790864,0.0069773075259275995,0.008527609327666606,0.002948965727805163,0.004352707516611882
2019-03-13,0.004412436359207639,0.012021352104910494,0.013284786528118202,0.00840182567281712,0.0020228984070033646,0.0033587288543992606,0.007715273370260057,0.036846365449823115,0.0069255467570192835,0.006876600348556077
2019-03-14,0.011055186183887839,0.005787212839240351,0.007201264820732565,0.002848161287596754,0.0016585437803763755,0.009059346102944505,0.0007856225643775208,-0.01831396284086932,-0.0008683993315961826,-0.001636734405823722
2019-03-15,0.012924161330163421,-0.00544610174025463,0.016705528540629812,0.00868436062226761,0.004600650667869478,0.011421185575745067,0.011453590416675026,0.025346861967682432,0.0049725194084307206,0.007522455238329687
2019-03-18,0.010156947593120108,0.017591980635625986,0.011287539398472901,0.0058100665606050286,0.005578771229277877,0.005988407029215475,0.01421983205587591,-0.00507767043434759,0.0036990967989080333,0.003369499891196651
2019-03-19,-0.00795645578547125,-0.005717070435359762,-0.004560714684257116,-0.0037449035310782846,0.0019948489705982927,-0.003645027087246457,0.0006802014931769853,0.039232143173888914,-0.00013057007992675946,0.001226836656803406
2019-03-20,0.00870068816807232,-0.034658038621522065,-0.020473314465951218,-0.0009380449400430867,-0.006355016269677633,-0.02157947757801135,-0.0011055885221651733,-0.007483238482778382,-0.002948696740769673,0.0006497179270455389
2019-03-21,0.036168113454858736,-0.01619145797875763,-0.006083663496735609,0.01268658307211574,0.013094170002982129,-0.01591243754822896,0.022715070879123077,0.053257814724257585,0.010794015494689354,0.014130533089684925
2019-03-22,-0.02092547779176887,-0.04240549109818968,-0.046929824501975186,-0.022498061783867016,-0.0141693270919431,-0.030698560562289545,-0.026722202648250305,-0.03563889488976204,-0.019156827134273257,-0.025359159175434083
2019-03-25,-0.012164947036324363,-0.006313729836951667,-0.010716606387536966,-0.00018969084429196586,-0.001937842284086234,-0.008354865281704928,0.005197842921305711,-0.02118070640969312,-0.000839372833310059,-0.0006714414289255697
2019-03-26,-0.010385372482767795,0.013691121106351388,0.01464448094595683,0.009437813612159309,0.007444377675578875,0.00995714483548056,0.0021224633477253383,0.017625221998408457,0.007157052947934055,0.0070428589082249925
2019-03-27,0.008954022591453932,-0.0066371392849266945,-0.008036171676693859,-0.0016924183229134256,-0.007013481972421259,-0.003408128188454646,-0.009715510979759078,-0.002094054400880884,-0.00465514327659887,-0.0062785274328739996
2019-03-28,0.0013254036297202455,0.011037606787867572,0.020373966891914765,0.0041316921399607446,0.004871611155486215,0.011283480367812482,0.0013693908163307186,0.00424017066926857,0.0035830547152617266,0.00336848712689225
2019-03-29,0.00649654610168542,0.009468321936256109,0.0038648600926986985,0.011737501689421233,0.008398037922936221,0.005149831724271699,0.00860048841034767,0.012947902992200272,0.006711706043324668,0.007812481518906644
2019-04-01,0.006768245902986602,0.03385315401518213,0.033815659300777325,0.018170311931934902,0.015471673288757303,0.03313099996955752,0.00911559433014343,0.015034540186237837,0.011502195518044496,0.012802445061177807
2019-04-02,0.014432033323887377,0.011496554055377963,0.0009318320475034508,0.005622748309374727,-0.0020957862601017323,0.004766968578780365,0.001427276725688826,0.0039425449920787075,1.7455554858152623e-05,0.002523319325419172
2019-04-03,0.006831715641871433,-0.001039646612251269,0.009885885495745005,0.006130319393701335,0.004395764762381693,0.0019952661247431927,0.006522883146915372,0.030247926688617404,0.002146072420089187,0.00595265346648279
2019-04-04,0.0017390298414077232,0.010691557738550444,0.011613725357539654,-0.00253577355625398,-0.005935202782415479,0.009614048765550559,-0.005097572309108482,-0.0019104439296878533,0.0020824652429942735,-0.0004776006710264243
2019-04-05,0.0066716289029667905,-0.0024044144857320485,-0.004110615956530324,0.0012687754342774415,0.003495556009452621,-0.0023711385012179,0.004430393077719932,0.014187765269296047,0.004625717623099122,0.005926582643182982
2019-04-08,0.015613665592181972,0.0030902627384111095,0.007901811219959034,0.005058811461178125,0.0007674805561508344,0.003223531092698744,0.00033361125511815055,0.004389256602117103,0.0010469117505236662,0.0019115783287113528
2019-04-09,-0.0030029309092800952,-0.009645182949369594,-0.013255424370272453,-0.0056022417884023495,-0.008966948047606097,-0.007410069739139952,-0.005434457637751693,-0.013278846265121746,-0.0060859764356695385,-0.00562311873661748
2019-04-10,0.005598042422168653,0.006210993517821127,0.004896024131633764,0.011531595869544855,0.006382988017416272,0.0044715124477315875,0.007599984664462386,0.014894227431045598,0.003471837754499924,0.006924824333652936
2019-04-11,-0.008358928144125003,0.0,0.005934837167457923,-0.003949218570995931,0.005300009926708221,0.00841309082677176,0.001164004036305294,-0.0029196711595046616,3.8122340342693696e-05,-0.002121769944313565
2019-04-12,-0.00040209618527855347,0.037141259937275066,0.022651377481300576,0.012333840359091453,0.0039564290368729466,0.04581379590834781,0.005139527111701617,-0.008019695269746305,0.0065875783895457275,0.0046198176162883
2019-04-15,0.0018085627286175937,-0.010997912041959717,-0.0005934783340059029,0.004785097529121766,-0.003122301845057611,-0.01148519835901272,0.0008264812544386649,-0.02834386087019965,-0.0006295672443571088,-0.0010213414234804842
2019-04-16,0.0001004378932285507,0.0013391597771990355,0.028240945607696945,0.006871925809282387,0.008580535007193753,0.010495735147533415,-0.0023158305183663876,0.018825724022215988,0.0005092283251399622,0.003032031790185138
2019-04-17,0.019285950761067705,0.005007962382011272,0.014893610814170156,-0.0113019025149275,-0.0424339096963342,0.028395969484360635,0.008245987785973068,-0.004900742059677247,-0.0022764008207388597,-0.0005188574642089053
2019-04-18,0.0035870512662411922,0.0,-0.009713221930825999,0.0015971497044135932,0.008731613037487897,-0.0073761458190225015,0.013053905781934539,-0.0052998439212712,0.0015778468242496745,0.00024758823693415245
2019-04-22,0.003281144120074,0.0006656054254513986,-0.008359829761490252,-0.0010645384443231333,-0.010314445342467582,0.0012330609109697645,0.003156317287523379,0.011581014666156202,0.0010115058169329091,0.0021494551701109537
2019-04-23,0.014320566809499953,0.0006651626895401936,0.0015910547611173215,0.006193396208180454,0.011098053568895804,0.0012316234661367718,0.0134833588688141,0.011604925063295822,0.008802351174995391,0.013082637882782815
2019-04-24,-0.0015434489891298748,-0.0016641156468833326,-0.005361189967207069,0.003346073564886615,-0.0034953316891359856,-0.0016720251836318558,-0.003433863882977283,0.0026189615505494432,-0.0021941686030362366,-0.002318962535970844
2019-04-25,-0.009116697624369742,0.0019966822912016414,-0.0014537849610832317,-0.00971667027514965,-0.009476513684012446,0.0005282801185350483,0.032580831720962586,-0.02253570259028617,-0.0003690417402728576,0.002055450919248558
2019-04-26,-0.004785275258402167,0.008936022880924622,0.0112848238176527,-0.008020619699141918,0.005826107162219984,0.007541452793797527,0.005713421682536334,-0.0483382742791446,0.004674350323304823,0.0034084988535381315
2019-04-29,0.0015161391671187463,0.013743736065378426,0.02163158569093748,0.004463987908738684,-0.00280101541580273,0.01431132626778378,-0.0009242997112616837,0.006938682281753341,0.0010709485042338864,0.0018947710434763067
2019-04-30,-0.019443990269882718,-0.006194005284846262,-0.004656836328391836,-0.0032125069500890677,0.008735519989004813,-0.0006031992474280575,0.006375608644122163,0.009269535014220884,0.0009509646987914453,-0.008176090186001683
2019-05-01,0.04791888926897257,-0.010519441241039224,-0.010521620933398458,-0.006634636695326134,0.002065189927199947,-0.0076984376230881816,-0.021046683509767357,-0.002932805315588634,-0.00753044585029134,-0.005667393827094567
2019-05-02,-0.006529048164831701,0.00790008603848428,0.005701053152041025,-0.01158193371887737,-0.006924615878629086,0.002168386873082446,-0.013145346438589875,0.014959503328854247,-0.0021262446486827887,-0.0016001233101155714
2019-05-03,0.012354660784807996,0.0068612744756426656,0.010812319839928588,0.0,0.004716663135141791,0.006133249997433908,0.02108954428415407,-0.0009829748427744446,0.00959212747891747,0.015706981339672476
2019-05-06,-0.015563132853556233,-0.007845630630892456,-0.0036854143695175074,-0.006390705832903884,0.0009266288454711122,-0.008909866031601881,-0.005835387766620572,-0.0174173487416585,-0.004481013189072523,-0.004998995611691835
2019-05-07,-0.02732689953010196,-0.018215362819346832,-0.032477479717709874,-0.021104117963911477,-0.019711227081855173,-0.01646979179964118,-0.020736285175442116,-0.038196267347301055,-0.016649488088905522,-0.01983402862848363
2019-05-08,0.0001968771968867559,-0.004018931022818746,0.0008795531567353999,0.00037381080559147843,0.0026120015585130545,-0.005313833226355972,-7.966213382943694e-05,0.004667634032609053,-0.0016067153894199682,-0.002569918952175665
2019-05-09,-0.010802072378323676,-0.003024527468937748,-0.008685946193495593,-0.010339117165264105,-0.007655385981341387,-0.0007997702347267979,-7.966848039058747e-05,-0.021679436622594125,-0.0030259986619282898,-0.004128953381632481
2019-05-10,-0.013950717788703425,-0.004385163103536811,0.003984288561820707,0.008279933236452774,-0.00014765170675576201,-8.881173472092635e-05,0.012904482087268953,-0.008082469142451299,0.003713394069918638,0.0008024117576354412
2019-05-13,-0.05763947971348608,-0.046005122892077345,-0.05323300215365005,-0.0393707151412391,-0.029243798445382177,-0.027574477322600183,-0.03018434278758803,-0.06339386653699577,-0.024426469138497504,-0.03468872811374894
2019-05-14,0.015706376903854714,0.013012523352378562,0.01357644986054638,0.013937375706694207,0.014278867995101297,0.007917554530163094,0.011125398627316326,0.022404170139515477,0.007983987523216093,0.011373546070427369
2019-05-15,0.011907764044752757,-0.011597481801204988,-0.005994202219257957,0.008041576691046336,0.008143457232808007,-0.003814502591705121,0.013984060615506987,-0.015298078217619693,0.005821994327723055,0.011269862258100203
2019-05-16,-0.004409325605698544,0.010548669501968677,0.01696646962239601,0.05278815766329435,0.010951444933170209,0.012748218448324881,0.022828818272206428,0.0038152480410759996,0.008855957116499086,0.009656428485821406
2019-05-17,-0.005697863863356637,-0.006668038495001142,-0.013888169601214478,0.007481497368893402,-0.011547112794910493,-0.0048631226123776955,-0.006692312298586989,-0.023112994650124046,-0.005854437174043804,-0.010407158268862267
2019-05-20,-0.03176925427312625,0.0,-0.0016917724837122823,-0.00605188516670738,0.005938313615385449,0.005222565239006964,-0.014550632852470059,-0.03101304887339532,-0.006772257975405369,-0.014679353767466347
2019-05-21,0.0189894467750796,0.010159704499841472,0.017094088283471056,0.00906427282141118,0.009795046154913112,0.0034069965409163827,0.005373105609467806,0.021577771646888684,0.008459949093190606,0.010761957357637741
2019-05-22,-0.020684065666328775,-0.006995566472300517,-0.021722866351325393,-0.014794099715805146,-0.0007334096448919893,-0.008178026489832641,0.006049377906746656,-0.01861678774695687,-0.0028283923638994365,-0.004490109723692007
2019-05-23,-0.01721724999302458,-0.02595712056816058,-0.011823411619884934,-0.027304190676711027,-0.029472824802610334,-0.019867801677363538,-0.01173932821187912,-0.03258829552698736,-0.01198569224128196,-0.015938838659661676
2019-05-24,-0.0038480939820356224,0.01501660254331118,0.007638833570966475,0.003316067040136486,-0.0008311513997314611,0.009800756582803528,0.0004753903195920315,-0.014839516357254926,0.0013526437720373175,0.0011437688609085457
2019-05-28,-0.0041431634484946755,-0.009986134293472063,-0.009361760815964312,-0.008125496657307744,-0.013854185140721542,-0.010906055505645326,-0.000633882525163124,-0.012618073934061554,-0.008410950000260244,-0.003891236583184043
2019-05-29,-0.004780651901023341,-0.0053906698290217695,-0.0012551271479879311,-0.014004469673552962,-0.005919904707758198,-0.0027682203569750073,-0.009717592949005255,-0.021081547782544188,-0.00693591016723137,-0.007923681900655634
2019-05-30,0.005173291765007176,-0.02149090307769132,-0.0015707453139715158,0.0073069218630320825,-0.0009256912784909139,-0.010776736732264015,0.006303435820184468,-0.007662385601304145,0.002096272674997037,0.002700645421923486
2019-05-31,-0.01828158376351914,-0.020833907177834492,-0.023219860705369962,-0.029168812829272674,-0.020112821366972566,-0.010327448751451609,-0.01643924193043688,-0.02658842628209222,-0.013283205250452958,-0.015255112850742032
2019-06-03,-0.010161825620240358,0.0030030764956801292,0.007374111353521883,-0.004816783888917015,0.01002888052923756,0.00470767839092097,-0.03154014760949791,-0.012479770253897042,-0.002769070654307939,-0.016249309549947098
2019-06-04,0.0359307977696553,0.04542896896009855,0.050910017100013694,0.027618473674913258,0.03387829182925268,0.03034432926723687,0.027326735440074676,0.06664820493229692,0.021205927081077776,0.026125074932523477
2019-06-05,0.01601450160039996,-0.00035813705598872615,-0.0015191153306290976,0.028154991966466963,-0.009084657022922106,0.003547466275694004,0.02144763689998331,-0.012101240158028204,0.008128726978813691,0.006404199045652896
2019-06-06,0.014574847233526676,0.004313288295761371,0.010434617428870129,0.006372431820550143,0.005536248981563984,0.0021771134098002637,0.015691126246291574,0.017540581841993818,0.006116840676004416,0.005275470816131185
2019-06-07,0.026269285298501883,-0.01263276988231667,-0.011803848934920346,0.01495108205287059,0.008210074882678737,-0.01102371554575791,0.027622841683900775,0.011891942200432774,0.010442979247260026,0.016480797282314514
2019-06-10,0.01269798461700974,0.019424703360184696,0.021535700648014952,0.008722962147390283,0.010669782612567574,0.01075164728855894,0.00909125459021785,0.019937264515347886,0.004649220074765499,0.010416852029554056
2019-06-11,0.011513148296755055,0.006038216259751804,0.011259019368480287,0.012155500645282218,0.00894010967509855,0.003076807971556154,-0.0037779065810841614,0.015509472325321587,-0.0003499414579512858,-7.671067859787108e-05
2019-06-12,-0.0031874694890994407,-0.010322326514349247,-0.01588870584214406,-0.022130811004131935,-0.007975880957078848,-0.012821162802272591,-0.004628414824229427,-0.030647404857596792,-0.002039657827237423,-0.003823130490430538
2019-06-13,-0.00020606933817440322,-0.00035777159650903157,0.004033309514746427,0.005534483955995391,0.006577309111266698,0.002467853267398654,0.0062924278029388376,0.013992040437371697,0.004089010502850191,0.0056826888551269935
2019-06-14,-0.007288788850831677,0.0035726946582334933,0.005945519058601045,-0.02560564961795684,-0.004503222160789202,0.0025528573067117124,0.0009821115154138578,-0.02471979918718427,-0.0016128117861529605,-0.005177224058406514
2019-06-17,0.005948754461065089,-0.003930675251706209,-0.014028179279340382,0.011802441299925208,-0.0014810062186833084,-0.005478567883418762,0.003015488350838783,0.002692797849999459,0.0009313154323528439,0.006183481163924349
2019-06-18,0.023246210173350865,0.024404451956736867,0.021410209826877545,0.01166451614556416,0.010540797515739053,0.013549835955337841,0.01723848740579879,0.05271261638720667,0.009670489592970687,0.013780907123609843
2019-06-19,-0.002927240070618498,-0.010537543965429946,-0.005753601031443967,0.001426553373134162,0.005119685208616203,-0.007252178856137141,0.003913466283854351,0.0015688029086737255,0.0029807167930238428,0.004195417041413874
2019-06-20,0.008003816877949136,-0.0017671303025904987,0.0075172290200723035,0.022547864469749435,0.012829387447567784,0.00254427462807869,0.00924275502805597,0.006379781135396692,0.00942760533587314,0.00798325556730158
2019-06-21,-0.003415053856810334,-0.0053199638077494615,-0.0019109103626458086,-0.006641127118939515,0.0025178890296071875,-0.006829549649006064,0.00014642118876029338,-0.015301475562088076,-0.0012600162797279978,-0.0024410659418996517
2019-06-24,-0.0010067975936478948,-0.004991110234077573,-0.008272744868392802,0.0026267644046755975,0.0010769818351034255,-0.007152787423611304,0.005896307877781736,0.005912976849049106,-0.0017333884605870258,-0.0032436394874329377
2019-06-25,-0.015273643518967036,-0.007894062975939604,-0.012990182584467344,-0.019424806870538665,-0.0071300738349346525,-0.008317151623506006,-0.03208116580946603,-0.0077595992729915485,-0.009541775640387554,-0.015227075799194738
2019-06-26,0.021398498723833134,0.005388770436285841,0.01016748504676301,0.009229478185825838,0.0011558387952715662,0.006659092995580026,0.003740015875568413,0.050084408399479544,-0.0012346956788039985,0.0031972796962940323
2019-06-27,-0.00030015972554466605,0.010691599768366802,0.013740358050077893,-0.015490621131663624,0.0,0.003313118324884352,0.0016414767759105077,0.02462226054143255,0.0038158857925908473,0.007279353665325068
2019-06-28,-0.009153781745680907,0.027619430416699904,0.027212240785893186,-0.018106303926270054,-0.004485938291000393,0.026832673254298427,-0.0014176291941888034,0.006107622037576757,0.005740941840599626,0.004817896980649358
2019-07-01,0.018174604817918116,0.014378846019394596,0.010087822176645174,0.0001828084929440182,0.014255889091822571,0.016675866760598228,0.012758398819059795,0.011743511442368956,0.007643018610953927,0.010550860088116325
2019-07-02,0.0058374443968183505,-0.009219744086161252,-0.004249835571130063,0.01935840260785043,0.002427855976017728,0.0010553172875206154,0.006611123322063631,-0.023996524804056143,0.002923847276988696,0.0022135084113789004
2019-07-03,0.00825288399687487,-0.0034364941118772757,0.005803484583424652,0.018224517670635834,0.009369613914606641,-0.0015943975760425715,0.006422534589655426,0.0032003304390124062,0.007643095660684157,0.007511422448441609
2019-07-05,-0.0008808947574983631,0.007202892929741772,0.007732719334738875,0.0021224605552353157,-0.0011308601516502737,0.005921064017586177,-0.0029143291920339267,-0.015604864838680234,-0.0018075342045486649,-0.0010335454092590523
2019-07-08,-0.020829457624299563,-0.002052647629282434,-0.003788542217758752,-0.007270394720289925,-0.00574596840090154,-0.0054779252564297375,-0.0007297036673749268,-0.019027952462085183,-0.004847173010123794,-0.007799485245406705
2019-07-09,0.006080814146471464,0.005123856126491556,0.0060271972882454915,0.0026658991108922106,-0.00886006710514418,0.0042438632644889685,-0.0036573604157445496,0.0006359860539372767,0.0012357930584538906,0.005338658541381367
2019-07-10,0.00984013201890797,-0.011307278829541727,-0.006027197288245518,0.013924754388864233,0.008148694492039012,-0.0029156239959146615,0.010134400669791724,0.017330207370155667,0.004500546936082614,0.007439990857079314
2019-07-11,-0.007309190401962607,0.011647942703769013,0.006725657115314053,0.0029710829068112137,0.005466683936940487,0.009510406965258872,0.003982036763787186,0.03812461438284362,0.002282619578948549,-0.0007915610434568207
2019-07-12,0.007653538605180807,0.003060763773793814,0.0022317581086944926,0.011279969628183917,0.01056406317977357,0.010462065595217859,0.0036063035400531935,0.007966621519722427,0.004609534302066538,0.00585148672739864
2019-07-15,0.009351173217692708,-0.007840573847720375,-0.0008360968754427369,0.0017242345078723412,0.004055059122354993,-0.012216662236283116,0.0,-0.0020303126163310867,0.00017585372838413283,0.0017028849355057013
2019-07-16,-0.0034658806625119574,-0.007902300601360431,-0.005453644935698773,-0.007434998245309435,0.001464147807593952,0.010654571777936947,-0.01318949179656721,-0.0011368783142452455,-0.003409584555010327,-0.004294727306320685
2019-07-17,-0.005639558978631732,0.006875137276866947,-0.007035308690131245,-0.007141152188790598,-0.0032096561343513295,-0.009864332938838096,-0.00592638682413021,0.015618274872333773,-0.006552665466093182,-0.004581897506117472
2019-07-18,0.01129580233489167,0.009885683375421615,0.013603729645229483,0.0092219061899556,0.04483131417733228,0.005947638734731728,0.0010996556490190938,0.0027657392940439625,0.0035755977088190827,0.0026878576952559814
2019-07-19,-0.015040114377691056,-0.002717444523504012,-0.012192510719841999,-0.006603069092962167,0.00033418978725491966,-0.009903559366856864,0.0014652409706983392,-0.010277066493412581,-0.006195889464844692,-0.0074295316968085315
2019-07-22,0.022596943515341462,0.005765768723739793,0.002675287769182281,0.006429555838344709,0.0004005512445862629,0.006408932089912361,0.01316117963145394,0.016953518423732418,0.002824701686250326,0.007051673649949459
2019-07-23,0.0077873927760710605,0.022736050927609937,0.012299278499696822,-0.00034655194678358996,0.004264706912485952,0.018124839051466772,0.006193713790469414,0.025017073681159453,0.00682414513927642,0.005744068200728522
2019-07-24,-0.0008145868866813198,0.013788680938963812,0.014069173071609502,-0.00835217939408863,-0.002329765676379146,0.004030892026978837,0.010213648896950114,0.016934216207682356,0.004677192813475714,0.008459596784809413
2019-07-25,-0.007938577141363761,-0.010818134148896605,-0.022438667438363348,-0.01071587449676423,0.0023965926803840975,-0.009632783522708374,-0.003773432419704528,-0.02999869673185916,-0.005276296483599537,-0.010019378546870392
2019-07-26,0.003472051616510598,0.014073406449499504,0.010728504879160853,-0.0015909223170749857,0.006429444486854132,0.004398207058557962,0.00816986444582739,0.009699829057704624,0.007360535770783042,0.011065512757984943
2019-07-29,0.009295219895730742,-0.008158062319401499,-0.00555918166416853,0.00705128229710008,-0.0031766411701091056,-0.003188903775873148,-0.0021959727853548927,-0.0014290732289036505,-0.0016174219290574364,-0.004437074562010005
2019-07-30,-0.004301730676887027,0.01205015993064079,-0.0006966604166751466,-0.008112975153824541,-0.007383513698675745,-0.002246708463951803,-0.0048331755411149405,0.003597391395908064,-0.0025819853720443708,-0.002380612878926606
2019-07-31,0.020198794888523972,-0.006821586495670407,-0.007699295300527422,-0.019129900842534492,-0.010268547158770926,0.0035407246405100294,-0.029500722638243954,-0.03911352987796097,-0.01094520695213996,-0.011938891760508968
2019-08-01,-0.021876538858390145,-0.03955944754798843,-0.04028969364892991,-0.0001808428264281554,0.013933655503308752,-0.026733518583322683,0.013049631665958267,-0.022779797931348978,-0.009039527568806017,-0.0078961079045728
2019-08-02,-0.02138499783192656,-0.0037369682107136143,-0.0033959396127480773,-0.03940086882268273,-0.02063455648994671,-8.850843697650788e-05,-0.008437425198686817,-0.022876705459590814,-0.007309388539565105,-0.013285833800793255
2019-08-05,-0.05376797424077663,-0.04525672911036181,-0.036603124663353734,-0.03594381965682338,-0.04507545547659044,-0.030204652806542342,-0.03485915867584307,-0.06669572150543175,-0.030230182169694777,-0.035353693738982304
2019-08-06,0.01875352568379541,0.01203560884385055,0.016282872863695133,0.02366176002787407,-0.00021322285511586413,0.007818192519880317,0.01858431493235001,0.010292278173922378,0.012933023911166613,0.01378360322634235
2019-08-07,0.010301995093944994,-0.01882511416921037,-0.016896719054363938,-0.004955072625626858,-0.011578070862520077,-0.02197281885831209,0.004370891609414835,0.010057576058229248,0.0007665823338588767,0.0037665526286156134
2019-08-08,0.02181640680683185,0.017416716549092423,0.0242655442832352,0.015545178599064916,0.01880513563460984,0.01679795602928046,0.026335550638500058,0.0280013711006555,0.018588462466865085,0.022178017091956055
2019-08-09,-0.00827438812454515,-0.0017636302141695666,-0.010392123912578714,-0.013827184630098618,-0.028746182716963904,-0.0010930939917538,-0.008532048154321232,-0.026118645450109605,-0.006638593133657111,-0.010003648560777147
2019-08-12,-0.0025408796779784037,-0.024657214519256232,-0.027786502356058746,-0.017120464999644744,-0.01823596497940864,-0.018950011585121534,-0.014040753864314059,-0.017864966012694678,-0.012393809115915354,-0.012100596527620881
2019-08-13,0.04147606960436143,0.002889985027747289,0.009142731267651418,0.022636388070425895,0.015735301748966566,0.015298353675421995,0.020482513867038844,0.029920838922832822,0.015018346267301863,0.01926406199027027
2019-08-14,-0.030216958180963874,-0.04803252668229525,-0.05419588092586076,-0.04084560727266269,-0.03400555112837216,-0.04240826231632177,-0.030576856568636755,-0.039074764575748266,-0.02973035245453567,-0.030707329630179227
2019-08-15,-0.00499402336106293,-0.006455430875336735,-0.0014664903508769225,-0.05748981530904034,0.005091813040447706,0.003809286756050936,-0.002241617124372108,-0.008700396433916369,0.0024612366981802422,-0.000942028438159659
2019-08-16,0.023320759747501512,0.029281494855602712,0.034618615663735856,0.015234531223241494,0.01385141755541222,0.02367220452832062,0.018161107043292542,0.07001874069116891,0.014323058172245003,0.016519986958721585
2019-08-19,0.018472386242303903,0.008839586183263961,0.012990346863444144,0.03226764704360337,0.009523882636842052,0.008964481089932948,0.016609928203836825,0.06795586571378327,0.012033175564397505,0.013437671978509216
2019-08-20,4.7430175690862776e-05,-0.020374560362830998,-0.01393577921433206,-0.011821866861699124,-0.015222006441424178,-0.012777886264870763,-0.008343460767475911,-0.0171861348728179,-0.007946215312115467,-0.006801949771651697
2019-08-21,0.01078042831961283,0.007828451449749845,-0.0026843268531939464,0.01737364246699638,0.0093546904199498,0.002791646182597751,0.011084942251339476,0.01981753229963656,0.008212979557352937,0.008973813647767484
2019-08-22,-0.0008468699097381441,0.009608281388724275,0.01038093707801838,-0.012171405595621885,0.000521321948921329,0.010262097700530663,-0.00730359911413507,0.0014592371934104343,-0.00050620295927854,-0.0035998719885788465
2019-08-23,-0.0473228138679657,-0.02683741191721457,-0.031148303762105825,-0.0331288518363058,-0.036003986378016065,-0.025147955479401306,-0.03238082974831546,-0.0541579775694481,-0.02628888112283785,-0.030443522309927168
2019-08-26,0.018821045321099256,0.011643459100631042,0.012352836479179697,0.010457608655454283,0.0032365948287540946,0.00798531099104984,0.015325298243175451,0.018360477345373435,0.01092311273079789,0.013068674394328765
2019-08-27,-0.011347925084381918,-0.011643459100631083,-0.01704512559529764,-0.006603139675794672,0.009036466816353003,-0.010630063635393525,0.002139035310344373,-0.02230830035157063,-0.0032083218005562386,-0.0034169496870453155
2019-08-28,0.006687866022002028,0.014254073083151587,0.011288587040368473,0.0017082626933951905,0.012048965014995878,0.009974872003141856,-0.0013270559834557545,-0.0026015913648449957,0.006524151530562512,0.003816634544279108
2019-08-29,0.0167900145243638,0.0177191763969703,0.024395530543225425,0.008497714782557439,0.015842152089323883,0.02240647612553634,0.018708291885702104,0.03522413384343909,0.012607482441094399,0.014720198402540755
2019-08-30,-0.001292503058553944,0.006564450769454327,0.007017410517821365,-0.009778862006476475,0.004807849737171834,0.005842544220279768,-0.0018842887363501506,0.003048808393208117,0.0006425807598767749,-0.0013190358116709343
2019-09-03,-0.01467075626194809,-0.016862555363893243,-0.014557545448015945,-0.006644383529764701,-0.010607364684576901,-0.011903811358461368,-0.013289668678183535,-0.02014026303575175,-0.0069230093326854165,-0.01120419654856244
2019-09-04,0.016824102128842697,0.016135022172787415,0.0134690505489002,0.017480646510325257,0.01641942766591395,0.011994793020215454,0.011620154427249976,0.02757502506147916,0.010783725278421427,0.012960810676482627
2019-09-05,0.019362956034790813,0.02922841680365992,0.03154449701804018,0.022979830443402294,0.033541853950434235,0.022498878476216233,0.017430347098412187,0.06303377578413825,0.01292591292175976,0.01739235061076306
2019-09-06,-9.378727124389765e-05,-0.013966153621626122,-0.005592545087977402,0.008636738498899543,-0.002841738360246573,0.002133828427995632,-0.006806137964583794,-0.006082664905075205,0.0009101908043767861,-0.0016967129624993586
2019-09-09,0.004258181282762361,0.0319402464113338,0.041858281009253755,-0.005337563650676843,0.014338347263547654,0.02447359895177517,-0.011423853433639553,0.01030185133394853,-9.401467889992668e-05,-0.0019307468256603043
2019-09-10,0.011743632264372826,0.024837356060682464,0.00275802872108027,0.012884705475259148,0.017034847235441276,0.012658169178478512,-0.010526470942396782,0.014738615501794826,0.0003222524259310153,-0.00040562284268875267
2019-09-11,0.03130018880642887,0.003740731365908869,-0.0011603777429502677,0.016526177250391228,-0.010046857461157615,0.0027342634927332438,0.0002937147679430776,0.0062583888322933845,0.0072036723263872,0.010523151078954478
2019-09-12,-0.002238822910596006,0.007103067287767889,0.005788609919940464,-0.00200100554969942,0.00013921425080901033,0.006124933130287131,0.010232756174453829,-0.00032549186404083494,0.0028750162782333164,0.0030297412198996153
2019-09-13,-0.01964549651309285,0.016711664486555113,0.01560629795159011,0.0020010055496995087,0.0003480245660409788,0.019484964999077297,-0.001455528242997986,-0.012724990385680705,-0.0007246768769660504,-0.002169638710314777
2019-09-16,0.005243282934296483,-0.0013266797669786571,-0.007987686814660697,-0.0014001155542570493,-0.008317229992063805,-0.008939508444861785,-0.007235094638325253,-0.009554127047557492,-0.0031405129163559896,-0.0028376708773890907
2019-09-17,0.0036313478083371312,-0.006325877167927174,-0.005024343947426715,-0.011069857965371273,-0.001967133549644178,-0.00496349472200593,0.007744988644722156,0.004760591984266075,0.0025784253724619854,0.003975630082183823
2019-09-18,0.00933557813555634,0.0020020467833776648,0.008740937543465943,-0.0014177911219707216,0.0001406592138962076,0.009986095740166304,0.008191197885008791,-0.00603795883840109,0.00034263328426719085,-0.0010547781336773165
2019-09-19,-0.00815808349012297,-0.00601805454921661,-0.005149328848291558,-0.0030450719064190872,0.005259637140098178,-0.0031780707258388993,0.018241144752617643,-0.017034977269159472,1.9974521929475905e-05,0.0006711070530299582
2019-09-20,-0.014725992761547466,-0.007742874718679757,-0.005464597813601497,0.008300917054556715,-0.007653165531502502,-0.004028685145014753,-0.011621476693432048,-0.024312625569929663,-0.004907599104880387,-0.008000995008322107
2019-09-23,0.004536519756215136,-0.0023685062286344536,0.0028799904831886924,-0.0036359860710819384,0.00133813897848633,-0.00016822745902503344,-0.0021535738448551197,0.01237304985915425,-9.694061782751375e-05,-0.0006420110195137675
2019-09-24,-0.004766320892403073,-0.019843203333874668,-0.024010288798310644,-0.006088973356823481,-0.002749072244394668,-0.01312396758430232,-0.012730151870131915,-0.013299552348755418,-0.00845198896355148,-0.014756186696055464
2019-09-25,0.015272467119176856,0.010654611990757656,0.021562704278346934,0.009926441154870385,0.010392116603958314,0.005693956583595368,0.014309505268511144,0.03250341963479217,0.0061396852419639035,0.010422588172031753
2019-09-26,-0.005171104868398775,-0.0041108629636518726,-0.003899029786080273,-0.01584773065003735,0.00272046882198562,-0.008254428456017671,0.001291126369870738,-0.005006129897225771,-0.002431871009613191,-0.005800812197732245
2019-09-27,-0.00487782173946479,0.0075239368145957625,0.005051523325983073,0.00020484934156022208,-0.002161573825194706,0.005878738146074416,-0.013056044974498941,-0.031970594212001276,-0.005330534579128577,-0.011400075901401402
2019-09-30,0.023262572832171348,-0.006151744947694598,-0.005485828495537298,0.011603345555345042,0.015104369562694672,-0.00025492058155484313,0.0093943696317251,0.0133593334498019,0.005034910215248393,0.007492358826448481
2019-10-01,0.0027643270878996173,-0.025344259493404905,-0.013553983552137654,-0.034383584377247776,-0.012176648238980296,-0.01835060048673535,-0.014198001089076288,-0.00040248784131679426,-0.012334126945412846,-0.011398106033724459
2019-10-02,-0.025387245034628567,-0.021322844362186254,-0.028124872580457837,-0.02502729413570231,-0.013808105330248068,-0.02010581960910832,-0.01781310722090057,-0.005532088824716971,-0.01806540418764383,-0.015729994901695184
2019-10-03,0.008458591321107474,-0.0010782316255591431,0.006618624254735227,0.01822698701460336,0.0023264999283320394,-0.001424941687234431,0.01203295666347913,0.04668556243746025,0.007940304773866787,0.011114240079303
2019-10-04,0.027646227552887467,0.019936995003518435,0.021946124911079595,0.009727057365132182,0.0068069470437310325,0.021428471941554245,0.013411136645378385,0.0036334805748970732,0.014116785239259274,0.01390275640552845
2019-10-07,0.00022014754592908624,-0.0021172754905030683,-0.0004398765853570402,0.00524733817210253,-0.012031102899807933,-0.0021836360355655775,-0.007266389176163001,0.012885586158413991,-0.00448835227368152,-0.00328509857838617
2019-10-08,-0.011783973596013428,-0.02431306913535252,-0.026014016074305812,-0.029313887258662612,-0.020740220887950012,-0.022548192231017478,-0.010631119396950514,-0.039279337612165094,-0.01568315955210993,-0.01679502944726602
2019-10-09,0.011652072828443048,0.009366081300498265,0.01539292762217644,0.009653623582144472,0.009279024474322913,0.007217413563481271,0.018766092375546328,0.019445234411880747,0.009063296514845923,0.01016830855394172
2019-10-10,0.01338818536264641,0.019880210391847994,0.017493943488192658,-0.014840716897561968,0.010399231399760758,0.013930783258214481,0.006201822344111792,0.012756726468331595,0.0063952024117826045,0.00593391521791813
2019-10-11,0.026250685678167403,0.016039225675093027,0.021338710198507086,0.00884492419633751,0.01148327504694568,0.016757734634463964,0.00416102025511535,0.016042717004337344,0.010879579673789056,0.013276238218730554
2019-10-14,-0.001440444353574927,0.007924046236629144,0.0019949977973115055,-0.011014179319332235,-0.00505631669327213,0.0026654337967561364,-0.0009314683526739949,0.0028991179496447193,-0.0013880816732189801,-0.001041884887669971
2019-10-15,-0.002334312080483289,0.02004506375314559,0.013856066447338822,0.006709481137273365,0.006736016046773787,0.02969653934206273,0.014371648920870993,0.051408431049356274,0.009906445376489171,0.012355264352186026
2019-10-16,-0.0040452609362139165,0.014691265834199805,-0.02444720724855868,0.009232379798903052,-0.006243352769245487,-0.002336994837616904,-0.008227864852664569,-0.011060269991442846,-0.002001544553193733,-0.003014806039927553
2019-10-17,0.0038749780190411006,0.002978684024348411,0.0014379589362486147,0.005116226136477937,-0.05682335999317764,0.005582631728044309,-0.005140887533350316,0.00041169315863427876,0.002759021969775287,0.004013255325415509
2019-10-18,0.00479160480152213,0.002969911817527775,0.0020091768024951295,-0.006827600208613393,-0.0012666886920007297,0.0017435059289945287,-0.01645646823888202,-0.0197521111963555,-0.003927045709799847,-0.008286203046843028
2019-10-21,0.01719401033173848,0.021835597393557907,0.02924996994802351,0.014453045846888054,-0.011324973605185626,0.02449848187601553,0.007395387546024054,0.028565800263835994,0.006848114105333746,0.009038678179387092
2019-10-22,-0.002289556836850338,0.005785920496376388,0.0034748737507494286,0.0033705439248930694,0.010354813093125617,0.009986291152900605,-0.014992786707098018,-0.00204275342574704,-0.003575049258376838,-0.007215791223046239
2019-10-23,0.013329626794586026,0.00702671659407545,0.005397992348308165,-0.010570808396621126,0.0031305365094277927,0.0026409509441698764,0.006359303085221474,-0.0026618233453493084,0.002843103345830729,0.001909535663455155
2019-10-24,0.001643620785547878,-0.0019116941633955024,-0.002072380534718018,-0.01369617287159321,-0.0023095641365633583,-0.0007196472317030514,0.01948266376738933,0.009031658563470008,0.0019186046591713529,0.00809662537386103
2019-10-25,0.012240988023293507,0.011414169762393294,0.011961104593553089,0.010502849593146433,0.010166674501555546,0.007966246671047323,0.0056294012466021085,0.038270930510813574,0.004064429510656049,0.006978005293321289
2019-10-28,0.009967331374618775,0.003776118465172699,0.00572358944308396,0.005740326923762866,0.003905330776707842,0.0038015835080739257,0.02428851235285309,0.01094026215665085,0.0055658199161177,0.010003048616786143
2019-10-29,-0.023399559186040655,0.007197402357444339,-0.006817219146498788,0.0014830797896161702,-0.015938460435052752,-0.0006326543942846357,-0.009476268373510855,-0.01889222506034699,-0.0008327519564807664,-0.005919561828936592
2019-10-30,-0.00012336227856433283,-0.014130824552641969,-0.0016432856146575837,0.006750964707212965,0.01062936260396539,-0.0055521973915823655,0.012385140177925958,0.00039449834694173604,0.0032480894008573105,0.0032725603556233293
2019-10-31,0.022357796889031847,-0.011130989797021248,-0.015328666279572392,-0.0010519328849345059,-0.011302041984502145,-0.006463420896822415,-0.008612025543402136,-0.009801727336380892,-0.0030274386345390905,-0.001400323024471336
2019-11-01,0.027985597967809018,0.01680728951297951,0.03430305677334745,-0.010154296423757224,0.013370154636812816,0.022793355086334278,0.002438516594695107,0.007780112117419408,0.009615930559647514,0.011276741367460671
2019-11-04,0.0065454389284221705,0.01869212647200842,0.01758601827642154,0.009522877717496058,0.015666558819563123,0.007949701953259941,0.005758553565579956,0.038301177217109954,0.0036972458053124275,0.005564927089038472
2019-11-05,-0.0014379167709851585,0.01287967211551379,-0.00426737494128193,0.005879761957875812,0.001596538787374055,0.0021710083420653416,-0.0006232045941331641,-0.00423705361659018,-0.0011864027118206639,0.0001754212386587244
2019-11-06,0.0004278433283992352,-0.0009144122786194378,-0.005494276758370702,0.010621914060434133,0.006433887796802835,0.0015479701744853225,-0.002772245675672659,-0.009490977452221215,0.0007022505922896238,-0.0028553729959383727
2019-11-07,0.01147499462168464,0.013329490211251632,0.018505451078272526,0.003102448558143099,0.0038562903808709364,0.005399242813439941,0.0013870273670348401,0.0034136674966736445,0.002726375244280665,0.00283638498732845
2019-11-08,0.002733020283730185,0.0009022424314501215,0.004080958094569381,0.008431911138838668,-0.0005810290459766102,0.002918946728454861,0.011715083675711894,-0.0026916781685343044,0.002557403145115828,0.00482442701620296
2019-11-11,0.00788797174128449,-0.0024079491158915294,-0.006854696758313145,-0.015062380337076119,-0.01567353074938984,-0.0035344716913182257,0.0010277183142100852,0.0019233135867367276,-0.0019643954133371925,-0.0013021919108158375
2019-11-12,-0.0009161235165138995,-0.0027161885445898663,-0.007035469712890782,0.0055971339471011985,0.0008856398248975341,-0.0058670593928276185,0.006548825482627014,0.006845674537345283,0.0015634233012630327,0.0025733458558323285
2019-11-13,0.009536007588610323,-0.009107594982220421,-0.01557262961203413,0.001859216260435269,-0.008220364839948688,-0.005278663354143841,0.001630499644273352,-0.004974003243600932,0.0007112815701162954,-0.00047031941263694395
2019-11-14,-0.006943325221237859,-0.0027486766015562447,-0.0009479796663727312,-0.05748981530904034,-0.003575514267852362,0.000933593291208343,0.005078339281463971,0.0058325689534307786,0.0008366926144567594,-0.00036319279798935583
2019-11-15,0.011809379969776143,0.007009184816729641,0.0075553154292828115,0.003999904464938542,0.002980767838436304,0.007205788432552747,0.012817897088534405,-0.027056441749974718,0.007666028777973181,0.007263380116360165
2019-11-18,0.005029251527831996,0.0009103901789855936,0.0,0.0013296174850269955,-0.00066990242416788,0.008379746998018701,0.0024641726541633924,0.03885537553704884,0.0005030263228096366,0.0010661137157317857
2019-11-19,-0.003036975135039912,-0.0006069710647388236,0.005629676562818694,0.007062876807799653,0.001562200675043365,-0.00030635871337066073,0.00033198965083218256,-0.02041591297662028,-0.0005927700996925261,0.0024204450742405866
2019-11-20,-0.01171014357478737,-0.0076183877227857235,-0.012237012325728918,-0.008614252096998353,-0.009860996996261188,-0.007301813400383119,-0.0017359230937993653,0.015220785721735814,-0.0037632564209410676,-0.005138770603571181
2019-11-21,-0.004493261827366575,0.004578062257974176,-0.00013550960482339747,-0.005338230912297469,0.0047930376862196705,0.0023116487835027574,-0.0009363679099716533,-0.0047465776401611585,-0.0015840060861895076,-0.0024095097173930805
2019-11-22,-0.0008781233583288606,0.010300181662201414,0.013040536089071951,0.00022304769200489602,0.0037289794694643063,0.006596911098538113,0.0007362153725695887,0.0033724117120162806,0.002172573942375937,0.001605762090737615
2019-11-25,0.017381633728104372,0.008702096141294304,0.0107604465936987,0.01328927327483614,0.012060347374132809,0.005338036087499537,0.010903217604551324,0.04777578178983829,0.0074792518874672075,0.013130776538301078
2019-11-26,-0.007839102015906417,-0.003591754915110081,-0.0029110280111487503,-0.0030848368175323327,-0.0064930928106080275,0.0013679321462112073,0.005275857684448352,-0.019215195196345024,0.0021931636449402277,0.001786930792554682
2019-11-27,0.013342630308433176,0.0020967186417087673,0.0034396439747911307,-0.001546403033111312,-0.009819106835505033,0.0029576212302410924,0.0019059871122608944,0.006435541934720443,0.0041657356252997445,0.006598265068343938
2019-11-29,-0.0022051036288956087,-0.002996592467427297,-0.007955669058091893,0.0015464030331113782,0.005070213989358004,-0.0022742527582316923,-0.0061904056261367435,-0.006897065062999975,-0.004019286229989053,-0.004572083537637643
2019-12-02,-0.011629456988341934,0.003295697958773908,-0.008019341039683676,-0.013554456249541902,-0.011520035659333837,-0.002203385606923497,-0.012162308748000065,-0.03516848758759072,-0.008668483693963605,-0.011312937975991403
2019-12-03,-0.01799104746850048,-0.017806347021441023,-0.016097516847424158,-0.00944043315194192,-0.005961535051847904,-0.01293805364176115,-0.0016062287392596714,-0.007627491380004166,-0.006660225258045148,-0.005541779235127626
2019-12-04,0.008787652845923715,0.009395424289830152,0.012198299973705974,-0.008846678987922131,-0.0009844726440950248,0.01953363032691512,0.0036101509886321418,0.008439270737351056,0.006303657608769993,0.0053876690875585805
2019-12-05,0.014564505985941532,0.0036332342118438124,0.006445997751359165,-0.008465965231796779,-0.0006062869859955891,0.005425696640524516,0.0005332998029382117,-0.0032520896876567255,0.0014991269266302707,0.0004703491240769736
2019-12-06,0.019131993786317435,0.017375729590751992,0.0146159781672139,0.007326126920731068,0.009882168080533407,0.014770872011692488,0.012066045079421066,0.016298293234278855,0.009094246030426013,0.009964548679817702
2019-12-09,-0.01409910478026939,-0.004763266540515841,-0.006351661788623575,0.0013679239041740744,0.005240446155477322,-0.004675904259765952,-0.0025729797364045133,0.0,-0.003167833684474369,-0.0040166128334494155
2019-12-10,0.0058274977686411135,0.0005969420709276337,0.0059558389690719015,0.004545265876828725,-7.479106860585786e-05,0.000669171968461604,-0.0015208881672263133,0.008494620507621618,-0.0010975361689841293,-0.000655573457051218
2019-12-11,0.008493224240267725,0.0032752664073617105,-0.0030397945506657007,0.004073327517985061,-0.0011206599795780341,-0.0023820980523449856,0.0037643738941797464,0.015580509415011115,0.0029039375293507703,0.004385602160358097
2019-12-12,0.002545307692252829,0.030447317803324367,0.019660092793123696,0.030908456523064412,0.011595365261001703,0.028216776281141057,0.010100648962168212,0.030495489804423192,0.008538667375555057,0.007284490188919363
2019-12-13,0.013501285472729446,-0.006944732037283522,-0.008602975257226256,-0.00813465617122252,-0.008236756037057003,-0.008805649277613696,0.00838296987810249,-0.00035713232628740337,7.25791502146863e-05,0.002012305158251767
2019-12-16,0.01697314421443876,0.0075213475700386685,0.006784298751698588,0.014899775646655636,-0.0005961772834758972,0.0038664831736163765,0.006450351865450777,0.005165508283576013,0.007122360942542787,0.009043321870158121
2019-12-17,0.001963285584848908,0.009750403322550345,0.010734018819949096,0.00995459679871501,0.0006705672448890481,0.006097457163679871,-0.0054154787877763325,0.013850016063647332,0.0003352360284609262,0.001035275590749401
2019-12-18,-0.0023920547448568826,0.0019958754809403377,0.0023127177094904063,0.004297497036523551,0.0014146947636868852,-0.0010134888989206884,-0.0020709227955895753,0.005329841056748079,-0.0004323936405227425,0.0004962730659278205
2019-12-19,0.0009999115695255487,-0.004567585309759026,0.0035869086965016226,0.026239238797318057,0.0011154768613517495,-0.005011172990384481,0.008643077798055279,0.025594463989634737,0.004449378821864254,0.0067151961767694555
2019-12-20,-0.002072809523764821,0.0002858664557868145,0.003956540573926931,-0.009021348309528174,0.0076254274847376725,-0.0008011720763762885,0.010858269196479461,0.016469474524231233,0.004932595804334098,0.004237582543243408
2019-12-23,0.016186249819101595,0.0059890322018771106,0.0031789691413609614,0.013605667852527764,-0.0002951261326660629,-0.000291313842050891,0.0,-0.002300290708638591,0.0008657687142985109,0.002315582794935925
2019-12-24,0.0009502630104778195,0.001420728108272122,-0.0021606454197652817,-0.006675016147528147,-0.004213972737008535,0.0027655805869516827,-0.0001905540770647262,-0.0008379291492011545,-0.00019546730246814044,0.0008078308632286349
2019-12-26,0.019646361692902566,0.008481422377914199,0.01565472723843274,0.001463579375344736,-0.0005186883010619626,0.01055622353793953,0.008163450732683162,0.0023855438001117186,0.005115062410053991,0.007733971607721815
2019-12-27,-0.0003795770128140297,-0.004797061833842914,-0.0020061229870253394,-0.00167294769910802,0.0026648773018059816,0.0007190813007608288,0.0018261965874434485,-0.00974639580969117,3.3984139657930306e-05,-0.0017493512374261691
2019-12-30,0.005917466275998303,-0.00567393283802238,-0.002010155607752759,-0.003775270900155468,-0.01835306728823086,-0.0036722474598983863,-0.008655813657011392,-0.019395744780882265,-0.005797596079349905,-0.006754462123731196
2019-12-31,0.007279614932895996,0.001989572293951127,0.0047676883033008835,0.007744732399108243,0.009218637438063072,0.005538894811275913,0.0006975218291649857,0.012745519314697666,0.002941690644190719,0.002970032217081912
2020-01-02,0.02256016396395099,0.011854327722409798,0.016634005528709053,0.01687001705743038,0.01024289605807683,0.012050426147771638,0.018346929543568705,0.019402653054934934,0.008343895362316707,0.01324040491523017
2020-01-03,-0.00976970061831759,-0.020981666028319735,-0.019015278879294523,-0.016449996131149495,-0.00800734919804503,-0.01328428636818844,-0.012529854159347854,-0.016135795917554784,-0.007084909364954553,-0.007886206201894253
2020-01-06,0.007936981109398507,-0.0014338283790786403,-0.003141417058158619,0.0035628329276975804,-0.0017880218869262162,-0.0007954565614937203,0.002581334304849334,0.00418500525548141,0.003527145194272564,0.00560464929813982
2020-01-07,-0.004714068393970777,-0.006621548778846762,-0.008722801118446324,-0.00650640107479422,0.0006707951740822549,-0.017146702247197373,-0.009159543664857684,0.012034180458128879,-0.0028071750845948405,-0.0003185932225164833
2020-01-08,0.015957856590444724,0.010059059322855397,0.007589499792119252,0.0006311219836742273,0.008311691941993389,0.007770780644344211,0.015802908664380205,0.0018737560421816203,0.004890473485641129,0.006666774358978516
2020-01-09,0.021018662398044025,0.001714270450852952,0.009031548253553331,-0.004217350427094674,0.010513082682122572,0.003644532345522409,0.012415413172013888,0.010922688337098333,0.006633214116906491,0.008093731948921294
2020-01-10,0.0022578610958399496,-0.008313021527118476,-0.010418722966870292,-0.004023336237545894,-0.00036591371780152475,-0.010018079433320894,-0.004637897732883046,0.005335200455634457,-0.0028592624875049015,-0.0026731544890028105
2020-01-13,0.02113946762736113,0.009169055989312083,0.017511244120711415,0.01766614995695418,-0.0006585992141936386,0.008270443119328296,0.011952808617368619,0.030870600300038825,0.006951994045933256,0.010304152044722969
2020-01-14,-0.013595193229328093,0.0073884500958743705,0.015502407752037322,-0.0037595697331879946,-0.00572628254059118,0.011594518114907358,-0.007067863465808258,-0.018828137977454844,-0.0015156808368957204,-0.002439870843610679
2020-01-15,-0.0042949571341053695,-0.0185746604608237,-0.008213551495626971,0.004593134899688671,0.005872683922495624,-0.015099442607784244,0.006455026515494152,-0.006939427740668396,0.0018684502436879626,0.0007963377118361008
2020-01-16,0.012449330552981109,0.0014413958883203804,-0.0029584831228551415,0.021430657900673947,0.009905344960787819,0.0038691988027625287,0.01815801229006512,0.01358963783658717,0.008331747422232019,0.010574935886487256
2020-01-17,0.011009647135303393,-0.0002881645041557914,0.0014804537795821632,-0.0006116166933684001,0.002388820684720128,0.006898078911392476,0.005580891502838603,0.0014050133079335854,0.003854723247485144,0.0033938395490808416
2020-01-21,-0.006800137682682429,-0.01304921609057167,-0.015153734504377389,-0.004498191569567711,0.006198707030582409,-0.009889580756137379,-0.003597358374185483,-0.005389752620221021,-0.002655500369585384,-0.0019329537995132332
2020-01-22,0.0035637595483978936,0.002914295346497993,0.0024998777635744152,0.005517594364203506,0.033352953169295416,-0.001170367808200915,-0.004816339994148593,0.008713917883240146,0.00028903429668107475,0.0013820585287682805
2020-01-23,0.004803759606765572,-0.007009311077168115,-0.0037522841735372677,-0.0014276048910476819,-0.007113807706295322,-0.0010246261868939233,0.006137093934259649,0.010934914300154187,0.001140326193358241,0.0019919828264902454
2020-01-24,-0.00288579551690547,-0.017144920236994057,-0.01744459116187477,-0.003065899302070005,-0.016300850502188397,-0.025141265692472946,-0.01012829065501844,-0.00945680103574738,-0.009083289426193788,-0.009357175174791791
2020-01-27,-0.02984631620822542,-0.020787023812325545,-0.022046831072157415,-0.028656349620089252,-0.01389814231862296,-0.008447149904466463,-0.016864418849046853,-0.041906966144213784,-0.015855752356844034,-0.01903151568560962
2020-01-28,0.027896442947816586,0.011802319759771326,0.00688551194582303,0.0062997564932988845,0.0066865852670297595,0.01801463587183142,0.01940644189341405,0.031835850271968724,0.010003383500352516,0.01416398205332688
2020-01-29,0.02071637705096227,-0.006943653227591031,-0.009888210134500896,-0.015186860436584034,-0.013418334116954408,-0.0014892395950445864,0.01547225400137052,-0.009847832762162187,-0.0008672501435846315,0.0005910505516059476
2020-01-30,-0.0014502284791595539,0.014137929584270785,0.012344859109110075,0.004030065986184828,-0.00670398701970144,0.012291270401514794,0.027816986716378247,0.0010989616563573212,0.0031294569302110597,0.0025594303059273717
2020-01-31,-0.04535134888627639,-0.019605694710206813,-0.03317560028642302,-0.027251964501783733,0.04754936920910198,-0.02632029190729695,-0.01486857178124475,-0.0389067982531249,-0.01786444357136295,-0.0160426529637304
2020-02-03,-0.0027502199045139363,0.004255445336918916,0.009629842105240585,0.012108307437186721,0.01751759387069244,0.007601611134205931,0.024086296575888403,0.01636063544541059,0.007228425761232584,0.013293475790294685
2020-02-04,0.03248023433627733,0.01952304909041765,0.018070769239990406,0.023155678662377735,0.019229956814511527,0.014293472163702777,0.032386638290859665,0.02790177165167653,0.014869315917506062,0.02076436520151893
2020-02-05,0.008121095199728024,0.031906780036980796,0.030256395647085002,0.01727941219736776,0.04728489203207787,0.016857399639392777,-0.0012220778994833645,0.014581762406506606,0.011187778658972936,0.004290538598330176
2020-02-06,0.011628983631943719,-0.0011532313841645973,0.0015208480660873448,0.004941204473834907,0.0027470348114036758,0.00014570643526444385,0.020521455982652637,0.013821509864115143,0.003320155057001924,0.006652848641086346
2020-02-07,-0.01368589335663952,-0.001731828188277757,-0.0035519678535680865,-0.01489775566711809,-0.011213823168037434,-0.0032026211528659154,0.00141490469573775,-0.010517084514723107,-0.005415491009458352,-0.005409487259016194
2020-02-10,0.004738539687449397,0.0023085457256309346,-0.0026722345456391535,0.01858805413467157,0.006626558019995485,0.004146638740726036,0.025820764339428343,0.044239117263698176,0.007299690120573207,0.01126759526329323
2020-02-11,-0.006051351579223929,0.0023034856122629973,0.007742440060983536,0.005305942966328058,-0.006170664094847438,0.0018859548568867176,-0.02283423340374447,0.018536511319439068,0.0016870486860021178,0.0010951992063065923
2020-02-12,0.023469902675580686,0.004304746037700691,0.0030301776897871816,0.016151826522262658,0.0118530998559461,0.0,0.0014629672047676845,0.017208868562080565,0.006441853105203067,0.00898740662053927
2020-02-13,-0.007146298988174635,-0.00028638594002392605,-0.0041688506795955265,-0.05368863734267049,-0.006460071402926582,-0.0008697266742916007,-0.005428658544571224,-0.00647860901197581,-0.0016317763599886593,-0.0014394780736095318
2020-02-14,0.00024580383936672993,-0.0017201683393986834,-0.0026614331435994305,-0.007423922018776905,-0.023671902024067226,-0.003050999559448758,0.008887597515567836,0.0678500749123096,0.0018418360984854144,0.001976013944968778
2020-02-18,-0.018479791329108784,-0.016782952194225743,-0.01547645001973848,-0.008123251079448737,0.0026506734929965196,-0.013328834406259588,0.010091812709916678,0.02312653272157198,-0.0029242139861477136,0.00016035278449633917
2020-02-19,0.014378732435090831,0.013045953174651825,0.006039875989333187,-0.006459928020412655,-0.0015896432063704261,0.01354700154108373,0.0029947936359491344,0.059336632737266665,0.004694748284284925,0.00863839632568898
2020-02-20,-0.010312037314610226,0.00373699901957375,0.0021756263047898496,0.012025006903006704,0.0023832442285729497,0.0,-0.015389402668906989,-0.019249848157171724,-0.0038228174279975285,-0.006767141052087833
2020-02-21,-0.02289523678256051,-0.014160084267803363,-0.023019021526927304,-0.01180903532319446,-0.009167562032458422,-0.012294248316486083,-0.032122997303803344,-0.048552284070597036,-0.010573809232819777,-0.01804517679251584
2020-02-24,-0.04866546584061034,-0.048600809879960905,-0.05250595411021296,-0.05095222514155564,-0.02302037686237198,-0.02724349226567859,-0.044072534068739434,-0.0733208208129712,-0.03408807942044074,-0.03780767618713989
2020-02-25,-0.0344591636689839,-0.05172779261299066,-0.04368119183020957,-0.02905450831983822,-0.03276486362647786,-0.045670050244758446,-0.01663939297500598,-0.041961580943102796,-0.030747904375353224,-0.028117699877271
2020-02-26,0.015739302690537242,-0.014584618523379807,-0.018167748919902173,-0.013663327628895739,-0.013927854434515686,0.0030051079987228205,0.012417288576553373,0.02114479214007922,-0.00378569732353003,0.0016905823354723237
2020-02-27,-0.05763947971348608,-0.05021111800362079,-0.056261606958928775,-0.05159275298960827,-0.048679072553381234,-0.042504580324788786,-0.05065529907280218,-0.05727491975950986,-0.03940543961689492,-0.043748218753435014
2020-02-28,-0.0005849528589741278,-0.02186451542176911,-0.015479999084300741,-0.0027513976881705406,-0.022488073457875592,-0.04430585471848928,0.02392483967254248,0.066873910016559,-0.008272463109653077,0.00010384687713207947
2020-03-02,0.060423278532773524,0.030069690522628718,0.06305014763068484,0.030582352452912742,0.031388289045581934,0.04554074851066818,0.05778392175994012,0.023276493471982924,0.033434479226047135,0.038614096639444526
2020-03-03,-0.03227475250592377,-0.05673785074658477,-0.038303628861904394,-0.027830954764742222,-0.04103914284732438,-0.038246804742653004,-0.04910568068413658,-0.03887489100219415,-0.02851048492291458,-0.03040335441489717
2020-03-04,0.04534096603252426,0.0228009740507876,0.035340563209384834,0.03316001867582855,0.04044311900137854,0.024409061919063422,0.03605715895456904,0.06768573467858612,0.033434479226047135,0.037739944805450905
2020-03-05,-0.032974499453938905,-0.052020942193389555,-0.059614321456681725,-0.04496802349559792,-0.03541315195839092,-0.05030552705125845,-0.025415506661352914,-0.04023513455094211,-0.034510782439981125,-0.03148371112150072
2020-03-06,-0.01336921473879308,-0.040775549728812546,-0.035428999161839766,0.0027762788402802756,-0.014148420612722812,-0.053063843161412313,-0.028674478649036977,-0.02688657917753223,-0.01720094365238617,-0.018825524230783725
2020-03-09,-0.05763947971348608,-0.07315236997895466,-0.07223828041646976,-0.04431444624677185,-0.057472014218431317,-0.056302565641421366,-0.05065529907280218,-0.08059400311010918,-0.03940543961689492,-0.043748218753435014
2020-03-10,0.060423278532773524,0.06899392687078605,0.0729059987833665,0.05278815766329435,0.04754936920910198,0.059985415773635836,0.05778392175994012,0.06177410943197961,0.033434479226047135,0.038614096639444526
2020-03-11,-0.0353475213013688,-0.04062816199907783,-0.07223828041646976,-0.05748981530904034,-0.05604174817692875,-0.04821447384860181,-0.04635991383436586,-0.057586590829737355,-0.03940543961689492,-0.043748218753435014
2020-03-12,-0.05763947971348608,-0.07315236997895466,-0.07223828041646976,-0.05748981530904034,-0.057472014218431317,-0.056302565641421366,-0.05065529907280218,-0.08868374734966351,-0.03940543961689492,-0.043748218753435014
2020-03-13,0.060423278532773524,0.06899392687078605,0.0729059987833665,0.05278815766329435,0.04754936920910198,0.059985415773635836,0.05778392175994012,0.09380984871442556,0.033434479226047135,0.038614096639444526
2020-03-16,-0.05763947971348608,-0.07315236997895466,-0.07223828041646976,-0.05748981530904034,-0.057472014218431317,-0.056302565641421366,-0.05065529907280218,-0.08868374734966351,-0.03940543961689492,-0.043748218753435014
2020-03-17,0.043030572032996026,0.06899392687078605,-0.023085089114476195,0.05173787172570164,0.04754936920910198,0.059319242609724925,0.05778392175994012,0.09380984871442556,0.033434479226047135,0.038614096639444526
2020-03-18,-0.024784595082564524,-0.05566068966807701,-0.07223828041646976,0.044623302109672455,-0.029497596206095524,-0.056302565641421366,-0.043007700498558926,-0.06882213449324383,-0.03940543961689492,-0.043748218753435014
2020-03-19,-0.007691635500305966,0.0195287200070117,0.0729059987833665,0.015769463733032747,-0.031490272258859746,0.01666836658644309,0.016319237968224605,0.04883271086560215,0.004696760970401053,0.022735839435527472
2020-03-20,-0.05763947971348608,-0.07315236997895466,-0.040674604265720234,-0.05748981530904034,-0.050590345901110514,-0.02132806964115371,-0.03828213319549802,-0.03448959666320532,-0.03940543961689492,-0.03864459831419054
2020-03-23,-0.021473106024878688,-0.07315236997895466,-0.07223828041646976,-0.02849198932093919,-0.006521290269920359,-0.05501918007527576,-0.010025138057729048,0.03317378602176497,-0.02973150100957679,-0.0027437916888404575
2020-03-24,0.060423278532773524,0.06899392687078605,0.0729059987833665,0.05278815766329435,0.04754936920910198,0.059985415773635836,0.05778392175994012,0.09380984871442556,0.033434479226047135,0.038614096639444526
2020-03-25,-0.005524095431389356,0.0033230976911337194,0.02908615845980465,-0.024388756454075494,0.0035017478338985686,0.03663809705802249,-0.00961857230967762,-0.014390043112558964,0.011468990420822226,-0.004534489135443038
2020-03-26,0.05128535530120265,0.06899392687078605,0.0729059987833665,0.05278815766329435,0.04754936920910198,0.059985415773635836,0.05778392175994012,0.046223957381972575,0.033434479226047135,0.038614096639444526
2020-03-27,-0.04228383536944757,-0.05055218146095053,-0.04944223406790961,-0.04433996981319213,-0.04400486686584292,-0.056302565641421366,-0.04192761824757412,-0.01768798467318255,-0.0342678455416263,-0.038588016429585224
2020-03-30,0.028138349498173933,0.020165644415526273,0.0063724851379735915,0.03791226377786264,0.04435932108116067,0.025674534155905707,0.05778392175994012,0.04963224078017116,0.032966590569974794,0.035583826852423686
2020-03-31,-0.0020428902159110177,-0.03744382062411924,-0.045483575621650035,-0.025368787102165755,-0.01786901093074077,-0.03781881049525689,-0.01585240908596329,-0.0075210463342056996,-0.016142310788415843,-0.009570786297645892
2020-04-01,-0.054051758317736114,-0.071249550421746,-0.07223828041646976,-0.02524569439087842,-0.05360692069269106,-0.056302565641421366,-0.0361540881806511,-0.08108338302924012,-0.03940543961689492,-0.043748218753435014
2020-04-02,0.016548737904836627,0.03966796047900275,0.01852390143933782,0.047070421072655834,0.04518781064417204,0.036659831479207323,0.02049735799823082,0.049755429002073734,0.022572657056960366,0.017070850721613982
2020-04-03,-0.014475637294229026,-0.026602267258637964,-0.04536756005985733,-0.01876812654496174,-0.033838600102159326,-0.03000371765355107,-0.009252981309922722,-0.04630568013500284,-0.015252860825944299,-0.015374055374563059
2020-04-06,0.060423278532773524,0.06569220938390566,0.0729059987833665,0.05278815766329435,0.04754936920910198,0.059985415773635836,0.05778392175994012,0.09380984871442556,0.033434479226047135,0.038614096639444526
2020-04-07,-0.011649647816121161,0.03446237395308461,0.0031563046428750748,-0.019252580539262893,0.0010445869872852116,0.01310389258815509,-0.010828675880470269,-0.03553455681805037,-0.001604339048362459,-0.0032885658256597
2020-04-08,0.025272653580387872,0.05748458886122236,0.07043047668050642,0.026707189431447072,0.03714724964770476,0.03958584119331023,0.009981471069546406,0.030117791605734908,0.033434479226047135,0.02549119147122901
2020-04-09,0.007190093988991645,0.058389308922477005,0.06875192722522876,-0.013021691390505878,0.018356700423405672,0.059985415773635836,6.0343473313541614e-05,-0.01509740264682486,0.014383470303699339,0.007717142922286236
2020-04-13,0.019437469440309975,-0.038544972519079825,-0.015517568801114668,0.0004849859339396732,-0.002884738996290982,-0.045491938347701856,0.002238030969167824,0.025902104942707154,-0.01015605944467711,0.0047522227878787
2020-04-14,0.04926916618005989,-0.007974970832199191,-0.027363456102409263,0.03714749458127825,0.02252594387789206,-0.027778003767304278,0.04829807901534651,0.050932007214850465,0.03011455957230757,0.038614096639444526
2020-04-15,-0.009169345663244052,-0.06709851350802211,-0.05801306652593485,-0.02989575437763278,-0.04304044672917233,-0.050577260932468865,-0.010532858821983761,-0.011013007253110512,-0.022276732672369248,-0.01449680924053312
2020-04-16,0.007914955795819358,-0.035316460738882206,-0.05614339421004364,-0.00048180940508560545,-0.025255260888094926,-0.03885494309728185,0.029578981639154074,0.048172674213140726,0.0057998378395412884,0.01644660093364213
2020-04-17,-0.01366195235355676,0.06899392687078605,0.0729059987833665,0.02334016457711518,0.037231449857066445,0.059985415773635836,0.008773070085364817,-0.008108894659599741,0.026440932021320578,0.013709430126289494
2020-04-20,-0.02097538583006878,-0.03407930627899997,-0.03219609658244338,0.001411319196246246,0.00241142899389797,-0.037138376890408435,-0.020019928637656795,-0.018192525679334933,-0.018042845615347775,-0.010389943494343324
2020-04-21,-0.03139779210384339,-0.038971693933972804,-0.05703795996785758,-0.047909134770309406,-0.03078210999443693,-0.029433412821357245,-0.0422367723001297,-0.06305104296852324,-0.031155115236330667,-0.03536991266150571
2020-04-22,0.028396284525982748,0.00736610832817583,0.015989159181729082,0.02940302984699944,0.021604681040587718,0.0032513383092823873,0.033400825230648766,0.05991070278875749,0.02267130058213675,0.027706863538931873
2020-04-23,-0.003882692077113382,0.0032061135200792635,0.005194447845530159,-0.0033577799592106965,0.01695365742595952,0.0005594121487509607,-0.012176187315121722,-0.007506610092217113,-0.0005395676601955963,-7.414690966266654e-05
2020-04-24,0.02846020012759499,0.014075042759863338,0.014960613251453998,0.02139352389450835,0.027392404338455478,0.014658763888412614,0.01809472996291482,0.01945668714593476,0.013822090566839217,0.01631974242637881
2020-04-27,0.0007068464076855202,0.05653233065562108,0.0729059987833665,0.012620514178954786,0.009575236546138932,0.04220138464950777,-0.00286859383243683,0.025535223445028753,0.014606868181735996,0.011015647145940062
2020-04-28,-0.016342346432283047,0.017736543819795236,0.01386422416399282,-0.013326417257012436,0.00277586020888078,0.00705596572395792,-0.024662765834592065,-0.019441733238630816,-0.005256170190483643,-0.014123023973882471
2020-04-29,0.032317456737581206,0.03657715671745328,0.06260362149438946,0.019807678255217374,0.018983876213218932,0.026612831407347486,0.04389598024542801,0.02407636631747127,0.02623670404507307,0.03504202574609027
2020-04-30,0.020876580573170354,-0.029901934626254425,-0.03440950047756358,-0.022399438863065946,-0.024622428784645572,-0.02169280738531748,0.009982228739818823,-0.020923550751630413,-0.009255143319054839,-0.00282630935849451
2020-05-01,-0.016230276273576198,-0.04116875982490268,-0.054090307071942616,-0.035057880049475756,-0.02982898618648231,-0.026560787587062224,-0.026232217529369536,-0.033043313564128485,-0.028460211014775954,-0.03253876583189108
2020-05-04,0.014049805327107222,-0.006520050657661469,-0.008826236384487433,0.010453212018910382,-0.0015602403913961799,-0.011974820234447174,0.024165363602077432,0.029650178822734078,0.0042408225788494016,0.012215656788142112
2020-05-05,0.014897406320398194,-0.011845007371466749,-0.026272840470683418,0.00265711240866754,0.007369277479277793,-0.0015208787329736388,0.01067867070506529,0.008375691416174239,0.008999935197779802,0.01123426321224527
2020-05-06,0.010264111607045056,-0.01377503087916545,-0.023015785809677242,-0.0075051435440922345,0.00480168065643413,-0.018983273009455685,0.009799408131286054,0.013693509139658194,-0.007003880399042588,0.005125779753495446
2020-05-07,0.010291982042535895,0.021687368426367305,0.038593208074902054,0.005331917631448887,-0.002553912685789735,0.010359017225356692,0.005790005343541084,0.023496868516530624,0.011438955754890805,0.01404869555944823
2020-05-08,0.023522727463858903,0.03146129170966699,0.036943701074769596,0.03841168919670776,0.014413661677472751,0.01620427382532323,0.005865030233010358,0.024718980932834596,0.016730795065226244,0.015652527632974287
2020-05-11,0.01561269659890502,-0.042910376113340316,-0.049794516476497123,0.007646749647464702,-0.0032578266734098354,-0.02989234196447149,0.011092489347268739,0.03187069250086134,0.0001330693667907644,0.007755946834984667
2020-05-12,-0.011493931771246291,-0.031948574615976326,-0.039811146851167684,-0.0023110601292228687,-0.019189183589855007,-0.03322340962732899,-0.02291183688636967,-0.03315143283373633,-0.020713365772047604,-0.020862662707353558
2020-05-13,-0.012147587605939713,-0.046803359298602215,-0.042200191493230226,-0.029824666535531712,-0.038396411261999296,-0.035078738700657246,-0.015238309349332782,-0.0028880468121264707,-0.017616996624280044,-0.01560336922099055
2020-05-14,0.006124772881067166,0.03946050751832844,0.03532928351034895,0.044296173597801726,0.010486725978634705,0.04069315909998187,0.004330020998963357,0.031690657773714936,0.01145891780407149,0.00904709982416418
2020-05-15,-0.005929725486185714,-0.012514513488145569,-0.0033341839050745176,0.009532584379670797,0.0002565487444885676,-0.018683234376223348,0.014463317014247495,0.055730751496573305,0.003918675203723029,0.007889420809050467
2020-05-18,0.02328776872963537,0.06718769411233386,0.0729059987833665,0.01768740010402039,0.03840495074585615,0.051613101920856344,0.009509005618904285,0.03010479455217473,0.031015208770073424,0.024141213456802212
2020-05-19,-0.005794976007128332,-0.03190381092991501,-0.027526750988262256,-0.010036940948396774,-0.010502495710233112,-0.019875381428188503,-0.006946468059869814,0.0062941038066912395,-0.010539747711599283,-0.0053996503160462965
2020-05-20,0.019261489806653456,0.031031101464338403,0.023137968747972866,0.018434941615314997,0.009020627787712203,0.029557706119639284,0.013775497990856263,0.018509357559866445,0.0165139906134157,0.020547234163804128
2020-05-21,-0.007483567328778773,-0.00043649510634248697,-0.010390408152499283,-0.017762675763865646,-0.01879469636342673,-0.012782571747935565,-0.012084083219208269,-0.021950541874569723,-0.007803968309953686,-0.009742539531042435
2020-05-22,0.006417852499633228,-0.010535802799547677,-0.0202028846188323,0.005807753845663456,-0.006147261148334562,-0.0077933302523493925,0.00043618532871518854,0.02820179493091742,0.002350945686812366,0.004267721949334718
2020-05-26,-0.006796629736237568,0.06899392687078605,0.0729059987833665,-0.0013371900421178667,0.028067783290472294,0.059985415773635836,-0.010627678394623395,-0.03477579657142704,0.01221428502146052,0.001674797313847317
2020-05-27,0.004347646860417471,0.06767402048829915,0.0729059987833665,0.02467093400226062,0.03057237973671584,0.05630629695474378,0.0013206688777805846,-0.022328659920211994,0.014718447490314346,0.007693979236640572
2020-05-28,0.00043972863142281775,-0.044067109998142305,-0.06115075215780546,-0.007863896781911751,-0.008077657014932555,-0.015008329860462527,-0.002257866493955152,-0.004497231339343621,-0.0021101393249195488,-0.0046184318938187014
2020-05-29,-0.000974419341945926,-0.030218505580550024,-0.025756168714857086,0.04753611843902398,0.002966606893319511,-0.025867500554269392,0.010147037430486219,0.044759273043817306,0.004800793552307952,0.012819601611818478
2020-06-01,0.012223094212161592,0.02011159067044906,0.03163803032407203,-0.03230194620554305,-7.995015762501099e-05,0.01316951460575829,-0.002294629941178124,-0.00783307424391606,0.003744216478364391,0.006530844448660929
2020-06-02,0.004618502685910831,0.009302342551998893,0.027721187012065177,0.0126623157775457,0.008848732029230724,0.0033412854116175277,0.011312599764723564,0.002155122515437288,0.008177307282398658,0.005879851478662662
2020-06-03,0.005489860323008146,0.04525652515869103,0.04800314347331309,0.0010657524682753847,0.023917740984598732,0.05257119629250057,0.002430642907867492,-0.006337247896773962,0.01355667081256392,0.007726869908895607
2020-06-04,-0.00864937896867402,0.03689321229201798,0.0423955139816893,-0.0017054585724425124,-0.0012406070984265522,0.02059778285401907,-0.013251124152164994,0.00011454262965668098,-0.003374389083608904,-0.006953917906105185
2020-06-05,0.02808326872605949,0.04847019511356208,0.05607975912856962,0.02048862128660076,0.02429722320806527,0.0440187159882094,0.023128855668578516,0.017358065706248066,0.025874012821635813,0.02040952303844324
2020-06-08,0.005894756705469656,0.015181053252227896,0.03963884222755021,0.006252500972093394,0.027558513268736762,0.019762111541249905,0.00617727408524792,-0.01297585722517607,0.011969656405806002,0.011213540124008055
2020-06-09,0.031089748918265013,-0.011275562163689403,-0.02882430180114019,-0.0016635400368438626,-0.0289983519358764,-0.025984878588140643,0.007615791953495,0.027002545497885746,-0.007829743419721978,0.0029177272503861356
2020-06-10,0.025402111056109355,-0.05911986272820724,-0.06312762902346998,-0.013197896085054535,-0.015282858569630405,-0.041372362882409225,0.03642046082768935,0.034843323960812966,-0.005327255735182077,0.006668621613708711
2020-06-11,-0.04920124453544503,-0.07315236997895466,-0.07223828041646976,-0.05748981530904034,-0.057472014218431317,-0.056302565641421366,-0.05065529907280218,-0.06284047270807003,-0.03940543961689492,-0.043748218753435014
2020-06-12,0.008596840334313188,0.03490386822092979,0.0729059987833665,0.03155562950252857,0.0325136129687898,0.026995843860428987,0.007860830943118282,0.015370957789762767,0.012976286605211731,0.01007045692808463
2020-06-15,0.012290896209424015,0.014820834113690888,0.013874439689545787,0.00619361128251973,-0.002134981456275068,0.013723372944583064,0.0063716606705543685,0.02664988584478277,0.00827786081817526,0.014207971334584998
2020-06-16,0.026157183674749375,0.025516680654340335,0.027368500632786903,0.024611618558619246,0.028365047533072566,0.007968227100863479,0.024209628053541703,-0.011539302243012474,0.018784852866710527,0.01731279009726497
2020-06-17,-0.0013925931268818316,-0.0314986369836541,-0.02699089975562261,-0.006691647607393795,-0.008022416002686385,-0.025604366411811286,0.0034552761188091064,0.01830206159065919,-0.0036067962326294138,0.0014803456093067826
2020-06-18,0.0003982224970893724,0.0015986845999983923,0.0007540638337212313,-0.007391499839814106,8.05913180537473e-05,-0.0054428120217302825,0.010651439884087484,-0.0019506581009999698,0.0005940434038017573,0.003275939171144618
2020-06-19,-0.005730815821116927,0.008351483868651635,-0.0022647005445178806,-0.011190509084513522,-0.013705217395842977,-0.011486840460066636,-0.005977561289344887,0.004680954612157151,-0.005665513565673728,0.00030874214825953055
2020-06-22,0.025827182867515158,-0.025266741211128554,-0.016384692886051367,-0.0035366801770828848,-0.011497353817912103,-0.010896775266956888,0.027395130071823412,0.02826457394177362,0.006474093296658384,0.011034712303594674
2020-06-23,0.02111990776888032,0.006881133261127873,0.01695123783975516,0.006841296200091687,-0.01380555690821147,0.012122673963337039,0.00665860679501563,-0.008089281696886958,0.004298169191483789,0.007419313081496757
2020-06-24,-0.01780960502984894,-0.040334708815581995,-0.04125471206581416,-0.015961547418583844,-0.025358793837937713,-0.033961349385231605,-0.020363706956761304,-0.022959324684219837,-0.0261952655956623,-0.022175979372722567
2020-06-25,0.013188343730221236,0.03750703834485136,0.03614269521124772,0.010448173546414379,0.02217152491084851,0.0342677946860488,0.012557554686892125,0.027183334150378855,0.01089982772821816,0.010823066463442527
2020-06-26,-0.03120786785976494,-0.06561797590112144,-0.06064829955665796,0.02381823956144452,-0.015579071173120199,-0.056302565641421366,-0.020218998673264103,-0.03593830927647105,-0.024525204274831163,-0.026276153867816572
2020-06-29,0.022785284572961226,0.010313941331022279,0.014218756428221851,-0.0034608447173095362,0.02160957092397685,0.004418535610336011,0.010689938507115285,0.004903269925843537,0.01457888811353358,0.011912774931627259
2020-06-30,0.008312946720678718,0.015274063614632518,0.015978244441390035,0.010561530389968342,0.008481592746933655,0.011333203138258677,0.025228344155409515,0.031851456875342514,0.015292349435755562,0.01852457350029294
2020-07-01,-0.0018935364562744123,-0.020847533789418643,-0.014785896443826047,-0.012513686201186262,-0.018637359855158964,-0.00854153268102162,0.00583027502677289,0.0033897241738048683,0.005009563975870565,0.009484903380965458
2020-07-02,0.0,0.001288930742556726,0.003964070358489232,-0.0015326670943266092,0.009738071223764003,0.003243037332054981,0.007592108979806618,0.008593938851594894,0.0045309704768169146,0.005205720808945402
2020-07-06,0.026398808309289114,0.015761483741275922,0.027703844435417565,0.017164716977582702,0.00408528668972147,0.024939726724301753,0.02129769917539318,0.023340843759683517,0.01575693083216329,0.021900728910419467
2020-07-07,-0.00310765623511726,-0.027856766056453756,-0.032263911080980895,-0.017164716977582654,-0.021954654821356483,-0.0286156835027156,-0.011696172426002962,0.003297888877329353,-0.010877477869643567,-0.008640224052571775
2020-07-08,0.023023188702385053,0.0039037909933277277,0.0110671129526486,0.0039369001421356775,0.0011048800451023636,0.01055920585898107,0.021754577686028127,0.034277891497184784,0.007796986263430269,0.01426474298411986
2020-07-09,0.004290727943219832,-0.014388863307935618,-0.028507738677579497,0.019241721423437046,-0.01713706947768946,-0.02188857937291018,0.006976320611064058,0.02827690138281901,-0.005659591476194623,0.005251850808975774
2020-07-10,0.001748100903918143,0.05344318924710004,0.0627041888334136,-0.0008570561647113369,0.022559209536540146,0.05322520088130981,-0.003037344129872214,-0.002835077128686544,0.010411809774443004,0.0065854055769100335
2020-07-13,-0.004623843252922937,0.007052413464435775,-0.00858350229525727,-0.015768289506806393,0.007156279643871611,0.014232877826242687,-0.03137570147670883,-0.04160068131677897,-0.009406645216058874,-0.021573338837342963
2020-07-14,0.01641272639184192,-0.0020691296396890425,-0.04006447483533289,0.007158643695923316,0.011676673844910616,0.0057181783132630995,0.006162520513131551,0.03179562011953791,0.01331730058290395,0.00936241990348403
2020-07-15,0.006853922633696804,0.018876199353877368,0.03314388285345784,0.0030222136114915676,0.019705203780180768,0.015358763886657273,-0.001489036703701411,-0.0145362570233497,0.009041056936355048,0.005885272878119101
2020-07-16,-0.012381078085199698,-0.027613379846835415,-0.007357481153521522,-0.013452422623650533,0.008177643749618747,0.002803455981636849,-0.020002673015585032,-0.00908542105044434,-0.0034119152141152374,-0.007292554037522689
2020-07-17,-0.0020223812210997706,-0.03011918963045278,-0.024391492674998558,0.02096703045108636,0.008831519830823125,-0.018671244518295393,-0.005113151525591721,0.006564587676817591,0.0028445625875835605,0.0027992889384761436
2020-07-20,0.02085500514083998,0.015384942754650133,-0.0015939514895056495,0.00469469971429584,0.010020573505845199,-0.008799645383983942,0.04208285845242328,0.029863506633294106,0.008371797255140334,0.024815183704461265
2020-07-21,-0.013897817663297387,0.03500359654300808,0.031218703717816355,0.0010641632662249099,-0.002456260678050931,0.021453690937210012,-0.013560039107332831,-0.017491407300764678,0.0016776293345600682,-0.00808767141532253
2020-07-22,0.0028051519587847557,-0.004514599069946496,-0.0013541637130203743,-0.002555358415892496,0.020492967706143183,-0.007269334000799151,0.01426892059041671,0.010617830845213862,0.005730630594473862,0.002409889929494511
2020-07-23,-0.04658494676209252,0.009416636987020745,0.008097249938978554,0.010815557624442713,-0.010468546525579811,0.002934379238714221,-0.04446916195731827,-0.03004820865047542,-0.012396378412246847,-0.023122266462265197
2020-07-24,-0.0024802577062684934,-0.00777261365948314,-0.007903698695637264,-0.021533670016506686,-0.012168179038649739,-0.007097452328956894,-0.006141025356151398,0.006371699034556852,-0.006209640024276134,-0.00943508782908084
2020-07-27,0.023423598652974303,-0.008661593431838381,-0.007381594893597395,0.016882356706693566,0.003333246517461945,-0.014140994680415252,0.012588378999099637,0.022022786841091064,0.007367928821482373,0.016564436663143643
2020-07-28,-0.016563810227066496,0.009072154672822732,-0.0003898250567073471,-0.019472098849127272,-0.01388254433491172,0.004325206053658774,-0.009017922246665467,-0.01996493002463481,-0.006494435418646306,-0.012816813572435633
2020-07-29,0.018986964741989434,0.036675457752499876,0.024088112870274597,0.009248210859591958,0.0068055279832194065,0.023960230231796952,0.010047543445165258,0.024177935896213417,0.012351783351742583,0.013449749880064083
2020-07-30,0.012027653042650065,-0.017162377732619735,-0.031920678911133774,-0.005797000924741082,-0.019499261756826716,-0.027047739995138237,-0.000784575826477499,0.014090064356827364,-0.0037573017634548516,0.004246816422629563
2020-07-31,0.060423278532773524,0.0016089734245862972,-0.006974335020515106,0.014111795203427509,0.000325271584267304,-0.003924592619688199,0.005429033138861486,7.05861475791771e-05,0.0076412362421762695,0.014762315344023724
2020-08-03,0.024885327458788287,0.004411573271395042,0.00757018205754576,0.0012730702612229444,0.011082176465719162,-0.005603333112726367,0.05471664646431447,0.03658197038163405,0.007155362664358673,0.014554004945439012
2020-08-04,0.006655922849610087,0.0007999373315234304,-0.004974166102969238,0.010756345929502515,0.012232736119125181,-0.005739495865861348,-0.015122732570417127,0.019561677317304505,0.003605423026133557,0.0035131120516395916
2020-08-05,0.0036181392640038217,0.015079433129591329,0.017790882446776648,-0.007157962997374799,-0.003104083146440542,0.017223866008386372,-0.0016420772500991933,0.005241357383289324,0.006409160435517922,0.005217112071407082
2020-08-06,0.03429456765523901,0.0031458209400648546,-0.002943284176597163,0.009253482187164421,0.005326734727134565,0.00030855788584485753,0.0158869435989746,0.0043097209682290425,0.006407126020664802,0.00992205613198398
2020-08-07,-0.022998452109082027,0.024817206422839973,0.023882212853877524,-0.007142925411232264,0.003768022201399334,0.021768614585787955,-0.018049655873482687,-0.012070277943965212,0.0006328292699566697,-0.008778899986397169
2020-08-10,0.01443039302042999,0.017087945266683592,0.014098355012492762,0.006305357991127515,0.017059327708793478,0.012599156241367088,-0.0201086464600754,-0.003085329255238268,0.0027384652733919213,-0.0038782028046023096
2020-08-11,-0.03019107413470106,0.01346311727272459,0.01688257989256692,-0.011378274249561298,-0.0028361544047944467,0.031108619967996888,-0.023663148710799192,-0.028618769319933245,-0.008001055401377298,-0.017060640731592937
2020-08-12,0.03269404997548315,-0.007082831682428922,-0.007655716256015165,0.019100073221364748,-0.00039461805811266844,-0.008512062626314026,0.02816687107084652,0.05297299894290147,0.013899502293613534,0.021053246932805986
2020-08-13,0.017542647102184443,-0.01431829772842347,-0.008659894431496142,-0.05748981530904034,-0.013268185253058295,-0.005552852831825185,-0.002345050126162379,0.0002399914130433378,-0.002049272676156681,0.0027440617564400446
2020-08-14,-0.0008915913867415793,0.004543469921035934,0.0007562521261244551,-0.005163171978012394,0.0019174730159218912,0.0003907724497056,0.0009579844618095237,0.010518746862870288,-0.00017189739627902921,-0.002103201377038824
2020-08-17,-0.0026143526201345495,-0.02176886406095742,-0.028942981165860103,-0.009693575028481831,-0.006647648608591134,-0.0267187744016125,0.006584052373879135,0.06470591329620876,0.002706177507423456,0.009971685238515328
2020-08-18,0.008298245829851053,-0.014388554892009704,-0.021227577679908287,-0.002616894654027613,0.003849891536267996,-0.014038235867936887,0.005737910317133426,-0.006199755096784885,0.0023007404198168474,0.007261205084750445
2020-08-19,0.0012539611352110163,-0.0011757734003356155,-0.0009933979570047628,-0.0026240838998243827,-0.00868294861399759,0.0023370417557948475,-0.006085334331933823,-0.010020937139765151,-0.004414123345182018,-0.005759198232592773
2020-08-20,0.02194712352221957,-0.015810850904033627,-0.014218708409851157,0.010454099437809363,-0.005587554826452611,-0.0120462638855491,0.023004648086685023,0.00020598618008168856,0.0031536547683461333,0.010574197483840368
2020-08-21,0.05024855182128656,-0.004792319360944142,-0.005663535373505468,-0.0014192127272805366,8.134250026016751e-05,-0.000513507920028665,-0.0072965927196095084,0.043713749392011836,0.0034351999829724668,0.004150258706174642
2020-08-24,0.011889421999732312,0.028026464815755776,0.03507737014706921,-0.0016582444232525204,0.0202544304976887,0.027765359607248852,0.0031401420963282386,0.002893541075249955,0.009993615364903508,0.005986388405382567
2020-08-25,-0.008237788964836965,0.011994556900402525,0.011488719922661088,-0.005229123354934744,-0.00830915705215951,0.00438762494374397,0.012925597690588006,0.002335811943791749,0.003589899745540117,0.007594300757090449
2020-08-26,0.013507526133671819,-0.01706803044882957,-0.015610258160340059,0.006887367778187418,-0.0037779570894369095,-0.01412925060162181,0.02138930090013467,0.0018024434859471741,0.010144001344841499,0.01717091166200958
2020-08-27,-0.012026499929642723,0.01898927999223274,0.01696454789740006,0.0009463655789690088,0.0038581653460498036,0.032369876904689426,0.0242568302889351,-0.011397237301741591,0.0016716460318091384,-0.0034108272995897445
2020-08-28,-0.0016211134131145428,0.009551266707387743,0.010769506202274959,-0.0021304230886555974,0.0033636765733367,0.004095020950967283,0.01023103099058576,0.040314387382652604,0.006710002849570254,0.006028072823256856
2020-08-31,0.033349775592376604,-0.0215227484780275,-0.022438229295905665,0.00047364170932557887,-0.014171941231163977,-0.025425062137597765,-0.014875840099864507,0.017099103279188364,-0.002197375175508541,0.006802443899218424
2020-09-01,0.039059808445513905,-0.0011661753939345028,0.0015639681194082901,-0.004510450129412395,0.0007296687364480675,-0.0004990509342755052,0.007685670955420606,0.03313845939011497,0.007496831420705943,0.013848761208684371
2020-09-02,-0.02093624683928924,0.011985367383174876,0.01454197661590934,0.009236483155327355,0.03800443486133531,0.014966483364116165,0.01908876932287137,0.0373167029337499,0.01524905014386973,0.009732529800003371
2020-09-03,-0.05763947971348608,-0.006990304539388962,-0.008699893927968676,-0.035268016710861806,-0.029531633004952387,-0.003153119443223533,-0.05065529907280218,-0.08868374734966351,-0.0357575941421853,-0.043748218753435014
2020-09-04,0.0006616003195272918,0.03371967074522827,0.019612348066051923,-0.0031793839006833483,-0.017427065692628876,0.02138233068473183,-0.014135147213483818,-0.030659873099997202,-0.008166280754275102,-0.012732881658740678
2020-09-08,-0.05763947971348608,-0.040759011992785456,-0.028584360021383995,-0.02029292616667937,-0.008952350008831492,-0.035394765776243946,-0.05065529907280218,-0.057851025782467105,-0.02814882908646679,-0.04201179402005574
2020-09-09,0.03911163093900672,0.0011767129682163614,0.0070286827287078255,0.003244793520465247,0.008625229257973622,0.009462341914662097,0.04170209258167436,0.06515241815713543,0.019944760662180386,0.026730028330959367
2020-09-10,-0.033190766480744684,-0.014610385894994712,-0.008793576871889587,-0.014053029420712081,-0.01400219201421446,-0.010363543024586941,-0.028418648469346584,-0.03222834664512715,-0.017741245925395586,-0.020123812520272386
2020-09-11,-0.013215702708751144,0.014218216219636065,0.0009807187255556897,0.007803850710100188,0.007437370467294346,0.012344533499292567,-0.006545919537973703,-0.012032229205614958,0.0005329301580873496,-0.006066212098539381
2020-09-14,0.02955898974425519,0.009756100764684705,-0.0575044830868479,0.012211795979985764,0.005173301336995621,0.013756573713025858,0.006741007455640574,0.05655183101365021,0.012661335025022992,0.018539894816271767
2020-09-15,0.0015589429898700032,-0.01842115616454631,-0.07188976248318582,0.005681148940234905,0.0028627628324094795,-0.031625738746250694,0.016272702228766457,0.009183029377155894,0.005205785930499657,0.012017054569503307
2020-09-16,-0.029957802463641024,0.012578993286223847,0.026644753480100817,-0.004443673695938126,0.014433066938382963,0.00422129339258974,-0.01802689725592296,-0.037368811553559034,-0.0046296468921518345,-0.012576210550994475
2020-09-17,-0.016092536683138998,-0.00981371843188347,-0.01070460132208319,-0.0012374752442966554,0.005619350185662809,-0.011499911417068211,-0.010491308995611999,-0.004083698054599079,-0.008447949528552457,-0.012767447145469032
2020-09-18,-0.03223394846287553,-0.0055383044997363105,-0.014824711426940692,-0.013968899661083422,-0.017442280401464307,-0.0021332819229622716,-0.012497130331310257,-0.02224983391444006,-0.011245576947828505,-0.010781745524561539
2020-09-21,0.029874919011073354,-0.02979263684021858,-0.02094928081797492,-0.01953134694276691,-0.020658258158908763,-0.031397634220668394,0.010671727390827824,0.02655331824460778,-0.011638564027297718,-0.0013425196710261304
2020-09-22,0.015593490256989098,-0.02189694193275367,-0.014676076967212967,0.007146585794523624,0.002159970864679346,-0.010971625079138892,0.023808750082187417,0.00958064165250488,0.010463016398376152,0.017003087193005365
2020-09-23,-0.04285118365726573,-0.028815650851884332,-0.03382960762234719,-0.02680579125649303,-0.014039117488297883,-0.016363253667531445,-0.03348303513834792,-0.04152199842065571,-0.02400733891437413,-0.03062285686099566
2020-09-24,0.010216488796161861,0.0034335136403651455,0.008091399199486947,-0.011296746473422542,-0.006246862913199877,-0.0008629539177969646,0.012878753841258257,0.01832784944551518,0.0029830055546290505,0.0036872905386653764
2020-09-25,0.036829507532191164,0.006405955114771283,-0.004037515779442773,0.01572778253926276,0.007256122749185237,0.008703895012572196,0.022530735635564736,0.04169594584858167,0.015850439224188495,0.022357268606905026
2020-09-28,0.0235883873423204,0.025222359518237057,0.03093052319706625,0.017530836191146572,0.023102220878722098,0.028372566713742758,0.007764809917112866,0.01244801955081048,0.0159821918538544,0.018517153054660295
2020-09-29,-0.007596655900220002,-0.013372850352081007,-0.02145621391329879,-0.0017905816201606963,-0.0065108303272926405,-0.008458916610710925,-0.010463118144659672,0.014527553705633706,-0.004824282704443997,-0.0029077706291231915
2020-09-30,0.014963269262639097,0.01337285035208104,0.016135138455379602,0.008413137976139849,0.006018100853900788,0.009602325473362682,0.0147036572855717,0.022780762967927807,0.00821984256837961,0.007393252898568956
2020-10-01,0.008426557739790775,0.00041502790449980844,0.007625392325083799,-0.005910307090713037,-0.004778554029642218,0.007244919393319338,0.010075804080787391,0.006189041255152119,0.0052789495642950775,0.014137326409649195
2020-10-02,-0.03281257996327951,0.004553793766898298,0.0050519088199267965,-0.013753943550159225,-0.004303692252683397,0.009442662823156865,-0.02995550319371232,-0.04140897456591103,-0.009623812866370861,-0.022453895648064447
2020-10-05,0.03032650703612412,0.016793425024946764,0.02822790803198169,0.0078086128004658546,0.01187260848236666,0.02091600326389295,0.02011730832834705,0.043463318214405786,0.017813109002900934,0.022981762622676614
2020-10-06,-0.02908835270000098,-0.010206263627361982,-0.011195518158907205,0.0,-0.00032789839628128824,-0.01035226914770996,-0.021476140257704744,0.006866603392331583,-0.014072064387523205,-0.015821908233435027
2020-10-07,0.016824594886757468,0.02071124898830005,0.009635812239488778,0.021290947779495042,0.01707090649112849,0.017295126336842676,0.01885856528751482,0.016426058298459695,0.017247163770241564,0.01865129267362409
2020-10-08,-0.0009563138344695275,0.01436591161613248,-0.0026798267481601894,0.00984970338175716,0.04754936920910198,0.020346896792193737,0.003567751856891647,-0.009009638224132267,0.007978212894869286,0.004948829413152083
2020-10-09,0.01724655272481882,0.00474305194917438,0.0046846571706856055,0.0015069201311196903,-0.02854254570022767,-0.00571480669429433,0.024532742342913198,-0.005507373734947603,0.008755095180752877,0.013822271940788958
2020-10-12,0.060423278532773524,0.012539216137082969,0.020923975786683483,0.012716850652403779,-0.0045492623382186815,0.012178447049996412,0.025572670765703995,0.03310570302948223,0.01628253015832422,0.025267101929880187
2020-10-13,-0.026885395771500443,-0.028838597480365047,-0.04913903602691026,-0.013721323969298187,-0.0167256030883699,-0.016337367558176788,0.006572787793938759,0.0015629379223553706,-0.006326891629163268,-0.0010412209551462835
2020-10-14,0.0007427637045384998,-0.05477992093738561,-0.014992791036527531,0.002007602603717415,0.0066919987926090255,-0.005571862331939113,-0.009014664996978299,-0.010796355925083437,-0.0066451720840594065,-0.008054155029021843
2020-10-15,-0.003968622270025687,0.022190331693415433,0.01338891609407766,0.0020035802095237955,-0.008372302021806256,0.01485582268726412,-0.005448007144447493,-0.008925642368249147,-0.001528923514213078,-0.004672434057660353
2020-10-16,-0.014099529199508255,0.0037199990854852524,-0.00967743284116099,0.0047424062766571184,0.008292915354663154,-0.002066408990891115,0.0,-0.011410564203137755,0.00013491045663045577,-0.003618543136280358
2020-10-19,-0.025873678958266123,-0.021685802876224066,-0.006737422872755229,-0.021647044506663143,-0.003260854138670269,-0.016989086810636565,-0.025077580964442927,-0.02297866445160189,-0.016464663514942676,-0.016646261694777693
2020-10-20,0.013105830743653086,0.017551725879514393,0.014349066133718799,-0.002548349896584846,-0.057472014218431317,0.00569521736805893,0.0020053366087299522,0.010886801928331346,0.0047161953200011274,0.003271126744868158
2020-10-21,-0.005461412518449679,-0.0037349833713568666,-0.011788018430548643,-0.0035771251070612544,-0.019877791238474274,-0.010013128097970189,0.0006985442059545943,-0.008888497436180804,-0.0021981140115702774,-0.002765060229954817
2020-10-22,-0.009629326882525775,0.03352687820241599,0.021619921141307022,-0.006163573159478751,0.006065706012565694,0.03471278459725115,0.0004187731796209477,-0.012181274109995869,0.0052053540034913415,0.001854605720326243
2020-10-23,-0.006152946530465593,0.0012056457697133141,0.0,0.0,0.002071038222606064,0.00899900298124932,0.006216354582855239,0.01701252373282161,0.003439838320389479,0.003667044624601894
2020-10-26,8.696600434628914e-05,-0.014563243595913343,-0.01582430249380113,-0.030071653028911825,-0.03312900554654177,-0.025068213204651482,-0.02885401732389839,-0.03359649662704828,-0.018764472985322012,-0.0165313948989565
2020-10-27,0.013382363299112352,-0.028520233057332034,-0.032419908046510425,-0.021465638096686817,-0.014903036731868437,-0.019046220757380668,0.014976810213775308,0.019256032995031203,-0.003030205350445511,0.00635440998874726
2020-10-28,-0.04741879236926244,-0.016061088149859147,-0.018070455060149475,-0.03196738874935952,-0.0360057668639294,-0.028490433291903837,-0.05065529907280218,-0.05917476859137728,-0.03592554210857772,-0.038021634152105084
2020-10-29,0.036380497381810144,0.002978214090441949,0.012803373343303472,-0.0005602758916942483,0.020969436562929267,0.006504547077590402,0.010014975064052597,0.030956497239760343,0.01187652493999744,0.016288416054748973
2020-10-30,-0.05763947971348608,0.006773826863954979,0.006539692012854321,0.0058667387400619265,0.024936545891538323,0.008913851119623253,-0.01105132425759147,-0.0383485462408434,-0.012203713445259962,-0.0248008160379465
2020-11-02,-0.0008271443453837625,0.015906363163330717,0.018893618434158987,0.0,0.011132390796681864,0.022291518163791026,-0.0006919451494363576,0.0037227255951010345,0.012242950890591667,0.004208711368732377
2020-11-03,0.015236985931747311,0.02501684132225615,0.030792949931713758,0.021494186593414996,0.011010177364014273,0.031034625489164882,0.020061369777560584,0.034280189018898205,0.01764273768407783,0.01835283478752179
2020-11-04,0.0400247845440852,-0.041767635776024256,-0.033877704482945414,-0.0030030218395113977,-0.01999547518814577,-0.031034625489164726,0.04712100215032977,0.0578038009739961,0.021807525655091704,0.03782291915609089
2020-11-05,0.03487827990497507,0.03852216482864401,0.02325429559631728,0.017886250735444427,0.02532464847843083,0.040083111620462825,0.031388923885754844,0.02616921477699295,0.01927326577670128,0.02556592027829524
2020-11-06,-0.0011367027643679043,-0.01226519792502984,-0.00839370272460208,0.0080261087609879,-0.006380713949805758,-0.013409804076057331,0.0019238871968859956,0.027994279139713446,-0.00028775658537381985,0.0003616204775059454
2020-11-09,-0.02017003232850778,0.06899392687078605,0.0729059987833665,0.01769488323365395,0.02737724067723693,0.059985415773635836,-0.02411263502278324,-0.06608715239791137,0.011631974746344153,-0.01537156894135578
2020-11-10,-0.0030135779061492823,-0.0036088456104759426,0.00020977771083377533,0.013520601415085369,0.020391173218565928,-0.003256437545040175,-0.03437678842518204,-0.06522968644359202,-0.001400775220867666,-0.013746339190530558
2020-11-11,0.029901402610046573,-0.011636372372438452,0.026507994718613124,0.015631394373143127,-0.006039516009367311,-0.015045301911868418,0.025915616239683286,0.04949852937243336,0.007622728362991461,0.01992923250262916
2020-11-12,-0.002346199487451281,-0.024062027663017724,-0.01337335370102677,-0.016923670691259468,-0.023307209097682958,-0.012360484381869577,-0.0051388152917308545,0.0028836739613511274,-0.01002865154706935,-0.006540692357346141
2020-11-13,0.00041935401000500446,0.011548018421009335,0.007839997942747395,0.05278815766329435,0.020316269244158105,0.006243086327775876,0.004954355912506065,-0.011942357011868406,0.013518546706294007,0.010170511741887666
2020-11-16,0.008682706854646423,0.021253819212096497,0.035133913784229476,0.027164096863360406,0.012839855689883101,0.027834974162775524,0.0033198661384979252,0.016280187656956362,0.011580734922832603,0.007985405725161664
2020-11-17,-0.007593195576915223,-0.0010882683682717545,0.006526201110703737,-0.015636705198709043,-0.005591929161032927,-0.010196824614830076,-0.012833558156177361,-0.00690490356856055,-0.004803443784647531,-0.0020811450468390816
2020-11-18,-0.011456695168703868,-0.02090649232108367,0.00628802905905884,-0.013461591045640629,-0.007932805905121076,-0.007434309925418463,-0.013271122435359169,0.00048427128784702485,-0.011631210647481315,-0.008247840862843197
2020-11-19,0.005154868635422468,0.0,0.021127250919202045,-0.0036368197389049853,0.003505090963865441,0.0026860290397880083,0.006328124330205511,0.0008558901535354429,0.003938675690732779,0.008699034447352096
2020-11-20,-0.01101809797861712,-0.006320879646435755,-0.00944250598471358,-0.004869759377103256,-0.0020501656215611104,-0.008603694966476247,-0.009602543333472036,-0.02657720283532637,-0.006815737372918576,-0.004186950976923717
2020-11-23,-0.030193741512322906,0.021402920544289345,0.03144629672475693,0.01622092335634717,0.026580402853274947,0.02839632911807956,-0.0013316289318758975,0.003984204906038588,0.005620108181849693,0.0021621670965970737
2020-11-24,0.011527397667732283,0.05642797297842267,0.06816703581600081,0.02302805168576034,0.03542151513015665,0.04520007433716254,0.01769046507172608,-0.013966824047985842,0.016032458814031775,0.01305846331541535
2020-11-25,0.007439621123571133,0.001723782907817804,0.0,-0.0025849204280137994,-0.0017697261376095148,-0.010515580067320486,4.645553597330824e-05,0.021151827155460518,-0.0015856747555094064,0.00477477157063726
2020-11-27,0.004814646640632112,-0.0013789999705607306,-0.006858250570015292,0.004694753933156635,0.001206982013313929,-0.006659803363997328,0.006338899265559083,0.0020002730139929287,0.0023941110259011363,0.00917274515173675
2020-11-30,0.020879993102106403,-0.029048323418381632,-0.02864014605351779,0.007466164633755384,-0.006697237346338354,-0.0279399420880085,-0.005404048329628666,0.010520502546910407,-0.004606140636972006,-0.0005826260753920736
2020-12-01,0.030361860093911616,0.018646361703175234,0.007237177537257598,0.012014805713981279,-0.0029186698755472792,0.01565556724246079,0.00994716817105102,-0.0008585089920869648,0.011208140661592923,0.012737084203664711
2020-12-02,0.002929144880006065,0.0128139274779169,0.030711640501351705,0.008006576063608491,0.01178471472109818,0.019026109935452444,-0.0038929224445895497,0.011472455830725942,0.0017895645286042845,-0.0004647120173658341
2020-12-03,-0.0011381954949963005,0.0010383717705012769,-0.010898316458929094,0.005000269399118195,-0.00813748524191014,-0.006576855886336934,-0.005260573669591925,-0.010729234632801826,-0.0006243520802942291,0.002249370191778369
2020-12-04,-0.005628338733643316,0.013058442843647456,0.035420472478575875,0.006102360723267375,0.028629201684466338,0.009032049852286762,0.0005601362272503313,0.012039299256994991,0.00879746371518688,0.007008550402608025
2020-12-07,0.012195300342580984,-0.006851501271383107,-0.008394394217490522,-0.0006765734859278563,-0.019849885048912438,-0.0037670517226880236,-0.00032665209729554123,0.0035705958449531922,-0.001937513438963252,0.004460407943046254
2020-12-08,0.00507798779923261,-0.005515442655418621,0.003949105632344315,0.0004509991339028862,0.008066721586987895,0.0009840905685604602,0.007994418354387104,-0.019049333089514765,0.002783271170170473,0.005004992905696638
2020-12-09,-0.021125072928428287,-0.004503691686007113,0.010058914708651093,0.0071860603542604215,0.008554706031211487,-0.007817300594103745,-0.019682302681920026,-0.03190850640046148,-0.00798096494847171,-0.019567439014662603
2020-12-10,0.011917575037908745,0.010706281190341931,0.025953737213973028,-0.008313385240880206,-0.014538674148917106,-0.006464540281338327,-0.0060617604301044245,0.003204485943098543,-0.0012859345277717227,0.00540393508268819
2020-12-11,-0.006757654578887502,-0.018724544156946955,-0.026292890864766733,0.0,-0.005537110851651133,-0.0059208899165431065,0.012931543026654805,0.0031555473618714762,-0.0012657980842328352,-0.002254666402502766
2020-12-14,-0.005159920459021373,-0.012326047439710483,-0.0032295914569178377,-0.001806650217830486,-0.0059724521281163305,-0.010594492031926308,0.004397910351337774,0.022453796661577097,-0.0043687882451469585,0.005010095654933727
2020-12-15,0.04887606240152216,0.014773251008140144,0.015708316995008315,0.010791463320661276,0.019242097496031205,0.01693096606703476,-0.00032674699643010617,0.003880683498830471,0.012838482022218645,0.012384333592815155
2020-12-16,-0.0005474827141368746,0.0027892199013726873,0.0013399691222564995,0.0,-0.003022159806243688,0.0029048444341001354,0.023766083812533915,-0.008871261530882793,0.0017712256203230642,0.004999830983234035
2020-12-17,0.006939291807423131,0.003822716706046366,0.0050081671480013855,0.002233347016241165,0.0,-0.00832176239722933,0.0006384107568868862,0.007429405492772434,0.0057411428089832834,0.008382995243409958
2020-12-18,-0.0159778032243639,-0.005565323353201269,-0.016623558508584522,0.013738389725696468,0.0023866783650272885,-0.00494265185523417,-0.003789970797069181,-0.005204038821108975,-0.003517296952148704,-0.0007139665244144211
2020-12-21,0.012319226816719559,0.036641779454048444,0.0360833012776396,-0.012400174345948783,-0.019740536901737913,0.03685065451812651,0.018133513073658323,0.004529158209869563,-0.003913928486909485,-0.0010291031797981889
2020-12-22,0.028066927029749653,-0.017982010235014483,-0.03270273801845846,-0.004242990257939339,0.0017814137218546539,-0.015333446789563328,0.00604674842392832,-0.0040585159115020504,-0.0020752446917703606,0.005119327483719073
2020-12-23,-0.007000348804392942,0.0283519354296333,0.02532642754329963,-0.006960486002235419,0.0023433524746457853,0.027561141810155343,-0.013125156043815991,-0.02046662097935982,0.0007455332718186887,-0.002878107209565686
2020-12-24,0.007682791676290757,-0.002999877717150533,-0.0034609570478939793,0.0035984740357120027,0.006355578321595924,-0.004407363964571135,0.007796967355014551,-0.0011922729262380828,0.0035303499794869524,0.002629054253870497
2020-12-28,0.03514066543743799,0.005658396220362682,0.009202908666042542,0.00849555505902201,0.0010422815205447665,0.006563723162479567,0.00987265927224827,-0.007241019979739729,0.0086847075384115,0.007367672536775503
2020-12-29,-0.013404037594241946,-0.003990614095959025,-0.0036054128266003317,-0.006252991683182648,-0.008205436298472925,-0.0026362056394230323,-0.0036071712847741996,0.0033470574938032,-0.002229864827278697,-0.003821432521633665
2020-12-30,-0.008563576971518582,-0.001000219348278465,-0.0008213278185521571,-0.0035902983182552325,0.004352369598120112,0.0027957355805926093,-0.01108051108204455,0.015524004619288302,0.0013406480950792154,0.001538111069613442
2020-12-31,-0.007732221527984853,0.010947196719312961,0.013059332730640142,0.0060513532483427585,0.012309340305661257,0.013548691479461016,0.0033327192217466753,-0.006927250275301165,0.006418204711703793,0.0014193708828709752
2021-01-04,-0.025029991586061368,-0.009280743988682049,-0.024960196978124433,-0.009733640354058744,-0.015531542134459076,-0.009488486645324385,-0.021495782786584223,0.004471020126301398,-0.014864762712025787,-0.014838438338012048
2021-01-05,0.012287926601760694,0.007629770245552313,0.02560889475711551,0.0004548673301420536,0.017595028591838195,0.005426507029092414,0.0009644167658330364,0.021966863424030505,0.007057631383362026,0.00944536775678754
2021-01-06,-0.034241099132794266,0.06058585588268917,0.055941952147583573,0.009504428877133866,0.024665470153889087,0.04588674705273206,-0.02627144431947166,-0.060762038863632725,0.005693603382474094,-0.00611666120307647
2021-01-07,0.03355365363116125,0.021843714171330974,0.011731615118356704,0.012533663845762297,-0.0023231794116163732,0.03231158721585703,0.0280597892694095,0.056219688887088747,0.014738260107752971,0.025318076254018988
2021-01-08,0.008594549518653875,-0.010093502566156234,-0.009894251329535517,0.0022217869640360154,-0.003572517730990739,0.0011033446808034583,0.006073929250622198,-0.005052509718849735,0.00547683739351537,0.010240116888862949
2021-01-11,-0.0235235813807605,0.016463723491254283,0.016235957539252083,0.006635602358586055,0.0003890099367261075,0.014814022872262684,-0.009745695427561252,0.0256352779000407,-0.006576327616621317,-0.012619131811072886
2021-01-12,-0.001396294406057371,0.01768378673848774,0.0034555381695289484,0.009435311355557738,0.004887725881665012,0.015596741149219736,-0.011840380278979384,-0.010090117903230788,0.000415702030569564,0.0027576863697822587
2021-01-13,0.01609649263578346,-0.005959590175338558,0.002845928552526315,-0.009435311355557694,-0.0178820234143182,0.000926628338645652,0.006538710305882994,0.003479288071867602,0.0022730563867261076,0.00431432204983459
2021-01-14,-0.015242766927603745,0.01571589062494774,0.03165047913847672,-0.0046403041048490605,0.016022837437727533,0.005825474094200078,-0.015465068543860205,-0.024802944220623308,-0.003760513068743101,-0.001243106768494415
2021-01-15,-0.01382578900285387,-0.029256032124415774,-0.07178079063710183,0.006182266936803593,-0.004507335574316799,-0.018083903934403307,-0.0017384308956812568,-0.026152913460569156,-0.007216000798278504,-0.008742657500701419
2021-01-19,0.005412509824669215,-0.007297003450049573,-0.008442951255616976,-0.00529679852551227,0.0048947873529427205,-0.004337482120050097,0.017665586735904886,0.012807020832769715,0.008103457635761657,0.015169180537053515
2021-01-20,0.03232778842242671,-0.013208656209082572,-0.006932501924628692,0.0033138098869865016,0.008182349753627256,-0.015109148061140758,0.03584958731848618,0.025805670609404786,0.013839417376510862,0.019514847552860103
2021-01-21,0.03600218873418884,-0.017782321315928856,-0.022059644160924388,-0.005085629723903427,0.01199726730120621,-0.008419671651065578,0.0028041931365922032,0.03685240423510785,0.00031667316131354906,0.00545871513517469
2021-01-22,0.01594614214214348,-0.0069490411835433155,-0.008766194775835108,-0.007565579146415591,-0.057472014218431317,-0.00774317047453932,0.004346570941367124,-0.011240143594528327,-0.0030151526629377105,0.0008974978550052238
2021-01-25,0.027307542974321683,-0.012438328593128383,-0.012634666290568992,0.005790515951224307,-0.00025322614009306514,-0.012560798696611464,0.015720212042554475,-0.004330207110905982,0.0036093175130174657,0.00683843084154067
2021-01-26,0.0016778870973747121,-0.007085281078797603,0.00576282701740812,0.005094740017380095,0.03244150102527766,-0.004095674265501538,0.01212491884292786,-0.016095607063237104,-0.001489943161153501,-0.0007285339563885573
2021-01-27,-0.007713199893155993,-0.03653515817412812,-0.025103097615223766,0.00967461659020449,-0.00016319201671647864,-0.028679079611387027,0.002450457694612633,-0.039279572028858276,-0.02601331512610035,-0.026433071497332063
2021-01-28,-0.03561219803075813,0.016292900427309295,0.015700860864863383,-0.007908663688489918,-0.019708070109581578,0.01744439724060734,0.025561461037278126,0.010262336325221128,0.009713298778760395,0.005003103327843935
2021-01-29,-0.038138751575301603,-0.022345398206738105,-0.031236500398216,-0.016904163870602028,-0.008110693322310026,-0.011129298626094308,-0.02960574566778031,-0.004704089375893085,-0.019500377654792,-0.020181784212885377
2021-02-01,0.016385216143170553,0.01040065598897961,0.007558842343067948,0.01822665820758566,0.011934128522524482,0.00735617988551431,0.03261444718547228,0.018855394179975938,0.015924300234678626,0.025135282035085423
2021-02-02,0.006316766330906917,0.035091434996800376,0.019490671522143916,0.009426650266477736,-0.009167353811424837,0.03031783295537119,-0.0005842371156741189,0.023868450105481734,0.013802528814310624,0.015501443657223484
2021-02-03,-0.0078090259736800635,0.01756957559204255,0.02519156375360231,-0.0013097875449708406,-0.0026829570888464533,0.011386182771246943,0.014466239152295028,-0.001938076285480157,0.0010082606153447803,-0.0001645820094199326
2021-02-04,0.025431478244129245,0.02871620994004064,0.021213758234772596,0.031823671086217975,0.015824604083167586,0.022752331903582466,-0.004082294301313864,0.009836510259747251,0.010794847643921975,0.012209767886113615
2021-02-05,-0.003102181969825303,-0.004008120331393895,0.002720249370218743,0.017413808306613994,0.006342315011734462,-0.0019547545380603454,0.0007847133447929263,-0.0053751599063083435,0.003889919607763825,0.0056857254196181605
2021-02-08,0.0010958724365930962,0.02199921285100396,0.016953755490405124,0.01772849681619231,0.014833438866823605,0.015533137158552326,0.001114060757509439,0.060507717367283054,0.007372107476289037,0.009434068630380231
2021-02-09,-0.006595511888349632,-0.0042399958733144545,-0.008361790832456405,-0.009030856947124981,0.0009830718818493954,-0.004003812283730502,0.0053473456322707886,-0.012229100207395364,-0.0011141454217211749,0.0014331349732101145
2021-02-10,-0.004568879682380989,0.0009101040318030916,0.007890199229357433,-0.026323210121706395,0.0011458041032370284,0.0005731070030482455,-0.003904774438144491,0.03452233802602084,-0.0003452445223915674,-0.002513913560247768
2021-02-11,-0.001921878536888544,-0.0030367303312532116,-0.006623573423525872,0.007171606788460463,-0.010939608896771825,-0.002796918191003226,0.006854088190117478,0.03241996661012936,0.0016610748145877074,0.0038030396381908606
2021-02-12,0.001774547026477605,0.014792733401712535,0.006780843186319264,-0.0061132452048732015,-0.0009102151772848227,0.014117197562488132,0.0020428676305139525,-0.019165175627438757,0.004699970926162608,0.00495713132717145
2021-02-16,-0.01623518366872195,0.026613025925235703,0.007671161268136873,-0.01663184726708573,-0.006061387813513484,0.023785389653688642,-0.005279221766779751,0.024364446996701816,-0.0005694345154154666,-0.0034090057648165353
2021-02-17,-0.017801405009070737,0.004076697270797142,0.009931881092586614,-0.005606216696114428,-0.0008330690530536078,0.003106128758418627,0.004349839909022059,-0.02806422112750645,-0.0003204533489169501,-0.005855140720897463
2021-02-18,-0.008674192018991117,-0.006413676709525514,-0.019963394813842267,0.001944393019646364,0.006314686527945161,0.0033715609958223703,-0.0016802704612169127,-0.005179168165461048,-0.004425614227243303,-0.00719563453798563
2021-02-19,0.0012328594537103388,0.010184623102977545,0.0355912072198427,-0.014344940045056773,-0.014517169347605823,0.016552544763530685,-0.011634727827487671,0.006553738563913097,-0.0018566190956649255,0.000656068395460443
2021-02-22,-0.03025215528701169,0.017506427428997235,-0.003960526297304805,-0.005488028155134738,0.015593479107478943,0.009347243678460869,-0.027174169602400287,-0.038987763344111304,-0.007762892893710863,-0.024914909813228102
2021-02-23,-0.0011117011665258835,0.010471441064929808,0.018449101664989382,0.0017592532499598143,-0.001242055026036629,0.007999199317241561,-0.005301735776761211,-0.015001174059998696,0.0012555296115265332,-0.005026233345898543
2021-02-24,-0.0040603861447228475,0.02392334254793758,0.027487867770594025,0.0050413352273685,0.020499377611911437,0.01744222035213988,0.005472222268769841,0.02493024336605373,0.011287667670985945,0.009811902804671906
2021-02-25,-0.035401817170493274,-0.012446684861374135,-0.01749901717766622,-0.004821329541783432,-0.006023878556593033,-0.013664497059814826,-0.023990392769369328,-0.08575183360920004,-0.02478339442417185,-0.035826183155746434
2021-02-26,0.002229075146453035,-0.0345444694378872,-0.022958516203129494,-0.014382448697810008,-0.02933135049764778,-0.026882706266924922,0.014695642211179522,0.030126076575164043,-0.004761532293798778,0.0055427728958437235
2021-03-01,0.0524511896579728,0.030640572172320298,0.05406715559589423,0.02313153999591916,0.015104418403874116,0.022374824748159425,0.019432910605695505,0.009235647412399253,0.02351217322569352,0.029611050964401076
2021-03-02,-0.02111483332411025,-0.007291294525657821,-0.009100805513935136,-0.008749091298109215,-0.0034014084065352957,-0.0032613269567322366,-0.013041412893466024,-0.03196861644981908,-0.008113678739508762,-0.017073539422115515
2021-03-03,-0.02476061915026569,0.024740616517661473,0.021107920116993736,-0.008604603382808173,0.016729644606918333,0.01914757653568881,-0.027351450245875368,-0.04590463551329932,-0.01315233589480116,-0.027398332509801126
2021-03-04,-0.0159383115990834,0.007148742949839352,-0.008131897728965817,-0.012710651482075674,-0.018559445892665345,-0.015488136198390458,-0.0036542451557468425,-0.034521940610552075,-0.013508038064390469,-0.021327967598413773
2021-03-05,0.010681159798933651,0.01171197222688071,0.005998358486689389,0.03722457110988389,0.022393171249078168,0.002321886512115846,0.021251900737606366,0.007349572152763469,0.019308356338709188,0.015339840467456697
2021-03-08,-0.04256677910521105,0.005401209265265374,0.027941256218658922,0.02687907449625689,0.015991250200955567,0.013166249686274716,-0.018345098022380723,-0.07222093981268525,-0.005373643224025429,-0.024364592076720797
2021-03-09,0.03984518789959189,-0.022056794383982014,-0.017177827193299692,0.007966612406832699,-0.005060347384581128,-0.0070882212788870936,0.02771388594402307,0.07726937186093659,0.014055400743930569,0.03618823486386172
2021-03-10,-0.009209002308316911,0.028499878531866092,0.03814185176035575,0.0083177240601063,0.02928194080975345,0.021502075782333215,-0.005834510497032722,-0.0041618018337604,0.006012203770988197,-0.00038176958809036163
2021-03-11,0.016368114879415873,-0.003484539829604451,-0.005983820327926491,0.010505901833380812,-0.00572513472956977,-0.005235297881466597,0.020062603066240733,0.04126379643480156,0.010341825500657608,0.024925430841727946
2021-03-12,-0.0076547500101286645,0.01862205733523729,0.025188120499056738,0.0004096718763613112,0.0036894719526507224,0.011788987762911155,-0.0058368143191197186,-0.01063858217563202,0.0010148833275308508,-0.005899261528387364
2021-03-15,0.02416251595900865,-0.005020383428685439,-0.01285153334574872,0.012012807751170923,0.007572834513595693,-0.005007855769597028,-0.003995191096279543,0.02574309517960881,0.006470939539413048,0.010444594822478183
2021-03-16,0.012662283927415195,-0.0029180571010801013,-0.012064012457527208,0.005248163777653271,-0.0026475548828286967,-0.012043415273008598,0.012274674563529266,0.007552177529804736,-0.0015709169785959108,0.0008807863724885604
2021-03-17,-0.00647133751426038,0.008202250564337932,0.003675483504493496,-0.005045880541951453,0.006141332986668924,0.010239784523777424,-0.002822314693619158,0.0037549511182783653,0.0028752446501592592,0.003973064359211204
2021-03-18,-0.03449316050103452,0.025752366542988535,0.0032555052317736234,-0.01262476286323397,0.007950832594740857,0.016371529421587417,-0.027024139407667937,-0.04748859165576469,-0.014870560065947797,-0.030708812283836172
2021-03-19,-0.00449035306742788,-0.010584871318090085,-0.011303877024470107,0.003681652466433187,-0.008958881241746363,-0.01604940626682086,-0.0016050027425781454,0.009640786688076584,-0.0006028856737550234,0.007524912596326073
2021-03-22,0.0279416968290194,-0.022838566660883627,-0.01448623151129779,0.026593087942794375,0.012719172295375112,-0.02724659098995307,0.024189689238797944,0.026161609663093513,0.007000556898342752,0.012206457407145275
2021-03-23,-0.006912555425320442,-0.020386889243415397,-0.01469891326009156,-0.005782241406296519,-0.0006895926860491584,-0.010052513709061562,0.006714831839887424,-0.008797753680337878,-0.007660118119334028,-0.011264053751787925
2021-03-24,-0.02019625564168356,0.0,-0.011773907555359234,-0.007224515407289503,0.0012256891054645482,0.007731551824491061,-0.008963121286111105,-0.03327329039068413,-0.00548233660034883,-0.020299643960345826
2021-03-25,0.004154900210108921,0.02038688924341547,0.023131866780902854,0.017172772502206272,0.018583029410327433,0.012732247620244863,-0.013339617233883862,-0.008559041886968098,0.005226583432729291,0.001217448201110361
2021-03-26,0.005128311812747819,0.026724144264905218,0.017963541793140175,0.03997445650829942,0.024569752212402495,0.016513182099512164,0.01766195150564868,0.023962321502315923,0.016494418658716575,0.012333457913265084
2021-03-29,0.0014840352937817629,-0.009611686393917254,-0.019917375467940115,-0.0009515900411378971,-0.003820179524996192,-0.01566141749518345,-0.00525711530501172,0.008453631720474081,-0.0008683896263867381,-0.006037038603845355
2021-03-30,-0.012350402306747858,0.017594389909054296,0.019095641372643763,-0.014383251404069278,-0.008426387189295188,0.011720521593703919,-0.014516014618776513,-0.0059256388921344145,-0.0031628294096500294,-0.0010925663078661919
2021-03-31,0.0185917622225746,-0.007724387541334617,-0.0028826855033932813,-0.001159588885874979,-0.010896458675412703,-0.014672728869920435,0.01676633674922323,0.03635029866129089,0.003615953592419885,0.015326519253013768
2021-04-01,0.00693442154761416,0.020466286466015435,0.005346676562959732,0.005207721443929583,-0.00022506371806435996,0.00967563722169014,0.027526233829898817,0.03413475867139226,0.011755830427674127,0.01745398481063423
2021-04-05,0.02330361863758122,0.007819606190788536,-0.00534667656295968,0.015382115084162347,0.020062986199799942,0.005286675323280829,0.02735104477500748,0.012644191453860034,0.0143349877622439,0.016588475641079674
2021-04-06,0.0024593527603320006,-0.002767765053667716,-0.002063962949443973,-0.007277329599335652,-0.01265972069536748,-0.007055091765843601,-0.004870023347452716,-0.009048998783854035,-0.0009740049407969285,-0.0005261982972395711
2021-04-07,0.013301472568794017,0.009029559687725954,0.0012392407314506754,-0.005009477480756425,0.005275895781389285,0.015546388170225352,0.008196667480374193,0.020140237713829497,0.0014741456981068137,-0.0006966781983430409
2021-04-08,0.01905113044038581,-0.008777707209991749,-0.004964941138597922,0.0027009071155172475,0.001407218572616458,0.0012258497657949147,0.013316509001737772,0.012192331798555939,0.004211750940591775,0.010209330907284998
2021-04-09,0.020049243013949693,0.0072783229812595105,0.0012434220686548668,0.003461451501317849,0.004504254426366936,0.0074501250959815085,0.010214163407248327,0.0057803685029753854,0.007690288135687276,0.00511231819919195
2021-04-12,-0.013321180395412958,0.0017490811887205986,0.0037215190699430183,-0.010032971626820422,-0.00843463737477991,-0.0021139566612246572,0.00023448569718232136,0.05465920736932124,-0.0001960980747395339,-0.0036173073869727344
2021-04-13,0.02401573828507656,-0.018645425004883896,-0.00870489120316829,0.001743506538027723,-0.02566260715195315,-0.011998355588012682,0.010031036611998773,0.030466784940498755,0.0032890718770625686,0.010493458835551027
2021-04-14,-0.018014537453389975,0.014141963922692229,0.011726826844507671,-0.005629330777879305,0.010992964053482388,-0.018867204445929833,-0.011282387544947271,-0.02600553180348205,-0.004096104320730151,-0.009927565283153712
2021-04-15,0.018535222630856545,-0.029002337391366494,-0.0050878550822710585,0.005242384240907361,-0.0003771879414881189,0.006328513415866451,0.015182248756607236,0.05478193409222212,0.011033101401119478,0.012970932728390193
2021-04-16,-0.0025311015312222624,0.0105277945183818,-0.0012416160316281648,0.022214598003100362,0.007589289750218917,0.0073985269341925765,0.00476693316057174,-0.014025399450532253,0.0036023233905179666,0.0009668599215943372
2021-04-19,0.005055463887039166,0.0005102548902933476,-0.004426310738965634,0.0009463905374793305,-0.0035245406166633463,-0.004248942361605034,-0.007699949017548026,-0.035224386006490756,-0.005320689893757947,-0.009838086607325552
2021-04-20,-0.012913001116617856,-0.028221450152881165,-0.03297945586854647,-0.020260705445237198,0.03716153624355552,-0.022390981281563183,-0.0018569966657758408,-0.012478427746273496,-0.006825561005077803,-0.00927769687163007
2021-04-21,0.002925803157967762,0.016667033691795913,0.012247404111088394,0.002699611295164225,0.03827091862873126,0.00847191173391448,0.008943117121891395,0.012397047436474877,0.009263020919853236,0.011822123794619763
2021-04-22,-0.011754214835242964,-0.009341171204375946,-0.011960821813683915,-0.008314942607688888,-0.015939870237298263,-0.021282409517948242,-0.013172399484717622,-0.0337825475127319,-0.009253337860554323,-0.009493486774554418
2021-04-23,0.01787741409308069,0.02115133581085745,0.02224065635108817,0.007930008341629219,0.008107112994480125,0.01895485138419632,0.015357476579175796,0.027562258292832383,0.01086940989553096,0.0142555205880894
2021-04-26,0.0029740965412046265,0.005853130881308177,0.011422256943198757,-0.005214960124446945,-0.006056246402874252,0.002460388108761912,0.0015304591836496906,0.013840679712812082,0.001780684564582624,0.00866410306412288
2021-04-27,-0.0024527515246417324,0.011855408955987119,0.010882259518529246,-0.005242384240907217,0.0031029515716582503,0.004572835898145598,0.001604468258282492,-0.006237887344600789,-0.0002149189814442344,-0.0034404757359743554
2021-04-28,-0.006045219436264633,0.0037541830786336624,-0.0010965173888096195,-0.005074345984958685,0.006947202674616806,0.006457761539645552,-0.02869324890344227,-0.0068497500770140045,-0.0008458975873960478,-0.002785198131482067
2021-04-29,-0.0007493296633571177,0.026622146475075763,0.012674726952518898,0.0068249768314866035,0.008633907301750357,0.019258097998172127,-0.008085834302243486,0.0031371872131559196,0.0067400415367024095,0.002240706255666697
2021-04-30,-0.015248795525068071,-0.014208812229188647,-0.028915471612127007,-0.010745670923935217,-0.016496771533183352,-0.008932349444160619,-0.00130770655042117,-0.02078591849107503,-0.0072207134171198275,-0.008548394812002466
2021-05-03,0.008181939070164844,0.0007398243788565481,0.006575748629608923,0.005094057284912923,0.020026463965963654,-0.002930011993450933,-0.001269618454161007,-0.01157594548014847,0.002744321649512167,-0.00485032581429535
2021-05-04,-0.0360270306270752,0.010789854369229461,0.008608723841515705,-0.009030096953677217,0.006884551214128006,0.013729344543743636,-0.01629185052231126,-0.03327038538563208,-0.0067007374898472305,-0.01900770854616578
2021-05-05,0.0019535986252913503,0.009467292992948491,0.018899465373712676,0.008248208670514474,-0.0036429357453360246,0.013034949594882755,-0.005341284458279022,0.007445401027609391,0.0007032164471135163,-0.0037536955024204876
2021-05-06,0.012721088026651723,0.014868077276683524,0.014412050415240962,0.025298332566188984,0.021796254920282084,0.019924945070267,0.013140095488537878,0.004451282656620504,0.008132299498632055,0.0037052727031807427
2021-05-07,0.0053133283539340825,0.004038627116459686,0.004003709614465996,0.01870253226310626,-0.009033866078291859,0.0034168529557866804,0.010872300686493107,0.019720947558276653,0.007346291419186351,0.008720160532364614
2021-05-10,-0.026143270976425884,-0.003086875315116839,0.000665719200879536,-0.005065979290201882,0.004869313668200359,-0.0001240311943801734,-0.021135755962198736,-0.03759300144552372,-0.010490480503138024,-0.02580820745119892
2021-05-11,-0.007437863332255487,-0.011480517259308964,-0.003466783359866751,-0.0062270404400389286,-0.013430371090538774,-0.016763186453368616,-0.003851061364753111,0.0028348615736308426,-0.008711750141781542,-0.0009279631504415267
2021-05-12,-0.025254691664188,-0.009426106650787929,-0.00858480589096437,-0.02355769997778493,-0.020454463539889927,-0.006898737911130281,-0.029802113159568922,-0.039039721245901104,-0.021682782358302413,-0.027082274299721897
2021-05-13,0.01776127959400697,0.015900075286471912,0.014179170398855835,0.017101491078027962,0.02010772413523725,0.025397284346849493,0.016721097466251587,-0.0068006072456696254,0.012099644578094055,0.007134772353231408
2021-05-14,0.019650205943627708,0.012351943803431267,0.01672741390364353,0.007780436179981145,0.00353122075866568,0.015421807108970191,0.020848707641065205,0.04140949428222682,0.014807778563623631,0.022971491804222758
2021-05-17,-0.009301661453147257,0.008930743124063133,0.011170325404199507,0.000755653443703726,0.0029676755422914326,0.00401642104830803,-0.012041033368920125,-0.005456263900726899,-0.002533258183961915,-0.0037995201478089693
2021-05-18,-0.011309266020320367,-0.013663507608575858,-0.010387117353389388,-0.00018881825974395702,-0.008303854867312638,-0.014188927839043877,-0.008601926040899868,-0.010627860990448703,-0.0085537723840327,-0.005652380518701184
2021-05-19,-0.001282545951070725,-0.00451693783063311,-0.002090196307513252,-0.008728768961732457,-0.005015640796815097,-0.007667483122567996,0.0024709797662582442,0.003561264535639451,-0.002947751811378411,-0.000293151780533333
2021-05-20,0.020794262924690724,-0.0023853656211001756,-0.003406495094223784,0.007216105255638242,0.004807109477683551,-0.001739026867423221,0.013725696382768934,0.038134572133299814,0.01049942933450842,0.017589108169865243
2021-05-21,-0.014877047566940175,0.01257865294657532,0.018850120705688835,-0.007978697909460075,0.005959491480679981,0.011313963768841499,-0.0053291340806143235,0.02562253844467885,-0.0007841880752528091,-0.004795110177569467
2021-05-24,0.013226363276933738,0.005410028072411859,0.0048819145722315115,0.018144350696699015,-0.0001381294009150632,0.005395664277050582,0.02262426788366954,0.040539994571328904,0.009862497481216075,0.014018994514065597
2021-05-25,-0.0015748319607656468,-0.014650760063890085,-0.00965818643764859,-0.0014993736583210544,-0.0064470146016552205,-0.010387899370471026,0.0037412979114533145,0.0022873596265856303,-0.002127545400828599,-0.00029284356600462895
2021-05-26,-0.0003942037905716303,0.0007140789918573046,0.0031007522404762344,-0.007531608480485503,-0.002855519696639268,-0.00012345673744988678,-0.0009141454685150244,0.0033334086852740696,0.0018750575506104544,0.005901063064362278
2021-05-27,-0.012453841649866846,0.012058002267221138,0.015869310791610157,0.0001891391388495627,0.0030639790789757275,0.01545181198187213,-0.00870616343040965,-0.01359517652945864,0.001164636089862995,-0.00012518810666779708
2021-05-28,-0.005362560177411966,-0.003767468481938059,-0.0006350267939627998,-0.0003779812651474832,-0.0005563033523422391,-0.0006693927386895123,0.0014831850137918868,0.04768896109868602,0.000768586452887337,0.0009066729120702899
2021-06-01,-0.00265166944088468,0.01242551104936095,0.013251947309712828,-0.0053071286469847665,0.0031258446362723005,0.010960247498649954,-0.009173709251479827,0.0012305202089889576,-0.0004924547586291649,-0.0008920988170689088
2021-06-02,0.0062564814439799105,0.0004659499123608677,0.0012529467022857376,0.006440477894792343,0.010554814614710294,6.00572358148512e-05,-0.0004042553116615875,0.031098581249826247,0.0014458890369002922,0.001443985713296368
2021-06-03,-0.012228677709071671,0.011393934717248807,-0.0028841051309758813,0.006962093692040756,-0.0011670040738904265,0.0006624755292593486,-0.006450160086727,0.011348811547939005,-0.003635303056049319,-0.010362968947555073
2021-06-04,0.018843625905770912,0.00046264985368020805,-0.001759683040804769,0.013780685183858034,0.012765906551401073,0.0016231683386465105,0.02046395558518288,0.035230025663025744,0.008795303383016323,0.014581939718846948
2021-06-07,7.933013045201585e-05,-0.003472602794624706,-0.0022670417915087383,-0.002778141043222496,0.004061654216303282,-0.00469723100466907,0.011970022549622733,0.002315499503632431,-0.0007970562694215079,0.004854788747373489
2021-06-08,0.006649762799030076,-0.005581269181149388,-0.0029042494975403585,0.003887223736214287,0.00706871579551744,-0.003991846103006038,-0.004897554461036369,-0.009236877128863764,0.00017500954944121158,0.003106486805683189
2021-06-09,0.003072413858458229,-0.013145870247580982,-0.011957906062544762,-0.002034027989440308,0.010675677613439067,-0.012563694594316447,0.0040303779022446765,-0.005443868758796509,-0.0018255325906156837,-0.0009455270249078086
2021-06-10,-0.008055523736572532,-0.014998387374933997,-0.01612647036374778,0.01852385094023415,-0.0008629460902338618,-0.015711451923352066,0.014290550201253535,0.003838103331890692,0.004641454776462911,0.007774617912077727
2021-06-11,0.009784676213027655,0.004069223919410522,-0.005346507253414827,-0.004735893780095978,0.004903433282402984,-0.0006857748425489321,0.0025237261147988063,0.022709823861955532,0.0019465389328083601,0.0034952175598347546
2021-06-14,0.02428062457829521,-0.01201633182058627,-0.017410072547269798,-0.011015196406321167,-0.008297026932769928,-0.01711495289781341,0.007725365845035128,0.010796782055901363,0.0018135563851361702,0.007415510511536421
2021-06-15,-0.006458420551010524,0.0007250703217969352,-0.01798947279077851,-0.007039806728098831,-0.004475811356525141,-0.015284248513715067,-0.005904634492838616,-0.012860359192133146,-0.00201371995427588,-0.007171007957286222
2021-06-16,0.003926254888250747,0.005541509823702876,-0.032491724586831944,-0.005966772128950342,-0.010296388636494165,0.006999746565623865,-0.0038003206420283153,0.0012216351890808135,-0.005404703747026491,-0.00236056076213431
2021-06-17,0.012521948311675052,-0.04471393975308342,-0.03706243442868532,-0.006379182106046374,-0.015199895365520955,-0.029284908585299786,0.013583400361541403,0.04646086516906711,-0.00043581054367264766,0.00862881106348217
2021-06-18,-0.010142999397041358,-0.02596229582982805,-0.018319460899000894,-0.02015276227902835,-0.01717956251208169,-0.025628718001060934,-0.005649959043715551,-0.0009920743664449574,-0.013211355687284158,-0.009291424906852563
2021-06-21,0.014005621997383678,0.024705197523092325,0.012347548689880751,0.021093525797574814,0.024365146771367797,0.01682601180511934,0.012259038512998324,-0.01141223190813535,0.013905163512319857,0.007887385534521042
2021-06-22,0.012618268486550776,0.005519472002778178,0.0074230468239492265,0.001503036105204715,-0.001979207219341533,-0.0014631350633265991,0.01090650731478949,0.02462997751129484,0.005111406378990611,0.007873965438681442
2021-06-23,-0.0020921943593886485,0.005737816891092658,0.009956090536977134,-0.009432192705540667,-0.012029015427867504,0.006039570321940688,-0.0009045857973326158,0.00898719295669377,-0.0010838705186495853,0.0012943691552983075
2021-06-24,-0.002171204809215005,0.01554978597871346,0.023694144675258197,0.0003790675209674437,0.005723135107607003,0.009155907754573228,0.005338734270865923,0.007748911897803016,0.005794429545916893,0.006841825894486804
2021-06-25,-0.0022514269461736793,0.019163963187235025,0.00321967593604431,0.005290917305520185,0.009580158222527871,0.010046958439762848,-0.006281274642067244,-0.009127478825836862,0.003325063164687565,-0.0006488186921510073
2021-06-28,0.012467753708889624,-0.0014427480581601345,-0.0005592436331428675,-0.0018864251148699427,-0.010611937272893768,0.0018163932417787172,0.01386445186598458,0.04891289504109153,0.0023122888604717494,0.009710107514307377
2021-06-29,0.011435052104909024,-0.016252585425172463,-0.025923915642693467,-0.000944507121509604,0.001787963253161633,-0.0012322408116121266,0.00992393459443432,0.002086641753502775,0.0002772977426878152,0.0019167366775329048
2021-06-30,0.004610466799472741,0.008280727503195522,0.015239325354203028,0.0016995540778269778,0.007119856729376554,0.009041665049349775,-0.0018440368464528985,-0.0012114078061395976,0.0013272784229071918,-0.0016795021482040031
2021-07-01,0.0022609661706277174,0.007490478971105837,0.0036681025376701358,0.008267530086586625,0.001704117290355521,0.00985252998573231,0.002580513175640534,0.0104191529888351,0.005208041432254744,0.0012698601529681952
2021-07-02,0.0194066732018343,-0.009432719328996536,-0.00848527876451993,0.008817249328179476,-0.04755829950136567,-0.0009611691096218204,0.022031115836852057,0.013514125268522916,0.007472095894691671,0.008020848054384128
2021-07-06,0.014611384495012033,-0.026596021877110673,-0.0317441560365221,-0.010514430486714181,-0.008895357867982526,-0.01693393786518676,3.6076223911321896e-05,0.010270631644478896,-0.0020239027700217787,0.0016591885475208373
2021-07-07,0.017795879288307004,-0.00801816984468083,-0.0041136287864163,0.005270952272023253,0.007465816221845018,0.0011726179824034161,0.008142060788118393,-0.015911947466997287,0.0033533465536629346,9.68281522149407e-05
2021-07-08,-0.009242144313233159,-0.024705197523092314,-0.01782305757458296,0.0,0.006558236614790739,-0.017404392341559983,-0.009006874079939305,-0.02329127091950268,-0.008597881009556396,-0.007204812950373256
2021-07-09,0.012970192711314787,0.0319745102762635,0.0254488945737757,0.008972359913355666,0.005527088918754713,0.031498017239824164,0.0018723601334860252,0.007383621552715844,0.011214825902413766,0.009715140642014022
2021-07-12,-0.004212501634182366,0.014627471839458337,0.014359303665923319,-0.009535722012099143,-0.004248807988898458,0.014214748706532679,-0.0022329198567724133,0.022793045291493674,0.0034452326955940497,0.002128089275134582
2021-07-13,0.007858668020781206,-0.019133402775790814,-0.01552847063861741,0.001689544915672512,-0.004551919168165575,-0.014985214468457055,0.013111387423906058,-0.012879924639726441,-0.0035230111811655838,-0.0037802262201118934
2021-07-14,0.023814208315777442,-0.025407541044472473,-0.0029297435083792413,0.014337700773447388,-0.0032845983764814364,-0.003410813748899025,0.0054304070941361485,-0.02037924573300178,0.0011642565654693257,-0.0022303757657827017
2021-07-15,-0.004501874036424198,-0.0007724055276422227,0.004098910481073421,-0.008167934387965311,0.00449548672828825,0.002189500510668648,-0.005252289547174448,-0.0451146001017065,-0.0032675735627459117,-0.006976870369710398
2021-07-16,-0.014176187194080776,-0.023714594581816847,-0.022904586581122884,0.000931631958540973,-0.011097157637755152,-0.02310054156255968,-0.0009970289772418602,-0.04338416563696323,-0.007567415006813217,-0.008000606560420802
2021-07-19,-0.027283180607956262,-0.026454723492930758,-0.027581617988875706,-0.011989721710207417,-0.0070804381742476195,-0.03305962905502304,-0.013410980625297522,0.03350251299138343,-0.015996781399983978,-0.01060971521825127
2021-07-20,0.025642327677127607,0.020370858966140302,0.01842163435340078,0.009752622501060038,0.014754439525815538,0.018471796780220467,0.008304544414540435,-0.00897261163780948,0.0150488060047999,0.015563009653950955
2021-07-21,-0.00514460339883883,0.020224050935226973,0.023849812208095338,0.005583513950748296,0.00945714375072433,0.02082224199406021,0.007419126076630639,0.04198179482266563,0.008208041662144044,0.009136110281803774
2021-07-22,0.00958245544683981,-0.01308582188068378,-0.014241536153204047,0.01217493895524879,-0.004184328403322326,-0.012706371597825613,0.01670412161750733,0.009435052089264378,0.0020146392092429753,0.0035917917364502736
2021-07-23,0.01191767717429149,-0.006872981902750741,-0.0032923128120905107,0.012571911370955407,0.004467253252061117,-0.0019233748995381534,0.012261127487421997,-0.001839054636379187,0.010094332386254415,0.010324103774715527
2021-07-26,0.002890380083598455,0.011341387481691554,0.015764533636324497,0.004336055247208038,0.01006668742420516,0.006682373010349993,-0.0021428414393266475,-0.01359015141889124,0.0023793669227295928,0.00025067485401496296
2021-07-27,-0.015012497493613408,-0.003941753425617126,0.003094133719082412,-0.0034311421642892795,-0.00013996752218918703,-0.001319812650764219,-0.008721449325806475,-0.00446737251948337,-0.004723583382178003,-0.012211813185677227
2021-07-28,-0.012271084105760489,0.003941753425617252,0.001763587709689549,-0.009268441834462399,-0.006889090354333775,0.001649635668409149,-0.001117379902298721,0.01524155551284448,-0.000186279231552706,0.0069333414944833804
2021-07-29,0.004542378139039356,0.014321491059732204,0.010372038199211186,0.005462529881258121,0.0011278133799400858,0.008532936022356701,0.000977539816977069,0.00811959210520944,0.004197331845272641,0.0010615601354192633
2021-07-30,0.001509337788545596,-0.008307845633130176,-0.010006005557758092,0.005432694814733016,-0.006857430213471837,-0.008005967084935197,-0.005564942370747697,-0.008324619155218049,-0.005420713608261166,-0.007169926147606483
2021-08-02,-0.0023339751021393593,-0.010482051005543006,0.0016255176533944765,0.0014438896859176875,0.0032578028246975973,-0.004026863664169522,-0.00031579834199859324,0.012790047004765692,-0.001844505670060361,0.0005716901744087198
2021-08-03,0.012565287081586734,0.015423276560487127,0.01683630039947302,0.014324056909066669,0.018565144045128053,0.011313830645982436,0.008042523515785297,0.003285614617933027,0.008169961338918062,0.005449286274133681
2021-08-04,-0.0027862484329950876,-0.00729015965627481,-0.005240164572426363,-0.01000540415079452,-0.009134287461201677,-0.010850916377269986,-0.0021265989722365026,0.022900367546579155,-0.004643150661295458,0.0013025762726798043
2021-08-05,0.0007481729691210608,0.019408232265227504,0.016931365574501516,0.0012563500539130561,7.001530143079256e-05,0.012549886221817753,0.010450663969950322,0.017746160223644544,0.005987485990419113,0.007722857748811717
2021-08-06,-0.00477839227257055,0.02854815258860308,0.019608374804901622,-0.0030534964549661396,0.009203159439832182,0.02800739675293541,-0.00020716874220735456,-0.013218803880211117,0.0016738645485288822,-0.003993183563626058
2021-08-09,-0.0003422119666911997,0.01286804526776629,0.006311938385227738,-0.002161036740376254,-0.008459668316061009,-0.0010799171957525003,-0.003911295930273305,-0.003492375183631525,-0.0009403502649549345,0.001644664410637183
2021-08-10,-0.003359867814431494,0.01851468468576625,0.02020842020284128,0.0025207559306042286,0.0009197993139774869,0.012192739240221965,-0.006576735868310768,-0.017847160500799406,0.0009921869538634502,-0.004863014736458184
2021-08-11,0.0017844398340733417,0.012473156332729598,0.017925358771250184,0.004485449360798318,0.005291188808030329,0.0118595931188491,0.001779100173829806,-0.011959370736446323,0.0012749307180154837,-0.0015531432821608683
2021-08-12,0.020560256877281365,0.004756149365865904,-0.0022906211419872033,0.00944330466459223,0.006591454345984412,0.003901363217049911,0.009917396558776518,0.010403271699146139,0.00413780773547866,0.003456237303733469
2021-08-13,0.0014096342431458085,-0.012413293419228862,-0.013855141897191753,0.0014177907157910822,0.0007686039940367442,-0.011250421942379246,0.010435114205853078,0.014117213859287821,0.0016060163209228441,0.0004480980618955497
2021-08-16,0.013456829105711781,-0.008201043351687276,-0.01391112094756945,-0.0033704341616242724,0.002859676364257022,-0.006584911781555618,0.005957771387744262,-0.011859184292348428,0.0026174222619943593,-0.0019678541908548695
2021-08-17,-0.006173099593913403,-0.0048555575871751236,-0.006679545270599749,-0.0048090796159765544,-0.008181750441413647,-0.012154290528618676,-0.0051728996277396605,-0.02497069386896609,-0.007085743507137991,-0.009343386204551867
2021-08-18,-0.025831808606643122,-0.00732777760272485,-0.007005850292302306,-0.015473329228290944,-0.02093082507322701,-0.009149256729612752,-0.006137766172537295,-0.021716366844467937,-0.01080665284525433,-0.008928106059121912
2021-08-19,0.0023204305654497383,-0.014818745894072151,-0.01816184810955923,0.037720209669611676,-0.01045099833458948,-0.00839117183971288,0.020562148354291414,0.03903894446690875,0.001255903256156918,0.0010926137455380398
2021-08-20,0.010105463377531312,0.004469015077095634,0.0058534658214145835,0.01645195161261189,0.007866523134866977,0.002847836747386098,0.02525407134579114,0.05014095218962189,0.00810860389074176,0.011817710482579196
2021-08-23,0.010205052002627512,0.013287288552113287,0.009068869749273591,0.005481299498153127,0.003659360138454891,0.012716009446598465,0.0009521372759967006,0.05340943210870487,0.008487667984412181,0.015375279925668669
2021-08-24,-0.0006016631503983794,0.013836961791104779,0.016092377392847215,0.013236270215591423,0.0015744886568960738,0.0061713988437194075,-0.0066855460221420734,-0.007542780093369177,0.0014946188019620721,0.005149751376094609
2021-08-25,-0.008456880805710892,0.01602315243457455,0.015700642152519508,0.0005055399379793794,0.0001431060252753595,0.020403193058226337,-0.0020178052376879614,0.01908898088426831,0.00221765740325088,0.001467686795765664
2021-08-26,-0.005542514012111669,-0.0026128464823989453,-0.010163629823715513,-0.0025304069380511153,-0.00775192769123131,0.005144626352035598,-0.009715594291382537,-0.006548959409562445,-0.0058419498276026565,-0.006406040214026778
2021-08-27,0.007159052317988975,0.010647028803805273,0.0075639152242174485,-0.0030453792532429504,0.004529142852480978,0.00800466442056003,0.002104200090388834,0.02541303890586612,0.008769071540452218,0.01221551608138887
2021-08-30,0.029963661932892738,-0.019727520410126532,-0.01825028145503227,0.0018622983011512772,-0.0031611960640369544,-0.016136794823281113,0.0128294843033793,0.002294421903447034,0.0042973241068746,0.008974424438640551
2021-08-31,-0.008460413107335956,0.0021585167955534643,0.0033429891542326516,-0.0018622983011513422,0.00981007167390728,-0.003058876825679649,-0.005648739229287581,-0.0132686271956547,-0.0013500269158932096,-0.0004356681981830696
2021-09-01,0.004468653164491605,-0.01350419020717035,-0.008378584082590342,0.000338743345405382,-0.007438272697749761,-0.001438803685895953,-0.00016539248078109472,0.0024984586006919674,0.00031164006095334113,0.0032804682193685467
2021-09-02,0.007447035682066327,0.0009755113340838593,0.0026609431081236674,0.00826529432092028,0.005083796965229245,0.004622244330496388,-0.002255556707161721,-0.002007290115372636,0.002838605754404257,0.001422938005798582
2021-09-03,0.004221462749267896,0.0007311140018821364,-0.004626168817783686,-0.0018493324802391676,-0.003075728170680851,-0.00606333702741562,-3.340942849166986e-05,0.019762429175313373,-0.0003350872611813474,0.0021071948277449955
2021-09-07,0.015370657848085915,0.006555875446067849,-0.004930123069651016,-0.009129423897026772,-0.010949608392279393,-0.001756904006364114,-0.0031928470927402117,-0.00795532108647568,-0.0034013524523203464,0.0007034029678793704
2021-09-08,-0.010135016287062867,-0.013155014179699574,-0.011074838941549193,-0.003402512442561162,0.004408604362602619,-0.004469618394084861,9.980539014482992e-05,-0.014355393486945204,-0.001319436813816666,-0.00572001926631112
2021-09-09,-0.0067273847138974155,0.003671574880969146,0.0059787783009395325,-0.00136443219922238,-0.006729079723177709,0.004343644018620123,-0.009908552990783972,-0.0072782436023405275,-0.004616247150002522,-0.0025144789522003152
2021-09-10,-0.03366221464625736,-0.016256459348903803,-0.01271153453276737,-0.012189899744090859,-0.00524089369456635,-0.011562118816350834,-0.005194117288348425,0.013481212396457942,-0.0077525522862761,-0.008744681031034734
2021-09-13,0.0038862931299869516,0.016500829202844233,0.01356253452182493,0.0036210004000617577,0.008213135746580294,0.015762392149817065,0.00431893898288358,-0.014609200664800997,0.002273900346369644,-0.0006558441843883908
2021-09-14,-0.009608535318488397,-0.027236158141724382,-0.024983103764411256,-0.003966625111477851,-0.014068865148644262,-0.017607102125177833,0.009384066394817264,0.004054644906492171,-0.005763213966258604,-0.0044998614812588895
2021-09-15,0.006125176153223804,0.007501583296450607,0.02398993375388982,-0.005371414037487421,0.007168652476577206,0.00691561443492242,0.016639210339891224,0.004441271292120664,0.008438294222079725,0.008196960965974533
2021-09-16,-0.0016117654468828116,0.007693377015903015,-0.0064078568994776096,-0.004003608742998896,-0.005628381512035647,-0.0004427647688847447,0.0013111794714019635,-0.004441271292120646,-0.0015523447127638308,0.001343924397200967
2021-09-17,-0.018518276081171424,0.0012354180634411248,-0.0005713820853289024,-0.008407913341174054,-0.008834395345575294,-0.0025967348479275626,-0.017683847571768198,-0.015495847819294325,-0.0091526302757993,-0.009128012757075737
2021-09-20,-0.021592597932303417,-0.03492393082635631,-0.03876334982030174,-0.017030690006933767,-0.006826481621821575,-0.030391178082373557,-0.018749390441170615,-0.036597591658300475,-0.017123077726381844,-0.022184576493189646
2021-09-21,0.0034220671142636983,0.0005116344870348945,-0.005363785192468308,-0.011336137610988088,-0.010027124788411801,0.00013065479395915803,0.0016974219979772039,0.006279659452401994,-0.0008126886585469564,0.0022063599028096692
2021-09-22,0.01673185761878847,0.02548350125997732,0.019234076976625433,0.0046940874501101015,0.012406789699764638,0.018972122420852142,0.012740689750242356,0.03218828532329433,0.009474585224220084,0.010150743293994458
2021-09-23,0.006696596407662064,0.03788852727328861,0.037957267300199396,0.02085452470505103,0.015477792555000999,0.03324252932507359,0.0032768925720498953,0.024357961578154924,0.012061680369935969,0.0103770779164636
2021-09-24,0.0006125601191645598,0.010735646070694427,0.0042239255276650374,0.0007053565926906808,0.0055430786028742894,0.011473688496883207,-0.0007013181560062824,-0.017997328526517486,0.0014599428113642636,-0.000301664324388619
2021-09-27,-0.010605959892539162,0.026231179498448484,0.015058717115222492,-0.009030780586656472,0.007752369084660151,0.02387876656589024,-0.017455511973429982,-0.01925033712383205,-0.002780243920187674,-0.005178992419633922
2021-09-28,-0.024088878975606458,-0.002314145642306454,-0.012393109899516844,-0.012529100711085355,-0.007897942118929477,-0.005404453280205907,-0.036875014580364275,-0.04538179611784674,-0.020574317739894057,-0.02868340875171894
2021-09-29,0.006462069202167561,-0.0020876284920705065,0.002239326500638437,-0.0007208134375986701,0.012362572203647277,-0.0007829904318052728,0.0016916128733577933,-0.00883173943754098,0.0015679543362838073,-0.002356525147302429
2021-09-30,-0.009355561078328118,-0.014499727466468326,-0.019053409019438108,-0.019107175655606858,-0.0017979489298814938,-0.013712226876703277,-0.007350928901842457,0.009652629664787006,-0.011981202945014901,-0.004410097016206169
2021-10-01,0.008094512778289922,0.014731956841620134,0.014148475303093903,0.012959945571679973,0.03110975665064854,0.020797425427375726,0.02514928471653376,0.0012541989053330151,0.011425952113334161,0.008141969927935398
2021-10-04,-0.024913514431195345,0.006017230939968257,0.0015441554073909514,-0.009908558667801774,0.005496809835023361,-0.0010777737689729781,-0.020937335003346096,-0.049918789249210116,-0.013070952048643704,-0.02159668809301126
2021-10-05,0.014059129021024437,0.02010110841371667,0.017244446242860544,0.00844701943049351,-0.006683660813769278,0.01619849653507094,0.019760421655785378,0.03578991323941835,0.010469517498601526,0.012433335170893687
2021-10-06,0.006287155195335182,0.00045242701676594094,-0.001518232840854847,-0.013808726710709554,-0.005534178237841575,0.002132360985099886,0.014951984172543991,0.012102044254337396,0.004094399349624824,0.004705613417671806
2021-10-07,0.009043557276533895,-0.0027165680798234204,-0.0031805829858669353,0.01982439916586506,-0.0038707483081064638,0.006310582094840332,0.005918989706008111,0.017953907575925784,0.008264039225065405,0.01043429290005829
2021-10-08,-0.0027256769906700206,0.004974283497863828,0.002213855522850277,0.0010901176908928284,0.009893729566224566,0.0007638893520379785,0.0,-0.011645443056875638,-0.0019155566024214522,-0.005095489870618854
2021-10-11,-0.0006299072892215711,-0.012710582592695207,-0.009303738309094867,-0.0027273280523929513,-0.00553139892178913,-0.021256024409423632,-0.0021047969548620427,-0.006550144564509133,-0.006889441644339833,-0.00642269309919565
2021-10-12,-0.009144561332813949,-0.005496678662945664,-0.014615288547389626,-0.011903752005090654,-0.01385641369265772,-0.0077107658277570535,-0.004599109563835768,-0.0011603040074802552,-0.0024197056865549256,-0.001400952791876198
2021-10-13,-0.0042487495841532505,-0.009229273984757654,-0.005393910746033839,0.006244360591626818,0.0020624524627387425,-0.026720640500900374,0.011643355789453334,0.012881829985813135,0.0030179558702319183,0.0072816169987170295
2021-10-14,0.020023456823060646,0.04376605311030321,0.007656543097395837,0.01868200618101092,0.018511765298581524,0.015225263950487403,0.021501325904581443,0.03781625975935003,0.016919162285711567,0.0171318662008978
2021-10-15,0.007484419902027129,0.028435805872033513,0.020826492696146677,-0.0072136994824216994,0.008472209779761689,0.019026220415754806,0.0048107631117349,0.005320184543485472,0.007432520637190081,0.0049736470337934414
2021-10-18,0.011737116155276138,-0.0019427851840799065,-0.009450988803401597,-0.001086683083020444,-0.015962531869584674,-0.0003600438111025085,0.010073546023968932,0.01633279649155307,0.0033690878018038262,0.008320453427676443
2021-10-19,0.014967466843449713,0.004312237338406992,0.002092380345577907,0.009916349612795541,-0.002391618310871897,0.012055457793659262,0.003054527016527663,0.003055447493934164,0.007366142784235753,0.007116253793701611
2021-10-20,0.0033556374465379744,0.013038610232419206,0.000835903329960116,0.008218738227386217,-0.0005637926515831929,0.013376183759821508,-0.0026640828661205172,-0.008424701953990775,0.003657333598560689,-0.0004899152327717522
2021-10-21,0.0014729625246383605,-0.005536721376721491,-0.0184084262027583,-0.009116313879013764,-0.057472014218431317,-0.007874466974249926,0.010838827289183816,0.026298712112057553,0.002991393168360022,0.006198347332167434
2021-10-22,-0.00529891063448368,0.015678249950682895,0.012122999008923194,-0.010469182740609517,-0.0035128503674764803,0.01336155538084475,-0.0051621645483550865,0.0014971638890008334,-0.0010731292246643565,-0.008282262911190018
2021-10-25,-0.0003366575405602996,-0.0012620581015425317,-0.007594845058821206,0.0005441203225281414,-0.0018782023460731999,-0.004901815918016012,-0.003337296814865871,0.01917628730843061,0.004736959440853509,0.009005580549215842
2021-10-26,0.004564547435612867,0.00942724112989503,-0.0025445512003679956,0.01207768978971757,-0.004003733344064651,0.0026873510712018614,0.006405103497060716,0.06480529704904092,0.0018181414322441137,0.0005908920095611327
2021-10-27,-0.003152753887869799,-0.019369147268113205,-0.004824282794902778,0.006607660422234169,-0.015537574238523314,-0.021047975682322792,0.041251778837449814,-0.010819965958948997,-0.0050643703711055294,8.524857667788918e-06
2021-10-28,0.024684665161758833,0.015608801090833338,0.008074146310721356,0.00106746663548439,0.005338653082046981,0.014962069632580241,0.0036445904882020782,0.019841865445996833,0.009781288424184026,0.013836783815929735
2021-10-29,-0.018322597210680282,0.0,-0.017344050763224136,-0.004812405013690013,-0.005897886485323683,-0.0027628999048622286,0.022166570038025614,0.024789525199665725,0.0019474372317175562,0.0032488042009141153
2021-11-01,-0.005623286778292411,0.0014639180258263045,0.006485726211737618,0.002319952069297694,0.00938811476959587,-0.0005297341891986935,-0.006807902133694313,0.01011807591420057,0.0017984589459023885,0.006273211698793726
2021-11-02,0.007091047736014318,0.0006269683704658563,-0.014616035354401995,0.02673379542050846,-0.0007919746179474631,0.003937977151123478,0.011351124389541317,0.021981295420367548,0.003673607120388547,0.0034359960159072674
2021-11-03,0.00975096846045984,0.010181857914304914,0.00581412868588251,0.0005205746686287689,0.0075006674901514445,0.0003518663353717351,0.0026078497234306775,0.007434146818404536,0.00644049461289024,0.010297255324539309
2021-11-04,-0.0035050420488627883,-0.021735489178517906,-0.029413897774493745,-0.009235865968361574,-0.005686741640241431,-0.013222910596592441,0.007278985529781343,0.09380984871442556,0.004173222342817036,0.008108506228736543
2021-11-05,0.0035763362674940836,-0.007635200657256728,-0.00014937068370932366,-0.0008757289413442647,0.022581514999601666,-0.0014268646401592482,-0.0011299353573091555,-0.001645460097118688,0.003725850045284445,0.00196041501947168
2021-11-08,-0.005568384489951702,0.007846258273733461,0.021560235490687557,-0.00122755406971821,0.007495269527997823,0.005991991710394265,0.0027634447307143418,0.034748209695266506,0.0008873940607025194,0.0006741268703589966
2021-11-09,0.0024564270330593783,-0.00976411063357741,-0.006743110880787892,0.007690102702081174,-0.016820803352411103,-0.007599970499615115,-0.0030908368354600887,-0.004783765845760371,-0.0035049109264001276,-0.006013423750049305
2021-11-10,-0.01934901964592575,0.007438115952890616,0.0032308674782519204,0.005728413748402749,-0.005226692374589764,-0.0009538407350107192,-0.015448484055968909,-0.03986147204550318,-0.008259842163861058,-0.016746589905313844
2021-11-11,-0.00033823375081600866,0.005489686526658421,0.009629336375213135,-0.017637865167945105,0.00041581873191056436,-5.9619742441996e-05,0.0049152244544722066,0.03111418059959134,0.0005507883329889288,0.005207681697998991
2021-11-12,0.0142350856111609,-0.01228814006922358,0.0042021204516201165,0.0010567174913324036,-0.01095203149396913,-0.004484923162019961,0.01282266236797551,0.0,0.007196697564130407,0.00992743746721808
2021-11-15,6.680372184548939e-05,0.0029798753695809504,-0.0060914288789721315,0.00788850903510279,-0.0007568298774016908,-0.0017993288730488591,-0.0019323560827994677,-0.012083167878139085,-1.0739878017001878e-05,-0.00044839314994891624
2021-11-16,0.006644498617087314,0.000637534274249424,-0.014654727379997281,-0.0047258778089739675,-0.003455132280720054,-0.007230901971698524,0.010183933936549816,0.005910826749064801,0.0038577790571266367,0.0075413098271098315
2021-11-17,0.01635564706099634,-0.012180899800068146,-0.013225023171794876,-0.004219348717461121,-0.0033823897865092874,-0.005396675459577292,0.000678363280051099,-0.03168557507488277,-0.0026050154828958787,-0.0032788449518043354
2021-11-18,0.028136246545178184,-0.004093836197546222,0.0038815090610663577,-0.05672317312165901,-0.011929046820930345,-0.00867151937452365,0.0063199118078365365,0.07927196295204622,0.0033790647401719144,0.004520704231817726
2021-11-19,0.016833831301110887,-0.020061481645322524,-0.011540039144245307,-0.007110592764807344,-0.005242694761419603,-0.013149230158927785,0.005377055633780444,0.04052515897598706,-0.001399644604988097,0.003976802827012146
2021-11-22,0.0029230533771712882,0.019197730477942432,0.010496357654792728,0.02503602664614882,0.0036123256213594513,0.021090845398663523,-0.009605621460985883,-0.0316928075712266,-0.003202258316960725,-0.012702564418120836
2021-11-23,0.002419182534604545,0.02601983513589668,0.01524709060139637,0.012739037855286395,0.0027440697643408463,0.02363096015886979,-0.006346683900488784,-0.0065932645647627085,0.001655761383195201,-0.005034495008473966
2021-11-24,0.003278152903323073,0.002733188447793672,-0.011673526512714366,0.004330503721106044,-0.0005138913771241258,-0.00787502384737147,0.0006810745484659826,0.028813057788898994,0.0022912237766672798,0.004433277336696435
2021-11-26,-0.03219078672015817,-0.040052650459681455,-0.02681269184564676,-0.015788540489834274,-0.007912943546456814,-0.03059002280214036,-0.024657242117282294,-0.03649693742843024,-0.022987011159321162,-0.02256671355415229
2021-11-29,0.021637457771618702,-0.0037216708224142624,-0.0070476737506579385,0.01974182015699462,0.022962166228196676,-0.004332336003327674,0.020862006455107312,0.0577544624566448,0.013113836082824229,0.01862082053947445
2021-11-30,0.031089471906597325,-0.024873646681563645,-0.02081786732054363,-0.01663676143631783,-0.011884721020625674,-0.014997483882622785,-0.018105683141762596,-0.021196383265513583,-0.019143381187850562,-0.015653932329884056
2021-12-01,-0.0032114117213328805,-0.014268176866689592,-0.01869813668317296,0.003458491729209284,-0.001538303440348665,-0.005935909064821903,-0.0015435762612786854,-0.038596526790655956,-0.011885541457955926,-0.018423684134611772
2021-12-02,-0.006148703080013423,0.028469828050864402,0.020423382918320278,0.020148179350415733,-0.0001710257527221478,0.02080931750963172,-0.0017891925372433785,0.021743742097077558,0.014094638396057768,0.008308777697790867
2021-12-03,-0.011793727434134373,-0.02298428996833681,-0.0165920986624741,0.0014237183079957633,0.01645913243003339,-0.018278893011156278,-0.019862778633898202,-0.04563101068014214,-0.00848445514173865,-0.01942179568122206
2021-12-06,0.02127478847710113,0.006362427983301152,-0.0038312842558461298,0.01289883967592846,0.008963615205415876,0.011744232308331657,0.009796916859889999,-0.02160486171749826,0.011662599309686139,0.00921668064270508
2021-12-07,0.03483248957813689,0.012604114403236626,0.00605960584963255,0.01947224325107436,0.013830785886906108,0.014935652818669994,0.026411367896886674,0.07656139111087341,0.020495603186252546,0.029878547695961613
2021-12-08,0.022527678587413513,-0.012377780276928802,-0.007019867982126642,-0.01841938660911974,0.01177447759356066,-0.011507253072083728,0.00014934830867161064,-0.01870749907906603,0.003080535586585806,0.006358958846203535
2021-12-09,-0.002974613008861467,0.007445038025302185,-0.005136430363535256,0.009252064212060127,0.004460864994342224,-0.0015570229105681863,-0.0055980500669242485,-0.04288499146891126,-0.007206988232523656,-0.017226148778454936
2021-12-10,0.027628148094990868,0.0006740462853143251,-0.02328146096112846,0.029111715318652368,0.004199351774934969,-0.003996341511875619,0.0279455645617721,-0.009622812179922335,0.009503769118209724,0.00727045723703465
2021-12-13,-0.020891138305917514,-0.02134011248653355,-0.008768362503439375,-0.010860421548150243,-0.012243350966853622,-0.011959725953135497,-0.009208929050983953,-0.0698379520539873,-0.009178158342793815,-0.014001013198686334
2021-12-14,-0.008055548872234499,0.012541388370443678,0.007614667143862655,-0.014435899087038241,0.009580324579610226,0.00763297513062958,-0.03312979066932672,0.006230323129538376,-0.0074987228546236715,-0.011460833670692826
2021-12-15,0.028110412310418255,-0.004314691950776742,-0.0066181907305777376,0.03670775318273609,-0.005265661723040138,-0.00750620660112641,0.01903542586495393,0.07221330663458124,0.016216267351890877,0.021293411756569507
2021-12-16,-0.04005534265280963,0.023837485036711452,0.01368413819404251,0.006320665367477471,0.022647727605050436,0.015517752567108125,-0.029567908348360112,-0.07045044081448255,-0.008781863311112446,-0.025054993582380974
2021-12-17,-0.006523403533988553,-0.02520394222569842,-0.025372293349564135,0.002483977116713537,0.011605533680105914,-0.023017196802885977,-0.003391039614601998,-0.020859014334000798,-0.01034096458405368,-0.0007083994536383065
2021-12-20,-0.008154904651045162,-0.016544412605813807,-0.02138943830137603,-0.0016552750090488644,-0.0026723913239549255,-0.018152877938056512,-0.012086474159749885,-0.002953945561094224,-0.01145339832325659,-0.012519923136243588
2021-12-21,0.01890709656081533,0.023584186547756694,0.018698523757290246,0.011038798423117974,0.014920667800941045,0.013869751405168317,0.022807107578556342,0.04776048638660954,0.017621755385195486,0.02375608415585359
2021-12-22,0.015202510216572707,0.002034868109326739,0.003698096728936632,0.008159343248970672,0.006029550042272754,0.003900455008265202,0.017896064499099237,0.011115976331623407,0.010128728029127596,0.01171642374947772
2021-12-23,0.00363736512952984,0.0031564809527508293,0.010182784653721497,0.012115563771963779,0.006759367124297694,0.003567297176801141,0.004461997243245031,0.008130135305219851,0.006204412685251626,0.008434973712733093
2021-12-27,0.022714843650911726,0.004940783704715151,0.007281316293258847,0.018138855800231998,0.007550020498291274,0.005706698119295464,0.022920849284601058,0.043086624437336074,0.013744051573605864,0.013823674950027278
2021-12-28,-0.005784138572986204,0.0013429219377358108,-0.0004946721858387343,0.0017329982566356723,0.0076446203249387334,0.003030394717735233,-0.003510294080650494,-0.020337863598991562,-0.0010106653988873737,-0.005657620820348277
2021-12-29,0.0005019987365723092,-0.001567300314455149,-0.0013206186988157672,0.006745740041139604,0.005413858193878537,-0.0005042845955032628,0.0020493077093132733,-0.010642842002126346,0.0014009134018576786,-0.0009826316086487233
2021-12-30,-0.006600111840979466,-0.0022429141265529434,-0.0018185181986346572,-0.005330000791230441,0.0041905028367218225,-0.0005045390267676155,-0.007721149793463264,-0.013929223355720036,-0.002994233841904309,-0.0015653379473690395
2021-12-31,-0.003541410087578199,-0.0008987872349240148,-0.0006622414150001348,-0.003937439219634816,-0.00186853989025367,-0.0008207164046363935,-0.008880286221986713,-0.0059327514896246065,-0.0026296343734744394,-0.006154879232333314
2022-01-03,0.024696672982830938,0.03728225984995186,0.04389708310933462,-0.0033192605878387157,0.017649581970589,0.020934691800638238,-0.00467925885886843,0.02385383603710222,0.006353824170388397,0.011934283162888783
2022-01-04,-0.012772864534176169,0.03844598499333313,0.007735647217962551,-0.024832064233556054,0.014449718818057806,0.03720932378647835,-0.017295821360138384,-0.02797642494978636,-0.0006298202522032699,-0.013357477786139719
2022-01-05,-0.026960101009562504,-0.017022677163477003,-0.01170552832980245,-0.01596350725167869,0.0014480201336651561,-0.018451545410352398,-0.03914398814096229,-0.05928548322148845,-0.019583264304501073,-0.034020250610684456
2022-01-06,-0.016834192687364486,0.01993558168088434,0.03225095151327793,0.010561080272646135,-0.02105664865577768,0.010567966156785798,-0.007933277087123254,0.02058066662439968,-0.0009642337401809882,-0.0012795834186070055
2022-01-07,0.0009876145387729765,0.021581538876249244,0.013314143831361246,0.00344145021307864,-0.003775160225248029,0.00985950506287805,0.0005092729509806096,-0.03359797707484384,-0.004058441082336512,-0.009658676305817711
2022-01-10,0.0001166643726413422,-0.005096470465752004,0.0037934549487953677,0.011224123168282366,0.001482186913563348,0.0009564608669224616,0.0007321235134951019,0.005599629036735392,-0.0014420705375388979,0.0004638542210820489
2022-01-11,0.016644443163447507,0.005706169806376851,0.016223696779154913,0.008857233061546926,-0.016125823749672044,0.0010156699137393078,0.0022569293021011045,0.015104359647509582,0.009118286452399373,0.013996650333214698
2022-01-12,0.002566894225781355,-0.007137705155717561,0.002529882599229371,-0.004016279758722192,0.005404242305653031,0.0056557798291380565,0.010390787090171487,0.006521387919357506,0.0028137920146670695,0.0023030553683197528
2022-01-13,-0.019211337389228797,-0.0020489746664907743,0.007404105038016405,-0.010030748251364636,0.008719924952532562,-0.00124731536222615,-0.04324414452040889,-0.05219773300435244,-0.014346029234400533,-0.025444116004150107
2022-01-14,0.005097349276022278,-0.017585899154736042,-0.012619724574631917,-0.00227896198612791,-0.004089489481525689,-0.056302565641421366,0.017561424115363856,0.013715499993870282,0.0008196442695905652,0.005854480809005953
2022-01-18,-0.019074837215940436,-0.035046570977584346,-0.02465529612121757,-0.026923850811418796,-0.009508093356321141,-0.04283221999611884,-0.02463999958008924,-0.039327703629292096,-0.0185591053980085,-0.026317236629027907
2022-01-19,-0.02124876958582286,0.0038836645624213723,-0.01636590561464165,-0.01399340670938842,-0.010282633138745372,-0.015590130179095328,0.0022441600819327473,-0.03280651688096296,-0.009736790941460195,-0.0115534754708123
2022-01-20,-0.01040128388204929,-0.014969598508675125,0.0034187991502402032,-0.014019514973386167,-0.005792796299965025,-0.00856399403246122,-0.005719813375057456,-0.03726801307633554,-0.011098742304330734,-0.013072300202161257
2022-01-21,-0.012847272657676236,-0.01830886671392682,-0.01863371525544711,-0.024400111709384303,-0.011300410694218105,-0.017626922839749187,-0.018640717587139716,-0.03265998852618973,-0.019095995324635427,-0.027584776944810815
2022-01-24,-0.0048760403263269445,-0.008270510948291619,-0.009049936343667747,0.00387410303803383,-0.0041058097720572655,-0.000896490487106611,0.0011478554911220165,-8.546453705817469e-05,0.0027679047582695165,0.0062416800890232665
2022-01-25,-0.011449974998191873,0.019560227241085096,0.022239028075696884,-0.013981456928833333,0.04754936920910198,0.010841262146140045,-0.026948611250669538,-0.04587643181158801,-0.012246590556866267,-0.023059720935797518
2022-01-26,-0.0005636933288286683,0.010292490708219073,0.009933447191062967,-0.01399872793074121,-0.013611643969631193,0.009441466415575655,0.028094937135056796,0.01986918086415443,-0.0014977569258856588,0.0002090052267569828
2022-01-27,-0.0029474350129333813,-0.009412198295122973,-0.0093098294549243,-0.012915144991723136,-0.013044864015603818,-0.01780224974053995,0.010494082193520462,-0.037037931370526876,-0.005398635199970923,-0.01408021365238414
2022-01-28,0.060423278532773524,0.00875861021998578,0.008382723303031879,0.017963039098145228,0.014830633503451734,0.008906456165749877,0.027694589838120315,0.04001974708475212,0.024055967914736694,0.030809105566975335
2022-01-31,0.02579027219909284,0.005868636431626748,0.006625105303653085,0.001078057661576289,-0.006938369689735601,0.013482525769333793,0.00878478131586414,0.06958795706701038,0.018709826222984446,0.03351274183982503
2022-02-01,-0.000972858975246862,0.01718998652104393,0.021871899109035395,-0.005403273222359792,0.014567248693316034,0.017014346757387822,-0.0071642518632473225,0.006188767402945706,0.006839560348317067,0.007424686951740739
2022-02-02,0.007019162866474763,-0.0010656408308686559,-0.004970017755292753,0.01434481306836736,0.012611318725447664,-0.008037485347602449,0.015107545591025751,0.02421932715301504,0.009378400448324454,0.004975043257946109
2022-02-03,-0.016861005539084945,-0.009858724485689432,-0.014754297916267024,-0.017419732117203737,0.003853783902270604,-0.008304371930207721,-0.039731381527170345,-0.05262459898677486,-0.024693471720120656,-0.038082241390358755
2022-02-04,-0.001680810234534785,0.03907173994271465,0.02033256894384859,-0.0009061350668862387,-0.004582846581074564,0.025626959036530478,0.015448650636831868,0.015373101327271432,0.005143678439863626,0.015669676475386397
2022-02-07,-0.004243485088783988,0.004752610484958631,0.004228132802492907,0.0003623491641944101,0.0006559890605964363,0.0033375919454937397,-0.016445149401070707,0.016678383376926297,-0.003708580927828488,-0.005857652225023406
2022-02-08,0.018298116925593993,0.01777546054971998,0.011387544348291881,0.0030768230002304127,-0.0016043478843746775,0.018640337982477023,0.011924149589716772,0.015250235709276467,0.00836611346663433,0.01267507307453662
2022-02-09,0.008259702498104588,-0.0020272025848995104,0.010670018299017363,0.01702087838426335,0.005603992646463947,0.004159050621975629,0.021599659911082706,0.06166435246332563,0.014412842079264784,0.020633242048742065
2022-02-10,-0.023881773411945452,-0.004678264471518316,-0.005024442683898559,-0.025550234440948692,-0.01950609638525063,-0.004159050621975583,-0.02878346520906395,-0.03354658385286234,-0.01828182448505601,-0.02125413840295057
2022-02-11,-0.0204257223769122,-0.023307275648592595,-0.005198656026981103,-0.01783630915756548,-0.006235785401331111,-0.013103094087095422,-0.024573516684879494,-0.07537778364130071,-0.019151682638086528,-0.028203050126456884
2022-02-14,0.0014221851700277272,-0.01048880223139978,-0.010328690866288726,-0.013447936440381392,-0.019327904704133043,-0.009333630174460206,-0.00013541141008403226,0.013191027916116631,-0.0038479907556283146,-1.671149028291235e-05
2022-02-15,0.022888624919425987,0.007772343632238241,0.008092489993400781,0.020289170347781327,-0.0016147431125132282,0.014517985234441642,0.018372497005179532,0.08783861672152198,0.015643717646064172,0.024980271697116627
2022-02-16,-0.0013897999602884232,-0.0023044779814745796,-0.0007466674676444944,-0.0003684388867830938,-0.005865956743207246,0.0018080558785158085,-0.0011679680200392408,0.0006035470701201007,0.0008808197202838003,-0.0011088315071790878
2022-02-17,-0.021498824959137623,-0.03435000904088679,-0.03403023873474838,0.027632957554769157,-0.033133125247116944,-0.023301515528635387,-0.02971929843978899,-0.07860092218696083,-0.021400504136936647,-0.029266332389069793
2022-02-18,-0.00939977345659222,-0.002390431771116624,-0.008847547528159083,0.025492551285147082,-0.004973717047318292,0.004677781030584726,-0.00967757542653525,-0.035934085822131964,-0.007191961663866342,-0.012371381904165955
2022-02-22,-0.017972946276749877,-0.008741291730629968,-0.003905414351063392,-0.01603427678179577,-0.003463793043214382,-0.0017765525976336644,-0.0007297862502824384,-0.010716088639897335,-0.010194735435016016,-0.0123695092126878
2022-02-23,-0.026204410701754534,-0.017268663168302553,-0.010542045108159035,-0.03359518359613828,-0.015041586636639933,-0.0211609528467918,-0.026234261871790964,-0.043828331134159126,-0.018583735748788438,-0.026045544324412112
2022-02-24,0.016542617678611943,-0.026704286285774263,-0.04117147896936037,0.005312703260885292,-0.0008196807984549129,-0.028238173813825162,0.04983112038827668,0.05901798443381918,0.014846105252724002,0.03290239021903263
2022-02-25,0.012882244838604387,0.032049611220960915,0.02136235208947761,0.02365371344230892,0.017957144560166522,0.02338400577184075,0.009190929724617661,0.017075917129420307,0.022126080551265786,0.016271602029804714
2022-02-28,0.0016364130801744608,-0.018382201547600816,-0.045383501825848584,-0.0048295076104072415,-0.013539500469471487,-0.0425919567723725,0.0049655056733192956,0.009393900495643663,-0.0024455914631261143,0.004137601983257069
2022-03-01,-0.011696045316359616,-0.03992676147814724,-0.010864185507853478,-0.02083602894719915,-0.009513714114896623,-0.038459638633741466,-0.01293503303602929,-0.03794678525248227,-0.015594467786613053,-0.01604942456646288
2022-03-02,0.020379171970679077,0.016116349008552508,0.01642028151240102,0.027626585811587355,0.020472793548420708,0.02052831047021197,0.017609693115236864,0.03132788673139541,0.018471046780652183,0.016094447376489046
2022-03-03,-0.0019832166657154115,-0.010768010906996535,-0.03311431146999215,-0.0014259341002175428,0.016574465373898332,-0.007133508195121079,-0.01432645433210226,-0.021113198569721277,-0.005268520744245652,-0.01568954248067703
2022-03-04,-0.0185798376150723,-0.036916942802181205,-0.01803768586919737,0.00781675445011145,0.005464331529615254,-0.0285324981660974,-0.020691255395972667,-0.03335796120516613,-0.007965684543001903,-0.01672206226662008
2022-03-07,-0.024003440617162385,-0.06585826214546334,-0.018548789231828646,-0.016414159198187013,-0.00435304079912349,-0.03938133033876673,-0.03850873358079696,-0.07156223782084593,-0.029962586814416495,-0.03691308616650448
2022-03-08,-0.011744604762030817,0.0064997992604537876,-0.012316886468196196,-0.021638997018989872,-0.0030985916867723212,-0.007067766153392625,-0.011032000986888911,0.007558508781380221,-0.007260043975698096,-0.0027635584486704087
2022-03-09,0.03439870038101679,0.061554041595325334,0.019491926489579918,0.02755764918741175,0.004287587807303333,0.03928081460788946,0.04483792784695056,0.06739884134194364,0.025373598122141117,0.03531887895665381
2022-03-10,-0.027562387248119602,-0.009056621415172038,-0.019309616284220885,-0.021875496572571283,-0.014926415270831177,-0.01191143060463907,-0.01013780020046592,-0.01558986652635576,-0.004301049920247209,-0.009519679045179046
2022-03-11,-0.024199277665910974,-0.008395014632258098,-0.013206302655114877,-0.00036563305382938564,-0.0031412308546496207,-0.022781294233311322,-0.019517854130548934,-0.02493494340358238,-0.013046278933238144,-0.022034689112895123
2022-03-14,-0.02692145996119482,0.021342428230615895,0.0012915294446038364,-0.0071566168465019295,-0.0001611959269265893,0.0098819595155919,-0.013045710400087503,-0.03546333268648222,-0.007448675095533314,-0.02065674559501737
2022-03-15,0.029245417527252855,0.007255348036620009,0.016096990370908414,0.02365881249054674,0.013623178384283936,0.01759034277010791,0.03801101904951377,0.07420501001479657,0.021182629724144964,0.028784023642266437
2022-03-16,0.02860260744440618,0.030844554088637684,0.030205122645295842,0.0037700427449013896,0.011081201750853299,0.04371632538351316,0.024900743602272127,0.06419040744368718,0.022136921648393443,0.036989363367493
2022-03-17,0.006433240164300689,0.005359453189769953,0.008590010824614035,0.006429628711467377,0.007215741306137918,0.012565183784442442,0.002815392080440154,0.010961593731841341,0.012272205068700267,0.013177396252139886
2022-03-18,0.020703056544629787,-0.003025540813319178,0.0010465832583526691,-0.0035669195927230004,0.0062324633827939395,-0.0003567014278474346,0.01749386807887167,0.06589792858418816,0.011594814411888112,0.020289577765698643
2022-03-21,0.008501588018031424,-0.0013998324984345173,-0.006472408562034304,0.000535784190007916,-0.005139072226174857,-0.0032172085509921807,-0.00423658532715042,0.010566590364666827,-0.0004347548543014596,-0.003993895696870011
2022-03-22,0.020587286009416984,0.030800067694065108,0.009084470228273297,0.003031135402715002,0.007466337204014813,0.021044516355638615,0.01624669208885292,-0.007886147365912945,0.011240699554074212,0.019348486385421537
2022-03-23,0.00819960131343727,-0.024981137263384322,-0.020202611308446517,-0.030549107257573257,-0.005906281341766229,-0.020114200518988306,-0.015143899660682032,-0.03413030418331853,-0.012348630252495208,-0.013286764867687723
2022-03-24,0.022424825659781954,-0.0004644676884502509,0.0012412089844380829,0.0003672005663641725,0.007377244086096955,0.006489298359270899,0.015275733210827114,0.09362757672120858,0.014242012281618024,0.01915374951960988
2022-03-25,0.0037271002339118297,0.015207667035480554,0.005656023710592654,0.008586855179512494,0.016117136764330967,0.008704510752988193,-0.001382204881226895,-0.016403689728218193,0.005053380704237665,-0.0015895019796491015
2022-03-28,0.005023916458102988,-0.004124626836519829,-0.01455740798895236,0.0030877648156986733,0.0009131548382870244,-0.007425949256321122,0.022853219173153187,0.0188518390214208,0.007119551020042568,0.013013735989846374
2022-03-29,0.01895364403640356,-0.002528929899425662,0.009787423708905422,0.009565746849990123,0.003568453783101352,0.0021983162901256415,0.015045720018474278,0.015367253194135474,0.01218204410139109,0.01827443162131458
2022-03-30,-0.0066717418922544215,-0.01018075661552647,-0.026922060798137512,0.006802946003297831,0.001439148480726436,-0.004543737067924311,-0.004926634112916015,-0.03429121753457269,-0.006313588999088777,-0.012206515299213513
2022-03-31,-0.017935530754657755,-0.042276460561231397,-0.028976691347151643,-0.005187416305398554,-0.01609799029026827,-0.030486797206634268,-0.01784105154248096,-0.014697774977085696,-0.015776335226881762,-0.015473331911616312
2022-04-01,-0.001719715771489074,-0.007793399321564831,-0.020240845299878216,-0.0017950994381203441,0.0009992528093141317,-0.007436727231683065,0.003593826750802095,-0.021261012965678394,0.0034044209614630277,0.0028776398376052607
2022-04-04,0.023417087549483018,-0.0017130237835059085,0.00894139196283247,0.003766063605457938,0.0009217764203436826,0.004424503899195631,0.017777714889345847,0.02396930526651204,0.008058382532133647,0.01882734891709176
2022-04-05,-0.01912390938795086,-0.017043896338323945,-0.023377316744385104,-0.010325353714691106,-0.010649995480546117,-0.011705840809472184,-0.013070354062942293,-0.05364305172817856,-0.01263115907400537,-0.022855369743380975
2022-04-06,-0.01862287630639273,-0.011022156954675368,-0.020566880513273062,-0.010065217817929344,0.0038716853329593347,-0.013971246570381604,-0.0372926120522654,-0.060569015771252246,-0.009764433912479721,-0.022451355514771204
2022-04-07,0.0018023802346419638,-0.007838868466674108,-0.009944320182052168,0.004770718285787115,-0.006513108834243439,-0.0030467690880519142,0.0062243335164570614,-0.008186782852177782,0.004244365552037262,0.0006103401565218556
2022-04-08,-0.01198032599110822,0.007082993094985215,0.016847082539211158,-0.006427361896746633,-0.006399229844283375,0.018142339619599396,-0.014707728730732197,-0.04602831971740456,-0.0026545466755523947,-0.013496132235896121
2022-04-11,-0.025847181434801962,-0.0020184296091845483,-0.006506954892710117,-0.026130537034465065,-0.010704670386062681,-0.003677345915046918,-0.04023001423584979,-0.05339258018184183,-0.017021334584696127,-0.022051587091313125
2022-04-12,0.011457544794871734,-0.010665716894653347,-0.004162975782443512,-0.020249159007698046,-0.0030908700333207,-0.011038078484829699,-0.011281292552205075,-0.01902329357039778,-0.0034233005304522353,-0.003016008617351031
2022-04-13,0.016210529777820556,-0.008975262419150249,-0.0037813251311853953,0.006348161729820971,0.0012693306147601457,-0.03276443996012828,0.019520316406866783,0.03198841223391766,0.011112603268901934,0.020138968148018722
2022-04-14,-0.03044710785336378,-0.03272963924672339,0.01543354874118149,-0.018970967103286274,0.0033240734500800118,-0.009312643438192833,-0.027457865403401952,-0.04349411875065717,-0.012218480383508163,-0.021672516511760467
2022-04-18,-0.001331837898386694,0.03350216798094216,0.02673540851297527,-0.0011731569389107873,-0.0030862931008601743,0.018383685440668828,0.0024630846153409687,0.02439645579533514,-0.0002048892724065068,-0.0014030971518028627
2022-04-19,0.01401650449441479,0.018363018081923695,0.011593593269755044,0.013989014342317516,0.02334422428175877,0.020495270844212692,0.01689583507373646,0.018872410887914606,0.01593004474938665,0.021320159442574815
2022-04-20,-0.001016248130988639,0.002271633807731772,0.0033957847159786364,0.022699956285324816,0.04754936920910198,0.003502229829731508,0.00370858228808034,-0.032786751907254434,-0.0006186664061825758,-0.01230699257373767
2022-04-21,-0.0048551951539777295,-0.019091710065691086,-0.00889073548251774,-0.0045365902311565376,0.011000701567539212,-0.0077823289134623256,-0.019571363433375472,-0.0623747075856098,-0.014862855551311067,-0.02091279775974048
2022-04-22,-0.0282155140250611,-0.03531132525642943,-0.026960903258439573,-0.02727291859999587,-0.011507049047132897,-0.02914278274026844,-0.024440523484128528,-0.03365736923577373,-0.028132076377366966,-0.02578455443420475
2022-04-25,0.006714368814059374,-0.00721485169724451,-0.0019538568622961675,0.011229595863010707,0.006129528288552543,-0.0003155434399621944,0.024120054150334486,0.01963693193925102,0.0056817651441118085,0.012812330946650451
2022-04-26,-0.038042483259794944,-0.022783462879356328,-0.017759010761666746,-0.020226063528248548,-0.021142224998435023,-0.03002760435141375,-0.03812119533497062,-0.057601788091484606,-0.028550008928597752,-0.04033474622760437
2022-04-27,-0.0014678167894513184,-0.0055021721624276985,-0.012621595392091747,-0.03173623713123751,-0.008331789249809965,-0.013091247966165816,0.04698731721036265,-0.020052839434049886,0.0020958490249645954,-0.00014496163350704284
2022-04-28,0.04416559751166398,0.015330406430120994,0.008432131649035578,0.0264174316068093,0.005022290056373458,0.015689097863151247,0.022380243022787655,0.07160693946470684,0.024445655340832175,0.030175289993965515
2022-04-29,-0.03729152692529557,-0.03117950064604401,-0.026608330159124387,-0.03313209525634543,-0.026349718072276065,-0.03280048690136675,-0.042711268531065966,-0.0644645240576177,-0.03695915978469415,-0.04260638109656845
2022-05-02,0.0019648317261305916,0.012809880724014261,0.010317853662949123,0.01780685374838431,0.006258286186464944,0.009090471476194639,0.02473517056303956,0.05179731391961624,0.005659199293818601,0.01619452725729173
2022-05-03,0.009576377595941602,0.02702521328081153,0.02813675437624061,0.0012026363558318048,-0.003916361101858129,0.02119355136013862,-0.009501293340488926,0.0035262500805374178,0.004825465075359521,0.0022103975769239867
2022-05-04,0.040189698195177606,0.03934517199137438,0.04163614949443731,0.03271224099879849,0.03616272274452174,0.032546030701095935,0.02868524635219222,0.03666291122136442,0.029425221557325833,0.031426187103416124
2022-05-05,-0.05732835087621678,-0.02836355498268369,-0.01777159272391859,-0.03894150324649702,-0.01082980229558379,-0.025338083928134587,-0.04453163159994158,-0.07609972205163619,-0.03630067756409906,-0.043748218753435014
2022-05-06,0.004715862668947363,-0.0024005273718541785,0.00602367942942898,-0.005660023468568033,0.012793145412798565,-0.001615357012216191,-0.009491356743757404,-0.00900916732832721,-0.00569038441395277,-0.014146895540515174
2022-05-09,-0.033752300837136026,-0.02926243493267489,-0.03408861110515636,-0.007528731108604208,-0.0116839571490441,-0.015148050449943795,-0.037645409489238356,-0.08868374734966351,-0.03256151953960419,-0.043748218753435014
2022-05-10,0.01598359128504098,-0.01691413861207046,-0.02311544544634027,0.011978771774362441,-0.04029829363500778,-0.024673970011929346,0.018424570902672372,0.03734680176020106,0.002454881760409255,0.009795918759569098
2022-05-11,-0.0532332869686916,-0.005327391431256377,-0.022612635774054646,-0.018330740927438555,0.012467502734063924,-0.006328402872415119,-0.03377336408540385,-0.05640642212653062,-0.016600232095697796,-0.03233171754963604
2022-05-12,-0.02726251888628996,-0.01415640641031088,-0.023350831749759573,-0.007427249738304265,0.016309682119894243,-0.0008467972145844984,-0.02015958183547626,-0.027741773069572817,-0.0012968049941124407,0.0005911297635777632
2022-05-13,0.03141745802511599,0.0028472502789793886,0.022930969321766637,0.02595962642462038,0.005253508539295126,0.008855772289877719,0.022344828628573666,0.09043703568491125,0.023589267956869442,0.03746043705688076
2022-05-16,-0.010729675468782772,-0.010288534204903587,-0.0037854210295881555,-0.011363958325850005,0.010646479689019866,-0.006993835423926039,0.0014540820007388764,-0.02528006213352575,-0.003954208517722458,-0.012119735300261386
2022-05-17,0.025105168964834168,0.03333650029455783,0.0729059987833665,0.03213142548384473,0.02443414110033022,0.03260977991392471,0.020140108661686192,0.051533670860698835,0.01996891958146264,0.02721234267157295
2022-05-18,-0.05763947971348608,-0.03132764772290718,-0.03447578153693837,-0.045278475851543036,-0.04003317469789313,-0.017253853368326945,-0.04659860480628214,-0.0705976118313031,-0.03940543961689492,-0.043748218753435014
2022-05-19,-0.024950212611097373,-0.012404712028538234,0.009283598584245562,-0.05748981530904034,-0.0249821775606352,-0.0149333329487637,-0.0037066221356044514,0.01092159163508555,-0.005850864777347809,-0.0026001545007437324
2022-05-20,0.0017457099642031297,-0.017274728720327946,-0.0006026747633784565,0.028823063830408564,-0.009142467481186588,-0.008232418108720817,-0.0022937397102437682,-0.025431708891082518,0.0001461310919903067,-0.0029793544332796817
2022-05-23,0.03933558234456088,0.05766677428105485,0.05893226973789963,0.0095029170165818,0.02072095739018397,0.059985415773635836,0.031529679869998675,0.012145774484202284,0.018384995412060758,0.015784537853141906
2022-05-24,-0.01940308518449152,-0.006151669416931752,-0.0017071044515148865,0.00964187064517666,0.019851839561045508,0.014026331252688358,-0.003959578626714318,-0.04502756781441422,-0.008153950903558081,-0.023757491497016416
2022-05-25,0.0011394528568042885,0.005315170530485434,0.0003797010120941071,0.0052408273332558404,0.004399976653939935,0.006940238053038312,0.011108250555687288,0.04957443236518976,0.009406385648931585,0.015004344262053887
2022-05-26,0.02293420075736069,0.022894225953895894,0.026033793052797453,0.022250674915480263,0.01843191675536009,0.01714241933714818,0.012793035303862242,0.050317203296863705,0.019688166007720866,0.026401101904935817
2022-05-27,0.03994833495703393,0.009499691985883702,-0.008726989539261171,0.013906099920878611,0.017236486681798387,0.014038801650718477,0.02723019906347092,0.052382707832093985,0.024441130195822013,0.03271765401023228
2022-05-31,-0.005360709478910813,0.00485029754789382,-0.003924418795230531,-0.012573274078933773,-0.0030922574490805394,0.007286562078238215,-0.005026443505008808,-0.007416635760396135,-0.006294135193666945,-0.004108643405132058
2022-06-01,-0.0008738007244233211,-0.014349989533777467,-0.019282170420733703,0.00398756769001334,0.0042405285390417526,-0.01770107403963312,0.002020835124518408,-0.019031865283643784,-0.007510905041155451,-0.007221349748960588
2022-06-02,0.0166717287740435,0.006561193331497357,0.0007633753418086644,0.012305264445259244,0.005150650074331786,0.015960100214613023,0.00789767545594327,0.06712781884087754,0.018263225415545106,0.026527461517075714
2022-06-03,-0.03931869744566558,-0.013993821950134737,-0.0212035471298018,-0.01186314972359705,0.007322216562294233,-0.014037475910354515,-0.01674665058108331,-0.04552874720050444,-0.016482405609817057,-0.02500537492444788
2022-06-06,0.005214041221814954,-0.0011057874302688574,0.0013626368109749315,0.0017665068210759398,0.011969532598176048,-0.0033090058191499994,-0.004714305961828158,0.003519347501686219,0.003132489407036025,0.004040833380051373
2022-06-07,0.01743292744980711,0.005516866107846497,0.01352680973501926,0.005280497741098043,-0.0007001527017273427,0.0026173543296718364,0.013856979747888262,0.007424764135054525,0.00947833153171984,0.009395805224512494
2022-06-08,-0.005055846686091979,-0.012734973630819876,-0.013332213440384452,-0.014366533977069187,-0.01375141297997171,-0.016042653183681817,-0.007699099317043491,-0.01458603809719266,-0.010852623040155319,-0.007333539657388945
2022-06-09,-0.03661805450443893,-0.03920962203526505,-0.028409767414500662,-0.014801869890279852,-0.020589649333618378,-0.021239533208591135,-0.021002479374781904,-0.032704136348504005,-0.02408645766515553,-0.02785684311858304
2022-06-10,-0.039394567580370736,-0.03960338977699791,-0.046282159834376765,-0.017550151547296486,-0.012913188088829583,-0.047055923957767566,-0.04558695168863728,-0.06135195021621259,-0.029542414811409477,-0.03587519505440121
2022-06-13,-0.03903729501249142,-0.035285177623502535,-0.04326131404962187,-0.005764805456462192,-0.00796150273914336,-0.030230695139927016,-0.04333852378981049,-0.08140383598873566,-0.03940543961689492,-0.043748218753435014
2022-06-14,0.0066508331814470485,-0.017643988187434692,0.005891884720983309,-0.007661379621104885,0.004504694071912852,-0.016779396568748405,0.009162917347801358,0.012006612341697937,-0.003780818039489633,0.001767216623283269
2022-06-15,0.019911493537666747,0.018580345097267626,0.0346411406527449,0.02052873933904492,0.009824875855377127,0.011766581164482006,0.029301906741336196,0.04270975060491703,0.014487058836534478,0.024700905242873508
2022-06-16,-0.04045865120599555,-0.006259689729023041,-0.014608226705457524,-0.011019110593302461,-0.01019352245669679,-0.01730531658933538,-0.02734062288114248,-0.057660556153640956,-0.033052207113840666,-0.04167497278977937
2022-06-17,0.011466905822207165,0.002195288481508203,-0.007921933345765082,0.0016143834680183025,-0.004802261535876718,-0.003532650347624219,0.01088063428144827,0.017725395373176536,0.0021984473410133873,0.01419971729224132
2022-06-21,0.03223592065504344,0.028718851380273892,0.030484884390487313,0.017137509233296273,0.020743148666767536,0.024470497453939893,0.024293834766736834,0.042292083493781066,0.024182474960671992,0.024782184604825667
2022-06-22,-0.003834635018102189,-0.0076394344702243695,-0.015973327045660388,-0.012997603249169586,-0.0056014110543077394,-0.005627635714897354,-0.0024070522955461694,-0.012513266740301758,-0.0013024200953574458,-0.0014663638862324317
2022-06-23,0.0213441391325953,-0.01607933719416774,-0.01817292249644866,-0.014797805561276836,0.009872392723433009,-0.010999707035194591,0.022384229029222102,-0.00828607823986252,0.00948707248555652,0.016074672125036583
2022-06-24,0.024221416812628214,0.007144029887642759,0.03205924548313933,0.02688883011694041,0.025812612182288783,0.02940880405080764,0.033579755557911595,0.05404455654544501,0.030105539729901033,0.032877987747878264
2022-06-27,0.0,0.0012371275946481725,-0.0006270432721722614,-0.007511217325869125,0.0051953315798079535,-0.00804440655216178,-0.010552589704119908,-0.015120275748579751,-0.0029774998903406716,-0.007182263477929095
2022-06-28,-0.030242317895917806,-0.0027859215774027734,-0.013047369494664207,-0.016354210167121512,-0.0066045300449497505,-0.004823426846090608,-0.03226375124260597,-0.05401430468071949,-0.0203486731494949,-0.030215317910469004
2022-06-29,0.012939908461293944,-0.012476809887114741,-0.0023328335766525277,-0.004188941882184094,-0.008139568586291071,-0.004499829831813599,0.014630611244331446,-0.027917106119785706,-0.0007119988201726959,-0.00032651912042938266
2022-06-30,-0.01819240316910297,-0.023179239408577215,-0.02384887576285739,-0.005612893139074952,0.0034054616666515216,-0.02360705505501785,-0.013267151568558386,-0.024951448945519348,-0.008797866246367652,-0.013433074504863985
2022-07-01,0.016035358483328845,0.01371843241664059,0.018953603683868777,-0.0009384857095028667,-0.0004958037389887372,0.012706506821651265,0.010650573024952842,-0.04286093969994224,0.010498511296639174,0.008946325831791413
2022-07-05,0.01875346850832764,-0.010191178374983425,-0.0055625220286160335,-0.006177252944783124,-0.025114270453538222,-0.0038109588549275664,0.012518829513254615,0.029913602232118197,0.0015828751061934918,0.017318013842684263
2022-07-06,0.00956094367785201,-0.008357470517580306,-0.009918126826624046,0.01724792369280003,0.0033369159058776205,-0.006503009397672253,0.012701543739867347,0.011032356795224307,0.003566795705066178,0.0034922640078442068
2022-07-07,0.023716431322988743,0.028009455884500222,0.016759911192389402,0.01233885010181052,0.01972027538012424,0.02497824087570541,0.008193167216339748,0.04699433772585153,0.014853723180930391,0.022582672298213594
2022-07-08,0.0047033325155466515,-0.0021993609074345273,-0.002346487697745197,0.00392550857053119,-0.002559731335251543,-0.003142940585808638,-0.002760998433503657,-0.001261901166517009,-0.00083061639612735,0.0012005131524928253
2022-07-11,-0.014867820958213707,-0.010435088675973293,-0.01354725617076657,-0.003231778204338687,0.0037659845075721505,-0.01320349485946353,-0.01183810515006255,-0.044279605064016216,-0.011594417660525545,-0.022837484000211364
2022-07-12,0.006810593460036141,-0.003183679328299375,-0.0012996752166432187,-0.009058134928703504,-0.012991729098587862,0.000974185713991267,-0.04184499817109492,-0.0046306137691236714,-0.00928686849749371,-0.009530272050264044
2022-07-13,-0.0025398876288060105,-0.016720607916979813,-0.013751291502749783,-0.0037400120091364924,-0.014474278447400436,-0.009427259866798036,-0.0037520630728726176,0.005422207235912261,-0.00446686411181668,-0.001523645820998285
2022-07-14,0.02027556288459078,-0.023291242760207737,-0.030345911490760318,-0.008702724089019046,0.013611651380560287,-0.03556372636582415,0.005367069625690753,0.013623603345265328,-0.003003138812764307,0.0003209376789931849
2022-07-15,0.01138499347316345,0.06799675571716869,0.0729059987833665,0.017330363740807535,0.0061653698100331755,0.04481385804457865,0.010336769651408268,0.02505434147266255,0.01901923165863364,0.01772711553375125
2022-07-18,-0.020859159571166335,0.000310033758840849,0.0017991541329048396,-0.010972656705830868,-0.012875584641946715,-0.010322998831814721,-0.009667999853238247,0.021279513045788227,-0.008398742485835936,-0.008098257059443914
2022-07-19,0.02637117255926522,0.03322958333569843,0.04031850493756119,0.033017325286851945,-0.05391416472075627,0.024476701176481725,0.020554233350192255,0.053861336371086914,0.02725351764373082,0.03060937813978008
2022-07-20,0.013419440010059588,0.00029987263236068266,0.0061196935533426545,0.002268652643238219,-0.013074390443751516,-0.00017474260757953858,0.010502048049759566,0.04684869211069311,0.0058784939410571665,0.01562875881783332
2022-07-21,0.014981614109930895,0.00865566139439499,0.002665676055304132,0.010145580084994592,-0.015839244820574437,0.006786703616644491,0.009751709404236891,0.013554231979090958,0.00981306668950467,0.013520947163292205
2022-07-22,-0.008144154936098144,-0.006559572464762669,-0.013014700410689034,-0.00269568782357358,0.00861416439379838,-0.0048678894472323556,-0.017060459483498915,-0.0413415765104426,-0.009376287293813849,-0.01887581244991872
2022-07-25,-0.0074255948734131775,0.008933947592682309,0.004804582519986461,-0.002702590949429172,0.0022584233216521084,0.004000504851983472,-0.0058940780917132105,-0.017180078366366133,0.001314302973305868,-0.00435626791128548
2022-07-26,-0.0088658513670996,-0.02036611445217148,-0.014677728523587175,-0.011568467439171908,-0.0035849516590130133,-0.01574569855159584,-0.027139342892979305,-0.02926564804413509,-0.011610342599263359,-0.018856617357409886
2022-07-27,0.03366212577232755,0.01620693655632258,0.01831366029343059,0.018311536894513473,0.008087170158259192,0.01591926471577998,0.05778392175994012,0.07327806525953857,0.025820048778629066,0.038614096639444526
2022-07-28,0.0035652993335822383,-0.008070445385813762,-0.0022946271026419284,0.021715881885509738,0.0007741269072169453,-0.003738400437467574,0.028141293113150535,0.010845836184461912,0.012060319791912806,0.010760167412154466
2022-07-29,0.03226681939515399,0.014598374103909685,0.0034741383372366005,-0.00549510269574894,0.012076543638213581,0.004778947648517351,0.015543829934211145,0.00990421911783333,0.014107775781753557,0.01858058440888473
2022-08-01,-0.006172448116061006,-0.00296187893394634,0.00038524347993874495,-0.001985787458010793,0.009512022443385568,-0.010018758003310507,-0.009771858050727203,0.015189832647336473,-0.002827076544916728,-0.0017536554981110995
2022-08-02,-0.009330798585844884,-0.02007528861424039,-0.022792406158855222,-0.007982252392110298,-0.0017434574625684648,-0.015707929960473307,-0.01154072523424195,0.004598797324322645,-0.00668468837887098,-0.0016361291480556579
2022-08-03,0.03753444963983281,0.01799662818233205,0.01680367398564059,0.0174340516079814,0.0040129158250748614,0.010440813938805166,0.02745583121805712,0.019616332712899705,0.015517456270090707,0.025536136985009224
2022-08-04,-0.001928170455645622,-0.007159719109441957,-0.006804681443632185,-0.00724570554444167,-0.005303526435986458,-0.01106339496145356,0.004168859071564045,0.01689970577899265,-0.0007776424495837734,0.004129389318189665
2022-08-05,-0.0013900056088186953,0.016627376778258793,0.007773045952282098,-0.008186943195117435,0.00636075804941104,0.029810900406137982,-0.00261225149163406,-0.011831254625961784,-0.0016270690189191196,-0.004967300847592398
2022-08-08,-0.0029073371546601764,-0.013936479205161606,-0.0036845142811045913,0.0002224455915232931,0.000980953227248698,-0.012255252862505901,-0.009197051642461339,-0.06505479656096451,-0.0012383171221209141,-0.001034688156321375
2022-08-09,0.0003035270144905224,0.012757725615853088,0.011973932109444077,-0.002223848459945517,-0.011442802699139387,0.008967049551535516,0.00703828400882994,-0.040545884595403446,-0.004257744235926498,-0.011976270140181816
2022-08-10,0.025857260073912064,0.03334129106200758,0.02089737793561423,0.024193107226140542,0.015557851768106258,0.025753200478675065,0.024010128954136734,0.05748680449574396,0.021067158460407496,0.028474365900256364
2022-08-11,-0.004441640019559763,0.023669894463124154,0.01511353689148807,-0.00261104272056404,0.007877412765136363,0.014673563333105603,-0.007428285544491651,-0.008601776491809559,-0.0007057229222018175,-0.005842848357210813
2022-08-12,0.02119936396846314,0.010802023341792906,0.007012489411229216,0.015350060318136266,0.01102992524151498,0.01642834672983109,0.016893505521470117,0.04186029959833531,0.017174046951492668,0.020698398948348268
2022-08-15,0.006313487345219117,-0.0013784371699678123,-0.005717042153419428,-0.0004293032876638533,0.0068417511484843326,0.002698398928931395,0.005329944036973787,0.017116963828323117,0.003961684056233163,0.0061783297106621305
2022-08-16,-0.0009242061435373462,0.010701132554927011,0.0020324901764749107,0.00385629332233587,0.012007824196006682,0.009508802196349347,-0.0025929388998439094,-0.008071279273245711,0.0018739228259478625,-0.0019442947102120529
2022-08-17,0.008746240646082664,-0.006297107001027473,-0.007782404924940135,-0.0023550382133064687,0.008966839052154105,-0.008447792545030417,-0.002639978611103804,-0.02923869664382404,-0.007264114867648021,-0.012628851205907204
2022-08-18,-0.0022941279013510975,-0.00357682840273677,-0.003913708453998905,0.05278815766329435,0.009246893226098304,-0.007779740616217068,-0.003955021419231918,0.023607933694439358,0.0022669896063847975,0.0021016294056721476
2022-08-19,-0.015217163233717327,-0.022297423046647308,-0.01770976639363071,-0.01366393417995916,-0.005046596100023797,-0.025056428488514446,-0.013950902679723466,-0.050472306696645,-0.012983928713038868,-0.020266719927997855
2022-08-22,-0.02329866328825024,-0.021653509111208124,-0.02619047717691942,-0.02053800896977701,-0.020590473934951534,-0.016659996093300503,-0.029794721285816235,-0.046736067380126006,-0.021632366466494565,-0.02580380921543823
2022-08-23,-0.002031148712910112,-0.008968428313195194,-0.00587077820185341,-0.0063077117785087945,-0.005993512521401842,-0.009905633234802716,-0.0047277921038393,0.00859278106630475,-0.002240370434437464,-2.184785618389193e-05
2022-08-24,0.0017920820569360982,0.0031916292304054734,0.0011767287041818894,-0.007197333665863937,-0.011270239529219845,0.002420893672655052,-0.0023539301022282026,0.0023835928288493385,0.002911916698724165,0.004048755197081572
2022-08-25,0.014812924543951696,0.017801220095484138,0.02037539477424894,0.004239901408013689,0.005613480867297727,0.02347021198705776,0.011034232150373493,0.039338966043045126,0.013993241836107048,0.016572587556265537
2022-08-26,-0.038428324093435495,-0.032097858953520554,-0.04478370969700079,-0.02962860470631379,-0.027236973553027472,-0.033276281053763956,-0.039351312003467365,-0.08868374734966351,-0.03426857631703952,-0.04016196763265662
2022-08-29,-0.013784963699685853,-0.0038274658515065974,-0.008270346437219368,-0.003930110240347938,-0.0005372716511376717,-0.002444779085218578,-0.010725457337263851,-0.028634882253247427,-0.0066886751973248065,-0.01026856894481552
2022-08-30,-0.015423749202121383,0.00558927414169032,-0.005891225698830691,-0.01033554486410589,-0.0056175322077498865,0.0001748254310352449,-0.008557307754627576,-0.021299850083367024,-0.011089416492117008,-0.011257501031956954
2022-08-31,-0.01069209494052735,-0.014180454090000068,-0.005516521308371094,-0.011560715390554067,-0.008758883258538307,-0.005961204683322009,-0.005720386598976544,-0.024476080239760226,-0.007847738208153028,-0.005649071373346147
2022-09-01,0.0046960035905113965,0.002393183243749476,-0.00123006708971777,0.01266539272690624,0.009376044195851682,0.0068347275162947505,-0.004100955106704269,-0.07975003238944108,0.0029917522671948716,-0.0026329304616535217
2022-09-02,-0.013704674495355736,-0.0011959698494636336,0.0018447561838932384,-0.015576504334687663,-0.014527466269332318,-0.0070107455070828485,-0.01680675672748924,-0.021027514462362857,-0.010794552570724387,-0.013176616642207473
2022-09-06,-0.008249013326073378,-0.011129552832766558,-0.012775743121525815,-0.002694605010749374,-0.00840835465201088,0.0002637210764627078,-0.011034871506211156,-0.01342602790636604,-0.004103464690895143,-0.007417279985272838
2022-09-07,0.009211128414065167,0.015308735727116432,0.008466572369499437,0.012291773725154906,0.007782091329082509,0.018812710834711192,0.018931319320055418,0.0186207420300995,0.018174848666169877,0.021168227484257913
2022-09-08,-0.009664369601818682,0.03166483883182734,0.025780213449521243,0.0077441913901756575,0.005933453805579448,0.02302877073608232,0.001664612433263832,0.01992540677463182,0.006588966880442448,0.005938074631465721
2022-09-09,0.018664811246356678,0.008334409942904818,0.015313077480757152,0.008777765449610097,0.00558865945986712,0.00479463584710017,0.022716863277042688,0.02798226549876336,0.01515601498121106,0.0208712925006743
2022-09-12,0.037784901721584475,0.00940059919228597,0.003939286027688648,0.0136705610773915,0.011314528852863673,0.011762334981382473,0.008247232376587364,0.00816839173561196,0.010528651483995635,0.012642389768791437
2022-09-13,-0.05763947971348608,-0.03667192912101467,-0.03745299758400973,-0.05061291103222412,-0.02644487591870236,-0.035366936471078386,-0.05065529907280218,-0.08868374734966351,-0.03940543961689492,-0.043748218753435014
2022-09-14,0.009510295552591244,-0.0038311843553187385,-0.011700780685888007,-0.0034065071415504363,0.00345174335190112,-0.0023222692796709783,0.0009123274604099768,-0.00022864229827732722,0.003381289078844715,0.007374542322497632
2022-09-15,-0.019111395894610392,0.0187196886287244,0.00020648637395672063,-0.015358188448435983,-0.017379388511338214,0.014958061420411551,-0.02749368996583105,-0.015274375902393202,-0.011382272168149512,-0.014379677825398337
2022-09-16,-0.011020424408692326,-0.01136565033689114,-0.006835940952009948,0.00023089023989805558,0.014084745230962533,-0.006724870474680749,-0.0026115154957506714,0.02059240850544608,-0.007208049775663175,-0.009039759166689318
2022-09-19,0.024773289041084466,0.016567648591659507,0.002698541205300224,0.0,0.003607804653116626,0.009182331760500097,-0.0008995473631406692,0.013845146769278564,0.006833697724705768,0.007537568475374207
2022-09-20,0.0155440197333382,-0.015103345399350567,-0.020735953397527967,-0.016768062827754473,-0.01125859801948031,-0.019916355329123208,-0.008501493317978531,-0.015513337862310073,-0.011336114736600402,-0.00957928879738599
2022-09-21,-0.020475789601226584,-0.0303051992943472,-0.019662835182621567,-0.023525005124304412,-0.010906453536298637,-0.029259245085709654,-0.014541182058598837,0.006430359160834326,-0.01726467409850635,-0.018093423749759585
2022-09-22,-0.006395652455697304,-0.01980265514476257,-0.016320688783798155,-0.010635895293499646,0.003037072268133099,-0.011444117057774102,0.00845968483756223,-0.05423080379939916,-0.008463293830453985,-0.013764372142429614
2022-09-23,-0.015239360481422728,-0.023977408338056037,-0.02938783130606676,-0.011978954920723572,-0.020966755854035273,-0.018788570201040775,-0.012779518759510602,-0.0035887773885623377,-0.017382828767330778,-0.01813427828946782
2022-09-26,0.0022579375776142097,-0.022308245895078297,-0.029113717767752484,-0.00196960048227116,-0.005720777874007546,-0.021767126271479836,-0.001977464992951999,-0.02327939786549039,-0.010394360890280502,-0.005999761136317181
2022-09-27,0.006544602641562615,-0.014935476507528462,-0.009348020721500533,-0.0014794358171428608,-0.002215599174977644,-0.008841462243123025,-0.004389385857278535,0.01501590733033719,-0.0021226109548247284,0.002457431170192182
2022-09-28,-0.012732344758284714,0.0162238209943626,0.018840033005665023,0.02003481167132455,0.008343642736956213,0.02001558650616657,0.019519784254604645,0.025688262739058883,0.019481144181152356,0.020304909534442923
2022-09-29,-0.0503663528135749,-0.013283958743925262,-0.02354686466553722,-0.018801639469945917,-0.009247602511383008,-0.01709111061952339,-0.014919726796493348,-0.04135870877575397,-0.0213527948230975,-0.028835604632119892
2022-09-30,-0.030499710881370004,-0.015116806895655612,-0.0171311767906787,-0.014149488159740932,-0.023458052844514275,-0.015760342410335245,-0.019558507868237075,-0.006650569478769171,-0.0151813515462093,-0.01519183366148024
2022-10-03,0.030288812749677173,0.029044248494389215,0.0211335936293254,0.03174093838698511,0.022471047354592898,0.03044114879684813,0.03310853971901285,0.030264935474961605,0.02555457753093017,0.02242242617762695
2022-10-04,0.02530061122459545,0.040654723407678006,0.042549491220041535,0.022000072921594904,0.03230921712938518,0.045722237621355535,0.03325322312152036,0.05102541587946419,0.030125341416799834,0.03283153170340019
2022-10-05,0.0020511059634048816,-0.014308171323699256,-0.012917860591900053,0.004056989366994991,0.001910438546232756,-0.012423622886105901,0.0012847630976451766,0.0031846209490518354,-0.0020199875589381176,-0.002487835178764641
2022-10-06,-0.00664757285802404,-0.014516003864719462,-0.01795224570247669,-0.01125630414989479,-0.028311611606805526,-0.020592925021669276,-0.009717999205491453,-0.005998603186300176,-0.010297922911395202,-0.006779816291948933
2022-10-07,-0.03740970526204484,-0.022826881493876197,-0.02041130458227044,-0.030568344438878483,-0.028294848119734203,-0.020176286353710233,-0.05065529907280218,-0.08367961144709538,-0.028403196531478058,-0.038752413996293464
2022-10-10,0.0023528878934061547,-0.0029311083241166003,-0.014083148541638264,-0.009481413850705677,-0.00904592565986657,-0.009385345241914545,-0.02153320080639397,-0.03419861384768111,-0.007520673133652772,-0.010408528350005655
2022-10-11,-0.010307871003619172,-0.029457649200737564,-0.02803340920722965,-0.007801396700602315,0.00042449141968500413,-0.029284609093459004,-0.016892248189402912,-0.007224003957914249,-0.006540518412323781,-0.011055776136494085
2022-10-12,-0.004615866640455423,0.003018674343987555,0.009595294487196943,-0.00786316609818553,-0.0019544214695018164,0.016053286960507323,0.0015073958687065042,-0.0074503876660855116,-0.0032961996501662937,-0.0008723019131725166
2022-10-13,0.033060462159235894,0.05948143808825439,0.0503748300245506,0.03355330956846239,0.03526427842614349,0.054102910412157666,0.03691805312709045,0.03922059165014118,0.025634259307631132,0.022031464294424444
2022-10-14,-0.03277129630521419,0.000315366054623315,0.006498001651879099,-0.010147426905462553,-0.014473147714975947,0.01650377900319151,-0.024547721860560954,-0.06324607294436341,-0.023947120744528417,-0.03126170660055093
2022-10-17,0.028706887665605696,0.05880436866468179,0.008292934782945073,0.02699556594988799,0.012253756882269626,0.04114217741891149,0.038495357848399664,0.05720771750656328,0.026135524557561848,0.03376107261934901
2022-10-18,0.009365171963056656,0.03679280023797934,0.012765264825324278,0.011794583663031797,0.011617533915096831,0.025395513852060937,0.004075342105594154,0.006623637450309849,0.011362768207087462,0.009007864366329112
2022-10-19,0.0007653667245849637,-0.027909175139371186,-0.018516906772900098,0.0021512677665139084,-0.003503712720546397,-0.019801033262546595,-0.008505636473266983,0.006994573154077874,-0.006694455239684375,-0.008566780573424134
2022-10-20,-0.003272661127820178,-0.006506856535556611,-0.009738005443616209,-0.00406736509279766,0.046178515906003546,-0.0032669806119657754,-0.001396498804784303,0.011796646050067288,-0.007982686738766696,-0.006167555944960749
2022-10-21,0.02669924050192412,0.03642078550004774,0.03074321716057279,0.025797123666014023,0.012393771961523399,0.051194419178766576,0.02496629007014224,0.02206071106507284,0.023447759860447268,0.022807498993816972
2022-10-24,0.014694306328294892,0.0034276800519022796,0.003383337909562789,0.017142073973001187,0.021250493214835735,0.0012263509077791491,0.0209666406881947,0.010612520733499307,0.011811940205111494,0.00851730981750136
2022-10-25,0.01915300466340972,0.009082919371301106,0.020283907464147086,0.018658156277661823,0.0018071438100754054,0.0026114564397633645,0.013697335380620708,0.05121001037480967,0.01613577001587496,0.022257398126483773
2022-10-26,-0.019822291035945502,0.008721390641877285,0.0019838531300532423,0.0004505248776319034,0.015526131855379682,0.011425832982887409,-0.05065529907280218,-0.027910281007000364,-0.007415140398989885,-0.02058067654541453
2022-10-27,-0.030938985217240467,0.004750472403137877,0.0006604107455057012,0.0009010098574453887,-0.0017791482632693212,0.003940417367829213,-0.019953819122905957,0.02147992184616607,-0.006101185053184453,-0.016387344940021444
2022-10-28,0.060423278532773524,0.008605649769351593,0.015070585660416276,0.027094800416088884,0.027372999736168756,0.0118079479537946,0.039432661911544306,0.04873231567276268,0.024328036770856338,0.02829862951147536
2022-10-31,-0.015530541425640193,-0.0038771719637316856,-0.0058699607941936315,-0.004612032661794352,-0.00158963464035081,-0.0015875674589086613,-0.015983296504742752,-0.024661854893068533,-0.007482327030336412,-0.010348367330187258
2022-11-01,-0.0176983498439271,0.004429679530124306,0.007819295756006274,0.0006602184462431792,-0.0006511230808750456,0.017872473623446673,-0.01720668593809093,0.003402211057387457,-0.0041096637203590055,-0.008894503653947118
2022-11-02,-0.03801856565805672,-0.0030432157349251387,-0.014602170971432524,-0.019771977740340455,-0.009962318900803773,-0.009250719351547913,-0.036008924731306506,-0.024214570251434427,-0.025319843737482882,-0.034188592836237104
2022-11-03,-0.043330294999577613,-0.005557075558403951,-0.021525109207782042,-0.01628604675705872,-0.01739823788324218,0.0018098869695562694,-0.026938531072774576,0.015165406004388867,-0.010642422531956597,-0.017430155557210118
2022-11-04,-0.0019494256904440932,0.0247670253995208,0.023767857794897523,0.015163733977801653,0.01834774045383484,0.026990933072572845,0.032782375556970667,0.053317988864230205,0.013526823285563951,0.012711128973822672
2022-11-07,0.0038949468102236645,0.005962027262534496,0.013207193084509496,0.0006737088777783557,0.010025330140918285,0.005266018940328063,0.02884939579021019,0.010190860032962318,0.00956806167935914,0.00848584076023989
2022-11-08,0.004165981344453459,0.0026984808895257006,0.008492167733845275,0.0013458689177878052,0.012214017019221566,0.0006089383857709985,0.0043789456145702345,0.02082897036674396,0.005582282828760321,0.004879982105508411
2022-11-09,-0.033752944274327845,-0.016026548120632204,-0.016615839466267265,-0.015816068593399752,-0.007252506776749498,-0.013093978710888016,-0.01923392078846272,-0.05823045914005927,-0.020996784712303443,-0.025088409273188356
2022-11-10,0.060423278532773524,0.043141479212509035,0.06528210123211568,0.039080672333992886,0.027566036030684773,0.04033459936556441,0.05778392175994012,0.09380984871442556,0.033434479226047135,0.038614096639444526
2022-11-11,0.019085487017167033,0.007316594871695819,0.03590284722406338,-0.01923783115540129,0.013643134169105068,0.001627512879245649,0.01685444990605391,0.03597984247356309,0.009198312304769028,0.018646099622218023
2022-11-14,-0.009531223477164714,-0.017067801314252718,-0.02358727823959576,-0.0011169851385773326,0.0071684490355829805,-0.010326670626200513,-0.02275694672851495,-0.001961780330865856,-0.008975940544918012,-0.011289009113619023
2022-11-15,0.011799818534745495,-0.001590091830633043,0.00020377104461185647,0.0035698945072689006,0.0009705672979223072,-0.007269976681126221,0.0017370655427462402,0.022512406895156815,0.008675376414669186,0.014382255551813614
2022-11-16,-0.008366129911669108,-0.009059566837879904,-0.013552346471731501,-0.011423636704036233,0.00124618279029047,0.001352927754541643,0.0018218295007776436,-0.04642289394571592,-0.008286283111873759,-0.01550465403623706
2022-11-17,0.012887938589203597,-0.005098601281212346,-0.0024841122614106285,0.048371633793408024,0.010805229959007902,-0.0043664274781642105,-0.00020672766158547667,-0.014753160534236701,-0.0030941046442292835,-0.003466424155320649
2022-11-18,0.0037748068416149296,0.0005379088140656519,0.008461632569380607,0.02543079398624039,0.010553519597592858,0.009760404074310879,-0.0019051514641692637,-0.017242939136828967,0.00474729564815821,9.865940625549977e-05
2022-11-21,-0.021918720655203183,0.0032215032176231115,0.004510991201101189,-0.003563913912226467,-0.006523386152533697,-0.005919779937685737,0.003434793907592295,-0.005988400694479825,-0.003891249800275618,-0.0109650790379792
2022-11-22,0.014554763009629402,0.004813047005692196,0.00916409633728763,0.015833998985161257,0.016363962604761566,0.014845953378590083,0.012236380459989487,0.04599745064935144,0.01348860626982839,0.01350540202677874
2022-11-23,0.00590876934368275,0.0031956531661722323,-0.022343696532076594,0.003919503258090681,-0.0023500834421931213,0.010607092929604463,0.010353180751767985,0.029550438174886385,0.0058972660417383116,0.00987643711527507
2022-11-25,-0.0197881542904435,0.0023900559155391114,0.0010358776347392544,-0.0035063187882265223,-0.0025579839681736135,0.0019030505450816388,-0.0003637134940173394,-0.015188433968590064,-0.0002830842622024787,-0.005238178049141875
2022-11-28,-0.026615282047927343,-0.02253285467418516,-0.022195323228853633,-0.006633364463880586,-0.01487029570574793,-0.017632863892390657,-0.023424707465593258,-0.02760547601594286,-0.015564696794064813,-0.01587943766302241
2022-11-29,-0.02137519001649274,0.003790628040799217,0.0071729251198953395,0.004150908278045672,0.002118470812359589,0.01631553360660594,-0.005932432682568978,-0.011949491442894535,-0.0015931337016243704,-0.005965514044760644
2022-11-30,0.04745033190409807,0.02271289180137456,0.017504010907721003,0.029389899100563926,0.016317597637581983,0.011793241841971126,0.05778392175994012,0.07916172773591981,0.030478643521294944,0.038614096639444526
2022-12-01,0.0018897386790623467,-0.029120105467336045,-0.013099132931063783,0.005015573470115048,0.0017447707320872984,-0.01413903639638528,-0.0017654878578868356,0.012449551434238742,-0.0008680098296065889,0.0012592517444334579
2022-12-02,-0.0033772076407112476,-0.012942499922650593,-0.011366037150617753,-0.0054178709318752375,-0.003290825930965455,-0.00795892745082169,0.001294901423396789,-0.015230711100047157,-0.001195374663761461,-0.0018262069919628943
2022-12-05,-0.008014953534291986,-0.04564928655515555,-0.03445645971891927,-0.007472570427629571,-0.008510901860671183,-0.028441593587624662,-0.019081398330516107,-0.01588763609079495,-0.01805624963097222,-0.019520048171959785
2022-12-06,-0.025697745167660355,-0.04358203834563142,-0.014566717689951368,-0.015114687742927582,0.0006103379599530624,0.0016735630649026118,-0.020512562596363054,-0.03822905816266154,-0.014503869422986057,-0.020225582696421822
2022-12-07,-0.013880544677124506,-0.007909932838801086,-0.006915902757509495,-0.00847381858458133,-0.001560623737590538,-0.0006842894742654127,-0.0030645163710235307,0.008285057453479088,-0.001864107253381664,-0.0051280062305779995
2022-12-08,0.012059668399501948,-0.009205414656959007,0.00044775138391211795,0.016672479231272866,0.0034571001366218313,0.010439664010255235,0.012323027193543843,0.06304459415496427,0.007493634413933237,0.011202214770523496
2022-12-09,-0.0034410343054633494,-0.0018510894037143018,0.003796856204951342,-0.010877583558603144,-0.004952015447766216,-0.0054331134422763916,-0.008035469678293139,-0.009833253174243349,-0.0073767194642132125,-0.007006975173162702
2022-12-12,0.016257496160443332,0.010751020377714983,0.020082188839640896,0.017185288313847198,0.014582201906208316,0.015392277227101334,0.028479798776927145,0.03092659531294592,0.01417830729965003,0.01256273102490969
2022-12-13,0.006759425071102279,0.0006109377670325652,0.01775732750459988,0.006872858819814124,0.009073373316728625,-0.0009691645994671984,0.01731398299534411,0.0301650578662023,0.007263223255457212,0.010095314375200275
2022-12-14,-0.015657952902489204,-0.014455065187741688,-0.013179521101842487,-0.006872858819814148,-0.0047266336158480375,-0.005009344140380568,0.0011670843053202815,-0.022269358460067792,-0.006071116623835963,-0.0076619845282555905
2022-12-15,-0.04798740064431029,-0.015925406531078802,-0.03002437770367569,-0.0236027685855809,-0.05134270584228373,-0.02512368484976612,-0.032438818405642625,-0.04170907271233667,-0.02523747790182607,-0.032790571723822604
2022-12-16,-0.014685824398074839,-0.0022058347956250535,-0.006069613239110505,-0.007086557240175452,-0.01557445834857682,-0.006245642119249313,-0.017500908851848858,-0.022731548478512394,-0.011200239946011676,-0.00977144865649901
2022-12-19,-0.01603780779807345,0.011292410101190361,-0.009515058790087724,-0.008612485092461951,-0.009246384327469305,0.0059379961779580485,-0.017480069471535253,-0.019315054407614468,-0.0090483289411038,-0.014999724050845452
2022-12-20,-0.0005289654428424147,0.004046831147092865,-0.002735524809265412,-0.0006330993925639878,0.017205739827725088,0.004832258768711633,0.00559892734622043,-0.01045184535480314,0.001036800697890769,0.00010241036601868933
2022-12-21,0.023530595608357602,0.015107499198197262,0.022569454116910265,0.006103029706929452,0.006068587821067677,0.011185303535092152,0.010817988948521876,0.025533796351257264,0.014758548669054294,0.015267148063893234
2022-12-22,-0.024059606295060144,-0.008913542523445972,-0.018468870281149942,-0.00715905722515265,-0.00890400905083877,-0.011414749370458842,-0.02586037501175259,-0.07302220462342834,-0.014557142498145655,-0.02202067762285652
2022-12-23,-0.0028020010384774857,0.0024668545182318516,0.006118742738716694,0.0033754941357660826,0.005450739876299071,0.0047339314302741325,0.0022645426024036843,-0.008708428352893035,0.005850952271915072,0.002073067836914703
2022-12-27,-0.013975514591099348,0.0018459631844738858,0.002932919564287878,0.0010523822248128115,0.005421008650848929,0.0034976639980497898,-0.0074416708410716395,-0.07402718570453364,-0.004057844034659477,-0.013872866760853782
2022-12-28,-0.03116609310019594,0.007350919292678857,0.005167950699698726,-0.009725254046241033,-0.016994532535338176,0.005450388313126173,-0.010308020753456196,-0.0060375009706761665,-0.012093470442948605,-0.013608776395688324
2022-12-29,0.027930393922409872,0.011227367564490408,0.012029621198230771,0.009093975344884748,0.007399859168620277,0.005721220128633419,0.027254913838369046,0.039601495464310896,0.01731063431499432,0.02559657826242276
2022-12-30,0.0024660787826618945,-0.0006038089381957039,0.0015487969831912936,0.0029430349718011306,-0.0012058865085445166,0.006583726371356305,-0.004949648334114083,0.0007530017129700775,-0.002543975646110833,-0.0011085809845445226
2023-01-03,-0.038122208044017586,0.011706645475478927,0.012086579533121007,0.006277450127895364,0.004673390805916263,0.0075775844062847065,-0.0010012999927534651,-0.020672158409954774,-0.004008572481273608,-0.007624670589333624
2023-01-04,0.010261390895614531,0.0186259538981351,0.02544885735790668,-0.00021022182167623887,0.007390565057527145,0.009282144746197103,-0.044728887195497884,0.029867343837905333,0.007510694562138916,0.00688673846632065
2023-01-05,-0.01066135694788711,-0.0020526096502304107,-0.004481875533646555,-0.01419050522819149,-0.010503975392706375,-0.00022175756891794837,-0.03008586918191316,-0.033366260184163304,-0.011713869136457158,-0.014787355875258205
2023-01-06,0.03613331600105277,0.009930057226150943,0.011907347050878021,0.030254312792498437,0.018188271313140315,0.01895489171474506,0.011716549657510135,0.04079687087615843,0.02258383558903089,0.025300103602832746
2023-01-09,0.004080669486217736,-0.015227184731899985,0.004850026105121171,0.005366278082141272,-0.0010444562498712392,-0.00414091426850614,0.009689269458076763,0.05045829437508804,-0.0007679273259905782,0.006258972376728372
2023-01-10,0.004446553217227129,0.0067637419833882755,0.013579962715983737,0.004723373693097629,0.00867021332406604,0.008914173125580054,0.007588260556853719,0.01782107447973311,0.006953997970593733,0.010008324692010259
2023-01-11,0.02089236120709858,0.007591222206161795,0.010732769683880995,0.008161492438285537,0.003171931752932228,0.00740389860118233,0.02978994154775463,0.00576592659290408,0.012767571192293676,0.01744414670411872
2023-01-12,-0.0005995473806311007,0.002614503662905032,0.0077710402506906105,-0.004276592044245356,0.0019940687500350197,-0.0010032507082011293,0.011554481448554681,0.03137554162368286,0.0034100849120427303,0.006331158435483053
2023-01-13,0.010068318200861863,0.021808448556591586,0.01676649748106672,-0.002451869291961004,0.002333241064616104,0.024921660991252887,0.0030142742005254126,0.02322788167054689,0.003988892144656051,0.007070647983038121
2023-01-17,0.008718093391620168,-0.020359082760099283,0.007782062376648031,-0.01650197417345246,-0.004809847523385112,-0.01557413383635772,0.004670726106213731,0.046422970832612834,-0.002032555430996314,0.0014386221235826455
2023-01-18,-0.005384388909850035,-0.023447875440013987,-0.017646304166202692,-0.02484852606973764,-0.033476176386033334,-0.03050307990223998,-0.019069831065257597,-0.018529825337347247,-0.01568496697774467,-0.012525089706512879
2023-01-19,0.0004437089527997021,-0.014637876131236786,-0.0012145628641098544,-0.009426075362327292,0.0014942955902817875,-0.013416189355892331,-0.016590791731928085,-0.035854346175249276,-0.007667671901812428,-0.009605181191135558
2023-01-20,0.01903866692326024,0.018485807542601127,0.03424563331447522,0.006864102252872661,0.004116098020700989,0.0024460065758160504,0.0351195887414913,0.06209348668205525,0.01874167355235196,0.02620657384427968
2023-01-23,0.02322840511126779,0.013789226296953021,0.01727043559137651,0.01527385873853774,0.004663337999329775,0.016082805894023246,0.009776400539398425,0.07315886196615468,0.011811315951328555,0.019905750591514202
2023-01-24,0.010012662973259024,0.0072582876051721585,-0.010831913123154072,0.00650506470769234,-0.002611320205312814,0.008559262596852048,-0.0022285617590749166,0.003744244835998768,-0.0007117563642918193,-0.002655717700738095
2023-01-25,-0.004711812858329473,0.008640312842566432,0.009291744733731445,0.0035495384644813363,-0.005172974028490824,0.004827625490069284,-0.005925613975729105,0.003006089885916248,-0.00018174157346566321,-0.0018464789239743867
2023-01-26,0.014694743838288681,0.013388795212540449,0.005572004474954141,0.007474857373532332,-0.045864009322260174,0.006162730266620451,0.030251255211831914,0.0244869272505415,0.010947708029114303,0.01744123822265746
2023-01-27,0.013591436494040224,0.003107905968029582,-0.006343144833085494,0.0035106040061129613,-0.00044632786373678045,0.002425958272620875,0.0006451109915176761,0.028034823039830823,0.002491734021703855,0.00944929977086366
2023-01-30,-0.020282226729502313,-0.004240409722934625,-0.0021233544491329297,-0.00599590466256742,0.006748412084041911,-0.008516609280431143,-0.02220648325545237,-0.060888573402724425,-0.013053569315292663,-0.01980470954087739
2023-01-31,0.008980583400181898,0.005086197099602146,0.009041151159168998,0.009288756929689092,-0.004221658770862639,0.005947833342080948,0.020794959936425248,0.019380940197495353,0.014536304416419527,0.016602109174695578
2023-02-01,0.007869687115260005,0.012324862347081316,-0.0013414233513189596,-0.002056428508747872,0.0026683701147325197,-0.0026473460847495638,0.019738705450339376,0.06949438756886078,0.01039805629688473,0.019809356293377177
2023-02-02,0.0363920101823296,0.005829653532235192,0.0013414233513189503,0.015323526181998209,0.009577359481529579,-0.004667208430542222,0.045818347177757145,0.03592243597226743,0.014592384626854379,0.03202153497663688
2023-02-03,0.024107272122548293,0.008268612543975758,-0.014806459813339636,-0.014089144504450873,0.004024356236911421,0.015355793740790893,-0.02390381476188784,-0.028453923362585818,-0.010408592637285455,-0.016017523139294224
2023-02-06,-0.018091459454723284,-0.0016481243083207675,-0.00176801686575073,-0.022038083003044523,-0.005565348149357787,0.005865333758966385,-0.006134839044104708,-0.0005214283230334595,-0.006159393193939262,-0.010002426875040582
2023-02-07,0.01906182795664766,0.010938045049091892,0.005294866918309876,0.005659470117288482,-0.002499561744734751,0.012116551739119739,0.04116319059404207,0.050123736561471795,0.012790364037397075,0.018861238124653547
2023-02-08,-0.017810594651119324,-0.007370040599731453,0.00039086520731546184,-0.018565835680950278,0.0010297605097388935,-0.007055916622404332,-0.003106741719113643,0.0014419823109769485,-0.011142573012411353,-0.016922472471223922
2023-02-09,-0.006935385819918049,-0.021601405257179285,-0.023139454300754616,-0.004909731538501849,-0.0043269280249472655,-0.015686026723933044,-0.011728405332659774,0.005927215260216369,-0.008869009831037385,-0.010205906715695953
2023-02-10,0.002453170657372412,-0.003926959274342083,0.0025976602181000136,0.011277753642252015,0.01373698780432152,0.004405318209590897,-0.0019745201866076052,-0.04918199336591758,0.0021928557092171274,-0.006079725405594646
2023-02-13,0.018632294563557132,0.0019652317269601436,0.01760498921157328,0.012616014248750813,0.012823055377121167,0.010789851963286114,0.03076497092391248,0.02429641703222447,0.011383569951155146,0.014711877608285125
2023-02-14,-0.004233900732472422,-0.0008418696887084197,0.0118898238977987,-0.0033486741595509005,-0.00980402698420622,0.004408944176560118,0.003127840405154713,0.05287349162499135,-0.0002804538554937624,0.0057320735760145345
2023-02-15,0.013807364760557226,-0.001686103238368062,0.004060844279610964,0.0156008436821957,0.00286324110030817,0.004181435131425653,-0.008025105643572103,-0.009052126270541874,0.002769337533076689,0.009191579584130886
2023-02-16,-0.010484087850150816,-0.007904833134942191,-0.006971517782406636,0.051097322592121824,-0.010316743144405813,-0.013864915036682239,-0.026983432967839262,-0.03404683165038283,-0.013884689204881605,-0.01795216618546027
2023-02-17,-0.0075753829394601116,0.001981926575854419,-0.0007776677259584778,-0.004324128939531586,0.00014803209155800923,0.0029571806864891904,-0.015724656547943795,-0.028303503044555856,-0.0027712421722827342,-0.005799640502461699
2023-02-21,-0.027042090506547038,-0.023759367546885804,-0.031209153135461902,-0.0215019227988285,-0.024820276349257996,-0.018519616854131053,-0.021107985529652037,-0.0348725881244132,-0.020244783973471698,-0.02534286690877158
2023-02-22,0.0028918810328788895,-0.006685105009483475,0.004004707735825673,-0.007676602873364075,-0.005634401306868229,-0.007692517735307346,-0.004601504453206962,0.0047816301068656164,-0.0015747954856433837,0.0012844273358689376
2023-02-23,0.0032850798815582407,-0.0008752133856935056,0.0067715381372222255,-0.00203021932626422,-0.0013753718861062782,0.007978925495955863,0.012878503742763697,0.09380984871442556,0.005315278263237728,0.007215546735655383
2023-02-24,-0.01816917192713528,-0.0014607388728898583,-0.0039776274910602585,-0.014945452483449912,-0.0016832205762369293,0.008980753085969762,-0.02202517070089336,-0.016102789124891093,-0.010593464619774184,-0.017007768044265258
2023-02-27,0.00821360998391637,0.0,0.0057625585906920735,0.005143654949056728,-0.0006130385518982929,0.008689912452873224,0.0037646957248116688,0.009190896059950295,0.0030682925395522777,0.006302206872446652
2023-02-28,-0.003453899244327094,0.0026275401862086056,0.004349482048926846,-0.006382030684014808,-0.009161304223067728,0.00833595672918203,-0.0029625328559295017,-0.012201456498906358,-0.0030406198309477117,-0.0009981826067956556
2023-03-01,-0.014348493726164244,-0.004675579411109732,0.015853225268592702,-0.0016537871861993757,-0.008621785816788363,-0.0055963966324923614,-0.01270974071388666,-0.022564876010124354,-0.004736464203492832,-0.0066616845443599765
2023-03-02,0.004120772404818752,-0.012757995050845228,-0.0019437919230155642,0.00392294382523182,0.005755910521206482,-0.010436701269436122,0.019462684995836692,0.026777357008264054,0.0075535937311959735,0.007310978633510221
2023-03-03,0.03448857883016953,0.01980842254893883,0.018313807153322616,0.015336147618935135,0.005492013155304898,0.01819339001364297,0.016508954662230468,0.024405891703987895,0.01601874917648306,0.019526310799658674
2023-03-06,0.018369413895548626,-0.0020511233083454097,-0.003252553482870081,0.002836820122060279,0.004233425983551765,-0.005864412850909462,0.006170161470268709,-0.014164367098331193,0.0006869307788483012,-0.0011358591619143247
2023-03-07,-0.0146025542955323,-0.03249647543941229,-0.021306234209296556,-0.01037311962713349,-0.015013470063615477,-0.029848588949427005,-0.010645614065106113,-0.011187598120741311,-0.015445590479262547,-0.012532243281914846
2023-03-08,0.008342348318508722,-0.013423022878209763,-0.007861723769280201,0.0040807290567176835,-0.001560561612216964,-0.005932966429766978,-0.0017722584128495,0.03762895186430787,0.0014137941356032722,0.003953027693454466
2023-03-09,-0.015026901928531402,-0.06404743288262865,-0.04190777203244885,-0.006127398029489744,-0.014869777505474696,-0.05565715444185886,-0.005454250689707459,-0.03129399887254328,-0.018631857945482354,-0.020743238713278666
2023-03-10,-0.013975850204486823,-0.00888014904716847,-0.005364148749099471,-0.005135203018964741,-0.005643797143582776,0.025078072951630875,-0.014893165012627416,-0.020301984831638455,-0.01458396943606664,-0.017748193576544505
2023-03-13,0.013178551549114173,-0.05990224201084916,-0.07223828041646976,-0.0030937929113472756,0.0010358126623230127,-0.018120605320742788,0.02121433325125952,4.360895385714236e-05,-0.001510901840738768,0.004474281960482493
2023-03-14,0.013990938604372402,0.008730613549409067,0.05775402481830249,0.01313391427396391,-0.007433302281724658,0.025352109228788854,0.026696104044260188,0.04666058936111877,0.016342388235363665,0.02116280511977392
2023-03-15,0.0026180482309157258,-0.009432282257431562,-0.05596774879246797,0.00020370856057987363,-0.011051614655704114,-0.0483966146567223,0.01767357319938625,0.006833646267115265,-0.007005363929353597,0.0005160845538084052
2023-03-16,0.018521514607239154,0.016707427459620325,0.0176918561067116,0.0213762068169498,0.011452782879883348,0.01922769322797088,0.03973634140738697,0.05277604165725006,0.017409576249031722,0.02446896996526529
2023-03-17,-0.005468932011246428,-0.04050538970947603,-0.030491077753758998,0.0013956850269284738,-0.008132410096786884,-0.03851418901413251,0.01162649823481115,0.007178242600133207,-0.011080621273953702,-0.007432901114710537
2023-03-20,0.015364962109672156,-0.0025192995108229334,-0.0036223755079922973,0.014832493159901426,0.018027143080287966,0.010516058789946908,-0.026104461211527916,0.006779721121332011,0.008878869635940853,0.0038642609836887463
2023-03-21,0.011873476472350798,0.029821054702486433,0.02198408213038886,-0.005314223644465526,0.00498981347618842,0.026467443056525968,0.005677545999931344,0.011478117226833603,0.012898647518559103,0.01568463953485547
2023-03-22,-0.009145158962992844,-0.033792896968199246,-0.03064009568421833,-0.02416991937245225,-0.02011068030650003,-0.02615296826907232,-0.005457219676898107,0.010215381347351398,-0.016600248639842885,-0.01616268268931921
2023-03-23,0.006945375580645806,-0.02453893770282438,-0.005965952206255625,0.00544421547029658,-0.005496834964411215,-0.0026769397144807165,0.019529568419517238,0.026949502707164803,0.0029800838691824228,0.010013182146488225
2023-03-24,0.008271369842143899,0.006283553978563591,-0.007855905996706585,0.015562782643735434,0.015443089521549864,-0.015332907608519662,0.010426060010195559,-0.01526822585878731,0.005623963084303207,0.0030967804468254624
2023-03-27,-0.012369564675823737,0.04854448775065232,0.0380066347319549,0.0005939238771801352,0.03158145896004955,0.028257647654874037,-0.015046540608454948,-0.009303909478594247,0.0016455995637670831,-0.004672630457802238
2023-03-28,-0.003988464327043343,-0.013072058595299104,0.009777981034690825,-0.002972241551898456,0.00023187507728762352,0.003030515609308319,-0.004169632606773591,-0.004571282305147808,-0.0015750832883878866,-0.004493083609321649
2023-03-29,0.019597594502838458,0.019370073517969443,0.01601440996390974,0.015360581511074785,0.0028568693100014552,0.00201538100798251,0.019002461337642697,0.021501365732458127,0.014136870775046802,0.017778770369685507
2023-03-30,0.009841447653905669,-0.012989307476337072,0.002608062553736529,0.005068231828643166,-0.003785022025684735,-0.0030245327744143984,0.01254064824882106,0.014678385989920497,0.005698999199482652,0.007287463245942077
2023-03-31,0.015523014073333289,0.01054471805869897,0.017642228379322562,0.016392224806904426,0.014367948529260538,0.012043818171875397,0.014851517656247072,0.014285853788919268,0.014333327782036555,0.017201757964756384
2023-04-03,0.007672257287875813,-0.0003496325632242732,-0.003846196351737033,0.0005736619078454181,0.0073722046971833495,-0.0011518314031559334,-0.003718466496258606,0.0067455035508773966,0.003692022565802823,-0.0026594159113701617
2023-04-04,-0.0032550726057377338,-0.021566930382109245,-0.013362153945319607,-0.001927911188183646,-0.003489391061150952,-0.013458341695351955,-0.00017419654341306742,-0.018478289552976708,-0.005813839745162529,-0.005191711576206571
2023-04-05,-0.011354438789751037,-0.012225966586090065,-0.0069670651177551,0.0,0.004095014738052543,0.0014899934003443137,-0.009938518758047476,-0.02105561480293419,-0.002495481657121423,-0.010734149787020498
2023-04-06,0.0054810261307478994,0.00720977742152506,0.0019644416763794285,-0.010670426483194854,-0.012488768620892664,-0.0010977083096913535,0.02521262778679644,0.005786406469258468,0.0035727731328032467,0.007564934481418325
2023-04-10,-0.01610162124223911,0.003585674549559487,0.01428909521319703,0.0011696638697735284,0.004053004377711304,0.0032893888868901645,-0.007607946590039329,0.01984843792489943,0.0009958070170100843,-0.00029782903379337776
2023-04-11,-0.0076198564241424455,0.02718592772078111,0.014511372330785371,-0.013928665051172878,-0.004666175988781032,0.004914011358143464,-0.022929426460543995,-0.014977929292253857,-4.135333298352082e-05,-0.004352299619061479
2023-04-12,-0.004362981153982617,-0.008043476658966138,-0.005949715493709702,-0.01012618191348927,-0.01451983579936858,-0.00015542294030017253,0.0023310707830536044,-0.025120682219275183,-0.0041434563234613855,-0.008558885248078312
2023-04-13,0.033535139061004825,0.002805071922986939,0.00806628896694167,0.013675758074168086,-0.004991544913438026,0.0038058967948011164,0.022152105894063023,-0.0012085148379246775,0.013175510497831548,0.019666431354809274
2023-04-14,-0.0021160654414762985,0.033060894709344694,0.04667374093479024,-0.005131191569225591,0.0018747087904367556,0.059985415773635836,-0.01284775603395356,0.01108572925203976,-0.0020715175845779886,-0.0035241093803996698
2023-04-17,0.00012069310491762494,0.02838730847605948,0.0026195598409318225,-0.005157903852372808,-0.0025004157585932518,0.00789791393730809,0.009253158835218166,0.009077704806018189,0.0033007035826147536,0.0028211157267692354
2023-04-18,0.0074769107999554385,0.006236705896282352,0.007818096750096709,0.0005968064850459706,-0.00031290035618900187,0.01116534874935421,-0.0014902976393507909,0.02432945448926394,0.0008548548034659753,-0.0003545347648105111
2023-04-19,0.006943947399837958,-0.01649661674741136,0.00636953756006117,-0.04616986442753753,-0.011491694128434699,-0.0012740091690043498,0.0002778973393473132,0.009496841038089348,-8.426554793962826e-05,0.0003142913911959291
2023-04-20,-0.00586337850025026,-0.0053369436813574585,-0.020040915279847003,-0.030862847186981374,0.00031658369842187437,-0.0029074223654065074,-0.00814569284987682,-0.030056117426872406,-0.005970335188311131,-0.008066422335642759
2023-04-21,-0.009829005361303062,-0.0010036908827213984,-0.007518026054873062,0.00961427979872473,-0.00499819449062067,-0.0019192337970903627,-0.0012240254067889746,0.0005535374546463168,0.0009027812573008861,0.0010691514514271725
2023-04-24,0.0018766471073775035,-0.0036895624533390026,0.0,0.007625578164571888,-0.0026280899541788667,0.0013509902393027942,-0.014061091449462822,-0.0028434809540225114,0.0008512167782723126,-0.0029249512879699134
2023-04-25,-0.009480336239533087,-0.03140188373595386,-0.023316931122481413,-0.006350442102364148,0.0038996919602359557,-0.02198357636076067,-0.022793833420852547,-0.030068300109672118,-0.01593718381857645,-0.01997351518151025
2023-04-26,-6.111924091424623e-05,-0.013966666345504905,-0.0219509546087932,-0.011748546418691141,-0.00031763048065830624,-0.017882470763180308,0.05778392175994012,0.02688281312685012,-0.0038485835033448754,0.004666500136623165
2023-04-27,0.02799962280235621,0.015699051656272008,0.003621146885475592,0.00042970205196142265,0.008860166306106783,0.013368772575057359,0.031525479512117496,0.009966570326226911,0.019377193402696356,0.023995446040326135
2023-04-28,0.007512950452750708,0.01340906774352926,0.01175359637833409,0.014710928458380894,-0.0044202703667789315,0.008645291440002097,0.007940147557050688,0.019027669900836156,0.008219331313243467,0.006921974836800036
2023-05-01,-0.0005309472829606548,-0.008230417239852933,0.003816763954103301,0.0019027621987639139,-0.0025346787403261874,0.021186262202914096,-0.0055483104189981034,0.04098761293071762,-0.0003861810485107871,-0.0011441030716880713
2023-05-02,-0.006210493672667429,-0.030771886149374764,-0.026811199844779306,-0.02091850640856585,-0.007402921053185906,-0.01627914455980131,-0.0004909083162834366,-0.024511088922782993,-0.011653906680571788,-0.010874782924142791
2023-05-03,-0.006488465913187764,-0.010710364811872807,-0.0071997189086573385,-0.008665808258738953,-0.01375688213060108,-0.02139055426036247,-0.0033125956506647914,-0.014568667516323457,-0.007022908054892971,-0.00457812581802915
2023-05-04,-0.00996263923846834,-0.03172563293781329,-0.0170038369845038,-0.005672997725640453,-0.0071538324729384225,-0.013772847405522776,0.0033125956506647935,-0.008669777642458026,-0.007244913455062742,-0.004912509840672809
2023-05-05,0.04585918934071977,0.02632689975541095,0.031135950004288763,0.01196311791635625,0.008772703572095284,0.019346540117158598,0.017011479214645055,0.03976194936512159,0.018306166381879797,0.022231464425657994
2023-05-08,-0.0004033904494736632,-0.0007218586556930327,0.0008630664386184325,0.0019442212830866365,-0.0020238951421248695,0.0024103587051384763,-0.006458774855839153,0.016289135221632767,0.0004520264848820656,0.0017564495567712402
2023-05-09,-0.010021282970346015,-0.0010841405882385375,0.003445559900580424,0.0028014351406388965,-0.0046931880797668,-0.004826720938484728,-0.0053601756626338246,-0.020096975233039265,-0.004589938949059595,-0.006332369330851736
2023-05-10,0.010366737344719096,-0.012368288791427269,-0.0032294331301786034,0.005151030844372597,0.006990566517624623,0.0005130933510176565,0.017148493569813395,0.010930321907557503,0.004473942241914432,0.010364437760741167
2023-05-11,0.001094237171930525,0.0025589012670983284,-0.0073597385806630005,-0.0073054696757857045,-0.009221213184781646,-0.0031555281963071614,-0.007069244672456554,-0.010685314877680265,-0.0016980648897067581,0.001791709881001504
2023-05-12,-0.00543218076467756,-0.011013199223976053,-0.012680309359796856,0.007305469675785701,0.01591875365826083,-0.014436919687555581,-0.0036828415859656983,-0.008363088776653522,-0.0015845615894390477,-0.003556586585505612
2023-05-15,-0.0029015828652880194,0.02046107012820501,0.01311479156700757,0.008314937604811355,0.004224241685141648,0.008391396656745594,0.0015846611470165372,0.021399761304815506,0.002953797680316935,0.006529020284479243
2023-05-16,0.0,-0.010543665431519758,-0.016862427707124036,-0.003829216928140243,0.0008104171319791588,-0.006751980282969533,0.0073407716142338255,0.008939939954610497,-0.006398107681917463,-0.0017937452820989302
2023-05-17,0.003596747608600649,0.04327520798709158,0.03898304212911612,0.01501910231144654,0.018060404597716656,0.03028418459116684,0.00940735293755684,0.032499369373775976,0.011820688622071574,0.0126811324585215
2023-05-18,0.013573595991296785,-0.003506467857331003,-0.014764333259121541,0.01189612734803479,0.003494081794967935,0.007555384508948496,0.01429199926750328,0.04850933050804483,0.009400723063727155,0.014948586407163582
2023-05-19,0.0006279918345661248,-0.012725427027500959,-0.014766894337836126,0.01911078469267494,0.008760425011029785,-0.002296770933644134,-0.0005652827103582935,-0.01315516976792939,-0.0014469138806754414,-0.002441297634751779
2023-05-22,-0.0054958005365820396,0.008148917947240679,0.0017485775418340055,-0.006329852808689897,0.0018841187134041543,-0.008296847315937288,0.00888181147055703,-0.002818715447940759,0.00015502267980239146,0.004955341242114324
2023-05-23,-0.015271001766897408,0.008432854157756799,0.0026172384589465336,0.0018418824040537976,0.005319160603360354,-0.010487528702367795,-0.018604051243395647,-0.015777014320795802,-0.011285468768284297,-0.012699832981432724
2023-05-24,0.0016308072837419331,-0.016937574071811675,-0.03141842364718306,-0.010275459991511538,-0.019696424626047492,-0.009193247456514573,-0.004482338853271829,-0.004899753602419647,-0.007345512678305211,-0.006076412053298278
2023-05-25,0.006669849979690228,0.0024880329348660277,-0.005861247106895729,0.012725840528709039,0.008556437159035193,0.0024351413248837645,0.037736611931136095,0.09380984871442556,0.008719456079011883,0.0169909229012292
2023-05-26,0.014006398696369346,0.004957351979714672,0.008330769783271946,0.01678691981686645,0.01666388475590341,0.009317333149774384,0.021160173210931006,0.02511630255559699,0.012964680931640788,0.02162606379505821
2023-05-30,0.010603111551840546,-0.0017676158903100413,0.0022394753989149873,0.006198064232693844,0.00456720068535006,0.0037902913694942203,-0.005059510102230313,0.02947439883567959,1.660313066576836e-05,0.0032115647140261603
2023-05-31,-0.0002818297059394933,-0.016771118011234234,-0.008537465553634521,-0.010016099031391393,-0.006897534960722285,-0.01281280552001337,-0.008550607900385563,-0.05844227139618571,-0.006127358186214099,-0.0063299664597993525
2023-06-01,0.015895211371394817,0.007588153847548598,0.011664554578992292,0.0014084111225557126,0.009520077677470274,0.013685433448784852,0.01267837811106805,0.049904526319697884,0.009806215085853812,0.012727834151334726
2023-06-02,0.004764046365382689,0.03292893453441948,0.03247319688515064,0.005613394516511164,0.019829491346923148,0.020788201551883077,0.008443431012272865,-0.011201649752205336,0.014429812390107408,0.010613598166370145
2023-06-05,-0.007599872294694862,-0.005938734084699822,-0.0017282797310380004,0.0037912872376394875,0.0016601004425898119,-0.009872875585761923,0.001608842641809851,-0.003974557965976376,-0.002005591490657713,-0.0008568008385588568
2023-06-06,-0.002062568269863183,0.023888977031760485,0.020972162036453478,-0.00799841788693962,0.0003768769652829937,0.001795831343107611,-0.0067502229377907515,-0.013286321527306336,0.002351130233850576,0.003545653830854357
2023-06-07,-0.007786447254235033,0.008516362307942688,0.016591692419720472,-0.0006024661673746541,0.012655982802173242,0.00964194259173361,-0.03135434512197938,-0.03087290012887211,-0.003819293926420617,-0.013003287629283109
2023-06-08,0.015346855439000178,-0.008516362307942794,0.0018727062190224842,-0.002010873828025635,0.0002233779546129935,0.00028435904137237,0.00579686584489774,0.027243855239276495,0.00616957160752325,0.010144490496863164
2023-06-09,0.0021573546493419645,0.001367565919821232,0.004149510897880198,-0.0004027105326761646,0.006599479116382213,0.0019877889608162585,0.004692881111314161,0.006729009703738418,0.0011474010230505239,0.001556373052427456
2023-06-12,0.01551772887706012,-0.004794579577279991,0.0031007639201003703,0.016377441426637794,0.008243956657916284,-7.091205066374997e-05,0.015365242750369351,0.018198154678512685,0.00927797498175416,0.01517785368627771
2023-06-13,-0.0026150617828255072,0.009226034230401185,0.004941344595918275,0.006319149540328667,0.008612627736729914,0.00720794113466476,0.007325836012057473,0.038263367686734794,0.006908570725908898,0.008241171164448882
2023-06-14,0.00348534372257827,-0.009569410668946102,-0.009284989087769487,0.0031446632117828974,-0.002911483194234694,-0.00373880424996128,0.009082417323024923,0.04702222148906404,0.0008190899801265841,0.003908868624796756
2023-06-15,0.011136564689219705,0.008548535825663471,0.006611465982603488,0.01885555064582817,0.008708413404159756,0.01124461752721846,0.03139847971338709,-0.008032803984023739,0.012104580493589997,0.011407918830738764
2023-06-16,-0.005877334085634692,-0.006147584447493179,-0.007648715896255238,0.002692583802395517,-0.006669644401390159,0.0011873483367979343,-0.016714694526614483,0.0009137818581876956,-0.0036783764677510893,-0.006788659887555545
2023-06-20,0.0004866877855956865,-0.011023123997889284,-0.01210866631948136,-0.01003695673829367,-0.011117391976883259,-0.0051086954225588585,-0.012581343153969065,0.025804822322250214,-0.004746353835236048,-0.0016288622361871976
2023-06-21,-0.005691498339306816,-0.010445722067282505,-0.004209598205955668,-0.013672188135903488,-0.016837139330574787,-0.001474421220195712,-0.01337100531682153,-0.01757019463331756,-0.005259086366925201,-0.012152740014743075
2023-06-22,0.016390189659990142,-0.02158243511478029,-0.016589154407577533,0.00529573464365064,-0.019029538570495632,-0.01943995188723126,0.01826954381120422,-0.0004649435124110086,0.0037039303873345254,0.009465375122207966
2023-06-23,-0.0017126477448212835,-0.0075391193873600194,-0.01316787108010956,-0.01557441491955764,-0.013354133459905257,-0.00524385567551298,-0.013902020699959374,-0.019147640531025873,-0.007688288056502158,-0.010182601644694407
2023-06-26,-0.007581682656353466,0.012177865468636622,0.004769348925449977,-0.00238709506185287,0.014649370067734225,0.002445554631228822,-0.019349028662250217,-0.0380776892612704,-0.004496934363132171,-0.011684753957263528
2023-06-27,0.014946796447077769,0.005325780217837266,0.003453849772842398,0.012862601722813317,0.00758499679541149,7.195153638709338e-05,0.018004993733740204,0.030156930300067553,0.01139073352418076,0.016354235105267578
2023-06-28,0.006307780342690477,-0.006038017478666216,-0.003670493195184721,0.00019654321936203885,-0.0043923695496912475,-0.004391943479990358,0.003818361849137393,-0.018291261722283098,-0.0003541393883898215,0.002658086806941778
2023-06-29,0.0017951022296618933,0.020801108546424297,0.001297247790773805,0.006661530918126243,0.017305384233950963,0.03432741564071756,-0.002384906890583769,-0.007200592393883286,0.00446356811449,-3.089582739162327e-05
2023-06-30,0.022839809464421736,0.0010460802150623048,-0.005415376778101122,0.01029633670419688,-0.0018665171509585224,0.013916646661270349,0.016252900824665958,0.03561351143844799,0.0121943502618858,0.014360745624171794
2023-07-03,-0.007815390761996385,0.017620066322203854,0.015089616685416177,0.0015449614913673178,-0.001046823676035449,0.008012314077047682,-0.007516376670438512,0.0026202452689849075,0.0011699930926736418,0.002090197024492344
2023-07-05,-0.00588866772103884,-0.004118049441588443,0.001282832139065884,0.0015542378439591458,0.004255429827833043,-0.006684036206160217,0.0004733954922339052,-0.002265851809494622,-0.0019702580976127164,-0.0018196729568232474
2023-07-06,0.0025056636450270864,-0.02789571383040594,-0.030811727891923966,-0.007795780937896596,-0.015616283657263998,-0.009936011412229813,0.009184457475853617,-0.005069922946308264,-0.007954061175894762,-0.008198627743426367
2023-07-07,-0.0059088442031276665,0.008801338085626819,0.007901821814386074,-0.00235049757923523,-0.0006054651331333632,0.00785985738196585,-0.011938519420168724,0.009455509887307959,-0.002869212795733482,-0.0013401957734218836
2023-07-10,-0.010914914861828278,0.0045462786491012935,-0.0015316036260211144,0.008008708180041799,0.0061893079169287315,0.005595764678863971,-0.01611292925905904,-0.007628317506024419,0.002402138610626312,0.001810909653066109
2023-07-11,-0.002814161741041899,0.012482801768662389,0.018655580115996967,0.013910306782633667,0.011520902352035919,0.015518000590698374,0.0019270502592338417,0.005319949849359805,0.006719583998254874,0.005481266469092892
2023-07-12,0.008945441146214976,0.011647876462338558,0.018102883296731778,-0.02683420172532905,-0.011972596070391618,0.004939780887688107,0.014126588393385509,0.03469372839049921,0.007383905235389679,0.011435219167263116
2023-07-13,0.004049248045143944,0.010503275543946488,0.006311884834118508,0.01544966754490481,0.008097112269485306,0.004848249065200664,0.01606249345919699,0.04618146326029745,0.008434482989627111,0.015654609250178142
2023-07-14,0.00078704905813165,-0.01905466509460051,-0.041320056621900705,-0.022569770721974008,-0.00389037262161508,0.006027009135162806,0.007501006329168427,-0.01111047677907448,-0.001024932196907484,-0.0017605752149814633
2023-07-17,0.017157393745022186,0.009912834423509294,0.011085687004577344,0.00849874712094239,0.006277394943953962,0.023818090007392875,0.0014185505134945466,0.021582291021263484,0.0038479695744204137,0.00925650095096097
2023-07-18,-0.0013411915770972056,0.043268051322678164,0.016295308875234456,0.008427528077213753,0.008308283485269378,0.0018238153416751243,0.03902799803808765,0.021990119777213546,0.007092066941428338,0.00760107243221098
2023-07-19,0.007046889140828726,0.02667687431856902,0.010577822408462976,0.02295843461408613,0.0008861282969633475,0.003832316390060942,-0.012343272546604814,-0.008818544852963387,0.002355134827233639,0.0003050943743141468
2023-07-20,-0.010148712040492872,0.00506166905297029,-0.002317600062237707,-0.0011451269987477752,0.021179730337056803,0.01224223153411068,-0.02339305605378486,-0.03363288062470319,-0.006779827396257691,-0.020739390705699568
2023-07-21,-0.006180744189468578,0.009109458048518254,-0.007622330636706891,0.004952435310833724,0.004038602671012967,-0.007714485920412107,-0.008977167452815257,-0.02696413228453014,0.0003240420146130911,-0.0021711192088946715
2023-07-24,0.004211249578229845,0.020734232734560296,0.012881454966985615,0.009078783236833504,0.004309094085795873,0.019492695702686646,0.0038904514912007524,0.006815134295080629,0.004026038496874852,0.0018553931015154322
2023-07-25,0.004503538917950872,-0.015432429523167932,-0.012031684324403664,0.009183839740489544,0.005645478255602591,-0.00749642684878871,0.016865932533747498,0.023635810234680605,0.0028107195758387046,0.006076545848761675
2023-07-26,0.004534580227447152,0.008054477791820613,0.008458579530625667,-0.007114867188587685,0.005259485563232996,0.0059760193831946236,-0.03836416014131892,-0.004981766790412466,-0.00015545097867591856,-0.0012223682025672969
2023-07-27,-0.00660262118360604,-0.014294822013695918,0.00817854110858031,-0.004142234627664556,0.013378517846720527,-0.01109063239788988,-0.02109294367782045,0.009808361771597081,-0.006445393055197076,-0.005477449338194084
2023-07-28,0.013417408438303208,-0.001566109200958181,-0.009864560645080943,-0.017319000109867543,0.003351709666470136,0.0056883126377574806,0.0228677846453321,0.018348960014530166,0.009829375810433848,0.018793655065515634
2023-07-31,0.003161044547723932,0.0031299622973409145,0.005259124330278764,-0.0009601096994369384,0.005076080649264828,0.006669332367546553,-0.007266848589519163,-0.00044919080786686073,0.0014676354365687912,0.002048614127366774
2023-08-01,-0.004285211235343755,-0.01194603753048041,-0.012456479381929158,0.01184337031116322,-0.005912955470799444,-0.0049501024097838185,0.0012495681694126904,-0.004762215166417641,-0.0026686453076827116,-0.004338779250386785
2023-08-02,-0.015611093124252254,-0.013692466987065255,-0.01627785666809678,-0.0015203484344397495,0.0058435859135494185,-0.01138935279299381,-0.02663444140572368,-0.0493180477084628,-0.013936200638336184,-0.02197462537127946
2023-08-03,-0.00734863068256235,0.007028781566659317,-0.0021617162800538175,0.010782304577502868,0.0019400654637039974,0.00609470818095744,-0.0025683817568105272,0.0055414635302347805,-0.0025512254502915274,-0.0009830942849843496
2023-08-04,-0.04921127440127187,-0.0035081824798078886,0.0006563507218743536,-0.00983173780599249,-0.0014548126573490784,-0.002112897983484069,0.0034226957317612153,0.0036997922603069023,-0.0053141693739379705,-0.003622635897704046
2023-08-07,-0.017404273476258825,0.018360799152633774,0.002621829611603285,0.007194184307076413,0.013360122098764906,0.004731687631926591,0.007083502813718563,0.016360637429460034,0.008983618964856572,0.006103893165694263
2023-08-08,0.005297790214665561,-0.019319674202213286,-0.014727138133124044,0.0009426271387843145,-0.0018487666682524791,-0.0056293339123140735,-0.012375381496372805,-0.016718705299082058,-0.004227205100058866,-0.00789710915259367
2023-08-09,-0.008994966744071714,-0.013198372325977743,-0.016071731557241387,-0.0013199890312950739,-0.012275883957221385,-0.01349866692057515,-0.011784932928597773,-0.04839390996001392,-0.007063619102045116,-0.011758360733579843
2023-08-10,-0.001235349069318596,0.002589015738658641,-0.0022526241901773478,0.007145560881166861,0.005319280885823327,-0.0014963326493404065,0.0021700620642143087,-0.0039085271442562495,0.00025068252108086326,0.0011631973230925396
2023-08-11,0.0003376178260901949,0.011248664962380951,0.005173609997369744,0.007838779878070253,-0.0009078061033515078,0.005778964230576319,-0.005963371007494747,-0.03683623410133453,-0.0010702648992294865,-0.006802872509670812
2023-08-14,0.009349198567690599,-0.011571950524846766,-0.010601267899238717,0.0016719430242941253,-0.008490312935145924,0.002069561120032774,0.009394585259098106,0.06853085992058403,0.005734004879419051,0.01046045545564118
2023-08-15,-0.011263497814968272,-0.03253116607492054,-0.02038779244601495,-0.009885384670432677,-0.0002819012672076797,-0.02578662481095333,-0.006750192179648082,0.004265005824201552,-0.011618139396096483,-0.011472323526823919
2023-08-16,-0.004971555580214818,-0.02194918361565065,-0.013279289354982614,-0.007337209090027982,-0.008707574889205375,-0.0042522029197708255,-0.0024314866065712755,-0.010386197194487815,-0.007584081792624527,-0.011541614897787746
2023-08-17,-0.01466190208949294,-0.00034150037227133155,-0.004230067963306557,0.032875084273848984,0.00014213419299407719,-0.010441193194556986,-0.011047078387223646,-0.003270403256333133,-0.0077428113775290805,-0.011772514864461939
2023-08-18,0.002812006942066079,-0.005822926559244188,-0.0049580476711671585,0.005648164530757443,0.005317792666073352,0.0022849370951400667,-0.0012629724584850598,-0.0010389618657349823,-0.00014871788395720285,-0.0019655522793719867
2023-08-21,0.007707036708067711,0.0013731290154298933,-0.004269493556998833,0.0072412265038782515,0.006133521607910268,0.003417808940582745,0.01691854651101017,0.08131571586944042,0.006855634859799785,0.01544055709208412
2023-08-22,0.00787384036315373,-0.024658377280343577,-0.02527526798138779,0.0003606143717977912,-0.005567847839260082,-0.020956631815641013,0.0018003456346807102,-0.028047562798927853,-0.0027813310465456837,0.0006132750180161352
2023-08-23,0.021711561030839616,0.0003516574105209483,0.0014616454025378313,0.009332454472940076,0.013478502959484698,0.0067401774577343495,0.01398090606447969,0.03121510205244908,0.010984330710791359,0.015805297863145672
2023-08-24,-0.026519071631766578,0.005957608631879709,0.0,-0.013307053223595124,0.0009756628279379194,-0.0009502492502811377,-0.021732653407918183,0.000996812698389014,-0.01354935398400801,-0.01891250388136126
2023-08-25,0.012563952693518975,-0.0042017512838611,0.0038874430425755446,0.008292818338669645,0.012461245525755655,-0.00122334534605356,0.00936288296563417,-0.024576874739345313,0.006695501060295156,0.009364876634496849
2023-08-28,0.008807088770811631,0.009081417684040395,0.0019378677170156784,0.008936689469270086,0.004599166684459359,0.003462247265714631,0.002226815432466631,0.01759797835740328,0.006245078594196461,0.008388121700637111
2023-08-29,0.021575899944855592,0.014155302935886127,0.009634004029720892,0.006385175601729877,0.002940256788790095,0.008099167464685643,0.01444566123969098,0.04077158537916141,0.014404068712056505,0.017261872808711956
2023-08-30,0.01899082664551939,-0.004466544601848617,-0.008424590096809402,0.004410311938229757,0.002795861673347025,-0.004041493712168795,0.0011563477911450384,0.009791320633871278,0.003825854181192944,0.005403554782030011
2023-08-31,0.001171726230287279,-0.004524207609303043,-0.0019356239404342145,0.009460418094112362,-0.00020448982547655503,-0.012428212401155027,-0.003137358619269669,0.0018455081498234074,-0.0015982129743398576,0.0011164184765422975
2023-09-01,0.008427819081291879,0.010754672925115937,0.0072393768140697045,0.008507810838997893,0.0075313352088765585,0.0033431003396571833,0.0027420037727182204,-0.01728967993635915,0.001797512765518541,-0.0002251883787540095
2023-09-05,0.0012657012627644469,-0.01145227881349538,-0.005545538791688781,-0.010078225269184114,0.001283531650180758,-0.01109542966610711,0.014768888191006031,0.000803672046156571,-0.004202997821381205,-0.0007742108536311733
2023-09-06,-0.03644949379922712,-0.009116746010532,0.00024178591805344642,-0.0017481061247406832,-0.0004729660710051331,-0.001654325224351775,-0.0020104806196474924,-0.031026076244804104,-0.006996014491432261,-0.010646372630262906
2023-09-07,-0.029685639377777587,-0.009200336416617237,-0.01559123033781567,-0.0064940133809678275,-0.003653462531345028,-0.008590862478025948,-0.008962294322335867,-0.017577797390038032,-0.003216433115732967,-0.008952545687614022
2023-09-08,0.003485636845588564,0.008143093808107455,-0.0034431874122457786,-0.002115230139063641,0.001083982997946316,0.0007653166254420065,0.013129006734983328,-0.014573376393694161,0.0014256060622570594,0.0009233027886535696
2023-09-11,0.006600829516212107,0.004222423556717307,0.0,0.002995142637561197,0.004728714438993696,0.0043705099789893955,0.010919633087014775,-0.008683300051415767,0.006700951498135517,0.011297999643260736
2023-09-12,-0.017208071470629478,0.017058797724849438,0.026499633617266392,-0.007948392281544722,-0.01411699089659066,0.012929997117037179,-0.01842664209520974,-0.006840737363565047,-0.005712169023003997,-0.010420569666451177
2023-09-13,-0.011925624239553685,-0.003111631925078262,0.016419312948388044,-0.001952623252694797,0.0017071164167550654,0.00047801625056879005,0.01284783700237034,0.013613234926786594,0.0012408621175346041,0.002898410849430943
2023-09-14,0.008744220929693921,0.011019472819483124,0.01801010488757344,0.0015980302666372547,0.0054440152079887755,0.01921207297629624,0.007825056780566263,0.0021083646754341207,0.00839458553366625,0.008108294015120471
2023-09-15,-0.004162464996480368,-0.012405369350757997,-0.010017676932087598,-0.005871433050653823,-0.009272571353388291,-0.0029526711377887353,-0.025355615555791536,-0.037576769472992044,-0.012234145842493929,-0.01575748993997658
2023-09-18,0.016771798278701143,-0.0027777812356223077,-0.0016404496932587462,0.0012484127788698585,-0.006184013622015689,0.0020811040877154454,-0.003519193230162543,0.0015021760363430304,0.0007210276941755188,0.00013933303095828577
2023-09-19,0.006161713678658963,-0.003831922970549486,0.0009376875422008316,-0.004823634201362289,0.009807760723348012,-0.0012751632335439923,-0.0012465486913038639,-0.010195961663288667,-0.0021533273615331264,-0.0023403910731377756
2023-09-20,-0.02019476520296101,-0.003496776418509455,-0.008943191745127735,-0.006107566426676839,0.02233945162485224,-0.00423872801490034,-0.02426895299497922,-0.029876445271976682,-0.009439204206291041,-0.015402233250557203
2023-09-21,-0.008928889760495402,-0.01766815314113324,-0.014046269806493381,-0.03969640545285914,-0.016486971880052964,-0.00785284163373396,-0.0038732704390865586,-0.02935758349923167,-0.016536918318488084,-0.01836850809980194
2023-09-22,0.004932174022086489,-0.014724558296263157,-0.019121970342996397,0.0043026527590492745,-0.003194133366492096,-0.00962895247595906,-0.00791770301035264,0.014354008691932617,-0.0022982374027607495,-0.000920789526580765
2023-09-25,0.007353166329315927,-0.0014483376920302348,0.002440867179556345,-0.0016814727785165896,-0.002931376923182697,0.0049283398189297655,0.0016704232384575457,0.014600854694502686,0.0040149942038066174,0.004494245402148282
2023-09-26,-0.023676285245205392,-0.015702255445508136,-0.01969530379487037,-0.014502614790365357,-0.02236700732236583,-0.010433023130308982,-0.017152273805312663,-0.007392910524333583,-0.014844165482264943,-0.015774810335509794
2023-09-27,-0.008937657601393725,0.0036737565488794517,0.005949396927940298,0.009253288861728194,-0.000489232315382565,0.0058477985112751095,0.002080440115873575,0.013202409096048893,0.00022928777229479233,0.0022357207386172074
2023-09-28,0.001524800494378155,0.010578060479601331,0.01812455040324908,0.012701068394608186,-0.011167490583661477,0.012339368232677906,0.0027138317335636476,0.014516956104903635,0.005875877143000698,0.008247565459463053
2023-09-29,0.0030416508568680964,-0.006552537813373413,-0.0017006238757930829,-0.0022298281302694616,-0.00908217889636936,-0.01756630367736491,0.006704994955822059,0.009470213222286847,-0.002713259648289315,0.0013656042229136642
2023-10-02,0.014726547156596784,-0.0251493846582728,-0.01543563842066653,0.011650570541459869,0.003557542588771131,-0.00865670154159082,0.01897946423099835,0.029068111108972568,7.936440615299324e-05,0.0066686204218012355
2023-10-03,-0.007800015824758698,-0.03003452467366627,-0.015928729941356787,-0.0065024461729629,-0.002916252560320098,-0.007400273695200507,-0.02648171106676506,-0.02865455267613572,-0.013839395863449198,-0.018834519788316916
2023-10-04,0.007281944841184304,0.0011573914690095623,-0.0012551539926669445,-0.003734930446323767,0.004832069027052023,0.004474352982833649,0.017616940035840394,0.011969468346063853,0.008077047607828946,0.013427607709577042
2023-10-05,0.0071722341550183874,0.0046151994547530655,0.0017568582637636392,-0.007134661090396506,0.003185011030757887,0.004207593227148485,0.0012533542928758854,0.014583961437925022,-0.0013048811469951228,-0.0012231469205094174
2023-10-06,0.014642764433193876,0.0003837249506672193,0.017153978024181178,0.007134661090396492,0.003597013606123873,0.015278160097311996,0.02443606241616646,0.02374901047635807,0.011745642093961117,0.015872789597602428
2023-10-09,0.008415597681590857,0.009163795222636387,0.004181433650732321,0.008754817867167038,0.0011962129539282158,-0.002276896330668891,0.0077921268247316934,-0.010743248538658955,0.006284068119387409,0.003930842923497506
2023-10-10,-0.0033578318069556346,0.02625826044072787,0.017036168177666223,-0.0009276787177955809,-0.0006330077811810146,0.006060019543881933,-0.0043451193283490855,0.011529734117937824,0.005194476099985354,0.00581207512287195
2023-10-11,0.007873106346469315,0.00037008001298567916,0.0021693785877759603,-0.0039058735257154475,0.007850238357681722,0.0034271479915776192,0.01219713484684668,0.02177088575057976,0.004283819500095073,0.007114716338778236
2023-10-12,0.005048357133759334,-0.0044510864348243015,0.0,0.003534545771478404,-0.013991119794868417,-0.002329009880038795,-0.0037975188257624087,0.002965453346189261,-0.006266024940654918,-0.006276019467433243
2023-10-13,-0.010346068916991786,-0.005217921270259494,-0.0024107560469641934,-0.001486615443372661,-0.019879118549590395,0.014907931232838475,-0.010411280357681805,-0.03212211107633328,-0.005031495660219892,-0.012378236809596068
2023-10-16,-0.0007271962636241381,0.00855805433395441,-0.011653447776536326,0.007226871294185417,0.005402298726614955,-0.0010141122310758687,0.014870558753949182,0.013849768154018418,0.010538642302589985,0.011918490887931534
2023-10-17,-0.008823502115768714,0.0230737446119708,0.006086533349864569,-0.004070327864033352,0.007941827897012685,-0.00216691189373214,-0.0017452003225510474,-0.04792478739974007,-9.824987944376507e-05,-0.0025260738971380563
2023-10-18,-0.007422380468769411,-0.011287228742332426,-0.017877283993819628,-0.003156543430152122,-0.002497439177252842,-0.011041224057662011,-0.005889950918213199,-0.04045433863679884,-0.013490408251151898,-0.016347934715319135
2023-10-19,-0.002163170327532033,-0.01289862919665914,-0.01018268346349228,-0.008404188288847533,-0.014102203376900466,-0.004258523289621503,0.0036588557532607076,-0.0022538179621799364,-0.008519032328057976,-0.009669343186968733
2023-10-20,-0.0148135242804315,-0.02440527375556315,-0.009531201925316897,-0.007341295673905338,-0.006177890613880153,-0.016236755629941476,-0.014134059239395792,-0.0171046442887103,-0.012665149196155915,-0.0154661241245098
2023-10-23,0.0006939657470875233,-0.028529305718796055,-0.02010981676799672,-0.013887863573709854,-0.00570287360112381,-0.01373481537358464,0.008079468050164159,0.037651681293458736,-0.0016869920654349177,0.0026552067299372116
2023-10-24,0.0025400723797565387,-0.003918322879598567,0.001027844209103,0.01539805394290616,0.010285686930300872,0.0012047362015370259,0.0036674272096345064,0.015882489410304346,0.0072395235196288195,0.009292758124781704
2023-10-25,-0.01358351150598355,0.0031360292563928647,-0.008253888352615273,-0.011573856271631315,-0.005166350154455895,-0.005469262409721594,0.03021706330682508,-0.044107181300185136,-0.014443434657238052,-0.024549539026552575
2023-10-26,-0.02491322298031217,0.022063911036264774,0.018730596140176765,-0.01985239500580291,0.04754936920910198,0.0025608974450664727,-0.038236221253730815,-0.035397494139387066,-0.011903081205584871,-0.017753220983615987
2023-10-27,0.007937650757830773,-0.03704852748637411,-0.028359831195053496,0.00369197902883433,-0.008662330678823148,-0.03668366595226385,0.005838501843838264,0.004305635058114362,-0.00481183857862075,0.003756106282327187
2023-10-30,0.012230161777305253,0.020449133538149436,0.017883123407491888,0.00019388759902442133,0.0007712415978571034,0.012668947891121494,0.02248559287505511,0.016189182371910065,0.011938474300285915,0.01151851990931157
2023-10-31,0.0028149131504116645,0.02498681009906244,0.014282192628375118,0.010800414651878764,0.013993933199388471,0.011863612372563436,0.002368926398251615,-0.009299358108755875,0.006454084821688244,0.0048173283252429125
2023-11-01,0.01856515003427813,0.0022752571837132375,0.0027816327193279523,0.0011502904379202526,0.005240763117787231,-0.0008632195168660138,0.023269803960929997,0.03718622222567512,0.010451194990191868,0.016226331029161344
2023-11-02,0.020482028885076907,0.04517614666574045,0.04324351345485518,0.01067294735807308,0.0110120192886528,0.017692110516592023,0.006480413537091451,0.027520877238813683,0.018682938934086474,0.017660475993818685
2023-11-03,-0.005194625164936416,0.0285531353303,0.034668756621647624,0.004916732201703408,0.006035631551017297,0.01111058732812103,0.012779900242554317,0.03387455048191862,0.00934988354455146,0.013752391190557722
2023-11-06,0.014499575195046485,-0.003171801254030801,-0.005219486892154769,0.005268276133247711,0.007208808392179629,0.0075239586846503415,0.010517038379584414,0.01644003336831661,0.0017514577241005862,0.0030003288922018025
2023-11-07,0.014347325107277582,-0.006018993396359092,-0.0019048768441123837,-0.0030069892102698825,-0.0009402599727345741,-0.00048610429856741353,0.011156917816582188,0.004449108044128265,0.0028360934017119537,0.008916564124318953
2023-11-08,0.005867572562471362,-0.00963423543013278,-0.0033418978879371903,-0.0024499842030568974,-0.005389844334546929,0.00491811714597863,0.0073782838764265765,0.01337995472950486,0.0010044110324198868,0.0007731550487935109
2023-11-09,-0.0026277871260395737,-0.012991926809023061,-0.007681332834754884,-0.01904807790179038,0.0017065709012358751,-0.0029756743066264076,-0.006934897056095161,0.008040546926278171,-0.008116690699068705,-0.009492241426999212
2023-11-10,0.02295429582892403,0.005433824064547852,0.01387908940582269,0.011282224261493935,0.01623635906760022,0.01472229771838947,0.02459196754263783,0.02907293998535395,0.015495759270772258,0.02025432391159351
2023-11-13,-0.008620497549771882,0.0007222644658987778,0.014626453885484333,-0.006868846395719419,-0.006192881802907839,-0.004448757355591203,-0.008121072700473603,0.005878802504455954,-0.0008361884413700847,-0.0022034603561870247
2023-11-14,0.014184507972031477,0.05342102472119945,0.03813926258569212,0.017837183637861603,0.01547714213426894,0.018082448113646416,0.009742909062300348,0.021084225473200567,0.01889537047457725,0.023447936669746226
2023-11-15,0.0030364893759562387,0.013596272607799194,0.01165396918080758,0.0020667074667616273,0.014324251642610818,0.008719520168833357,0.0004058900065201412,-0.015586973907707866,0.0015957382078471765,0.0006709615985783734
2023-11-16,0.00900150142713455,-0.0027043955904607164,-0.004690224183475577,-0.05748981530904034,0.0031409174279352654,0.011354938905507986,0.01743040654878275,0.012036479738907866,0.0011897193967137305,0.0006967360765928144
2023-11-17,-0.00010558828874617517,0.01478512190616963,0.01532862384109007,-0.005845784949570321,-0.001111289291445651,0.009005261091368481,-0.0169436736698251,-0.003685006536888359,0.0012812279371779871,0.0008364662109346188
2023-11-20,0.009235488850911848,0.0010002099078690971,-0.0022069703617893176,0.010621841228022124,0.00950402494057643,0.003070763146665327,0.0203139385853142,0.022286089984376964,0.007363103793795633,0.01119686069787813
2023-11-21,-0.004239764089758936,-0.011731441776417427,-0.003763100660164149,-0.00978459732434154,-0.0028547385115112556,-0.002089826228550894,-0.01164530113813105,-0.009267354899342358,-0.002022975931757968,-0.005936563472466541
2023-11-22,0.0035083437240934047,-0.0010117436091488206,-0.0015538413701738597,0.005840567136787951,0.00789545926330828,0.0023507082982548192,0.01273115642209187,-0.024894828986103668,0.004052905094313324,0.004628705742500489
2023-11-24,-0.007028958039732967,0.003369054222905069,0.004653845530678035,0.00580682179788079,0.00032215771815649255,0.001368541608403703,-0.0011122316588413497,-0.01948397601272588,0.0005966956096450322,-0.001052768260746464
2023-11-27,-0.0009480935384384409,-0.005734467516509391,-0.00332172961174123,-0.008931326379200388,0.0025102674521928336,-0.0022819793427219836,0.003121424345006855,0.009706459119390772,-0.0019560693168983586,-0.0006900269312990103
2023-11-28,0.00320904558021097,-0.0010153750954840523,-0.004892362070667613,-0.0016705564771384903,0.00051402959779706,0.002281979342721999,0.01074492228464016,-0.008765128008748443,0.0009796385280502918,0.002856682489211232
2023-11-29,-0.0054245484557878575,0.026071028347590574,0.019645443492183338,0.004171042652098442,0.004870988301275222,0.005067505761969759,-0.010111014507136239,0.006648541314692872,-0.0009466966151019382,-0.0016306469919610915
2023-11-30,0.0030582338792673964,0.013870692598791309,0.007620989254581236,0.0068443981211184605,0.01365210875457161,0.011340389136040893,0.00015831154529849037,-0.028871499403783193,0.003776931264994605,-0.0022658136005535984
2023-12-01,0.006768369331947318,0.015297263012248152,0.024216379214084465,0.0018585600017065273,0.012472612508674586,0.004857488531650514,-0.011680182940991518,-0.0001068073070124581,0.005856558953846637,0.005524521170196343
2023-12-04,-0.009509662473708968,-0.00453204256594806,0.0029597502551456313,-0.008702958122824879,0.0034197201646502602,0.0073053884273370845,-0.014442576640524672,-0.02720313546047248,-0.005423188063826943,-0.008391615065211432
2023-12-05,0.020844436831346486,-0.007817606982358602,-0.014244758938181423,-0.0025004861749599377,0.0017984940973467091,-0.00012643215015119592,0.009114841645298884,0.023026675652468975,-0.0005690315939348026,0.0031264706776896784
2023-12-06,-0.005703280839225877,-0.0016364387372160667,0.024535738938941166,-0.004810188446190098,-0.006901457938270888,-0.010564002606445654,-0.01003642881336568,-0.023092516149689372,-0.003913851944943747,-0.0058640129362425575
2023-12-07,0.010088226260230948,0.004249038191159927,0.013283661321231164,0.011671409771457104,-0.00037435946748669074,0.00306589869622206,0.005812920915346728,0.02373644351012513,0.007936610684821922,0.013570068705602855
2023-12-08,0.007384983089209092,0.009737050094362883,0.00800930624105186,0.0024836629708113577,0.010801448988439927,0.010973546109682838,0.00880316768519657,0.019341337664542952,0.0040871341465037936,0.004451689880872765
2023-12-11,-0.013011634332984408,-0.0035593052113355272,-0.015251805899643617,0.020661463593611464,0.009524710929789657,0.0036520400645621703,-0.007860190882805112,-0.018676187408752383,0.003916813547781492,0.0019780872652739854
2023-12-12,0.007888972234402462,-0.00357188751399783,-0.0018709347706395746,-0.0012154589654824728,0.007312119309816436,0.008885642209236433,0.0082609735030812,0.02184973182242519,0.0045888127956924,0.006967544398602873
2023-12-13,0.016553636472378473,0.04142042845502489,0.026284855540543273,0.0072710207192200555,-0.006639653175250095,0.0033585217902310565,-2.6675064189027457e-05,0.009003174193613125,0.01355834517501981,0.013705555086399328
2023-12-14,0.0007575688279504922,0.05760900835260878,0.018076586947940714,-0.005043779053075716,-0.004348674181179715,0.01802851196851076,-0.022802651206538967,0.005433408625641342,0.002643565185154432,0.001871444739323751
2023-12-15,-0.0027294536337794722,-0.010068255704807898,-0.008194390121790868,0.008659805315345121,-0.004182704817533971,0.007532989543248322,0.013032091538112297,0.011106844275284551,-7.625240044859478e-05,0.0035407984699557422
2023-12-18,-0.008539819156729899,-0.005072337937475358,-0.0034176373355706657,0.0073919186906433966,0.0031386423857325606,0.006033882923462515,0.005165568141875607,0.023988803528222153,0.004518122263400515,0.006116676814060065
2023-12-19,0.005345946768909975,0.0023903156619907427,0.025252569855087868,-0.0011948826288485544,-0.007277382462788731,0.013266515434494025,0.0016356268588921695,-0.009490260597950165,0.005849267450818904,0.006580875686226759
2023-12-20,-0.010771791476874973,-0.015942708430342074,-0.01703015936032439,-0.007601610382190473,-0.009390210494570594,-0.01134323248104887,-0.007097969261471916,-0.030560669163334254,-0.014793147965305628,-0.015129269160860432
2023-12-21,-0.000770169077495975,0.006648693440837615,0.010529366334135567,-0.0020100218864232927,0.00455069590836544,0.005687747852867236,0.007847821138381051,0.018105453940741315,0.010248769307271876,0.012503079417649445
2023-12-22,-0.005562956405308937,0.006903699327513982,0.005125248908215888,0.007816300893069837,0.008423161783410096,-0.0005971790203256643,0.002780287255730604,-0.0032713470824868836,0.0016586821527610754,0.001942769576461438
2023-12-26,-0.0028449230648524434,0.01278083643806258,0.009393497175733284,0.0037859828931282656,0.0065777420477412035,0.0058964963605052795,0.00021351009049150812,0.009153007617857952,0.004222761046978559,0.005427832550991476
2023-12-27,0.0005179264724932669,-0.0005908701797326506,0.0023346116990571896,0.0031771629958642945,0.0015304203010678484,0.005980037372144135,-0.001575865546803463,0.002796569725307487,0.0014294356164229985,0.0016311781238063138
2023-12-28,0.002223689423706155,0.0011813914380530105,0.0011653448382128151,0.0007928575896537432,0.0017725508803274042,0.005298964079165559,0.0032293357646978665,0.002122576143524536,0.0003701061103271183,-0.000267602593829674
2023-12-29,-0.005438829602466155,-0.006217783960298166,-0.001554174938289769,0.0007919061015283737,-0.0012221402869715715,-0.001175154938011769,0.0020231865826455535,0.0,-0.0028304770367338357,-0.005566258801244885
2024-01-02,-0.036442911934107744,0.0068076583381028975,0.030630453448223634,-0.0001979985978400961,-0.012613613156842033,0.011573142658644982,-0.01384394616920472,-0.027722256552449094,-0.005676660799723162,-0.016483349279244195
2024-01-03,-0.007515496086874648,-0.010974410180410512,0.011248540694498042,0.00775129279961596,-0.00870656148870532,-0.0043680469117203325,-0.0007282212214378396,-0.012513480398969415,-0.008048618327197648,-0.011835384340913746
2024-01-04,-0.012781657008866994,0.008020235888316915,0.0024208541046930585,-0.008549667619527666,0.004735816798543869,0.006614145632791664,-0.007203463710485667,0.008978035475709533,-0.003434271663317429,-0.005629093380470519
2024-01-05,-0.004021063570194704,0.018467793897357896,0.010360731038019148,0.00019961301680702012,-0.010624505718301543,0.005004639021383322,-0.0005166691893354198,0.022638504782518918,0.0018240216394339805,0.0009485660470300173
2024-01-08,0.023887281752097384,-0.007873255218768051,-0.005907321367134498,0.007359656517908992,0.012363685135814845,-0.0014522576198714736,0.018695770673811195,0.062299337015046675,0.014015945436353141,0.021772922358117168
2024-01-09,-0.0022658976508866707,-0.01563660660517047,-0.009861519388259014,-0.010959532166908217,-0.006600112730332573,-0.00793743538798603,0.002931474638208654,0.016832696653976888,-0.0014789938523175842,0.0009387027817800393
2024-01-10,0.0056552291978584366,-0.0008926519180382065,-0.008638452706161204,0.00659010593458708,0.007158547520876077,0.002107222049077197,0.01840369530542525,0.0225145727420328,0.005649980650495912,0.007505924353859456
2024-01-11,-0.0032276780105609036,-0.013483116047626137,-0.017888181066612833,0.003972927911320651,0.005751596336031019,-0.004218987866768669,0.004847640098929866,0.008647140017765476,-0.0006712808369611647,3.607494547478999e-05
2024-01-12,0.0017763833310859313,-0.010614370919044788,0.010315268360148691,-0.001984450685741358,0.022198657319017153,-0.007367119294449856,0.00993420031572917,-0.002045202391345051,0.0007506937530339595,0.00017161541712130247
2024-01-16,-0.012393556244981844,-0.020949568860424605,-0.014355683005485613,0.004954042730717396,0.006972171667668298,-0.006289966718296597,0.004622761130128752,0.030103515568911235,-0.0037383190523568345,-0.001899258677296852
2024-01-17,-0.0051868461918216325,-0.010012635021367648,-0.00988096440872194,-0.005748846404558479,-0.005284668432760287,-0.005371877773448322,-0.0020519848226633135,-0.005852263181795017,-0.005632731271107821,-0.005955023123457276
2024-01-18,0.03205162507150795,-0.0022036303398695932,-0.004879619246132987,0.008906503112249442,0.0045654862079058415,0.0019731108635262762,0.011234045049211022,0.01862906050900144,0.008766720726243148,0.01337510925099604
2024-01-19,0.015413468295011145,0.015324714037878098,0.007990068481215307,0.010194121615972046,0.02743138889578645,0.01711469867546508,0.012113129695692093,0.04089824584091901,0.012238308232548512,0.016816185114498568
2024-01-22,0.01209001169715085,0.010190071977413104,0.02529834089141274,0.005834271824969554,0.007841937024889136,-0.0011750325078424355,-0.005432675839233407,0.002736121630011362,0.0021919211872316853,0.0032160632062152934
2024-01-23,0.006631285529669753,0.006736044310270324,0.008667907048483652,0.003677607049050169,0.006401911015841963,-0.006605838934555753,0.006009349949784849,0.0036645969786098334,0.002917115340764486,0.004264925529250139
2024-01-24,-0.0034900715484677473,0.0063877601569445564,-0.0007507186967135127,-0.008731948555715968,-5.743698418113939e-05,0.008895748142391099,0.009133388964949604,0.024564982796435004,0.0008115989762168653,0.0036223506099504646
2024-01-25,-0.0016981135331990184,0.01235533125666596,0.008785760528123082,0.019684155792474105,0.04754936920910198,0.01420942965457042,0.005721996598200401,0.004147110734216237,0.00524657813497798,0.0018443275032030081
2024-01-26,-0.009053554197725341,0.0011970615116852841,-0.0011173091948325298,-0.0036374759533321847,-0.015932703861729108,-0.003823706294483569,-0.002324443071837039,-0.009555886052462,-0.0006519977554263648,-0.0035613224428171814
2024-01-29,-0.0035924543908787978,0.005370077437118832,0.008164858530446887,0.0028726761061996175,-0.0014950418992356724,0.00260872085716192,0.014232352366321135,0.02322443767939612,0.007528365505246204,0.011110847705336204
2024-01-30,-0.019433416120086824,0.034506513651789784,0.05360999880490885,-0.0009565903593241177,0.003893227374312998,0.020287265921882305,-0.0027617823975827245,0.004934589260766397,-0.0006008303969786162,-0.007588184297703705
2024-01-31,-0.01954722755668593,-0.0226755894639598,-0.016246268709059906,-0.04023193277543341,-0.022663882382398092,-0.010894893203076409,-0.027316070464101998,-0.020064776297468584,-0.016236851740733683,-0.022553713245458365
2024-02-01,0.013252270576688699,-0.013617607029878477,-0.00196015895676438,0.0,0.017487383997256477,-0.0036198034916134257,0.015474120135174635,0.02408702230177942,0.012416286114049784,0.012948628313044795
2024-02-02,-0.005419734892228207,-0.0023874016814425165,0.00018013305354340348,0.0,-0.005956665984212644,0.005739621077922878,0.018258069162845204,0.048512850899211084,0.01062777072263312,0.017251506203250708
2024-02-05,0.009798361596405595,-0.014444927110576633,-0.01890295191890852,-0.013441920549491481,-0.012838320258969893,-0.001317111581579223,-0.013637700934039213,0.046830543881022924,-0.0031914247092839714,-0.002002810958638524
2024-02-06,0.00859467289313586,0.0015143211730834047,-0.002756058710636728,0.009448204609239752,-5.4557878509410745e-05,0.003432445045136018,-0.0003942798483715915,-0.01612492764584309,0.0023077459317481074,0.0007255057641444836
2024-02-07,0.0005810602401847648,0.004228232772049616,0.003489781348578188,-0.004210341631503578,0.0017975882363925417,0.0018829352526299773,0.02089051883194998,0.027126803506983203,0.008207682594008628,0.009414170441973667
2024-02-08,-0.005771358353255408,-0.0018099808699387876,-0.0045942302881191175,0.0036099832639360156,0.012444251761788207,-0.0035976850660474815,0.00014462846344160323,-0.006555113769389052,0.000570420540090595,0.002349915612207548
2024-02-09,0.004085597444395371,-0.0015107831670276852,-0.0055412944024655604,0.0035971598280267595,0.010682554753723946,0.0012005146190069208,0.015431895146675374,0.035158392477747866,0.0057259171287955156,0.012393054532285407
2024-02-12,-0.009042714796935058,0.016494631918430477,-0.0012974039682106075,-0.002796626961786901,-0.0009663997215943948,0.004447063984432629,-0.012658552833645396,0.0015929509533610944,-0.0009494041426524416,-0.0030131883404176914
2024-02-13,-0.011338442159473924,-0.026218046842957726,-0.021748078750620195,-0.00702614067980173,-0.01330269461362668,-0.008741722896168537,-0.02176391134179922,-0.0016622488564913915,-0.013768609419845444,-0.01816296771624397
2024-02-14,-0.004821225025518562,0.011536129870946932,0.022860253085930714,0.0128104539108164,-0.000707677622050655,0.010106109084535946,0.009618968665560479,0.024270663730605293,0.009534168304216807,0.012917989948268139
2024-02-15,-0.0015761534924032523,0.02797808841218229,0.02253053006734734,-0.024563367629095355,0.01781679338601621,0.02157985486734214,-0.0071807718692418095,-0.01694968206769737,0.00580437267404004,0.0029604339026346196
2024-02-16,-0.00846606344551592,0.0005868231601808133,-0.006541883499203244,-0.012718082765714818,0.004112335026607968,-0.004680978206526455,-0.006168116694313392,-0.0006195555623725631,-0.0048150435759610425,-0.008239442579924369
2024-02-20,-0.004122283208810531,-0.0038208183321903513,0.010338329935463072,-0.003308404345873206,-0.022637662255100655,0.0039023352256383104,-0.0031481479757334762,-0.04450794694932884,-0.0060234264658172495,-0.009225572064600424
2024-02-21,0.004177145873162336,-0.007685533417859304,-0.0016252944386280924,0.004133881608434705,-0.020598858620643288,0.0064886487147643845,-0.0015154477937610468,-0.02892315845867648,0.0012634014951035982,-0.0031981774860892864
2024-02-22,0.011181174237722972,-0.0026740530428317707,0.010249173798522469,0.0018547736118231786,0.02478774841048382,0.011924332433730577,0.02327360547478571,0.09380984871442556,0.02090288866640342,0.029142714923544064
2024-02-23,-0.010084805876248626,0.009181158380335319,0.000536435597394503,0.005953004622138036,0.008163581568795859,0.005012801981977055,-0.0031872524900981303,0.0035458141609378095,0.000347887026502183,-0.0027966301283990805
2024-02-26,-0.007479152510211763,-0.00918115838033528,-0.010243502030168942,-0.009459331004613516,-0.00859804159328394,-0.0034298434944467146,-0.006846985214745503,0.0034831341223534873,-0.003793939244668484,-0.0012867275577279128
2024-02-27,0.008081782380135674,0.019738411749458222,0.006302260545724244,-0.0018610428767334626,0.004010822562862327,0.0004906485977838018,-0.00014729854084102127,-0.004955945677906767,0.001704895538720964,0.003689285400060593
2024-02-28,-0.006647543009780415,0.0008747754558725907,-0.01191771685602818,-0.005188456842204733,0.0023231734424844453,0.0050566255619953196,0.0005886832129902896,-0.013277072825904061,-0.001659531321112244,-0.005475388765894789
2024-02-29,-0.003700004135983419,0.01312141010759011,0.007960953817744088,0.006429453062821881,-0.0014580059140790952,0.009070356185974094,0.014415500702673079,0.018485877016520925,0.0052154704557999644,0.009000136707943045
2024-03-01,-0.006048614347275539,-0.004936646490565382,0.0019802287611363875,0.0006200466561163503,0.016987256377593647,-0.0041471662892679576,0.004486478302304744,0.03925129324593684,0.007975936433387976,0.011309250047783388
2024-03-04,-0.025708904919804963,0.023022779771387628,0.009665368843068185,0.014970121113443646,0.02549559188545615,0.00747381123856495,-0.001396832371563516,0.03531978566387801,-0.0011939745749630112,-0.004151827249441629
2024-03-05,-0.02885333750115696,0.006804444757535855,0.00213529622087787,-0.003670511293781445,-0.00576606774418021,0.00996728430696684,-0.0300179788487007,0.008539821173706781,-0.010245406275917994,-0.016668758831065094
2024-03-06,-0.005895533907319091,0.0008473234783141484,0.018142244527077696,0.00448415261010226,0.021695952001441324,0.0051841841328188285,-0.0013917826577516084,0.03133124288282483,0.005127932853001643,0.005752092539473513
2024-03-07,-0.0007096048371481861,0.005911584592096954,0.007477786940359702,-0.0055061300155947734,0.001935132029655159,-0.008797112712810855,0.017381564382342837,0.04377410991099085,0.010251402284983627,0.014972602455950315
2024-03-08,0.010184524778303923,-0.0008425528347491586,-0.00364496193376677,0.012195249487275727,-0.0030064335582067423,0.0018612145218150826,-0.0071627015561720065,-0.05707525641808402,-0.006549922992050337,-0.011636615575028668
2024-03-11,0.011762187841203225,0.00811292869432388,-0.001740417349243098,0.014440817963000242,-0.02177152037913869,0.00037187858512115256,-0.004193710151377452,-0.020242889535517006,-0.0011228682680281005,-0.004101677893192638
2024-03-12,0.002774739205870258,0.0019488064950845046,0.0006966154434751315,-0.0029913414573629346,0.03106718519320266,0.008198314290643088,0.026251941031003048,0.06912663963437847,0.011139512586668012,0.015262542530885511
2024-03-13,-0.012196792638252818,0.0033316507002803504,0.005381427825969958,0.0007985340408063169,-0.0054754968052192965,0.008079283893923582,-0.0004334972578280804,-0.011214438440120973,-0.0019263840021219723,-0.0054168371491861355
2024-03-14,0.010868070154135503,-0.010868416933091958,-0.011667579545685664,-0.006406523890153308,-0.01676400872480995,-0.01797850130356287,0.024087119273165498,-0.03292787133161931,-0.002875221051495188,-0.0030482782762357463
2024-03-15,-0.0021988261486898595,-0.007876362107886075,0.009067347184072944,-0.01742349063485418,-0.012275776327979047,0.012319415434319636,-0.020912420128993484,-0.001217295765369857,-0.0065040228597376655,-0.009679335585673908
2024-03-18,0.006352188669061323,0.01680223764519417,0.0175503813896486,0.006924671960862453,0.0032395801975557852,0.012325142201416228,0.002159050320592562,0.0070110749622235525,0.006298184238480456,0.008123112057246386
2024-03-19,0.013493366545829503,0.0005553491929971596,0.003915083517070346,-0.0026419563691613976,0.008570739871749878,0.005848150366442398,0.00975285174119132,0.010604501481129801,0.00563325304434312,0.003925593651015304
2024-03-20,0.01460230305287818,0.019786403940717512,0.02134715561425887,0.008308802675493231,0.0032016895380120305,0.013021793929666828,0.009024105930999131,0.010836038689956905,0.008864765516360184,0.012455218210947248
2024-03-21,-0.04171568168830152,0.020469312000484716,0.019760423248395248,0.006637989996318454,-0.010677502676884413,0.013809409240454462,0.00968859826001528,0.011693781986421752,0.003231309094528888,0.0019791553929582907
2024-03-22,0.00529614357369039,-0.01233921645677165,-0.008350520004811632,-0.002006833469120426,-0.0055389632312599565,-0.012333446649393925,-0.0014682109617507532,0.030736258511100838,-0.0014031718343267125,0.0016436145173748741
2024-03-25,-0.008335101102758478,-0.0051413111853546726,0.0021351595320360933,-0.0020108689495875313,-0.01080014418197533,-0.00919689996679959,-0.013809438661621072,0.007533418872830547,-0.0030596403820319297,-0.002703150766510057
2024-03-26,-0.006694781991469914,0.006220332467407714,0.011581525850698913,-0.00262028757761055,-0.001537191212110662,0.004660062330200223,-0.0028656041448283324,-0.02603005404048557,-0.002803721982805726,-0.0042061314856176105
2024-03-27,0.02099083532016415,0.019226219267828273,0.01752314602784412,0.00443030035163453,0.012127590409255633,0.01917859378754773,-0.0005219961143408386,-0.025284364179448703,0.008593595582706042,0.005124191128412015
2024-03-28,-0.01061535891291246,0.002905115807359954,0.00777839828438365,0.002808890228320427,0.0008383750347534,0.0039015886222791936,-0.0016860084938814493,0.001173941944258271,0.0011158627007616052,-0.001223929062305774
2024-04-01,-0.008491614744130047,-0.010604584423733148,0.0034727708943200946,0.00260133088661855,-0.005934989804175421,-0.00681293614717883,0.009109127981970479,7.739060535203478e-05,-0.0020156145269577246,0.0010599197647428984
2024-04-02,-0.007023612491050226,-0.005880804148403708,-0.009817988029123061,-0.013682388693946302,-0.00501711299250218,-0.00040220063930837297,-0.0073993194949774094,-0.01013269637319252,-0.007265388203672426,-0.009582972492889119
2024-04-03,0.004785972349783131,0.0037462609200867984,-0.01846992483078216,-0.004503470004433488,0.01063758128125671,-0.002820023766353944,-0.002351861140088135,-0.0054702342815691925,0.001090527523337898,0.002276270610711924
2024-04-04,-0.004904279225175616,-0.013986110484738844,-0.012724594749951112,-0.013009980777410073,-0.015626794797928903,-0.007637594648031245,-0.00613122096833595,-0.03499005637890508,-0.01241103561926225,-0.01412979441752408
2024-04-05,0.004491576329779634,0.005132977408869384,0.011264545288162576,0.009104145273030509,0.0063647502300528454,0.009158074014486324,0.018117696522850498,0.02418584190204126,0.011038050135699558,0.012350266927405954
2024-04-08,-0.006685709678678677,0.010454494279946668,0.0021082181180238978,-0.006405709203206411,0.0035888222960225795,0.005202910769529088,-0.002188047519327244,-0.009992131196841723,-0.0003747011900415767,0.00033477013589796743
2024-04-09,0.00721641319673507,0.00611481595379832,-0.0011345710028781762,0.036034399271152553,-0.002690365527089835,-0.0067235515999063905,0.003972343234375424,-0.020628440343289818,0.0014444494736345207,0.0032357962750482324
2024-04-10,-0.011201963800268302,-0.02904225190169117,-0.024295366297914695,-0.01612606160856886,-0.017424323754868173,-0.008557854119650222,-0.007109556126594724,0.0195491776229026,-0.009501981832212592,-0.008392406733888897
2024-04-11,0.04236116728647162,-0.008219303364675159,0.008768295495499274,0.00648161518313896,-0.0007528148827645265,-0.0002046440359329914,0.010972721830502003,0.04027453573545001,0.007417221983342437,0.016671194578158452
2024-04-12,0.008589637591780648,-0.01552563565836284,-0.017111434475638437,-0.021220889556530675,-0.019719674303060323,-0.056302565641421366,-0.014191273751588716,-0.027182598674445436,-0.014657587802248536,-0.016378758257585026
2024-04-15,-0.022106153320174134,0.004460594704970054,-0.0189450573739982,-0.005169063289191995,-0.005611797805493432,0.0005471121343309449,-0.01977213846159132,-0.025089333092917047,-0.012094195787459195,-0.018095897592593342
2024-04-16,-0.01935328681354437,-0.03596588124292628,-0.026649762459366837,-0.006655687503258991,0.01369869707425505,-0.01149361681098817,0.0022698741189054296,0.0163080001893587,-0.0020586245275039964,-0.0012453143923983074
2024-04-17,-0.008180683118216873,0.015734685001262124,0.019967554889024332,-0.0027163963034280334,-0.003543507997161257,-0.003990284562504371,-0.006630961981583221,-0.03943350974913168,-0.005797375076004185,-0.011530260097776133
2024-04-18,-0.005730788589594149,0.015211639632719211,0.0025753024004047573,0.006673647736863017,-0.008942226263026236,0.006476139980307732,-0.018551949864318493,0.007539798686113005,-0.0022106017004853043,-0.005233859291835651
2024-04-19,-0.012287855352796015,0.03299720524673262,0.013962660149612185,0.00435543851908262,0.0006060197970736368,0.024793589431093038,-0.012820848496946586,-0.08868374734966351,-0.008797129654056974,-0.02069075922604826
2024-04-22,0.005077944280213801,0.020348947581971432,0.030146281821678996,-0.003732165821202024,0.0017606290595110403,0.019243115727258328,0.0045994430606605095,0.042621884092248305,0.00869335115683908,0.011017457331085515
2024-04-23,0.006371522289764302,0.01682029019134887,0.027828941520284242,0.00373216582120217,0.0015931008548175187,0.014310361093613463,0.01635116082794843,0.035881167196047434,0.01189356656772209,0.01575289272990773
2024-04-24,0.012622169202193764,-0.0013040334572341473,-0.0031964969354843745,0.000620647952912996,0.010429036450270053,0.004880260988668519,0.0036488939715969312,-0.03388365928725768,0.00021298737793290078,0.0010258303746493779
2024-04-25,0.005134108998707086,-0.010757049570995854,-0.010944881796629339,-0.005184069676994341,-0.057472014218431317,0.0015008982793815906,-0.02479994079618943,0.036416082465125434,-0.0045869342701194095,-0.006448023291431271
2024-04-26,-0.0034788570372051675,-0.002112454576961875,0.013981870984240127,-0.005002014623950148,-0.010594107132747686,0.0006203434584453431,0.01807927234621725,0.05992389313707312,0.010157381332325343,0.020047851617305046
2024-04-29,0.024505247443103177,-0.007429146131473922,-0.006404203621962313,-0.0016730259072158858,0.0017933853008038957,-0.0010859154862976957,-0.010067484584647037,0.00025075827508506054,0.0031734080766393944,0.0034583545654935256
2024-04-30,-0.018439689199200415,-0.014485307699180853,-0.015049869677672897,-0.016885261838521213,-0.007373368089473402,-0.00799961736558942,-0.03264627476747777,-0.01556082810782528,-0.015855551118928123,-0.02056017492343471
2024-05-01,-0.006065558243902761,-0.001622253867108331,0.0003258401945510544,-0.0029842286423004526,-0.010707078498496043,0.0006257813394341912,0.014306674359236235,-0.03967654583653752,-0.0034413534856316866,-0.003348327997483236
2024-05-02,0.021792640347870578,-0.001896324829273228,0.003092346466421512,-0.0010681419717470813,0.001579911481764118,-0.0010430758358407175,0.007315947041985061,0.032882814434444955,0.009087024725084856,0.014976823485291377
2024-05-03,0.05809547478488187,0.009982375171358077,0.00832442230559872,0.007028061357466181,0.006174340641277611,-0.006018203158229277,0.021927567774536336,0.034045555235171644,0.012478557659508005,0.019712940031614574
2024-05-06,-0.009148389445791903,0.011742983300606216,0.020752059737883716,-0.00021218279998887185,0.017349162236702378,0.0077906277495042265,0.016776863502963632,0.037046516039466314,0.010273173691247842,0.011870096555387427
2024-05-07,0.003790003223669653,0.003971975047123343,-0.012980093617668784,0.003601934133674512,-0.0013650077107892707,-0.0013030012759122106,-0.010208272841644333,-0.01736287810132289,0.0013425282288256131,-0.001021389657301466
2024-05-08,0.0018623879852978232,-0.0034415866976063372,0.012024418960480407,0.015113650562903308,0.008986692108961242,0.02013493102185244,0.0029273740638189353,-0.0015694343921228513,-5.835635193424912e-06,-0.001826230818390843
2024-05-09,0.009964345817121639,0.01500231634933441,0.009042435363145715,-0.004384454802184255,-0.011719207027032413,0.009411235767135777,0.004326291653333221,-0.018587216667307536,0.005078032639106711,0.00266470640554788
2024-05-10,-0.006913959913941638,0.0044312627079705815,0.003311039898207266,0.005633800706895857,0.00527857388813264,0.006409922533862755,0.0058521430536760165,0.012663454995124996,0.001648040080166728,-0.0003297719013976678
2024-05-13,0.017491466112370933,-0.006261536493529284,-0.0020483226072311395,0.01281808815258425,0.0024501107831070663,-0.0002014063293802409,-0.0024625538437521638,0.005780133546877331,-0.00024133317386520824,0.0028946799809422656
2024-05-14,0.006154512363412068,0.007301394301024529,0.0029923963686536593,0.005531083971287058,-0.0011945365077410282,0.013891837982235184,0.006841073620119338,0.010530654288819984,0.004826148527454041,0.007473689545830718
2024-05-15,0.012143975765629672,0.010852529414937624,0.010169779068780518,0.014601608106997422,0.005363398495207623,0.00297315977767228,0.017332905780910044,0.03521055610147359,0.01164782778729962,0.013906155718131655
2024-05-16,0.0006321667142052474,0.007935808860946431,-0.0015578460670927223,-0.027141631145913527,0.004210811545839106,0.0017795991622099215,-0.004952244990885326,-0.0028678817084677633,-0.0020838374740880464,-0.0026357297304870817
2024-05-17,0.0001580805810540699,0.0017831819587345564,-0.0010918876857728002,-0.003523061437920907,0.00035499040701416,0.011393378453627725,-0.0018543043959484665,-0.020125009783527197,0.0011640956878937513,-0.0007398455718312675
2024-05-20,0.006143153588128391,-0.012034660577071516,-0.014305067731610875,-0.02182661237071802,0.005251531259954206,-0.04601549130288534,0.012134196611335718,0.02457677081272617,0.0009159703084911664,0.0065051427639295075
2024-05-21,0.006833971028911167,0.021155620838074794,0.024708022063406613,-0.0040396177596457965,0.020676892568159848,0.019945067296298934,0.00866132897605013,0.006373527646653043,0.0024987497668926086,0.0022451879570666907
2024-05-22,-0.007567050868954945,0.0027701836779652467,-0.014312747889934693,0.010384948559039492,0.0012675041667530708,-0.006083044947834593,0.0034435341681965533,-0.004581486537601487,-0.0027097912093521476,-0.001848126347247909
2024-05-23,-0.021283101904618983,-0.014950182026667307,-0.012614374895951738,-0.01765464691577824,-0.017540421652849924,-0.007033921469948592,-0.008209717108490729,0.08910601283739696,-0.007408162283471933,-0.003906654665015459
2024-05-24,0.01645220020792865,0.013440114939510462,0.008846881681988794,-0.003870013738945158,0.001288285504961692,0.019063556414264587,0.007373310226605859,0.02539733129476503,0.0069766490766732595,0.010979149578957096
2024-05-28,5.2576459165805434e-05,-0.009617930505439047,-0.017932816251607916,-0.003020544175456422,-0.007223458503504836,-0.006047029212710829,0.0003718307657398693,0.06747577319306136,0.00024877090688591537,0.005839135093775014
2024-05-29,0.0015778700348933006,-0.015377078153682602,-0.007070596955730523,-0.004330889330655856,-0.015503421835713774,-0.006991658220173872,-0.0026760690134919004,0.008079626997411177,-0.007394317215742535,-0.005851485916469669
2024-05-30,0.005241202051741146,-0.002326941840645617,-0.0012907798904075488,0.0008677668515441627,-0.008536746725414405,0.006139234087577441,-0.034369909278517026,-0.038393566183068085,-0.005992957535754186,-0.010904015150558173
2024-05-31,0.005006068487086455,0.03460016137146514,0.006117147892682166,0.008205579667910539,0.007338850915174771,0.016419948627951902,0.001108621928680892,-0.00787708843299037,0.007995824231928897,-0.00012312026443811233
2024-06-03,0.009216317983860295,-0.0027543296366721254,-0.006278734718646948,0.0032206816880821576,-0.009454208209958381,-0.004005586078131737,-0.0038859030804372233,0.04779368741849572,0.0011154602235352391,0.005580473135502162
2024-06-04,0.001647917282154772,-0.005027676589982892,-0.014477698798028672,0.016371015843456026,0.0032015043003033147,-0.013267513929285447,0.006147669223129658,0.01241815349424009,0.0015016810037827531,0.0016850383781543874
2024-06-05,0.007790341385350332,0.0070314495050940095,0.012052259674380643,-0.02996784583481471,0.009424130869411825,-0.009585991702629108,0.018903502834338136,0.050270761398447154,0.011778015849957281,0.019436657343803895
2024-06-06,-0.007121709277499844,-0.0065276541501369115,0.002748326213724562,0.004552791156200969,0.004886948460177194,-0.0017757201567912178,0.0012019982144513396,-0.011847077535230635,-0.00019983660163685183,-0.0008603499612877353
2024-06-07,0.012315839721122683,0.008076792267303517,-0.002586477590016436,-0.008471937463989292,0.010703744773205357,0.015320474614172061,-0.0015794366433482495,-0.0009095185787110731,-0.0011158420502790662,-0.0023312544717371446
2024-06-10,-0.01933337113828052,-0.0027690392538580557,-0.0056811996127945335,0.0002180607151220618,0.002173816799171994,-0.0017018930632813388,0.009439705646741119,0.007433645705328377,0.002577529978240972,0.0034608800831574978
2024-06-11,0.060423278532773524,-0.020629821273352708,-0.03799091218879645,-0.0017462577070857241,-0.006240733676449807,-0.02665340102227388,0.011179130821247883,-0.0071694190251141415,0.0027067148552095224,0.00874577813411807
2024-06-12,0.028177716548714777,0.01405414947399669,0.014603642369468465,-0.003282794533195682,-0.001891746165557625,-0.014667732218409557,0.019182556856227963,0.03486570483655138,0.008467720241887338,0.015157577101674672
2024-06-13,0.005476087718752531,-0.0038133289825482497,0.0036594976959236237,-0.0021942083050561717,0.0007098242574694009,0.0110598356355196,0.0011782330643510437,0.03461752454607755,0.00234191143711672,0.0033519191010258267
2024-06-14,-0.008201877602208267,-0.0005095171875407382,-0.015055539413868951,0.0035087780041095007,0.00053210919930155,0.0006193325784575177,0.0022394130036190937,0.01736260322111678,-0.00039393828099749413,0.001206021547202862
2024-06-17,0.01948046831688746,0.006856977088248823,0.012229007932155147,0.00021882439825377496,0.001712301798644199,0.006173463122078018,0.01302008758615562,-0.006847738066163694,0.007635164372320518,0.009460439828984528
2024-06-18,-0.011045138472883177,0.012075648536888117,0.011916514196366915,0.0061098212571497655,0.006175517208300119,0.010306749945781755,-0.004537734460071352,0.03451705667145933,0.0025181541815171163,0.00029177194576983107
2024-06-20,-0.02174780038608791,0.0,-0.002635773359637535,0.016183143187497757,0.019566894461984955,0.008441520567882919,-0.0014348414229539616,-0.03604521722785358,-0.0025291273954115403,-0.00790479246468118
2024-06-21,-0.010499321348076424,-0.012581738766207565,-0.010446980338116982,0.012126462681364313,-0.00842997468898184,-0.012001143578376812,0.009112365887615503,-0.032720999942027075,-0.0015633517188252497,-0.0018203679009663248
2024-06-24,0.003127742803415755,0.01333169057555498,0.022254322385799226,-0.00021158998903803174,0.014677701424455026,0.01305753311719101,-0.0047021032470530005,-0.06917915315593981,-0.0030698791558664423,-0.010944125561160688
2024-06-25,0.004458337470222773,-0.016121194067919346,0.0039050018548979406,0.0021129546865859914,-0.01386646237896533,-0.004081187927687659,0.00729997273566806,0.06537945699135674,0.003925873679181344,0.012542171927287477
2024-06-26,0.01979585312762485,-0.009696539770663525,-0.005373441383385717,-0.01103577365335766,-0.004238387060040791,-0.003236466146810505,0.0026797131897861584,0.0024556978473154437,0.0015711962247204525,0.004926971785342618
2024-06-27,0.003978139159483929,0.006389845708183812,0.004886042789000938,0.012512079863896127,-0.005952118220994281,0.008774733047808054,0.0015248394526666165,-0.019250641368155876,0.0009069098567990731,0.0030013353390921206
2024-06-28,-0.016387805165370795,0.013161572347670193,0.03055997762540769,0.0012635641678449129,0.012216334281626837,0.015395304447468856,-0.013114153444845194,-0.003635905670978217,-0.0040920134623695995,-0.007084915631504494
2024-07-01,0.028689160142552406,0.006016327794322901,-0.00047295604570907207,0.0002105657751090821,0.012354746873203032,0.015648743534541914,0.021645638668184367,0.006133143222330979,0.0026719909814295235,0.008238931374310436
2024-07-02,0.016109411461493674,0.02273389975030065,0.019515173294045993,-0.005063390840078378,0.012485908819364344,0.016317839867353634,0.005567535532522764,-0.013200310445423424,0.0061762057711850496,0.008324584798362462
2024-07-03,0.005794254898725349,-0.0007332719917914972,-0.0034072317436987134,-0.004026605570166829,-0.008894496141378194,-0.0006707019585167676,0.0032390327992736587,0.044717494261948036,0.0050715622695336636,0.008810325587084358
2024-07-05,0.02139003068536302,-0.01205269724311295,-0.006693014371632866,-0.0008570608293105843,0.0016490988263934336,-0.01333909228443651,0.014628669949282013,-0.019283526306582772,0.00543397436096954,0.009001385967033043
2024-07-08,0.006517597481562641,0.005183394127926513,0.011027479842123091,-0.01272806712314254,0.009161397011539046,0.001853826145670588,-0.0028271922378379838,0.01865960686026314,0.0010161824764044329,0.002773958425887269
2024-07-09,0.0037676729255901515,0.0195030554424705,0.027574305161129485,-0.005660665240646428,-0.0065517237729806254,0.011918830260662058,-0.014474422716099855,0.02450251501027665,0.0007407974780654752,0.0013872783591356902
2024-07-10,0.018629057654290487,0.007696161032319484,0.00644063034075676,0.010209635686098013,0.0076767179727579475,0.000818348829061317,0.014495963082314794,0.02651406838403026,0.010156314878105886,0.011768169699070368
2024-07-11,-0.023494670793531035,0.0016757134878598613,-0.019143206154196898,0.010534163474298457,0.0026395157198900155,-0.0016856651322403088,-0.025084144603487325,-0.057276142279934446,-0.008801649969266724,-0.01971526577853586
2024-07-12,0.012966410534460718,-0.005275792210741447,-0.0182759228950104,0.013172250081125379,0.02503312755994799,-0.012173036109117715,-0.002532402328666327,0.014339359072729993,0.00550186402496512,0.006272279628706599
2024-07-15,0.016604711122952226,0.007187148028038434,0.009563814960784919,0.0004220196773588639,0.00027351340302419965,0.02462823774333881,0.000903570908292449,-0.006209327458299636,0.0028222164233526843,0.0040205665337876935
2024-07-16,0.0017902885361148143,0.052093002067052474,0.032175501070214885,0.00042175760390974386,0.015894455554702168,0.016853202678625938,-0.00982868610677747,-0.016326944705765702,0.0063690499714532745,0.00198851509891161
2024-07-17,-0.025621435576912915,-0.003405044627440181,0.005041458194106771,0.022932027759148727,0.008787362607701297,0.015099318465414416,-0.013437452779807872,-0.06853514233997035,-0.014025441523645543,-0.028074833303215987
2024-07-18,-0.020748552474307225,-0.022302377491945576,-0.04106234409076576,-0.009942009851188607,-0.011967712180312451,-0.03228587778201172,-0.00712760472567522,0.02593422338768684,-0.007847112145350072,-0.007008990772892834
2024-07-19,0.0005795506503402447,-0.002560728491466233,0.003845384826444222,-0.015101008103961398,-0.010693026823117641,-0.0009527477324436277,-0.007430485160779853,-0.026442781063677184,-0.007165879226406085,-0.008106151521439483
2024-07-22,-0.001561517394994509,-0.014084751104681622,-0.009873726082794352,-0.010622572478156395,0.004899200739393389,0.0023805082323880133,0.013249470379807539,0.04647376440038797,0.010734217246220293,0.015706756888307315
2024-07-23,0.004677324559227434,0.0025970037863504063,0.002477664251681679,-0.009873459933166103,-0.0002714517378108305,0.0002377620215086809,0.00430293082596118,-0.0077195046337764734,-0.0015593176939461904,-0.000567739265728805
2024-07-24,-0.02917568421256711,-0.005200674915223259,-0.015586370725454386,0.010513905894688452,-0.00043465133580122194,-0.008307076620881407,-0.036513435846721655,-0.07045650737121566,-0.02342124222289286,-0.03706954742075602
2024-07-25,-0.004816203673164572,-0.012161898475718455,0.011091344464406502,0.008290119956936,0.042346658001839274,0.00038351894767265894,-0.024785921074359035,-0.017393282313698747,-0.005155889019717259,-0.009308886828263786
2024-07-26,0.0021587302968906702,-0.0002400304375867189,0.012504851045803903,0.01345681316842725,-0.0011986415040333139,0.016963641050515996,0.016286347544421848,0.0069229047981932785,0.011029420409570924,0.010200562586434092
2024-07-29,0.001283780474592782,-0.014016611742702358,-0.013592960522541494,0.002294719467010344,-0.0013046419449464586,-0.006570673691349675,0.003427302547494342,-0.013087225883588452,0.0008129795718284517,0.0007094178465331572
2024-07-30,0.002562838254035177,0.004613198056983131,0.02412358471609727,0.003120783713235304,-0.002404994096841348,0.02037413541908127,-0.008968357177585814,-0.07304002489636705,-0.0049725143613676215,-0.012908328893792865
2024-07-31,0.01487946583196396,-0.023778486928111662,-0.015143863037291332,0.006418997555952472,0.005741454610472276,-0.011168414482246326,-0.010864799248845492,0.09380984871442556,0.015669980701917767,0.02601711232800833
2024-08-01,-0.01689258636386748,-0.020298835575354068,-0.02497012029790596,-0.022121146430112912,-0.012991421866235085,-0.02300702767311117,-0.002968454251180031,-0.06907210336830659,-0.013788123791990166,-0.02329560034310536
2024-08-02,0.006845920100064433,-0.04982879994804335,-0.07223828041646976,-0.015524016213230414,-0.002851117163843409,-0.04333771263090578,-0.02088248537960372,-0.017923808371775696,-0.01855290660855327,-0.024610392103780385
2024-08-05,-0.04936577599388375,-0.025058363769615195,-0.03479064801413672,-0.04201924939918785,-0.031202973891390484,-0.02152152170849707,-0.03320202234416512,-0.06568878123620438,-0.0304270413923931,-0.034942654982122665
2024-08-06,-0.009795977094941297,0.007339883263156992,0.00620744141300325,0.009343821803518346,0.01885981212898303,0.02752933822013497,0.011223552370444709,0.037131915807559625,0.010300849493599515,0.010241738511857286
2024-08-07,0.012420842045709223,0.010239821090694637,-0.007987994847829513,-0.0008861988299013916,0.0,0.0002993190691317573,-0.002957094332507587,-0.05258160510673978,-0.007764715388769489,-0.010505383553470892
2024-08-08,0.016496458422253012,0.024104092386337716,0.033128999977312036,0.015613262863662778,0.030628842790043468,0.01809877504879643,0.010635223699256395,0.059464225779561626,0.02278113959089888,0.02825926880330347
2024-08-09,0.013642366558736178,0.0018301724956462208,-0.0027624421268573575,-0.007886026239476733,0.0026673811544447638,0.008490862210684786,0.00823545204325285,-0.0020980077503768946,0.004660798434381699,0.005105859454376114
2024-08-12,0.00710462633261756,-0.002877700428875909,0.0,-0.013506173933667789,-0.0103432022602024,0.0018933310630211222,0.0019437360122656468,0.039954687270221806,4.30330517200971e-05,0.0021063473975744124
2024-08-13,0.01704690863212029,0.007568742833298586,0.005345409504073781,0.01130446563513154,0.007937707859438295,0.008451472553066367,0.01754387036586478,0.06326501273786758,0.016707233419049988,0.023964723109008355
2024-08-14,0.00203173462970021,0.009059479551013234,0.01924600929171393,0.0015416432518532309,0.006939517801334401,0.011000111221498363,0.0068603183803672045,0.016566049834478725,0.00381643656119841,0.0002902969212499237
2024-08-15,0.013439780084049757,0.005652431552505768,0.02070192815297483,0.05278815766329435,0.008439780028312657,0.006211597045663852,0.011754428692502303,0.03968318471576318,0.01600448993130413,0.023107317241650587
2024-08-16,0.005901075846388807,0.007911473821692544,0.014435897125736485,0.018981962370253933,-0.0008769635316269591,0.011374379515836116,-0.006098813239208531,0.013902591589443061,0.0019878023683961516,0.002113239299231412
2024-08-19,-0.0007080762759528058,0.008353321132130257,0.010208294413193698,0.010458650189638187,0.004890597261241053,0.006893071939753347,0.007285703995406337,0.04258647156997078,0.009675327436177775,0.013802485930620952
2024-08-20,0.002740939342302288,-0.025014087825012927,-0.011675185046388635,0.005188629958222262,0.00665357999840795,-0.00432578569105741,0.0077274773099658385,-0.02138097934688847,-0.001986527237609709,-0.0033524190038980496
2024-08-21,-0.00048572589701869034,0.0015495779508964593,-0.01280380557389166,0.004171360594052373,0.006001535280951875,0.000372919250484818,-0.00155490729640548,0.009775225537026328,0.004230714721006796,0.005711397999205037
2024-08-22,-0.008293985694969138,0.012565991904671375,-0.0018189112146692863,-0.004569439995161738,-0.006358473702344745,0.009414933075180204,-0.020460614749835942,-0.037746188139808005,-0.00897294225665722,-0.016863349671452442
2024-08-23,0.010235543078494525,0.013416261651755287,0.028069644781671246,0.010301107847597355,0.0007140755031789162,0.007725240821531557,0.0029795735240660307,0.04449374120613125,0.01141793740166443,0.014561400117446192
2024-08-26,0.0014977013129365655,0.0037644194735485643,-0.005648259250617959,0.0009849852192828688,0.009541278617149398,0.003931538022972972,-0.007949229783052039,-0.022750412323697136,-0.0031587101696058145,-0.008539621380016271
2024-08-27,0.0037346712293784695,-0.006282163155858818,-0.0017818522364837434,-0.0015763166294379815,0.0037810649565686357,0.004597669162859964,0.0008461178381234942,0.014445301727854366,0.0015939251127232035,0.001637559458273849
2024-08-28,-0.006776506452122255,0.007033529454862297,-0.001622519301055348,-0.01710477272594673,-0.0013594854721431589,0.005028719673475475,-0.007859769311988582,-0.021189433109506103,-0.005993900794735212,-0.011259605363533444
2024-08-29,0.0144650113469455,0.005491676947456479,0.004859875157366717,0.010774303054754287,0.002214454042931347,0.004148918535765368,0.006118434870943999,-0.06597789271802222,-3.937984343658622e-05,-0.002258160810459933
2024-08-30,-0.0034437631846588068,0.014335339792972895,0.012206954908454432,0.0029724449189731683,0.016108940673395092,0.011588103296124667,0.00968394188760106,0.015024027978913737,0.010042457079144168,0.011194506902239488
2024-09-03,-0.027582057391502726,-0.0012277563877895051,-0.019017568610366985,-0.009542900770458416,-0.004213995428038703,-0.020220753047996115,-0.018631568754838342,-0.08868374734966351,-0.021377963372397696,-0.03313472053816067
2024-09-04,-0.008656187495841646,-0.004926056559319378,-0.00816856742553971,-0.007217257202186897,0.01396211175273493,-0.0044128455380829145,-0.0013197195144952496,-0.016712902976403345,-0.0016038290273809634,-0.003039107300813489
2024-09-05,0.00690389062052107,-0.008928677170553245,-0.005428089251999252,-0.01153512857694354,-0.0074748875142972085,-0.007781104719707322,-0.0012480450991873735,0.00937130983569498,-0.003022581014674196,0.0025347508314067417
2024-09-06,-0.007039707223623784,-0.02848627654939822,-0.025728059822195306,-0.012906060815308212,-0.009173688771793372,-0.024042711614953777,-0.016517130478064756,-0.04171248377384153,-0.017410944507424406,-0.025835238180480592
2024-09-09,0.0004073944833826125,0.018152201873762184,0.007586671360554912,0.004115214089925202,0.013802790446567062,0.020267730154057136,0.009957805415179592,0.03478611672059958,0.011513534435818254,0.011542469261140827
2024-09-10,-0.0036279083487940223,-0.004825341342966952,-0.027067760828666583,0.001846543966899435,0.008756549573338194,-0.053283516864370835,0.02068573183497588,0.015193342379713997,0.004462699977793541,0.008332649110933212
2024-09-11,0.011518497367034124,-0.0071538156018145765,-0.011280101196457256,0.0065371465402134085,0.022013650345668444,0.008091307738203537,0.021117697215644136,0.07834781406981556,0.01060855564984334,0.021478646377831197
2024-09-12,0.0004940205973216382,-0.005657081308420705,0.0005234990443603796,0.010129661556293091,0.008161413077931527,-0.003044702204048722,0.009317217753206685,0.01898045349612208,0.00746735215680267,0.009961435138671924
2024-09-13,-0.001212881214909384,-0.003357813476448556,0.005913037363762895,0.0038225451830273855,0.014915788049961251,-0.011097081337049303,0.008372368541904445,-0.00033587920159958205,0.0053931422343560355,0.006484500120561746
2024-09-16,-0.028168310661716094,0.01157570784120238,0.012407542474041022,0.02439882946889501,0.010973722884435174,0.017177395966468844,0.001740327176979064,-0.019671613289849867,0.0012558408673102855,-0.005207479706829071
2024-09-17,0.0021702978961990306,0.011443142429301435,0.015296058602599038,-0.008264465127481174,-0.014051107019603432,0.006664952802766885,0.008794161734558511,-0.010242353155008049,0.00026451509389645083,0.0020402898751755156
2024-09-18,0.017829882600750024,0.0017683918971550545,0.0102357440323334,-0.0007908084494017387,0.0037755789958923403,-0.008253795391677482,-0.010023707681031663,-0.01939264921861312,-0.0029006587083132912,-0.0031112325052644082
2024-09-19,0.036395241425390926,0.031062212962605435,0.05077570740048259,0.017057619166708938,-0.004897109018555582,0.014114688479094802,0.018125867738710236,0.038925528491873085,0.016834356892725128,0.024767399967169895
2024-09-20,-0.002931758725845806,-0.014789577120140937,-0.01406231242057355,0.010250531051653852,0.017656149907847262,0.0028939578887507587,-0.007826523305357335,-0.015992114455583597,-0.0019429136300157343,-0.003651614484308679
2024-09-23,-0.007609836548524255,-0.009982484801752445,0.007055874585446847,0.0042242505232079775,0.012779745059199446,0.0016566218129248256,-0.004051472470428937,0.0022389004489471597,0.0028053344257131223,0.0014447300919227014
2024-09-24,0.003965988428923958,-0.010590182358277807,-0.019524571350994533,0.006303142965010344,0.0021291776485244046,0.0007092056375014571,-0.01006196269947108,0.03888644517382675,0.002508031103345345,0.005561920998894578
2024-09-25,-0.004407792317215072,-0.00508248686440777,-0.016263251554973136,0.0024722805838387355,0.0011759274921549633,-0.006638442903323492,0.006827055337103423,0.02160658435004566,-0.001862983206212128,0.00042544811249809725
2024-09-26,0.005067410263583831,0.006855257001711765,0.021788040876392703,0.0037913060811347833,0.009895199412084887,-0.0019525597576585854,-0.0018530023156952448,0.004281921490975103,0.004030542158199222,0.005959249836374187
2024-09-27,0.001185933518603447,-0.003040947011923043,0.002589490722034181,0.0032116364397688753,-0.011659573422095813,0.003426193420874346,-0.007657167365269767,-0.02151320127664522,-0.0012540029000721238,-0.003894218886177314
2024-09-30,0.022614298451544716,0.00708154478217305,0.011729792383101931,0.0037650480499609507,0.001086181465367639,0.001708854824870459,0.005312742059412033,0.00032945386759180277,0.004227603658441509,0.00383269292308732
2024-10-01,-0.02957464927194047,-0.011660425294470665,-0.012700049620000646,-0.009060089821428174,-0.007855915811545613,-0.018282596897517944,-0.022586422451299885,-0.037246459454980195,-0.009367848694454447,-0.015447076249981173
2024-10-02,0.002516574093651485,0.000254786954121846,0.003552931012271078,0.005335407663857088,0.0017307413887132804,0.0012068291252059057,-0.008498434056652694,0.01568839512442522,0.00013838132698647728,0.0008237516043319222
2024-10-03,-0.004906649879491466,0.00050978356838717,-0.011675185046388635,-0.0036174430768041326,0.013515837895759969,-0.009987463729443664,-0.001415183913704887,0.033101837465419566,-0.0016828286544586894,-0.0003704244006326825
2024-10-04,0.004994839389247269,0.021674169451035532,0.021461127270774198,0.006084934505654489,0.014619664650764393,0.034878375792064764,-0.0011530750189103088,0.016709387424790154,0.008930255699186382,0.012168284843376637
2024-10-07,-0.022788547779381756,-0.0037466650341286428,-0.0006388236166560747,-0.004560244963906767,0.004943590639079652,-0.0013739534935296915,-0.01579506685932614,0.022166894053441324,-0.009632263829388773,-0.011865853934136814
2024-10-08,0.018236814306916337,-0.0007509807126638531,0.01017183243766787,0.00418106158655436,0.006582656331555163,-0.0008536899775032143,0.0125449807761227,0.039681232509805514,0.009642706804694385,0.014347648026890931
2024-10-09,0.01656049773203383,0.006490267138147752,0.013819330413720476,0.015617922030345077,0.02454112544061265,0.012589330929556915,0.006609277370647142,-0.0018073958260758573,0.007088231016994585,0.00596029687228056
2024-10-10,-0.002180699851122736,-0.005489117883051951,-0.010031528772880858,-0.0003734478340994099,-0.005478027596821202,-0.0027212654629705305,-0.003888234090135705,0.016152193284132418,-0.0020722685059824846,-0.0005232375976345674
2024-10-11,-0.006526525804313113,0.0483493064485977,0.034982813808710475,0.013173897801226901,0.001029298697982942,0.043442038678523524,0.001153684854496735,-7.414295172611436e-05,0.00603360870729872,0.0033249826187866888
2024-10-14,0.01634541236020898,-0.000954062708666995,0.00409860398637815,0.0003686341178320239,0.00853764579579834,-0.003650487849691164,0.0067507992103264915,0.02396856029800029,0.007678114574594323,0.008671367852451498
2024-10-15,0.010964488832855862,0.005472977238108433,-0.05240222825693987,-0.0035071937655982524,-0.009824400489041901,0.004100292391838237,-0.0009547422151494314,-0.04799373574981824,-0.0076385660375134215,-0.010163496149682415
2024-10-16,-0.008891426736925915,0.015540740450490646,0.02537767598365933,0.04165010233833986,0.003042972067308085,0.0056050946875115795,-0.0062766592402875385,0.030827022710772905,0.004668232782779766,0.0028073348151276723
2024-10-17,0.0015950753023402755,-0.0046839280835769374,-0.004367468394959566,0.0003546396811069796,-0.0033864871328196924,0.003481548651966914,0.0014409658545546924,0.008875587299495545,-0.00017117512853816633,0.00035542593462036903
2024-10-18,0.01220187388786606,-0.006594539756132989,-0.017663285027731186,0.0063625891118961435,-0.002924308087082411,0.004224287958139334,0.00344955916221317,0.007784048177151548,0.003963686942774387,0.006290387913854662
2024-10-21,0.006278084577474756,-0.013320805003399943,-0.016362250571442256,-0.0029994206219850416,-0.0019398862029769346,-0.010571757294783046,0.0014815238705345177,0.04054361255893742,-0.001824432756419033,0.0027253369935606128
2024-10-22,-0.002625229539009119,0.012848198672949755,0.027595683093535377,0.00017660766220544747,0.0021553117018611252,0.005009878635201442,0.020632096308384928,-0.0008353583882615282,-0.0004749666671957937,0.0021422423076643635
2024-10-23,-0.021860218033772725,0.0009450831143253494,-0.007263636086502216,-0.0056697140733372635,0.0021504703098725467,-0.003172946374053544,-0.006830151974473876,-0.028467396044923158,-0.009233824267679564,-0.016449018967182674
2024-10-24,-0.0008235593201725486,0.0072951266525587526,-0.0015860406434214673,-0.005702113795848258,-0.057472014218431317,0.007002763988204825,0.00030608806183333564,0.0060721312579055785,0.0021434731305568283,0.007567860802160167
2024-10-25,0.003636415925019152,-0.017980178839640107,-0.01987890527412415,-0.003939184983432137,-0.01718060494641128,-0.011938655238374469,0.008019895005225524,0.008015632664506103,-0.00029949201318627087,0.0055839676428747825
2024-10-28,0.008562672971425022,0.01727658024500175,0.03812418849485664,-0.00828678162090515,-0.00823241526256965,0.014247357421427208,-0.0036502470876754174,-0.00723248822464238,0.002647934626732945,0.0026198764727676654
2024-10-29,0.001156139696937863,-0.0021138642612265742,0.008226659308022381,0.007209947182597036,-0.011716437782061084,-0.011596901711965504,0.012486577116790435,0.005181472839207372,0.0016128259449012198,0.007809094581347394
2024-10-30,-0.015395819656392546,-0.005186322055110498,-0.002941481983831157,-0.001617820317002958,-0.026631011544425518,0.006751597344831451,0.001341768406121696,-0.013614328493164187,-0.0033056916724881185,-0.005617292557496598
2024-10-31,-0.018377259001906225,-0.011648782458480096,-0.005129410302033369,-0.014860560234339388,0.008843236410778884,-0.011157976149809097,-0.05065529907280218,-0.04837410230040139,-0.018790134928745348,-0.027943849001064704
2024-11-01,-0.013368646192611527,-0.0014358410703786595,-0.007194276982449301,0.013240403401538516,0.007374063987240852,0.004585776029374911,0.009844338539194114,0.01969047442405679,0.004084158004525459,0.007968626237086074
2024-11-04,-0.004045708472273717,-0.010350140416979223,-0.012749226902153764,0.005928281816572332,-0.009311047484284718,-0.014275699711583732,-0.004665159073919207,0.00478911109769862,-0.0028160448131902913,-0.003291579965893981
2024-11-05,0.006465272749537412,0.01321976387374695,0.020949801495542507,0.005893414738553419,0.006040465497147825,0.007750514770894205,0.007317862778473782,0.027976859409581868,0.012191031029563081,0.014156187609964723
2024-11-06,-0.0032723454648742574,0.06899392687078605,0.0729059987833665,0.029994259807904305,0.028636332444290674,0.059985415773635836,0.02097138557059185,0.0399326220946718,0.024981280957186654,0.029091435503060304
2024-11-07,0.021146995079634842,-0.014194029767386623,-0.013417479616791541,0.003622394063729475,0.0004212642050534266,-0.0441904840569022,0.012417194377314825,0.022208754262588816,0.007403754173995657,0.014952870316724744
2024-11-08,-0.0011889038318105918,0.008009005109447218,0.0076059356198117925,-0.00034458408534831456,0.0001403819745717804,0.0025349791084012105,-0.00681628160035248,-0.008431654418616083,0.0037497940357180464,0.0008983428069963518
2024-11-11,-0.012101517158939552,0.020831781257614392,0.0169042623534059,0.009769589492153749,-0.0007020321889980251,0.00970047605537476,-0.01077878182652709,-0.01618390385970431,0.0009685941909569238,0.0006209823382581414
2024-11-12,0.0,-0.0047856375762708354,-0.011237736645735219,0.0013636339855356589,-0.00492002655113243,0.001127618924795071,0.011937735645599521,0.020644444675726698,-0.0028968514769364996,-0.0008999120844093291
2024-11-13,0.00396129963483659,0.00021781424786784527,-0.001885314746454697,0.007973569974490382,0.00028454277236776094,0.006656817503248958,0.005116581425389083,-0.01371525647736275,0.00023220076414018386,-0.002631883953142351
2024-11-14,0.013676561417135037,0.0006539361624579076,-0.01079980181515076,-0.021520983246767135,-0.009192585561548245,0.002939752222100929,0.003966696728548974,0.0033443137834728823,-0.006068108582244,-0.006420238092000108
2024-11-15,-0.01420972572986415,0.018348954793286364,0.008910810770255101,-0.007973635554439421,-0.01932518486658861,0.014122264103134526,-0.028247952091319136,-0.033112570685923215,-0.013291430866793769,-0.02262898810988457
2024-11-18,0.013332926109904214,-0.000641872874759318,0.0034844356490780735,-0.0026138875485935287,0.015009395562023548,-0.0011420069060197496,0.0018297586619754913,-0.012972950652628497,0.003910159746206537,0.0059613549637324535
2024-11-19,0.0011395887601670345,-0.0066573226702985955,-0.005813963842439211,-0.005248500810358451,0.010326576523066105,-0.007948968894987155,0.00487067948746246,0.04778748771881101,0.003955750520596487,0.010358159242935323
2024-11-20,0.0031490337274675513,-0.007570078868156707,-0.004675515954930106,0.008558286418053096,0.020478684742081775,-0.009548046534772658,-0.005520365478679722,-0.007647718415685755,2.19506213354446e-05,-0.0011240079467686812
2024-11-21,-0.002098164010935638,0.008646806993776261,0.009764551474853585,0.0010430429912241634,0.03570153487934292,0.01639451893659607,-0.004326129390916067,0.005332321832623484,0.005326251844288491,0.00033102452184933655
2024-11-22,0.005890068770714481,0.011555840028075649,0.012825322832911712,0.01705297776824734,0.002559837003205321,0.015365872849439915,0.009953431407454008,-0.03271024350147696,0.0034619595915364653,0.0016447449951172176
2024-11-25,0.012966371797554901,0.010582161756033388,0.012945583882813728,0.0032399379788293245,0.01407277534258186,0.006976259957592869,0.004283448513106938,-0.04267303581087694,0.0030159278201245415,0.0026900428092867484
2024-11-26,0.009360530001678743,0.005249464775226441,-0.014234988243033956,0.014366910674628093,0.011869350482322925,-0.0012793688188775408,0.02173020992266081,0.0065948370794716195,0.005705697155263866,0.006249752120298399
2024-11-27,-0.0005532298970713366,0.0004187591706296169,0.0058610619855086424,-0.005047177851330106,-0.008381849646728175,-0.0007204396938985876,-0.011751280404366642,-0.011606757841200743,-0.003808481083577712,-0.005953775332228389
2024-11-29,0.010163989260155043,-0.005457845682207372,0.01006871264081781,-0.0013502185892359756,0.002157027173895341,-0.0002801187250533754,0.0011104182829588527,0.02127370654114112,0.005592120396801623,0.008239075492084896
2024-12-02,0.009477546923704444,-0.00994175630953541,0.007310582756412273,0.003708689897189502,-8.800783735692556e-05,-0.01399308141691986,0.017602740768878116,0.0027447815745265058,0.0024454638805813736,0.009620431704489101
2024-12-03,0.0126909452049901,-0.004687827260417093,0.0004201104770441679,0.0008409602183788782,0.007055391921275635,-0.005824005587000969,0.0005103025128670246,0.011689326611084686,0.0004513472420221813,0.003958406394087544
2024-12-04,0.0014825707720744507,-0.009657691274442614,0.0011195063550503762,0.0023510791320025186,0.0194173001406876,-0.005817143913770414,0.014321780974673999,0.034200872546373697,0.00603318162813612,0.012964726395351405
2024-12-05,0.00012346946689693563,0.013494734824713066,0.010158039138307243,0.006686655995967936,0.005381907168669913,0.008509361908029204,0.011817787153287023,-0.00048226573776343076,-0.0018715258393823342,-0.001767924389033991
2024-12-06,-0.0008232492513117609,0.00021388204259029182,-0.001108075897160786,-0.002168223126194371,0.013917519101489422,0.007629211095491484,0.002144035562979921,-0.018226669049069347,0.0024923453675383123,0.008064232150158133
2024-12-09,0.015972826196489615,-0.018131180356129248,-0.00402774673039915,-0.015819972362811352,-0.0343593566096986,-0.01445540486158839,0.005508142233801121,-0.025814886210277353,-0.006163167285227462,-0.006216741480440599
2024-12-10,0.004125196972770384,-0.003491127317131314,0.008866990367323769,-0.00390914628332893,0.0074503962670243685,-0.003904104256662772,-0.006049344846259759,-0.027312918165921154,-0.002968284314279252,-0.002508590344700015
2024-12-11,-0.005179439036908281,0.007187272502681412,-0.007476309246972583,-0.00221648084610291,-0.006928799283397548,0.002755002847769323,0.012686236526181975,0.030908477985586106,0.008132626411368235,0.01750456282244012
2024-12-12,0.005946060380318725,0.0,-0.007392258549549331,0.00442772371635277,0.009256425684427786,-0.008246521820921032,0.001268656891704833,-0.014242021112509603,-0.005428731461463251,-0.006612857611765095
2024-12-13,0.0006853353430694134,-0.008937503704670799,-0.005897285684944608,-0.003915734823412802,-0.006219106921895693,-0.006604819069276095,-0.005106889077376896,-0.022755843422417737,-2.646698937187397e-05,0.0011991526850290708
2024-12-16,0.011659422964560157,-0.004388810150751151,0.006736859909686872,-0.004616618630375404,-0.006476170521039368,-0.0015014349848712786,0.009612238580507748,-0.01690191557727353,0.0037921550087844295,0.012327645085648197
2024-12-17,0.00967265630162667,-0.009279941762850416,-0.005189010503571467,0.0029091488338664345,-0.0015710745096614736,-0.005105319891763176,0.006335103700614573,-0.012271893453089164,-0.0038714794806554956,-0.00321873806215598
2024-12-18,-0.021654567925706178,-0.03501187794583479,-0.043097686372682034,-0.01706193158216263,-0.03919102934738192,-0.03409536542150649,-0.03828451669004334,-0.011415398538858645,-0.02993650530451818,-0.036274324236556424
2024-12-19,0.006990121496717866,-0.0027624015839810803,0.004394260785530233,0.0017366897113148645,0.01688890504019223,0.011180079591837628,-0.0008234609193033251,0.013636897668975469,-0.0008654867505367934,-0.0010277150922584004
2024-12-20,0.018641055903460886,0.018047252484592366,0.0111910658823444,0.015325241870847816,-0.0025040910001929155,0.019721776640453957,-0.0009842536830774913,0.030298635082894952,0.010810479402397299,0.010262161393741207
2024-12-23,0.0030602928334255634,-0.006359340286265516,0.00834770936270248,0.007829903992284412,-0.006422769548460717,0.003319366717537226,-0.0030970655925166577,0.03623250513491381,0.007260849585616372,0.009776059833409905
2024-12-24,0.011412703502856704,0.011102512490686315,0.017475826521497113,0.014643058500694727,0.011112684540025924,0.016309933882287568,0.009330328901142333,0.0039301152488156405,0.010982233165126825,0.013380937493453312
2024-12-26,0.003170542160109815,0.003823149046145399,0.004917545200608559,0.002169670668004725,0.00213663303630689,0.0034195065298960855,-0.0027808697946863333,-0.0020704187342730253,-0.0004057410882578191,-0.0005378818401844608
2024-12-27,-0.01333053911498823,-0.0047248521769004065,-0.00491754520060857,-0.006187779325135154,-0.009426540613327664,-0.008135398040752546,-0.017452981309023695,-0.021088300838240332,-0.01111730496491221,-0.015013475124037575
2024-12-30,-0.013352138625197713,-0.009745233584134916,-0.008628576343328361,-0.007070741842855002,-0.011421512094791473,-0.007700360724955425,-0.0133279305871085,0.003497119242535584,-0.010759673941729728,-0.011999497401753979
2024-12-31,-0.007082884988829897,0.000910529376104248,0.0,0.00016891740687255568,-0.0019086860786229655,0.0016282293003093459,-0.007869226637281334,-0.02354938461416516,-0.0042940064589823065,-0.009072793498939299
2025-01-02,-0.026586098737982938,0.007706297087543832,-0.006413384005598478,-0.0016905932850624665,0.0005001535002121741,0.001209028393363478,-0.006951761998584794,0.02949580955754961,-0.002226363149448992,-0.001554743677281043
2025-01-03,-0.0020115308879364666,0.011672457223727686,0.015041960348926802,0.0027219872497197097,0.012246244959372753,0.013574203124226065,0.011331237878659191,0.04357446913879789,0.01251735670782609,0.01752584663334609
2025-01-06,0.006716400145041065,0.013080760714490573,0.024211592939838558,-0.0015302102220281718,8.98101356648155e-05,-0.004887363430865264,0.010573388610832209,0.03375599570274674,0.005522766496818171,0.012323344610489095
2025-01-07,-0.011453114152515327,0.014867002772098578,0.012839992933773641,0.0027188162481289802,0.005776737555551466,0.009586391848300188,-0.012890930075826477,-0.06418608663294606,-0.011166021516637011,-0.019073327392674706
2025-01-08,0.002020945345819096,0.002817048625439939,-0.005716574385781918,0.004571207196551191,-0.00348898036425943,-0.00016459190465769084,0.005171660715242975,-0.00021396936480933167,0.0015591440938312422,-0.0005542328610488935
2025-01-10,-0.024399040406297503,-0.024092264149523028,-0.02571702480738445,-0.0078006588913275285,-0.01548804154285106,-0.013499128608604123,-0.013301807985565137,-0.03043495635733917,-0.015531637650233373,-0.01642095897142068
2025-01-13,-0.010397914963539022,-0.001108872700171577,0.019005921426839645,0.00034043031562819265,-0.010751575902785955,0.017931449780962967,-0.004209787068224672,-0.01991587997337843,0.0015742043780551176,-0.0038448030707785895
2025-01-14,-0.004789717981251306,0.01585237424140441,0.009981748542471018,0.009653764529141021,0.0016087376740132138,0.013260873801813703,-0.00365004544285091,-0.01109495791935367,0.001145623334164268,-0.0022924809394271853
2025-01-15,0.019484951876145403,0.028425621393293132,0.0628789379468038,0.010896015574603513,0.010416163523211619,0.019527584528876426,0.025275031609136047,0.033436013957587905,0.018147132504516373,0.024217618433300336
2025-01-16,-0.04123913062511001,-0.009814432865270315,0.0030616140684948125,-0.0026710921111526118,0.011882090608199973,0.007579739362748914,-0.004066333844555225,-0.01979244486418121,-0.0021149243408667613,-0.008903201414791392
2025-01-17,0.007507065703090911,-0.0023612919847308426,0.018675601587760795,0.00683057690989916,0.009520701860740081,0.01904899865764413,0.010426469293240408,0.030524404626792276,0.009941478308394033,0.014982137074960508
2025-01-21,-0.03243613718877153,0.0027900117131784818,0.020785185582661396,0.013194905414916337,-0.002360518353133842,0.014822288469253412,-0.0012362214484664515,0.022403421203704088,0.00873000944059605,0.006427531061296738
2025-01-22,0.005330667375457601,-0.01882154166014222,0.00024500311805880366,0.009783291604011096,-0.004469147516104858,-0.0007225214920396375,0.040476625214769794,0.04335530148881275,0.006119181086994129,0.01270246874817388
2025-01-23,-0.0007596980859037356,0.013018131710243753,0.0035434495303979714,0.009688379122720669,0.012375019121672427,0.011763026610506681,0.0011423493894223509,0.0010193257869135451,0.005299419459529372,0.00221350574034492
2025-01-24,-0.003942472653111138,0.002798420039218059,-0.006117766089473373,0.0,-0.005500839402746267,-0.004182664988944035,-0.005950053792459578,-0.031744419045330464,-0.002859215984467759,-0.004967964365128231
2025-01-27,0.03128581292827294,0.012178326771070015,-0.005044436497203943,-0.05194472513554177,-0.0029848365321024045,0.003806538038428168,-0.021625564405378928,-0.08868374734966351,-0.014688059032112328,-0.03117458597795046
2025-01-28,0.0358920507137915,-0.005323107942225684,-0.01403663425795481,0.005906675189408287,0.006803174246508284,0.004840568189068759,0.028671920071678705,0.08549725780967952,0.009175644177716802,0.020052139844207402
2025-01-29,0.004606184324655427,-0.001923388021205124,0.008594352002018812,0.002017240699924796,0.013075504021561116,-0.002098500032279362,-0.010949762521256132,-0.041875673000391335,-0.004689876056919602,-0.0051450483042052185
2025-01-30,-0.007422111547386084,-0.000641867863365035,0.01513964231754897,0.01533103089587348,0.04754936920910198,0.006170308307735753,-0.05065529907280218,0.007650610402164967,0.005261548152180238,0.0025146067630969766
2025-01-31,-0.006714777256219518,-0.009030361522715594,-0.005266685908323729,0.0021473867548355064,-0.010000618051756179,-0.0034730949815473624,0.00016882315531880162,-0.0374349340220019,-0.005059603990267195,-0.0027632511475396892
2025-02-03,-0.03444236049586725,-0.0019457571590585318,-0.0157031713977303,0.007234595772980262,0.01948056165062159,-0.001834876019540486,-0.01002445923520442,-0.028811121282842432,-0.007637690729495203,-0.012069963764117987
2025-02-04,0.02079025970009404,0.010762099296409115,-0.014295798020129062,0.004902776284588816,0.014204602432487855,0.004226267871901995,0.0035223392289391647,0.0169142414685658,0.007198907403029113,0.01342327817091075
2025-02-05,-0.0014184929963831296,0.008527006919973766,0.01240977919686371,0.019853764507103883,-0.004395973636087381,0.009250346896107339,0.002228661164054397,0.05077476802044642,0.003901053915613614,0.0019473501029713715
2025-02-06,0.003221032282342159,0.013284304620753933,0.03548188737209072,-0.004806165643076812,-0.03816693360802032,0.023642990888883313,0.0061028663337816345,0.03037603125010709,0.003637674355266266,0.005048098440102982
2025-02-07,-0.024260743875656753,-0.0071473121792932125,-0.00743676926761919,0.0,-0.004349725763037942,-0.003980496420050125,-0.01470526614826152,0.008973938724935395,-0.0095098456936602,-0.013663556084043132
2025-02-10,0.0011866867973147088,-0.015520704321243844,-0.01218851031960426,0.008634585719093169,-0.0056006964446781715,-0.01740938282795236,0.006009889630122055,0.028322911622574144,0.006690112295455172,0.009728949069706547
2025-02-11,0.02159692823516533,0.002568000511879813,0.00469592391399107,-0.006068389553974192,0.021549740508615724,0.01446830436265695,-0.0018939567883070774,-0.0057813945846416125,0.00033952514367385523,-0.0035779257459609974
2025-02-12,0.018105177708689794,-0.012473394848479561,0.0019705968774611543,0.0016004720702084653,0.004348606530512655,0.001671366386439229,-0.0058501602737421375,-0.012578837558009743,-0.0027275831896475754,0.0003099645474288844
2025-02-13,0.019482375566466772,0.0025935308473418353,0.010161060483612382,0.02073352278140846,0.013126425482030352,0.003153477014667987,0.003660283663118245,0.03115507770236104,0.010372313214235747,0.014935850395990017
2025-02-14,0.012630467949169109,0.013506451881343457,0.03011450799005639,0.01600532489777672,0.008031216743938452,0.000976599896735833,-0.005152834108272761,0.02597367913365412,-7.19463955744955e-05,0.00405925073484836
2025-02-18,-0.0005316274709570028,-0.009198848793683516,0.0002364445223780784,-0.0043257279566849835,0.00682754374560599,0.012074869603901878,0.0029582267937243276,0.003953279599679705,0.002442003655551809,0.0007232816417964617
2025-02-19,0.0016348167622983812,-0.01123871772178523,-0.00818663127058944,0.003863120818342736,0.0047404548110714,-0.002503658468775571,0.012445494585503182,-0.0012202009909251757,0.0023741488668242434,0.0007476890789958515
2025-02-20,0.0039128524958505885,-0.015551515421161365,-0.03146427785361765,-0.002625287985919484,0.0015875281224447813,-0.045608228987024234,0.005276616278691788,0.006300621854545979,-0.004343604884290259,-0.004692356818070892
2025-02-21,-0.0011396705629297776,-0.010875712904084144,-0.020995888608076996,-0.010726817692255764,-0.012390226730751623,-0.009641409735900146,-0.01921594644985502,-0.041384395845709986,-0.017211396672539132,-0.022203490847514235
2025-02-24,0.006292526993913915,-0.007841376256955957,-0.014033986678164967,-0.011633499634641175,0.001490225316986354,-0.011035631893269289,-0.010366846472641824,-0.03135742944169091,-0.004981493566252351,-0.012217329979724747
2025-02-25,-0.00024293974720204436,-0.011765067375018222,-0.005105977464031871,0.016155895978088374,-0.015857940533136532,-0.015190864299570957,-0.01521420074918569,-0.028416629615078307,-0.004690715138395557,-0.013600652541899481
2025-02-26,-0.027412372531608897,0.0,0.01183143815649355,-0.0029606062572489706,-0.007437920827756089,0.005385675570406785,0.004588660213143606,0.03606306439491651,0.00013601502958346571,0.002565199508240402
2025-02-27,-0.012812692210099893,0.004088171796222886,-0.002532517909052054,-0.004222413241928519,-0.010254103846386722,0.0010041120713537354,-0.01817642015218111,-0.08859149250497897,-0.015991742678524653,-0.028223264233800928
2025-02-28,0.01895121225632392,0.04389979286227545,0.01360036160091984,0.00469044438275559,-0.003124598038372624,0.021387018553616785,0.011298163231421954,0.03893244272417628,0.015729780420663385,0.016199638130260985
2025-03-03,-0.015879648331593207,-0.011782766151039372,-0.035390584327976995,-0.009875508473493236,-0.008952958420984546,-0.015344691722825033,-0.021643620811166036,-0.08868374734966351,-0.017753402648308866,-0.02672867022525744
2025-03-04,-0.008861549654492162,-0.06553407070585052,-0.06449534422519368,-0.0034716645346809854,0.011998610060903402,-0.04060302792259734,0.0003087729820176127,0.016779374349874386,-0.012310288231505477,-0.003550088418212097
2025-03-05,-0.0008056224633173428,-0.008945345597282266,0.008395868328454749,0.011004700847838911,-0.007372776676667605,0.005101783410966749,0.031435016952119255,0.011230823529807194,0.011097472528735688,0.014527162852122182
2025-03-06,-0.0017406835873191322,-0.019821462161661425,-0.033164424610822224,-0.008636400745077313,-0.01063927330016117,-0.0200380034310465,-0.010352105941965705,-0.059086012880118,-0.017979677107455568,-0.026404834361412367
2025-03-07,0.01576765081969112,0.004842580341676616,-0.0017017628372291852,0.008323590589293767,0.04754936920910198,-0.017430179144909675,-0.009061091755342875,0.018992000398937475,0.005505435045454467,0.0070017799045282315
2025-03-10,-0.04969420369106732,-0.038660469799405704,-0.044251667981565095,-0.029843467721539858,-0.017900489715966937,-0.0424087672706194,-0.03400586656246651,-0.051998850623936166,-0.027343541788428148,-0.04082494628796817
2025-03-11,-0.02962387616166318,-0.005538932954990029,0.0013341693447368823,-0.022652347647828894,-0.031434803218578486,-0.013352091955518836,0.0007626153707795385,0.016501631753605417,-0.007596646918536578,-0.001846225340473764
2025-03-12,-0.017633319990613402,0.007545436570081986,0.006644392252425443,-0.0034672390765333218,0.0027278216923887558,-0.005426209721228343,0.0073848966225837165,0.06229468949261118,0.004874967940490777,0.012105169341942034
2025-03-13,-0.03422260753479495,-0.00603172839205481,-0.010652486179307951,-0.013152759856828197,-0.015461607532051962,-0.011962450892020133,-0.01181050413400098,-0.001383353947761324,-0.013988366806464148,-0.019767455295314512
2025-03-14,0.01800745100151966,0.030290317688379136,0.02279356610298556,0.013814014909189569,0.010320786396373077,0.031687662050752886,0.025518322921996503,0.051349506075918684,0.02104290595319694,0.02573544184917661
2025-03-17,0.002386044386517449,0.013360990619205508,0.016724783526431343,0.006425650576057175,0.018431875209408064,0.006389703315049571,0.00036033281692763117,-0.017745041757320636,0.0063956349746060355,0.003068961502188627
2025-03-18,-0.006140242137349673,0.005054772410772747,0.003995228553532683,-0.009736828315171834,-0.024085039344147366,0.004435927196957227,-0.01341609797870548,-0.034903090677900976,-0.010710667074319702,-0.017248631918486492
2025-03-19,0.011917875237583938,0.013355857685596646,0.017224937122718286,0.013506907669562194,0.021393281920183835,0.01746586429073382,0.011149567865415448,0.017944173562609855,0.010740608172953766,0.013993736462363066
2025-03-20,-0.005310320282632644,0.0063762057251835385,0.005304960780150022,-0.008214195444107352,-0.03620162777632782,-0.00041829048909998727,-0.002530160166574395,0.008557532266213808,-0.002187283513782985,-0.003338274203285806
2025-03-21,0.019289508822971636,-0.0002353843195250375,0.002225212379183878,-0.005292712225454888,0.0022576821824173638,0.010902262970848607,0.011361165241527749,-0.0070270460654743025,0.0008243136078323211,0.005210337148293775
2025-03-24,0.011207323573550563,0.014028628062868415,0.028217179151491526,0.011049829027223674,0.018606409511732373,0.02626302197254834,0.0046407934402340955,0.031034323089008616,0.01749211712863917,0.022492433713106542
2025-03-25,0.013589228794342463,0.0048640278507195555,0.005791051285587662,0.00032798098429515364,0.005819231806460782,0.012300135385022936,0.005277558866266109,-0.005947987191630208,0.0015730954906538206,0.004567671425313369
2025-03-26,-0.009971320874512928,-0.010685345622214154,-0.016654751250552012,0.013193409288526584,0.0017591032595437482,-0.00039832790081132806,-0.013220846898658658,-0.05913432079483433,-0.011219640357598032,-0.020616200686132007
2025-03-27,0.010418206350687718,-0.006090474874169483,-0.019161230566604532,-0.006493428884154962,-0.016635163705160043,-0.011660056494249298,0.0015629417165446378,-0.02069434936884807,-0.0033124610071321114,-0.00532113988168519
2025-03-28,-0.026939963146215867,-0.031263778213814285,-0.021381905977004394,-0.008833814445017393,-0.00901660633027265,-0.021468403311970113,-0.030624414895215585,-0.015920741714038286,-0.019934601126853548,-0.02739026211519937
2025-03-31,0.019226537404803058,0.011569266416918115,0.009340492654208712,0.01386988254015426,0.018918342040148257,0.010037985480994516,-0.009042851465469355,-0.011832338692772962,0.005523240357645722,-0.0013691285529826567
2025-04-01,0.0047606279397177,-0.005767902311088634,-0.0063591752527452795,0.0014573607890182882,0.006733427995284587,-0.006708124254702968,0.01795241208313827,0.01619958874575572,0.0037741045552120668,0.008667974714337516
2025-04-02,0.0031314275761356735,0.008639378645380431,0.017147353599099503,0.00032364033367276686,-0.0014390475098823424,0.00882567281690717,-0.0001308788273190025,0.0024480710105487763,0.006705661429484109,0.008625223021554626
2025-04-03,-0.05763947971348608,-0.07315236997895466,-0.07223828041646976,-0.05748981530904034,-0.026305049324118288,-0.056302565641421366,-0.023913803294693326,-0.08128106743027659,-0.03940543961689492,-0.043748218753435014
2025-04-04,-0.05763947971348608,-0.07315236997895466,-0.07223828041646976,-0.049540810838223544,-0.057472014218431317,-0.056302565641421366,-0.036213783683344,-0.07642292161238848,-0.03940543961689492,-0.043748218753435014
2025-04-07,-0.037425911775572106,0.03401805434502873,0.012309928209903946,-0.0023864193524900023,-0.007501276025834057,0.01959001831096155,-0.005517677904490875,0.0346999436663738,-0.0023341946059635883,0.0009919337712453334
2025-04-08,-0.05110209391544016,-0.01557909316532069,-0.0013603848138296175,-0.022677552579645845,-0.021262699100727356,0.011268086938211443,-0.009264184023110985,-0.013818873531873348,-0.015825083277054855,-0.02172660134366121
2025-04-09,0.060423278532773524,0.058759164946546344,0.0729059987833665,0.05278815766329435,0.04754936920910198,0.059985415773635836,0.05778392175994012,0.09380984871442556,0.033434479226047135,0.038614096639444526
2025-04-10,-0.04331879175250889,-0.03562031054005003,-0.040724588899649,-0.02684961251767133,-0.0247829192228751,-0.03133862971444412,-0.023684634251191463,-0.06094729175802365,-0.03522060702411168,-0.043748218753435014
2025-04-11,0.03979226897922506,0.002785492023568535,0.000811493601455145,0.012991826579263217,0.025505145740934453,0.03924437998677425,0.01844685225282051,0.03075760220810597,0.01793038083577807,0.020365086361595133
2025-04-14,0.02181432295472252,0.01982982817266539,0.025309659624173655,0.0013944115269357866,0.01508855199443721,-0.006285527461638613,-0.0016489950808063717,-0.001985237401284583,0.007913319326342991,0.006378595838402952
2025-04-15,-0.0018782124525660647,0.03536419093561062,0.017405439811983916,-0.0036646986784698316,0.006836722714620172,-0.006797051500684881,-0.005377851474534099,0.013368825843533362,-0.001729275225300909,-0.0004938721363887879
2025-04-16,-0.039711549127792865,-0.017525722848308504,-0.03528015828103571,-0.025497127822331125,-0.00888853428038141,-0.01521409375320885,-0.03729275929291932,-0.07119155886989582,-0.022663253964902527,-0.031152813505197465
2025-04-17,0.013853250405553743,0.00214073600542659,0.018349203142833184,0.0,0.0010054222630133005,0.010182822552053574,-0.010360086613941565,-0.029131198002330435,0.0013259586237727749,-0.00127079900024651
2025-04-21,-0.019583364231764565,-0.013184677700919991,-0.008893276149958981,-0.025244252054361687,-0.010904545474887135,-0.012886693645693788,-0.023828228459038182,-0.046177432034535525,-0.02384964833401801,-0.025846217431704902
2025-04-22,0.033497710668311975,0.03721852063249525,0.029238335953016274,0.01224782316944298,0.019618298529972298,0.028414667060928153,0.02121471192960325,0.020225301724121302,0.02480695212545062,0.026703601241075597
2025-04-23,0.02404041488197309,0.011158854554608232,0.026749632699138076,0.010662354129541073,0.018833591283669893,0.022205832213098263,0.020426838465949736,0.037901487543254626,0.016523864366879457,0.02469981640865242
2025-04-24,0.018258408060773824,0.021193143064168328,0.027668082441992533,0.011794324677648209,-0.057472014218431317,0.015488954958707054,0.033901343145028094,0.03557782828378565,0.020056628082583162,0.027042272899494603
2025-04-25,0.004357700335927208,0.002775351029707777,0.003953398635875991,0.007433505640921085,0.013341047867522694,-0.004465514481961672,0.01167969428318625,0.042132961442940875,0.0073460847957005125,0.01255627515759258
2025-04-28,0.0041009269569146625,0.002264936900479166,-0.0021943771470418244,0.0022898810970433466,0.016006493343986627,-0.0013557933183701955,-0.0017625363858295127,-0.02075261562710994,0.0006405015390019333,-0.0009674270367403356
2025-04-29,0.005079000062798506,0.005265347442561093,0.008748992293546564,0.008758160602930195,0.013584496238117008,0.005739469991441181,0.0073357870430896185,0.0026635586412633652,0.005785641545556399,0.005466359836985999
2025-04-30,0.006089009921960949,-0.0027545016367907806,-0.007285500955229971,0.006778447667524005,0.010099599983281448,0.0,0.0030913106086178613,-0.000917693919167829,0.0014788972519335208,-0.000858291251981748
2025-05-01,0.003851392643997796,0.007245388467695709,-0.0035160995519383713,0.006732876642714936,-0.008972328047828425,0.009236989902359504,0.05778392175994012,0.024397036741896447,0.006279345716451974,0.015041372884847503
2025-05-02,-0.038077575248601635,0.022157472681559473,0.035324036237272434,0.02060527286082638,0.024279251188943064,0.02250795655723843,0.022959540647889354,0.02556424074860387,0.014619191109112719,0.01496254729863649
2025-05-05,-0.03196390482377563,0.0012166345340751759,0.002994347290515445,-0.00016859859447917864,0.014674971444752402,0.00019791299487827344,0.0020426156845589198,-0.005956621373113901,-0.006402047029318447,-0.00745301554740299
2025-05-06,-0.0019124478912930995,-0.006832566401021529,-0.011022937554559496,-0.0016871558037852832,-0.0002408345443869905,-0.013192380196622892,-0.006578705731860101,-0.002463001633647401,-0.007722985278391797,-0.008700483287600138
2025-05-07,-0.011450129026667304,0.002201421052474013,0.011165222787819335,0.005892699274394338,0.016916069041806283,0.0005615892630426043,9.238302663668128e-05,0.030531374558073913,0.004336938106710132,0.00273796298334519
2025-05-08,0.006298709112532449,0.016236682300649785,0.01959346878520118,0.0023474566275609393,0.0030345515603205017,0.01622747801244831,0.011061102035164987,0.0026448147092960903,0.005783021147465641,0.010653320438434548
2025-05-09,0.005252255766164066,0.004557009215331877,-0.0026558253678124564,0.00100436838429333,-0.012997081781621046,-0.0015398623529756532,0.0012773456230844886,-0.006153419559859312,-0.0007117341348763632,4.346685775346467e-05
2025-05-12,0.060423278532773524,0.036880269333464055,0.047289546923207026,0.03129365048909963,0.017857312305639497,0.027168228181879844,0.0237176274597833,0.0530063298014271,0.03203997667702081,0.038614096639444526
2025-05-13,0.010101034632091492,0.020995739926835438,0.008771906477271411,0.0017821587457821165,0.019130755036864264,0.011318319629116603,-0.00026715172174336216,0.05481150122910094,0.007222059020245977,0.016000477230359692
2025-05-14,-0.0028217892757707217,0.010334842996730301,-0.0037119964505968597,-0.00796295908400352,-0.0029821752036187123,0.00994986121223411,0.008424933329915445,0.040794220982518795,0.001023891242276054,0.0071662680583072435
2025-05-15,-0.004153047235287477,-0.008079053683262304,0.00885951767470549,0.04732069792513667,0.03378758337980745,0.006940134539350118,0.002253580700858679,-0.003775339048011805,0.004123817438757677,-0.001802981037128443
2025-05-16,-0.0008989878747773597,0.006960826799242752,-0.0031644653510133087,-0.01000956669947823,0.0003000498795293865,0.0002616575731361011,0.002512640710313931,0.004218607445701615,0.006980849368100189,0.005155047009229439
2025-05-19,-0.011808533337582812,0.0017886683899856312,0.005399956755553616,0.004704429512571579,0.006166422352433515,-0.01006707284047243,0.010075187311025408,0.0012546920779612969,0.0008757295660482738,0.0002269954990328149
2025-05-20,-0.009238763096605039,-0.001788668389985721,-0.003025695139413941,-0.007853035871211686,-0.005454267092198981,0.0030157653502349575,-0.0015265280603036716,-0.008816425815955615,-0.0038877770695725784,-0.003793198876446559
2025-05-21,-0.023329209245839352,-0.03275250212191218,-0.03322036466252828,-0.003474900367088656,-0.02303930972393074,-0.017618927833835618,-0.012297867208924758,-0.01938595586624129,-0.016266719267758897,-0.01420872595121063
2025-05-22,-0.0036187742583048813,0.0013863998805764151,0.0,0.002528363554310044,-0.009629472508223682,-0.0014183093537673218,0.005047157840065869,0.007784422282878386,-0.0004449700224211693,0.0028096253383560026
2025-05-23,-0.03071104671354942,-0.002543172947775927,-0.004504725621207096,-0.003953482836325507,0.0010058380920931957,0.00015335357749950276,-0.0103421754559979,-0.011661475557530044,-0.006730899591473139,-0.010011476301874645
2025-05-27,0.024983556398390557,0.023336738919771227,0.03204378867094429,0.010089925890251083,0.01762962371612191,0.017414958718916268,0.023077888304662165,0.031562974414774195,0.02025258080218437,0.02435509985663494
2025-05-28,0.0010482589687455257,-0.003624712226320843,-0.005847381414592407,-0.006452092913626106,-0.011423905657076678,-0.006808127839784221,-0.007254554533967682,-0.005105197879147071,-0.005586802576444734,-0.005129016344575387
2025-05-29,-0.0023477371476527844,0.0040769785474406755,0.006641878920720314,-0.004588959536828915,-0.005973759140748701,0.0033341334620367777,0.0028820389567138682,0.031973530233375014,0.0040031708706317415,0.003915153115719521
2025-05-30,0.0044910002790393465,-0.002489555601835115,-0.0027841288193079686,-0.00015865035194937243,0.0014291652069899725,-0.0014005496498831354,0.0036559254573618784,-0.029602538151327566,-8.118845699520562e-05,-0.0032436798035814646
2025-06-02,0.00422304787156913,-0.0011336925803423577,0.006352606133403474,0.012767065289569954,0.018510564137275365,0.0024969621905085886,0.003491200262615621,0.01651345799010261,0.004093651490626028,0.006718065260305265
2025-06-03,0.007753704322381567,0.01284815837468054,0.009584486061273078,0.007955836947353224,0.004914010151510977,0.006064842948432505,0.002162280790676564,0.02756803483192623,0.005783533535368979,0.00809244626929679
2025-06-04,-0.0022161327214579923,-0.0065162180030381685,-0.0017001633749812585,0.000465935973211702,0.0012059968216290651,-0.007728752209929462,0.0019420499819249367,0.004944668689518938,7.368474471916267e-05,0.0031667636283816986
2025-06-05,-0.010856492263127897,0.0004507509595129108,0.003527811228557777,0.0035657063150518965,0.005034000112520829,-0.008628520995630044,0.008179976484342917,-0.013692475659628582,-0.005291357978698112,-0.00836152701820704
2025-06-06,0.016265235233562988,0.019082490695663427,0.020526076026784267,0.02203933582121573,0.007503802078079641,0.014327215809601133,0.005756609379951794,0.012282113869049219,0.010228196215376713,0.011924403396403802
2025-06-09,-0.01218652830788699,-0.00222630807453042,-0.0011506778022956816,-0.0024248991734114786,0.011868140908746671,0.0037936088254244683,0.00502584442172111,0.00640076746753005,0.0009195251863913659,0.0031333947985159494
2025-06-10,0.006037830522308634,0.004891144248012415,-0.0017925458469545215,-0.011446113032190343,0.015173761337711967,0.006948910103813565,-0.003878462387048046,0.009281522624728413,0.005468012541646841,0.006296732472312674
2025-06-11,-0.019380381731049234,-0.008016081945561521,0.004475403963208507,-0.01484486470111714,0.018933528311758176,-0.0016768400607814187,0.0036033781720918234,-0.007810938453748301,-0.002747660318287345,-0.005039785899507384
2025-06-12,0.0021107094022437905,-0.002462308237794019,-0.0019154927463007458,0.014077068064959676,-0.0017421912514489022,0.00033559303100428364,0.013137472257592417,0.015078635267653356,0.0038151330716763875,0.002373285631726697
2025-06-13,-0.01390141153604722,-0.011949073372107764,-0.024194307659724263,-0.01563630465018229,-0.013649837673184295,-0.012340963137783613,-0.00819859810254404,-0.021117980385975357,-0.01136066859010289,-0.013087701730480492
2025-06-16,0.00997806923497654,0.007231519917678148,0.02214692319437118,0.021914688512914678,0.016492616202592243,0.0202132752846959,0.008762378855897607,0.018977775134110173,0.0093488231481891,0.01505503277207247
2025-06-17,-0.014109826849418127,-0.004061293306598391,-0.009136000744903797,-0.002751557531855971,0.004319621414279323,-0.0031118025721281308,-0.0022984080895357395,-0.003947360668708717,-0.008387259723643134,-0.009184691177723166
2025-06-18,0.004793205712486797,0.01859173660817082,0.012716052907159095,0.007776005755546118,0.0005649867241340954,0.01633946542286571,0.004591481556832597,0.009392397697284088,-0.00030928803472058796,0.0012890398219599592
2025-06-20,0.022235476071869577,0.009717360686500818,0.0012755471257767561,0.007264072002265259,-0.007940793091808254,0.0037890328767674793,-0.0059312857551390005,-0.011267468084258936,-0.002181035215587759,-0.005070544129296592
2025-06-23,0.0024845102061506297,0.01742969637801244,0.011532950185890107,0.015856807041610244,0.02880153127525179,0.011820630254424027,0.01785392919372585,0.0022221085511937373,0.009560655071259439,0.009394549768279765
2025-06-24,-0.0059731051616175096,0.007745227955057012,0.02218168868297706,0.007540544630268538,0.015815873658680143,0.010687951798685556,0.008421215053427945,0.025542989761243095,0.011060328616958607,0.014240689469031037
2025-06-25,0.006270932325397537,0.004063616136169508,0.018196676163324904,0.004409191420051605,-0.00933572089645201,0.009905855675050356,0.00439755275544781,0.04242740276623674,-3.286108349665331e-06,0.0030597908776208264
2025-06-26,-0.002782337369930715,0.012936346170842784,0.020839135236563437,0.011083627623392656,0.0029844874232510736,0.016375764151677817,0.010467690484427621,0.00459050878320667,0.007988131032516797,0.009683797714934751
2025-06-27,0.000397918393728168,-0.007189727176577547,0.00011845719915283549,-0.0043604852990968505,-0.007668112080700929,-0.005695916722321502,-0.0030401227274794345,0.01745742886484561,0.005205399256150098,0.005219952640825046
2025-06-30,0.02013606131101909,0.004235494382673639,0.008731704389974174,0.01057765017349127,0.017383403391304415,0.009705104771372744,0.002959668187111396,0.0015202656094916523,0.005151137506128882,0.004737310627437406
2025-07-01,0.01283348104812217,0.017388186551536556,0.013419773009258538,-0.004043975270275965,-0.01221890599379702,0.0017233546315668386,-0.010834380430241083,-0.03013495171069394,-0.0011191571098791433,-0.008224303959685047
2025-07-02,0.021987282881436514,0.01156312996937342,0.005663908782168695,-0.007408126549943139,-0.012265923445847128,0.005459957716640251,-0.0019528016096519026,0.025440023440004986,0.0047338743064907745,0.009372427149916592
2025-07-03,0.005211437084864038,0.004506423438507413,0.022339482169194555,0.017303326222335706,0.014906544461563302,0.018411726944491467,0.015658015846364143,0.013203383786024163,0.00830437821066394,0.01014633190005933
2025-07-07,-0.01700163912053269,-0.005533452615770419,-0.012704233383191134,-0.006362876539344,0.0017109972538097995,-0.013708303948198457,-0.002247773931827168,-0.006927347614395662,-0.007893368104244017,-0.009196038342746111
2025-07-08,0.0002856961320083142,-0.03152328386693575,-0.023446187440203062,-0.0049449981282723,-0.007033823710196676,-0.031981822361171336,-0.0022125750804845453,0.011060952863149367,-0.0007161432504695748,0.00029102442428397744
2025-07-09,0.005366268772479442,-0.00659637435698494,0.0025677324074511853,0.009865215519829829,-0.0009645617593447527,0.0013428832907191432,0.01377852226966428,0.01783985865536264,0.00604380277677969,0.00940196264179075
2025-07-10,0.005996961124468965,0.002771462007591518,0.014924736702016838,-0.007389659832996799,-0.00938435691757809,0.017607700685888992,-0.004039912377084586,0.007462304828640099,0.0027424410729257912,0.0009369241992786678
2025-07-11,-0.005902208401073387,-0.005122803385310517,-0.004027372650788316,-0.01184996414799897,-0.013449811933932604,-0.004625694439191658,0.0036624647720248406,0.0049845059826317175,-0.0033029717732258423,-0.002189958752170591
2025-07-14,-0.012101749648500403,0.007249514596115283,0.008838853523906879,-0.0019151017298502646,0.0007050875873283772,0.006393920203561175,-0.0005962504625369658,-0.005167294757861245,0.0014064243309367943,0.0026585650054752013
2025-07-15,0.002346032753829585,-0.01973873431997351,0.036139088448644725,-0.009481577715242533,-0.0038483326516138452,-0.007475138919589607,0.0055509838438607215,0.039614395606997935,-0.003964145065672561,0.001813766141791804
2025-07-16,0.005008797516134687,-0.002603717982823633,-0.007746022406775741,0.0028243750730449053,-0.002762741707945119,-0.002550653066990783,-0.00039543513510249416,0.003917357282829712,0.0031885685253844154,0.002544875930358159
2025-07-17,-0.0006664697157571819,0.021279703508122787,0.0335348519929958,0.013709851112921183,0.0002836100548394381,0.014173710725137872,0.011953074191324672,0.009466668777072643,0.005359380240011013,0.007456764268426636
2025-07-18,0.005508060298912894,0.0063599464565516975,0.0038598612435997172,-0.0036668832409137556,0.013630025236780282,0.004714540463795029,-0.0032298305195573285,-0.0034161614298479494,-9.049030280841674e-05,0.00047868304739012973
2025-07-21,0.006137005974840423,0.003375542775275527,-0.008597576889698316,0.004252393270248306,-0.004066051670791131,-0.0010304689023803485,1.9661010407750972e-05,-0.005992110159224309,0.001398157005673256,0.003751120499413275
2025-07-22,0.008995641893247627,0.006089335560627957,0.014465786043360991,-0.002637385252290454,-0.009705824040066346,0.0015796751017683726,-0.009435490517924396,-0.02570983749370646,0.0006373284966667569,-0.003892831680858845
2025-07-23,-0.001166706650818722,0.007715404236728967,0.020949240849651458,0.006726158326331689,0.00017747642226806538,0.018124003312019618,0.0011867793158299464,0.02220264008780086,0.007781532145702873,0.0060759837737400105
2025-07-24,-0.0018229539227858852,0.005179923705067373,-0.006270285771860471,-0.00482071419233212,-0.057472014218431317,-0.0007079426120110444,0.009855084104650864,0.017183791372874523,0.0006979799969332514,0.0018033858141519737
2025-07-25,0.0005613455732988572,0.0012391317457048064,0.007103334070169817,0.005840244119407438,-0.0030372849870105175,0.006955991025299726,0.005524198997792547,-0.0013823541396934624,0.003966451001680552,0.002388609924836688
2025-07-28,0.0007945872262707551,-0.004551251844575872,-0.005427300962007803,-0.011273095136088178,0.013348090184242713,-0.0011391955147140172,-0.00235830749243744,0.01855864510264024,0.00017684247126657597,0.0033230068711044146
2025-07-29,-0.013072829274272894,-0.005822312175106468,-0.01126158436974687,0.0005888990812384603,-0.003044009877105626,-0.0041658125944052105,0.00013660103516336005,-0.007040236055244424,-0.002963830197466829,-0.0037983471240847764
2025-07-30,-0.01056340484388732,0.00020848386343353322,0.013978876077806995,0.004697499401281911,-0.008226948095190666,0.008681659078998379,0.001306309824448206,0.021197062230718208,-0.0012502139385094711,0.0014862600943239056
2025-07-31,-0.0071048248399941715,-0.014491471444950206,-0.022268965136309195,-0.002933335952503479,-0.02769903064902987,-0.011378512469442204,0.03871550377272254,-0.00784015751888624,-0.003701662046374567,-0.00034179129199466893
2025-08-01,-0.025321452731960625,-0.034653112703409386,-0.020158979828366813,-0.014350464381338787,-0.012321240501286482,-0.023463848068748232,-0.017757526568690802,-0.02360808283998426,-0.0161213871855698,-0.022614762508605054
2025-08-04,0.004781459275903073,0.004152428779711604,0.009273902138407744,0.020354695116618058,0.007688753407010556,0.016757696644581783,0.021760643668384965,0.03551207195474499,0.014629564491414495,0.019348964234889524
2025-08-05,-0.002116810224905518,-0.006344971137174259,-0.006100222433111325,-0.014263943431019189,-0.00521231784924653,-0.009869849517754527,-0.014839446321532992,-0.009713780471523306,-0.004869703780462017,-0.006529871647800629
2025-08-06,0.0496533898731755,-0.0030776236382844204,0.007727966982316971,0.024721526056007158,0.0064022126304924265,-6.864840954640899e-05,-0.005338691003609404,0.006486298088631934,0.007255522219852605,0.012016934830932753
2025-08-07,0.03129862336367004,-0.011069522732324016,-0.010901646687613445,0.009920349005868573,-0.008438906494997385,-0.01525215621152204,-0.007841184149707565,0.007496085625142417,-0.0007977981718278668,0.0034555863408517766
2025-08-08,0.04148539226384542,0.023975695703220376,0.016308266109646495,0.026679480588217935,-0.025309492855378583,0.006322663865378098,0.0023014380630326965,0.010619938166415209,0.0077694548163894745,0.009712285759821885
2025-08-11,-0.008372376345528211,0.003254917385231766,-0.004539744695402993,-0.015723967743545803,-0.024950630337564995,0.0027667229668324558,-0.0005173796469529041,-0.003509223219586762,-0.0025072683938851073,-0.0030170914519336107
2025-08-12,0.010813739262220462,0.02861624136777814,0.03648381761403362,0.009996418986754806,-0.006495840849226644,0.011298049858075266,0.014215062335260138,0.006023892571502235,0.011281559075170764,0.013769364654526871
2025-08-13,0.015897409188223566,-0.005488769565123223,-0.011450301039816691,-0.013824396106179311,0.02232421368220092,-0.007953717404253168,-0.016498429102691267,-0.008608801490560654,0.0032248733840464015,0.0014398069014667778
2025-08-14,-0.0023599515483424664,0.00989994510038563,0.008521394982293247,-0.015748273003330954,-0.012406405250811258,0.012417017789280007,0.0036430226501918397,0.002365173044387487,0.00030304487855445177,-0.00011379485570471084
2025-08-15,-0.005125312002106845,-0.016270944741946965,-0.018715823871858137,-0.04576448992819538,0.010947483739771372,-0.01255482290780189,-0.004430891311253298,-0.008662784671288152,-0.0029013399163647113,-0.004047181441131818
2025-08-18,-0.0030271086609148412,0.020662828573851513,0.0056410220897756625,0.011265602192241724,-0.0011270730508286374,0.003573801937226149,-0.005919366331114072,0.008607885130718085,-0.00010076825773579619,0.00031392512872619957
2025-08-19,-0.0014302831382129908,0.0033334295339996294,-0.005107445040267166,-0.0028418863620755853,0.007613485855654938,-0.0029886074888235644,-0.014276749033120633,-0.03562518250083032,-0.005875329112207127,-0.0146619170614956
2025-08-20,-0.01993191516264375,0.0055997750173090175,-0.006099272111354199,0.00522888462863804,0.005249871269499445,0.005421031932125845,-0.007976441097175855,-0.0013673902756099587,-0.002434630632264957,-0.006688524457611112
2025-08-21,-0.004923405133202545,-0.001863082756640433,-0.006244607395374765,-0.0013420504796708569,-0.013072211425044935,-0.0026381645505125562,-0.0012882899914086416,-0.0023974413321251535,-0.004012219728951123,-0.003432385103151328
2025-08-22,0.012636571965657789,0.02496552695982513,0.028428878947413683,0.004466284537255006,0.011173861150375936,0.01623282956546283,0.005912343045197068,0.017055862688769675,0.015072285158779139,0.018604190103640533
2025-08-25,-0.0026377830643617853,0.0,-0.00273315257752704,-0.002677283843829459,-0.011048556320243113,-0.004533624002195092,-0.005872572717918165,0.010173294276644033,-0.004275512539646319,-0.0022004474533695723
2025-08-26,0.009420191929208597,0.015441952228187983,0.007550400046799499,0.018446536102115968,0.01327657271340165,0.012368022868734972,-0.004412201053792637,0.010841438539146547,0.00412547371011636,0.004418365279526587
2025-08-27,0.005132723136336729,0.002583786495460537,0.01194256074190001,0.0007309846515942274,0.009067264371389447,0.0023752416885406986,0.009318170980313867,-0.0009357442470731524,0.0023881304533030262,0.0021268917727619236
2025-08-28,0.00894079103525418,0.002180942004719385,-0.0005162519837284231,0.014361546914405035,0.003628566412075175,0.005963210865767549,0.0057065935518584646,-0.007905546767859262,0.003151747441466755,0.005313269558857934
2025-08-29,-0.0018076532753705872,0.004939347219133073,-0.0025854257777923957,-0.00490907498327855,-0.00915753800517978,0.001161823741526762,-0.005805202352673754,-0.03381173379975708,-0.006418740402792551,-0.01156663791899624
2025-09-02,-0.010479415315868323,-0.0063266548994223865,-0.018709837340214988,-0.01884774981768053,-0.008206467769117024,-0.0057225521720612,-0.00310341311922011,-0.019712979462313325,-0.006946350061030363,-0.008233072088405999
2025-09-03,0.03738232170686491,-0.007165641933254491,0.0026342713457454077,-0.0019193427463483571,0.010708601472305112,-0.0006342127111027122,0.0004552817932497732,-0.0009372442279620256,0.005087112302941308,0.010197052479683938
2025-09-04,0.005478194691820946,0.011124470128545871,0.021342835966925208,0.004717697738934164,0.012538735477391993,0.014287588522144198,0.005171140606282077,0.006076933767151556,0.008311847102873571,0.009719180488114628
2025-09-05,-0.00037531238973336324,-0.011387524105732688,-0.017456759920429263,-0.016161573568258016,0.005446782789729242,-0.03156390220814375,-0.02586461097900745,-0.02740215622865982,-0.00317017266993674,-0.00033628892043362734
2025-09-08,-0.007580043466470937,-0.006248167514133126,0.004914500717476816,-0.00029912962087032046,0.029965421292375123,-0.005006089068671909,0.006443797395278915,0.007693769707076887,0.0021037644508885675,0.004520037613638097
2025-09-09,-0.014950591264106123,0.01664196111498966,0.015216771077975661,0.0068544487807904834,0.01172369969383072,0.016724626609272958,0.00042149190204297007,0.014451488819847015,0.0026845470300734414,0.0036993798861499464
2025-09-10,-0.0327913485579626,-0.00318660539335245,-0.0017480169898848829,0.011663254828884995,-0.00864356982586414,0.008990757550597394,0.003924726397711847,0.037753447894249226,0.0029790282293981275,0.00030025042217333737
2025-09-11,0.014185282152052413,0.012291982487005967,0.01683813161415966,-0.006479174774873875,0.0005059826934106549,0.016565237045192967,0.0012782645216960395,-0.0008462105389974989,0.008450087623093565,0.0071483514988247
2025-09-12,0.017410578462299545,-0.003355376785782059,0.006254377021976092,-0.017285443144603053,-0.013987938823455696,0.004408492992327468,0.017588554017360425,0.0036619809787885797,-0.00048287788142832935,0.004437311276677773
2025-09-15,0.011173206896220039,0.00019770058953883193,0.00351359042003013,0.007338018945762645,0.010987383500826474,0.006463004798292994,0.010651038921044187,-0.00039376182782509923,0.004695577726559718,0.009334798849960082
2025-09-16,0.006107203194049533,0.001382734298051548,0.00848174931916412,-0.0013437380824865754,0.004982817127008503,0.0009384404534865775,-0.0123390602296241,-0.016277980876145105,-0.0012887604333313247,-0.0006619590767767367
2025-09-17,0.0035210509004652986,0.01450153232365588,0.01106735701813028,0.011734169106247893,0.006039478248369272,0.008245489476055393,0.001923308987091985,-0.026597241403402035,-0.0009706390782443865,-0.003257336007461618
2025-09-18,-0.004655381783017964,0.014102417508884241,0.0063673398579639304,0.014076516797019802,0.022593098177284346,0.004736294017841951,-0.003082998516371822,0.03434396892143857,0.004777687836708263,0.009362063698576874
2025-09-19,0.0315305699369118,0.0022992266164496354,0.002632878926519401,-0.006866865740169433,0.005269047682301067,0.004936188316925597,0.01847305722139951,0.002436745997643716,0.004873523937481177,0.007128718432655025
2025-09-22,0.04219290013168558,-0.006335805717961623,0.007857597846604152,-0.006766611371322747,0.018484251282359834,-0.007461560400919563,-0.006741670897928221,0.03853040216217526,0.004400350714762291,0.006935228222120819
2025-09-23,-0.006464066249566687,-0.004246282303743408,-0.004745886933701429,-0.003104373862489331,0.0032008112328350724,0.0009596918787714564,-0.010198438716161586,-0.028617571377575424,-0.005517351828739721,-0.009501752284814055
2025-09-24,-0.008367357647185152,0.0,-0.01319348798588037,-0.0032628123095446355,-0.017452234833952696,0.002172121755438379,0.0018049085202667553,-0.008216168557129732,-0.0028506771652953692,-0.0033551882726987627
2025-09-25,0.017911625985712415,0.0028970521574838257,0.004515104569212607,0.00784207362150902,0.04754936920910198,9.562154107726212e-05,-0.006134581432704233,0.004060334377331126,-0.005021648742526333,-0.005042510925025924
2025-09-26,-0.0055042148040742,0.0069192142244861666,0.012747696053114122,-0.009328581351792755,0.010145825278521085,0.008292103857317773,0.008699166536281246,0.0028099153155892965,0.005884489130413512,0.004429417488274046
2025-09-29,-0.004040053534453041,0.004014128916511674,-0.002517155832319409,0.007410654216790043,-0.01599008940483501,-0.0011712356138277417,0.0061204602137745045,0.020331839161166973,0.002632077259912619,0.0047511815976770105
2025-09-30,0.0007857485936756352,-0.015960317240018725,-0.016222433300383386,0.010283806037431505,0.008399256568792946,-0.0008239898251448029,0.006488934203835655,0.025677811217956793,0.004082503613507919,0.003043432606498969
2025-10-01,0.0032151298202565005,-0.01779642861181166,-0.027872480688859176,0.004811463379972422,0.015229199436474623,-0.015076754567138207,0.003392326067374934,0.0035311424333920476,0.0033941541712235066,0.004190253169206553
2025-10-02,0.006555105475919997,-0.003954177765246573,-0.013976360915846118,-0.006420556354503387,0.0008026751640288214,-0.010222340684173855,-0.00766830379550692,0.00877364616369359,0.0006181636213842448,0.003898784025909038
2025-10-03,0.0034552785601604428,0.003164546137852157,0.004100912009061539,0.00029457168422971345,0.005738219897609521,0.008031352622975722,0.003116719229398485,-0.006746299902584282,6.55106568658717e-05,-0.0027853882183053783
2025-10-06,-0.005167971387568354,-0.0049489900276416445,0.00316675085589717,0.014470875326375116,0.003634632185257674,0.0021044890431273096,0.02145578678755221,-0.011148129310685517,0.003639959282762629,0.007049568711487335
2025-10-07,-0.0008183388500996244,-0.0019865514143616405,-0.002553030285617337,0.0011600668574215992,0.015258320692068504,-0.004830689828929094,-0.008721815046370006,-0.0026984529592276167,-0.003818687706853079,-0.006705052395823876
2025-10-08,0.006141440918380204,-0.008988371498191627,-0.011311242200382368,0.019236874320986492,-0.015120195080030766,-0.011966560748913594,0.0016589481690558452,0.021756858631033507,0.005810748494187323,0.011128711895381229
2025-10-09,-0.01570053155599148,-0.001003704702841024,-0.008098795168016907,-0.005274741660570959,-0.004258324752612647,0.004921679784367424,-0.004678791333891448,0.018130890013948877,-0.0027593739802789824,-0.0008140139040430602
2025-10-10,-0.03513195092238275,-0.023162362039577916,-0.02096465524191797,-0.029298589906907015,-0.03678538979604693,-0.015303214888512499,-0.02214234287731204,-0.050099617507457596,-0.027485975439899807,-0.03627274540007827
2025-10-13,0.009697182425175034,0.004307313358839928,0.022839487710572558,-0.00709019848506507,-0.00216199660843558,0.02325765549504561,0.006029234098338622,0.0277825544651176,0.015478263036934031,0.02183561937269372
2025-10-14,0.00044402022615236544,0.02486222093575471,0.03817954524511999,0.017631951669591025,-0.003867274514968894,-0.01931053886433947,-0.0009342182567258426,-0.04501927478738404,-0.00156555149694257,-0.007648169631026499
2025-10-15,0.006316514957929752,0.042792552794198566,-0.0006011768288968804,0.012447617994794054,0.01652046559902461,0.01187966536779382,-0.0002726597605566877,-0.0011114158244270305,0.004017918503427979,0.006566742663874027
2025-10-16,-0.007608909806463546,-0.0358294149369599,-0.035914859045723634,-0.006204497032902691,-0.01717238198199855,-0.023667636439974726,-0.0035510586397172663,0.010950226124179306,-0.006314280275141975,-0.004755029458653198
2025-10-17,0.019370654536732482,0.016516364876677837,0.008379545318923777,0.014940707143756005,0.019058246246195717,-0.003287973059531016,0.0038433322044700816,0.007725426200566742,0.0052568739445263,0.005191219715838388
2025-10-20,0.03868092101339173,0.014711871767395138,0.022713234013909303,0.007387415032215086,0.008390539166566905,0.016002387675059772,0.006230594320272756,-0.0031706593282750787,0.010615724136144117,0.013600599085468807
2025-10-21,0.0020190045980656188,-0.010042660097531105,-0.010630422316373787,0.000990416130980714,-0.005656732970852407,-0.01758328066511804,0.0016821281308762122,-0.008136406510658164,3.269591641698797e-05,-0.001604953022555176
2025-10-22,-0.01657682531661047,-0.008185540474609662,-0.020046931822402095,-0.0008488524502000049,0.0191732987814424,-0.010081152736363433,0.005548082870082729,-0.004869402639927996,-0.005351834774743029,-0.009334737677512504
2025-10-23,0.0043625258369113535,0.012833051890692263,0.00404169773335062,-0.005534680376776583,-0.008768383076921451,0.0014610176036580617,3.8465999541979626e-05,0.01037424620852365,0.0058104798620133855,0.008817512744081431
2025-10-24,0.012404587722707566,0.015528061892760075,0.021385225341517794,0.0051100383850710635,0.04754936920910198,0.019833136315415504,0.005841893468855865,0.022258016158518332,0.007871361975244856,0.01140152516343663
2025-10-27,0.022535356074125084,0.00852358191306175,0.022126314190165038,0.010702874005765984,0.018145770482292246,0.012272917898609495,0.014993829501661277,0.027692149273092357,0.012215141327379352,0.01847064801613215
2025-10-28,0.0007065288197559364,-0.0028331781267056204,0.003952911760710198,0.01708253974260402,-0.0016621705970275905,0.003970482481727123,0.019654273051982595,0.04861863582365977,0.0022853305022299255,0.008007184564314413
2025-10-29,0.0025989767572192316,-0.005500186302318515,-0.02264315488930054,-0.0179234223092145,-0.014047139408902832,0.000491182110872553,-0.0009597389920332169,0.029457811052411947,-4.3579204733175357e-05,0.005481978145875163
2025-10-30,0.006283466664280875,0.008521821430938511,0.011036442070041353,0.02190888155195828,0.005984395604951388,0.012781579169299596,-0.0295906506193146,-0.020248053829069825,-0.009954191424534511,-0.015874677627816365
2025-10-31,-0.003802376160255665,0.00788894995435735,0.010027437995537075,0.0027393162315504193,-0.008583457592591371,0.005414477864205968,-0.015236447589300659,-0.0019734570078558597,0.0026145009178832708,0.006080431523864712
2025-11-03,-0.004894071892846057,0.002055879208648194,0.009691465056012457,0.018162592822076728,-0.008756214150664215,-0.005705275679017489,-0.0015074686283697196,0.021448370488581326,0.0017192339969181521,0.004615672632901388
2025-11-04,0.0036728825801045834,-0.0003734359067164137,-0.005922352620503598,-0.029026963310391996,-0.012814205373519311,-0.00032336288111782616,-0.0052357096217623324,-0.04039308421323307,-0.011806250392326717,-0.020604605582112023
2025-11-05,0.00037018397954444794,-0.020568720904451998,0.00670942186383226,-0.0030468023865799633,0.01948641687078825,0.007827002212750024,-0.0140386699221063,-0.017669859029216153,0.0036468976756877185,0.006453178645105735
2025-11-06,-0.0013706039944364156,0.015888349109855315,-0.008294789967465277,-0.014810836148122656,0.018250198748228218,0.005567193966407921,-0.020035292897006292,-0.03720853949792179,-0.011241134514722728,-0.019153077139688994
2025-11-07,-0.0048305427121975416,-0.0016902700316638345,-0.0005950660594961034,0.00042219170431101157,-0.019522312025389676,0.0025172842072458262,-0.0005634072263488708,0.00037213908360064416,0.0012610463474931072,-0.0021473195793028036
2025-11-10,0.004538267036518442,0.004126802850524432,0.006921058138636646,0.014249908302027343,0.014434242155051518,0.008493279321913457,0.01830881321996347,0.05631657163129625,0.015283626703501816,0.02246437319061486
2025-11-11,0.021371261548658933,0.0039233841385428875,-0.007218724009940728,-0.005284996442289588,0.014738889534638856,-0.0040157961508534784,0.0052824923387947845,-0.030037238330691364,0.0020731999523923177,-0.0025053125561115795
2025-11-12,-0.006487751089554257,0.008910432748110573,0.020724639876808386,0.03089416017946731,0.004008309166827907,0.01506243753868183,0.0048244518503963866,0.003307868914437253,0.0006293191259445972,-0.0026385149431680547
2025-11-13,-0.001903436960562969,-0.023183006295826317,-0.021618322573218652,0.045203916504121595,-0.032656580425994806,-0.034707902380199454,-0.015477043445896822,-0.03646714782519775,-0.01669545163092778,-0.023170370964449502
2025-11-14,-0.0019802422957864835,-0.004929824528702033,-0.003682067354578247,0.007980431854175747,0.0027189964926978786,-0.019149541651419435,0.013597081155382692,0.01755882995992245,-0.0005018514712717733,0.0013209458690174583
2025-11-17,-0.018338397301833606,-0.021712754241027834,-0.02126127711750232,-0.0028244211090723377,-0.028267210153889784,-0.010728993900864112,-0.0052866477573552135,-0.018951161366741732,-0.009204497894305158,-0.008442285918061654
2025-11-18,-7.47637995860424e-05,0.0031030948317547304,0.0013230725205019354,-0.00528527965286706,-0.02459576676841245,-0.0032011179660720833,-0.027366597403304452,-0.028483265509903405,-0.008290709844169318,-0.01219399666148866
2025-11-19,0.004179213098975278,0.007331747027449735,0.01524123886559023,0.013097344093294655,-0.0049095626027060415,0.012809587911146546,-0.013599885055362188,0.02805438362998455,0.00374680773726533,0.005839544810036285
2025-11-20,-0.008638668653641398,-0.019802703300773238,-0.022283949624000318,-0.03835867170200824,0.00646015080333666,-0.01625557581322545,-0.01613067052469371,-0.03203230513479911,-0.01568972611631523,-0.02178199215065168
2025-11-21,0.01948948732721377,0.010920537327556802,0.010900128687417687,0.008710490843713423,0.02395334433773646,-0.001207376518848415,-0.013276759568626431,-0.009790873441003703,0.009775103041592069,0.008794840185939387
2025-11-24,0.016185880529873065,0.007150519901028526,0.00998045123694244,0.0018380916687100203,0.02220972205146686,-6.699860618521167e-05,0.003974214213768214,0.020308938810314977,0.015348818899081837,0.02653510412523563
2025-11-25,0.0037980518798046425,0.010535539377065344,0.014736891879334028,0.001048693255901062,0.0011831545190419356,0.016639236764600832,0.006288079705412228,-0.026252354221238554,0.009020886000832944,0.006692317360051027
2025-11-26,0.002091988799439141,0.009671071785204995,0.0130605036911883,-0.0032810654498690514,-0.0041798596553878345,0.015197554611837881,0.017683802879553616,0.013628437947211431,0.006882969436149685,0.008179045041631156
2025-11-28,0.00467286127681409,0.012378226966024865,0.010674510203717224,0.011371989663181209,0.01755557119653816,0.01752849003787704,0.01331982147428266,-0.01825050237722547,0.005340487341137372,0.0064834392714480165
2025-12-01,0.0151262172065036,-0.007671420004924967,-0.008919961711216728,-0.011766425706891754,-0.009475084542126252,-0.01337632430319619,-0.010769020544935939,0.016362629615955304,-0.005337548746055966,-0.0038493372462395942
2025-12-02,0.010855696011275954,-0.0009396490381352648,0.0049545928774238305,0.010856213777873677,-0.012807828544037772,-0.0033723515580409784,0.006675349732992619,0.008522861496818633,0.002454221195936617,0.005900690074341228
2025-12-03,-0.007153684504557431,0.016778837463490244,0.033636713505586724,0.011382856562840655,0.002779606759178883,0.013709697012462588,-0.025359684307076167,-0.010358750886118864,0.0029753605210852863,0.0017248501783856216
2025-12-04,-0.012215789741831256,0.0012933912669642594,0.009976311940013454,0.00012863714222298742,0.017589398474593863,0.012638811865724882,0.006488812662661286,0.020939759460909875,0.001079738711974404,0.002174260559719459
2025-12-05,-0.00686355564689062,0.001298367967510224,0.01006136174136844,0.0026969711021109003,-0.00016223474378952368,-0.0033589019476901027,0.004813305577848631,-0.005303645265539134,0.0019347688846794776,0.003100476689271952
2025-12-08,-0.003197540392983899,-0.0009272745249150271,0.00036729974219044617,0.011350007683550628,0.0040185943628906476,0.0005393404279066412,0.016137024080980087,0.017067539740813674,-0.0034833153316476935,-0.0013678996860299055
2025-12-09,-0.0025582223487182498,-0.00670141951155331,0.004671477955081561,0.008208708386051863,0.00419591209416185,-0.047757951935089235,0.002034460923044121,-0.0031307726339145528,-0.0008767431610132386,0.0012983147773778915
2025-12-10,0.005755762741702212,0.010035434582493771,0.015055523880322646,0.00926385851843868,0.007028858511127993,0.03144587004051251,-0.027737782748785963,-0.006454273212194532,0.006726880659139976,0.0032885527365627476
2025-12-11,-0.0026938721785778564,0.00883650756763106,0.0058341307244248785,-0.012287085291123934,-0.006191844342164113,0.023172809175109766,0.010207698642583593,-0.015629252452978915,0.00207719198371703,-0.002552109544860977
2025-12-12,0.0008986907156853279,0.010574368193461433,0.0005368369211575028,-0.018718176364599857,-0.00483884845531385,0.0035854319123925574,-0.010270345009627218,-0.03320988405610645,-0.010720913458554537,-0.017042418225683295
2025-12-15,-0.015098298686657966,0.0034399649691751965,0.008904816347624947,0.005767371127474839,-0.0018772644774143576,0.0046983093242535055,-0.007783100806013461,0.0072300846298920425,-0.0015978388918367072,-0.005956864363041882
2025-12-16,0.0018224664254049999,-0.009442670089584076,-0.013566843946305713,-0.008985919591465554,-0.01791374934130535,-0.014066464250441285,0.0033010826256549314,0.008078970801869827,-0.00238676400843967,0.0023414393578722295
2025-12-17,-0.010138247658845124,-0.004754948068691778,0.001616226263675147,-0.020189633731672398,0.00046174837675350524,-0.001807884697128184,-0.0005669788742274988,-0.03889667710610827,-0.01165985661137129,-0.018258017145947006
2025-12-18,0.001286746577224654,-0.005330428368771869,0.01221644733806773,0.01242250747129539,-0.009507023669529813,-0.006306010399505669,0.016373686322175084,0.01854689154035358,0.007902951520479156,0.013700050453446659
2025-12-19,0.005422681951884745,0.018443012311406066,0.017831786191883324,0.018923194394477944,0.0017625266087311095,0.013360772004103209,0.00400041265745044,0.0385822323928654,0.008779407421828872,0.013009636585010245
2025-12-22,-0.009914939859583293,0.01097626587164857,0.027732960657751486,-0.00396088432841549,0.0059955795117754675,0.01836690887617002,-0.002060026788581246,0.014807802897141563,0.006415870575561936,0.005187009766115591
2025-12-23,0.005116600880012278,0.0016092936073461366,0.011032236301928391,-0.0011530382825221215,0.00326428602316024,0.008751758070500017,0.00397214761063837,0.029607952574700207,0.004540067046788208,0.005661128946444711
2025-12-24,0.005309660095674185,0.0049901777806097515,0.017928739505180577,0.0,0.002564411642063307,0.009891754252747272,0.002400221534646221,-0.003176142656346988,0.003216304344700708,0.0021821116889900443
2025-12-26,-0.0014984030103084444,-0.0014232455001323327,-0.009422309134785893,0.001792898579319431,0.001738559442192139,-0.003835154141257737,-0.0006353561311843441,0.010128284734973564,-0.00030440987710828846,-0.0008562794191727863
2025-12-29,0.0013159300206065142,-0.014706157051858763,-0.019199943050399265,-0.004745066637443181,0.0021282813330771424,-0.012767585573964171,-0.0012515348656507654,-0.012198192178212625,-0.003498162923937312,-0.005045960804586283
2025-12-30,-0.0024872503984942067,-0.0012654371475662497,-0.00781843871085118,-0.004896891785862741,-0.012142499243880712,-0.0010198180751574092,0.0007798461292190305,-0.0036193198928964683,-0.0013766142506534472,-0.0023572409700380196
