Date,AAPL,BAC,C,CSCO,IBM,JPM,MSFT,NVDA,^GSPC,^IXIC
2010-01-04,6.406480312347412,12.038229942321777,24.979114532470703,15.889598846435547,71.93885803222656,28.279212951660156,23.027507781982422,0.4232904613018036,1132.989990234375,2308.419921875
2010-01-05,6.417558670043945,12.429533004760742,25.9342041015625,15.818801879882812,71.06981658935547,28.826963424682617,23.03494644165039,0.429471492767334,1136.52001953125,2308.7099609375
2010-01-06,6.315475940704346,12.575311660766602,26.74234390258789,15.715840339660645,70.60814666748047,28.9853515625,22.893579483032227,0.4322187304496765,1137.1400146484375,2301.090087890625
2010-01-07,6.3038010597229,12.989630699157715,26.815818786621094,15.786628723144531,70.36373138427734,29.55951690673828,22.655488967895508,0.42374834418296814,1141.68994140625,2300.050048828125
2010-01-08,6.345711708068848,12.874541282653809,26.375017166137695,15.870293617248535,71.06981658935547,29.48693084716797,22.811735153198242,0.4246639311313629,1144.97998046875,2317.169921875
2010-01-11,6.289732456207275,12.989630699157715,26.668882369995117,15.825239181518555,70.32572174072266,29.38793182373047,22.52157211303711,0.4187118411064148,1146.97998046875,2312.409912109375
2010-01-12,6.2181854248046875,12.552292823791504,25.860734939575195,15.57425594329834,70.88516235351562,28.701587677001953,22.37276840209961,0.4045182168483734,1136.219970703125,2282.31005859375
2010-01-13,6.305896759033203,12.751776695251465,25.713794708251953,15.857421875,70.73307037353516,29.203125,22.581090927124023,0.41001245379447937,1145.6800537109375,2307.89990234375
2010-01-14,6.269375801086426,12.905229568481445,25.78726577758789,16.056921005249023,71.86280059814453,29.493528366088867,23.03494644165039,0.4036025404930115,1148.4599609375,2316.739990234375
2010-01-15,6.164602279663086,12.475568771362305,25.126047134399414,15.702962875366211,71.57494354248047,28.826963424682617,22.960546493530273,0.39169809222221375,1136.030029296875,2287.989990234375
2010-01-19,6.437313556671143,12.521607398986816,26.007665634155273,15.992566108703613,72.85677337646484,28.56298828125,23.139110565185547,0.39902395009994507,1150.22998046875,2320.39990234375
2010-01-20,6.338228702545166,12.652031898498535,25.4199275970459,15.70940113067627,70.7439193725586,28.642192840576172,22.75965118408203,0.3974214792251587,1138.0400390625,2291.25
2010-01-21,6.228662967681885,11.86943531036377,24.024036407470703,15.432672500610352,70.06502532958984,26.754703521728516,22.328126907348633,0.39032459259033203,1116.47998046875,2265.699951171875
2010-01-22,5.919729709625244,11.432097434997559,23.877094268798828,14.782666206359863,68.1640396118164,25.843952178955078,21.546897888183594,0.3768177926540375,1091.760009765625,2205.2900390625
2010-01-25,6.078986644744873,11.493480682373047,23.73016357421875,14.795538902282715,68.50077056884766,25.876953125,21.814748764038086,0.38322779536247253,1096.780029296875,2210.800048828125
2010-01-26,6.164901256561279,11.332358360290527,23.142414093017578,14.737624168395996,68.2997817993164,25.368791580200195,21.94866180419922,0.37109455466270447,1092.1700439453125,2203.72998046875
2010-01-27,6.222975254058838,11.654601097106934,23.509756088256836,14.898508071899414,68.61482238769531,25.956151962280273,22.075153350830078,0.38116738200187683,1097.5,2221.409912109375
2010-01-28,5.965830326080322,11.792706489562988,23.803630828857422,14.49306869506836,67.21351623535156,26.055147171020508,21.695703506469727,0.3683473765850067,1084.530029296875,2179.0
2010-01-29,5.749396324157715,11.646932601928711,24.391380310058594,14.460883140563965,66.47486877441406,25.698762893676758,20.966569900512695,0.35232236981391907,1073.8699951171875,2147.35009765625
2010-02-01,5.829324722290039,11.831070899963379,24.538307189941406,14.628211975097656,67.71318817138672,26.154142379760742,21.137691497802734,0.3793359398841858,1089.18994140625,2171.199951171875
2010-02-02,5.863152503967285,11.969179153442383,25.052581787109375,14.814846992492676,68.18032836914062,26.761293411254883,21.17489242553711,0.38322779536247253,1103.3199462890625,2190.06005859375
2010-02-03,5.9640350341796875,11.9154691696167,24.758705139160156,14.847026824951172,68.25090789794922,26.589712142944336,21.301368713378906,0.3864328861236572,1097.280029296875,2190.909912109375
2010-02-04,5.749098300933838,11.31701374053955,23.362821578979492,14.90494155883789,66.80618286132812,25.30938720703125,20.713594436645508,0.3639976382255554,1063.1099853515625,2125.429931640625
2010-02-05,5.8511762619018555,11.508827209472656,23.656686782836914,15.252470970153809,67.08861541748047,25.27639389038086,20.847517013549805,0.3713235557079315,1066.18994140625,2141.1201171875
2010-02-08,5.811065673828125,11.109851837158203,23.142414093017578,15.123758316040039,66.49392700195312,24.880416870117188,20.624313354492188,0.37063661217689514,1056.739990234375,2126.050048828125
2010-02-09,5.873031139373779,11.102181434631348,23.362821578979492,15.374741554260254,67.21956634521484,25.335784912109375,20.840078353881836,0.3676605224609375,1070.52001953125,2150.8701171875
2010-02-10,5.840998649597168,11.255633354187012,23.509756088256836,15.291083335876465,67.00131225585938,25.65256690979004,20.825193405151367,0.3747572600841522,1068.1300048828125,2147.8701171875
2010-02-11,5.947271823883057,11.224944114685059,23.583223342895508,15.400492668151855,67.50325012207031,25.75156021118164,20.921924591064453,0.39192715287208557,1078.469970703125,2177.409912109375
2010-02-12,5.998460292816162,11.086833000183105,23.362821578979492,15.291083335876465,67.65055084228516,25.70536994934082,20.780546188354492,0.39719247817993164,1075.510009765625,2183.530029296875
2010-02-16,6.088867664337158,11.631589889526367,24.317899703979492,15.445540428161621,68.32160186767578,26.444517135620117,21.19168472290039,0.4045182168483734,1094.8699951171875,2214.18994140625
2010-02-17,6.06342077255249,12.015216827392578,25.052581787109375,15.490592002868652,68.92168426513672,26.424711227416992,21.37108612060547,0.40841007232666016,1099.510009765625,2226.2900390625
2010-02-18,6.074795246124268,12.184012413024902,25.199525833129883,15.62574291229248,69.72916412353516,26.66891098022461,21.65513801574707,0.38162514567375183,1106.75,2241.7099609375
2010-02-19,6.037078380584717,12.184012413024902,25.126047134399414,15.677217483520508,69.39090728759766,26.418115615844727,21.50563621520996,0.3795648217201233,1109.1700439453125,2243.8701171875
2010-02-22,5.999658107757568,12.437202453613281,25.4199275970459,15.638614654541016,69.20542907714844,26.95928192138672,21.475730895996094,0.3802517354488373,1108.010009765625,2242.030029296875
2010-02-23,5.899075031280518,12.230043411254883,24.611778259277344,15.477716445922852,68.99263000488281,26.319116592407227,21.176738739013672,0.37109455466270447,1094.5999755859375,2213.43994140625
2010-02-24,6.006842613220215,12.529272079467773,25.346464157104492,15.664350509643555,69.60913848876953,26.95928192138672,21.400981903076172,0.37887805700302124,1105.239990234375,2235.89990234375
2010-02-25,6.046957015991211,12.698070526123047,24.905656814575195,15.657918930053711,69.325439453125,26.820695877075195,21.378559112548828,0.375444233417511,1102.93994140625,2234.219970703125
2010-02-26,6.1253862380981445,12.782466888427734,24.979114532470703,15.657918930053711,69.37455749511719,27.698444366455078,21.430885314941406,0.37086573243141174,1104.489990234375,2238.260009765625
2010-03-01,6.256205081939697,12.820831298828125,24.905656814575195,15.831674575805664,70.14380645751953,27.606046676635742,21.692508697509766,0.385746031999588,1115.7099609375,2273.570068359375
2010-03-02,6.252015590667725,12.62901782989502,24.979114532470703,15.838109016418457,69.51638793945312,27.46744728088379,21.27391242980957,0.38551709055900574,1118.31005859375,2280.7900390625
2010-03-03,6.266384124755859,12.567602157592773,24.979114532470703,15.986133575439453,69.22176361083984,27.408056259155273,21.27391242980957,0.3807096779346466,1118.7900390625,2280.679931640625
2010-03-04,6.307694435119629,12.590630531311035,25.199525833129883,16.056921005249023,69.1344985961914,27.665435791015625,21.400981903076172,0.38139647245407104,1122.969970703125,2292.31005859375
2010-03-05,6.554361343383789,12.820952415466309,25.713794708251953,16.224252700805664,69.42366790771484,28.25279998779297,21.37108612060547,0.3930717706680298,1138.699951171875,2326.35009765625
2010-03-08,6.558251857757568,12.85165786743164,26.154603958129883,16.81633186340332,68.9653549194336,28.107608795166016,21.400981903076172,0.3873485028743744,1138.5,2332.2099609375
2010-03-09,6.676198482513428,12.897725105285645,28.064786911010742,16.81633186340332,68.49616241455078,27.995424270629883,21.528053283691406,0.40177103877067566,1140.449951171875,2340.679931640625
2010-03-10,6.7306809425354,13.135714530944824,29.093324661254883,16.648998260498047,68.53437805175781,28.332000732421875,21.65513801574707,0.4026867747306824,1145.6099853515625,2358.949951171875
2010-03-11,6.7504377365112305,13.143392562866211,30.70962142944336,16.713359832763672,69.6146011352539,28.496984481811523,21.81210708618164,0.39352962374687195,1150.239990234375,2368.4599609375
2010-03-12,6.783368110656738,12.936107635498047,29.166786193847656,16.655445098876953,69.80007934570312,28.477191925048828,21.8793888092041,0.39490318298339844,1149.989990234375,2367.659912109375
2010-03-15,6.700747489929199,12.936107635498047,28.57904815673828,16.784151077270508,69.74006652832031,28.424386978149414,21.894346237182617,0.3928429186344147,1150.510009765625,2362.2099609375
2010-03-16,6.719006061553955,13.074298858642578,29.754539489746094,16.829198837280273,70.19835662841797,28.536590576171875,21.954133987426758,0.4065786302089691,1159.4599609375,2378.010009765625
2010-03-17,6.709127902984619,13.258546829223633,29.754539489746094,16.89999008178711,69.70186614990234,28.899560928344727,22.148483276367188,0.4143621027469635,1166.2099609375,2389.090087890625
2010-03-18,6.724992275238037,13.112679481506348,29.534147262573242,16.95146942138672,70.04013061523438,28.800567626953125,22.133535385131836,0.39971062541007996,1165.8299560546875,2391.280029296875
2010-03-19,6.653149604797363,12.91307544708252,28.652517318725586,16.829198837280273,69.67459106445312,28.675188064575195,22.11858558654785,0.39490318298339844,1159.9000244140625,2374.409912109375
2010-03-22,6.7279887199401855,13.02055549621582,29.681072235107422,16.912866592407227,69.8218994140625,28.866558074951172,22.126056671142578,0.4013132154941559,1165.81005859375,2395.39990234375
2010-03-23,6.836053371429443,13.151067733764648,30.342266082763672,17.144550323486328,70.58025360107422,29.420942306518555,22.335359573364258,0.409554660320282,1174.1700439453125,2415.239990234375
2010-03-24,6.8662896156311035,13.488868713378906,30.489229202270508,17.02227020263672,70.1219711303711,29.658517837524414,22.163434982299805,0.39581891894340515,1167.719970703125,2398.760009765625
2010-03-25,6.784862995147705,13.619380950927734,31.370830535888672,17.0093994140625,70.50933837890625,29.658517837524414,22.43253517150879,0.39696362614631653,1165.72998046875,2397.409912109375
2010-03-26,6.912090301513672,13.742216110229492,31.664710998535156,17.035139083862305,70.52023315429688,29.71131134033203,22.170917510986328,0.39696362614631653,1166.5899658203125,2395.1298828125
2010-03-29,6.956692218780518,13.849700927734375,30.70962142944336,17.060884475708008,70.15471649169922,29.605716705322266,22.11858558654785,0.40199998021125793,1173.219970703125,2404.360107421875
2010-03-30,7.060270309448242,13.634733200073242,30.048410415649414,17.15097999572754,70.25289154052734,29.420942306518555,22.253135681152344,0.4036025404930115,1173.27001953125,2410.68994140625
2010-03-31,7.034823417663574,13.703824043273926,29.754539489746094,16.751972198486328,69.96919250488281,29.53311538696289,21.894346237182617,0.39833712577819824,1169.4300537109375,2397.9599609375
2010-04-01,7.063864707946777,13.849700927734375,30.70962142944336,16.623266220092773,69.96919250488281,29.85026741027832,21.797155380249023,0.394216388463974,1178.0999755859375,2402.580078125
2010-04-05,7.1392998695373535,13.918790817260742,31.297353744506836,16.842071533203125,70.56932067871094,29.955978393554688,21.8793888092041,0.4001684784889221,1187.43994140625,2429.530029296875
2010-04-06,7.17073392868042,14.195164680480957,31.517780303955078,16.87425994873047,70.3401870727539,30.286312103271484,21.916757583618164,0.39032459259033203,1189.43994140625,2436.81005859375
2010-04-07,7.2024641036987305,14.294978141784668,32.03203582763672,16.95146942138672,70.09468078613281,29.9427433013916,21.939180374145508,0.3928429186344147,1182.449951171875,2431.159912109375
2010-04-08,7.183002471923828,14.318011283874512,32.840187072753906,16.912866592407227,69.62005615234375,30.23347282409668,22.365259170532227,0.3864328861236572,1186.43994140625,2436.81005859375
2010-04-09,7.238087177276611,14.271943092346191,33.42793655395508,17.118806838989258,70.24748229980469,30.378814697265625,22.679214477539062,0.38895106315612793,1194.3699951171875,2454.050048828125
2010-04-12,7.253052234649658,14.325682640075684,34.08915328979492,17.073766708374023,70.02921295166016,30.484521865844727,22.664264678955078,0.3960478901863098,1196.47998046875,2457.8701171875
2010-04-13,7.2572431564331055,14.333355903625488,33.94221115112305,17.015840530395508,70.39476776123047,30.306135177612305,22.76143455505371,0.40428927540779114,1197.300048828125,2465.989990234375
2010-04-14,7.354832172393799,14.893796920776367,36.21971130371094,17.29900360107422,71.60591888427734,31.535032272338867,23.03801155090332,0.4093256890773773,1210.6500244140625,2504.860107421875
2010-04-15,7.451526641845703,14.955214500427246,35.338096618652344,17.51137924194336,71.40951538085938,31.587888717651367,23.075389862060547,0.41230177879333496,1211.6700439453125,2515.68994140625
2010-04-16,7.406023025512695,14.13375186920166,33.50138854980469,17.363361358642578,71.26766967773438,30.094709396362305,22.925888061523438,0.3905535340309143,1192.1300048828125,2481.260009765625
2010-04-19,7.396146774291992,14.118396759033203,35.85238265991211,17.421279907226562,72.14059448242188,29.988996505737305,23.20246696472168,0.38872215151786804,1197.52001953125,2480.110107421875
2010-04-20,7.321907997131348,14.287298202514648,36.51360321044922,17.492069244384766,70.75483703613281,30.312744140625,23.441669464111328,0.39009562134742737,1207.1700439453125,2500.31005859375
2010-04-21,7.759864330291748,14.03394889831543,36.21971130371094,17.53068733215332,70.37293243408203,29.962583541870117,23.419240951538086,0.38002270460128784,1205.93994140625,2504.610107421875
2010-04-22,7.976891994476318,14.233558654785156,35.77889633178711,17.582168579101562,70.4493408203125,29.55955696105957,23.464086532592773,0.38162514567375183,1208.6700439453125,2519.070068359375
2010-04-23,8.107410430908203,14.149106979370117,35.7054328918457,17.6787109375,70.91851806640625,29.691694259643555,23.14266586303711,0.37635987997055054,1217.280029296875,2530.14990234375
2010-04-26,8.067596435546875,13.85737133026123,33.86874008178711,17.743064880371094,71.32221984863281,28.99795150756836,23.254789352416992,0.38002270460128784,1212.050048828125,2522.949951171875
2010-04-27,7.844278812408447,13.412091255187988,31.885120391845703,17.38266372680664,70.28015899658203,28.02013397216797,23.060436248779297,0.3692631423473358,1183.7099609375,2471.469970703125
2010-04-28,7.831108570098877,13.6500883102417,32.69325256347656,17.4019718170166,70.97848510742188,28.71385383605957,23.105287551879883,0.3699498772621155,1191.3599853515625,2471.72998046875
2010-04-29,8.041854858398438,14.049306869506836,33.50138854980469,17.717321395874023,71.1749038696289,29.070632934570312,23.172563552856445,0.38116738200187683,1206.780029296875,2511.919921875
2010-04-30,7.815840721130371,13.68847370147705,32.105506896972656,17.3311824798584,70.37837219238281,28.1324405670166,22.828716278076172,0.35964807868003845,1186.68994140625,2461.18994140625
2010-05-03,7.973299503326416,13.865052223205566,32.39937973022461,17.723758697509766,70.70571899414062,28.760114669799805,23.067914962768555,0.3557562530040741,1202.260009765625,2498.739990234375
2010-05-04,7.743696689605713,13.481194496154785,31.297353744506836,17.093059539794922,69.89827728271484,28.059772491455078,22.522239685058594,0.3376707434654236,1173.5999755859375,2424.25
2010-05-05,7.66317081451416,13.458162307739258,30.70962142944336,17.08662986755371,69.5382080078125,28.16548728942871,22.31293296813965,0.33194753527641296,1165.8699951171875,2402.2900390625
2010-05-06,7.3715972900390625,12.498503684997559,29.681072235107422,16.404451370239258,67.95341491699219,26.9630126953125,21.662616729736328,0.3250797688961029,1128.1500244140625,2319.639892578125
2010-05-07,7.06057071685791,12.421736717224121,29.38719367980957,15.902467727661133,66.95539855957031,26.929967880249023,21.0870304107666,0.3195854425430298,1110.8800048828125,2265.639892578125
2010-05-10,7.60329532623291,13.281582832336426,31.003494262695312,16.81633186340332,69.24209594726562,27.716209411621094,21.632709503173828,0.3333212435245514,1159.72998046875,2374.669921875
2010-05-11,7.679035186767578,13.174104690551758,30.63616180419922,16.706924438476562,69.58208465576172,27.451932907104492,21.58786392211914,0.3296583890914917,1155.7900390625,2375.31005859375
2010-05-12,7.8457746505737305,13.105006217956543,30.70962142944336,17.20890998840332,72.75712585449219,27.544431686401367,22.0064640045166,0.336068332195282,1171.6700439453125,2425.02001953125
2010-05-13,7.7341156005859375,12.951459884643555,30.048410415649414,16.430194854736328,72.0990982055664,26.9630126953125,21.856966018676758,0.33538153767585754,1157.43994140625,2394.360107421875
2010-05-14,7.598208904266357,12.544570922851562,29.24024772644043,16.050487518310547,71.94005584716797,26.355175018310547,21.625232696533203,0.29669252038002014,1135.6800537109375,2346.85009765625
2010-05-17,7.610182285308838,12.552248001098633,28.358646392822266,16.005443572998047,71.52879333496094,26.3221378326416,21.632709503173828,0.29737934470176697,1136.93994140625,2354.22998046875
2010-05-18,7.554503917694092,12.245157241821289,27.40355110168457,15.677217483520508,71.26006317138672,25.780364990234375,21.475025177001953,0.2875353693962097,1120.800048828125,2317.260009765625
2010-05-19,7.434165000915527,12.521533966064453,27.991302490234375,15.612860679626465,70.662353515625,26.01821517944336,21.204715728759766,0.2921139895915985,1115.050048828125,2298.3701171875
2010-05-20,7.117447853088379,11.746138572692871,26.668882369995117,15.00147819519043,67.88764190673828,24.994138717651367,20.356224060058594,0.2852461040019989,1071.5899658203125,2204.010009765625
2010-05-21,7.2539520263671875,12.275867462158203,27.550498962402344,15.098018646240234,68.77597045898438,26.460874557495117,20.153484344482422,0.29142704606056213,1087.68994140625,2229.0400390625
2010-05-24,7.386869430541992,11.822905540466309,27.770898818969727,15.040090560913086,68.24407196044922,25.516082763671875,19.725486755371094,0.28295662999153137,1073.6500244140625,2213.550048828125
2010-05-25,7.340766906738281,11.892004013061523,27.770898818969727,15.00147819519043,68.28245544433594,25.727506637573242,19.575307846069336,0.29051142930984497,1074.030029296875,2210.949951171875
2010-05-26,7.30753755569458,11.876652717590332,28.358646392822266,14.731183052062988,67.57506561279297,25.62179946899414,18.77938461303711,0.29188498854637146,1067.949951171875,2195.8798828125
2010-05-27,7.584139347076416,12.421736717224121,29.534147262573242,15.233165740966797,69.3078842163086,26.70534896850586,19.522748947143555,0.3090546131134033,1103.06005859375,2277.679931640625
2010-05-28,7.68981409072876,12.083940505981445,29.093324661254883,14.90494155883789,68.68822479248047,26.150358200073242,19.372573852539062,0.3008131980895996,1089.4100341796875,2257.0400390625
2010-06-01,7.80805778503418,11.853620529174805,28.285171508789062,14.801976203918457,68.18375396728516,25.46323585510254,19.44015884399414,0.28799307346343994,1070.7099609375,2222.330078125
2010-06-02,7.901454448699951,12.206999778747559,28.799453735351562,15.02722454071045,69.86722564697266,26.13053321838379,19.868152618408203,0.29119816422462463,1098.3800048828125,2281.070068359375
2010-06-03,7.876607418060303,12.14554500579834,29.093324661254883,15.265336990356445,70.16881561279297,25.833215713500977,20.16850471496582,0.29074037075042725,1102.8299560546875,2303.030029296875
2010-06-04,7.6622724533081055,11.79216194152832,27.8443660736084,14.776229858398438,68.69921112060547,24.85539436340332,19.365068435668945,0.2770046293735504,1064.8800048828125,2219.169921875
2010-06-07,7.511996269226074,11.39268684387207,26.74234390258789,14.647516250610352,68.06861114501953,24.260766983032227,18.989625930786133,0.2632686197757721,1050.469970703125,2173.89990234375
2010-06-08,7.463798999786377,11.776798248291016,27.330089569091797,14.776229858398438,67.8437728881836,24.961101531982422,18.854469299316406,0.2559431195259094,1062.0,2170.570068359375
2010-06-09,7.280296802520752,11.530967712402344,28.432117462158203,14.660387992858887,67.94245910644531,24.525041580200195,18.61419105529785,0.2497619390487671,1055.68994140625,2158.85009765625
2010-06-10,7.499124050140381,11.876667976379395,28.652517318725586,14.653961181640625,70.01527404785156,25.29806137084961,18.77187728881836,0.259834885597229,1086.8399658203125,2218.7099609375
2010-06-11,7.588930130004883,11.984214782714844,28.50558090209961,14.744059562683105,70.4375228881836,25.16592788696289,19.26744842529297,0.26578694581985474,1091.5999755859375,2243.60009765625
2010-06-14,7.6119771003723145,11.838254928588867,28.50558090209961,14.647516250610352,70.46495056152344,24.66379737854004,19.147306442260742,0.2600637972354889,1089.6300048828125,2243.9599609375
2010-06-15,7.773931503295898,12.137860298156738,29.313739776611328,15.014350891113281,71.17234802246094,25.271636962890625,19.958251953125,0.272883802652359,1115.22998046875,2305.8798828125
2010-06-16,8.000245094299316,12.191638946533203,29.313739776611328,14.988605499267578,71.47942352294922,25.450027465820312,19.763025283813477,0.2694498896598816,1114.6099853515625,2305.929931640625
2010-06-17,8.138543128967285,12.15322494506836,29.093324661254883,14.91137981414795,71.82489776611328,25.397171020507812,19.800573348999023,0.27975180745124817,1116.0400390625,2307.159912109375
2010-06-18,8.204400062561035,12.15322494506836,29.46065902709961,15.117321968078613,71.36973571777344,25.886077880859375,19.85313606262207,0.2815832197666168,1117.510009765625,2309.800048828125
2010-06-21,8.087657928466797,12.130181312561035,29.534147262573242,15.02078914642334,71.64393615722656,25.68126106262207,19.485197067260742,0.27494409680366516,1113.199951171875,2289.090087890625
2010-06-22,8.197813987731934,11.968852996826172,28.946399688720703,14.782666206359863,70.90363311767578,25.324493408203125,19.35004997253418,0.2646423876285553,1095.31005859375,2261.800048828125
2010-06-23,8.111600875854492,11.853621482849121,28.57904815673828,14.711875915527344,71.34783172607422,25.694473266601562,19.00465202331543,0.2676185667514801,1092.0400390625,2254.22998046875
2010-06-24,8.052631378173828,11.53864860534668,27.770898818969727,14.525238990783691,70.29495239257812,25.12627601623535,18.77187728881836,0.2543405294418335,1073.68994140625,2217.419921875
2010-06-25,7.98377799987793,11.845937728881836,28.946399688720703,14.27425479888916,69.70819854736328,26.057857513427734,18.418970108032227,0.25365376472473145,1076.760009765625,2223.47998046875
2010-06-28,8.03167724609375,11.707660675048828,29.38719367980957,14.428705215454102,70.72816467285156,25.46323585510254,18.253772735595703,0.25411170721054077,1074.5699462890625,2220.64990234375
2010-06-29,7.66855525970459,11.192950248718262,27.40355110168457,13.913856506347656,68.59503936767578,24.485401153564453,17.502893447875977,0.23991799354553223,1041.239990234375,2135.179931640625
2010-06-30,7.52965784072876,11.039312362670898,27.623964309692383,13.714347839355469,67.7121353149414,24.18809700012207,17.277637481689453,0.23373691737651825,1030.7099609375,2109.239990234375
2010-07-01,7.438355445861816,10.770431518554688,27.770898818969727,13.682173728942871,67.21316528320312,23.87052345275879,17.390268325805664,0.23762868344783783,1027.3699951171875,2101.360107421875
2010-07-02,7.392256259918213,10.632153511047363,27.8443660736084,13.598508834838867,66.82380676269531,23.70511817932129,17.472864151000977,0.2346525937318802,1022.5800170898438,2091.7900390625
2010-07-06,7.442846298217773,10.801162719726562,27.8443660736084,13.733657836914062,67.70121765136719,24.03592300415039,17.885845184326172,0.2321343719959259,1028.06005859375,2093.8798828125
2010-07-07,7.743395805358887,11.300506591796875,28.652517318725586,14.46731948852539,69.64239501953125,25.240032196044922,18.24626350402832,0.24335196614265442,1060.27001953125,2159.469970703125
2010-07-08,7.726035118103027,11.41573429107666,29.166786193847656,14.512374877929688,70.1743392944336,25.246646881103516,18.328855514526367,0.23602618277072906,1070.25,2175.39990234375
2010-07-09,7.7718377113342285,11.6077880859375,29.681072235107422,14.608905792236328,70.16881561279297,25.703157424926758,18.223743438720703,0.2369418889284134,1077.9599609375,2196.449951171875
2010-07-12,7.702084541320801,11.684611320495605,30.19534683227539,14.711875915527344,70.55816650390625,25.928091049194336,18.644227981567383,0.2412915825843811,1078.75,2198.360107421875
2010-07-13,7.537740230560303,12.037991523742676,31.591245651245117,14.859892845153809,71.55072021484375,26.78156089782715,18.86948585510254,0.24999091029167175,1095.3399658203125,2242.030029296875
2010-07-14,7.565578460693359,12.037991523742676,30.930023193359375,15.27821159362793,71.68231964111328,26.695545196533203,19.102258682250977,0.25250914692878723,1095.1700439453125,2249.840087890625
2010-07-15,7.5272626876831055,11.82288932800293,30.56268310546875,15.394051551818848,71.68231964111328,26.768321990966797,19.154817581176758,0.24541230499744415,1096.47998046875,2249.080078125
2010-07-16,7.480862140655518,10.739701271057129,28.652517318725586,14.641085624694824,70.20719146728516,25.80238914489746,18.68927764892578,0.23007403314113617,1064.8800048828125,2179.050048828125
2010-07-19,7.351541042327881,10.455461502075195,29.24024772644043,14.628211975097656,71.17234802246094,25.8288631439209,18.944578170776367,0.23946017026901245,1071.25,2198.22998046875
2010-07-20,7.540433406829834,10.578376770019531,29.313739776611328,14.834152221679688,69.3956527709961,26.21920394897461,19.132291793823242,0.24541230499744415,1083.47998046875,2222.489990234375
2010-07-21,7.610782623291016,10.263409614562988,28.946399688720703,14.518806457519531,68.6937484741211,25.41866111755371,18.861984252929688,0.23739978671073914,1069.5899658203125,2187.330078125
2010-07-22,7.753874778747559,10.493870735168457,30.048410415649414,14.975739479064941,69.90013122558594,26.03394317626953,19.402606964111328,0.2412915825843811,1093.6700439453125,2245.889892578125
2010-07-23,7.7814106941223145,10.555328369140625,29.534147262573242,15.02722454071045,70.39915466308594,26.35152244567871,19.38007926940918,0.23717086017131805,1102.6600341796875,2269.469970703125
2010-07-26,7.761656761169434,10.87030029296875,30.489229202270508,15.194552421569824,70.41559600830078,26.68231773376465,19.59783935546875,0.2415204644203186,1115.010009765625,2296.429931640625
2010-07-27,7.905351161956787,10.90102767944336,30.56268310546875,14.995040893554688,70.53623962402344,26.920488357543945,19.642887115478516,0.23946017026901245,1113.8399658203125,2288.25
2010-07-28,7.811948299407959,10.747379302978516,30.048410415649414,15.052969932556152,70.42656707763672,26.675708770751953,19.485197067260742,0.23190541565418243,1106.1300048828125,2264.56005859375
2010-07-29,7.726633071899414,10.778112411499023,30.26881980895996,14.937126159667969,70.20173645019531,26.60293197631836,19.545272827148438,0.2090124934911728,1101.530029296875,2251.68994140625
2010-07-30,7.700890064239502,10.785795211791992,30.121871948242188,14.847026824951172,70.41010284423828,26.649240493774414,19.38007926940918,0.21038608253002167,1101.5999755859375,2254.699951171875
2010-08-02,7.838589191436768,11.093080520629883,30.7830867767334,15.316829681396484,71.70426177978516,27.549013137817383,19.770536422729492,0.2101570963859558,1125.8599853515625,2295.360107421875
2010-08-03,7.8409833908081055,11.016260147094727,30.342266082763672,15.329691886901855,71.49039459228516,27.178525924682617,19.642887115478516,0.20466284453868866,1120.4599609375,2283.52001953125
2010-08-04,7.872418403625488,10.90102767944336,30.415761947631836,15.53563404083252,71.9839096069336,27.31744384765625,19.320016860961914,0.2133621871471405,1127.239990234375,2303.570068359375
2010-08-05,7.834102153778076,10.770431518554688,30.121871948242188,15.554944038391113,72.29102325439453,27.304227828979492,19.049692153930664,0.21610936522483826,1125.81005859375,2293.06005859375
2010-08-06,7.7859063148498535,10.724337577819824,29.8279972076416,15.490592002868652,71.71791076660156,26.75509262084961,19.184858322143555,0.21862758696079254,1121.6400146484375,2288.469970703125
2010-08-09,7.835594177246094,10.685927391052246,29.974945068359375,15.941083908081055,72.74288940429688,26.344900131225586,19.22991180419922,0.2206878811120987,1127.7900390625,2305.68994140625
2010-08-10,7.765552520751953,10.470824241638184,29.38719367980957,15.64504623413086,72.65473175048828,25.91486358642578,18.824434280395508,0.21153075993061066,1121.06005859375,2277.169921875
2010-08-11,7.48954439163208,10.132807731628418,28.285171508789062,15.271778106689453,71.54705047607422,24.988628387451172,18.66675567626953,0.20328931510448456,1089.469970703125,2208.6298828125
2010-08-12,7.537439346313477,10.032938957214355,28.432117462158203,13.746532440185547,70.70391082763672,25.015094757080078,18.388933181762695,0.2051207423210144,1083.6099853515625,2190.27001953125
2010-08-13,7.4569172859191895,10.163538932800293,28.50558090209961,13.746532440185547,70.46690368652344,24.809999465942383,18.32135009765625,0.21496464312076569,1079.25,2173.47998046875
2010-08-16,7.413209438323975,10.132807731628418,28.432117462158203,14.100489616394043,70.41179656982422,24.935697555541992,18.396434783935547,0.20947040617465973,1079.3800048828125,2181.8701171875
2010-08-17,7.542831897735596,10.148174285888672,28.285171508789062,14.190585136413574,70.78656005859375,24.796762466430664,18.65309715270996,0.2122175246477127,1092.5400390625,2209.43994140625
2010-08-18,7.5757598876953125,10.232678413391113,28.358646392822266,14.422271728515625,71.3045654296875,25.06801414489746,18.736133575439453,0.2133621871471405,1094.1600341796875,2215.699951171875
2010-08-19,7.480262756347656,10.00221061706543,27.8443660736084,14.299992561340332,71.0345230102539,24.525508880615234,18.449283599853516,0.22618228197097778,1075.6300048828125,2178.949951171875
2010-08-20,7.473080635070801,9.886979103088379,27.550498962402344,14.306426048278809,70.26300811767578,24.571813583374023,18.290752410888672,0.22824254631996155,1071.68994140625,2179.760009765625
2010-08-23,7.358127117156982,9.886979103088379,27.550498962402344,13.952474594116211,69.69539642333984,24.39980697631836,18.32850456237793,0.2248086929321289,1067.3599853515625,2159.6298828125
2010-08-24,7.182406425476074,9.710288047790527,27.256622314453125,13.598508834838867,68.83020782470703,23.956533432006836,18.147327423095703,0.22251936793327332,1051.8699951171875,2123.760009765625
2010-08-25,7.2710137367248535,9.725654602050781,27.03622055053711,13.64999771118164,69.03408813476562,23.969757080078125,18.19261360168457,0.22709794342517853,1055.3299560546875,2141.5400390625
2010-08-26,7.192883491516113,9.579689979553223,26.8892822265625,13.321778297424316,67.66191101074219,23.57280921936035,17.981260299682617,0.22435076534748077,1047.219970703125,2118.68994140625
2010-08-27,7.232997894287109,9.710288047790527,27.623964309692383,13.392570495605469,68.73653411865234,24.21455192565918,18.064292907714844,0.23167656362056732,1064.5899658203125,2153.6298828125
2010-08-30,7.259339809417725,9.464458465576172,26.962745666503906,13.077226638793945,68.00360107421875,23.718345642089844,17.845375061035156,0.2206878811120987,1048.9200439453125,2119.969970703125
2010-08-31,7.277302265167236,9.572010040283203,27.256622314453125,12.864848136901855,67.85478973388672,24.05577278137207,17.7170467376709,0.2135910838842392,1049.3299560546875,2114.030029296875
2010-09-01,7.493733882904053,10.156325340270996,28.285171508789062,13.038607597351074,69.30964660644531,24.96877098083496,18.041648864746094,0.21519361436367035,1080.2900390625,2176.840087890625
2010-09-02,7.548816204071045,10.210142135620117,28.50558090209961,13.205934524536133,68.90735626220703,25.246646881103516,18.071836471557617,0.2190854549407959,1090.0999755859375,2200.010009765625
2010-09-03,7.746392726898193,10.379284858703613,28.72599220275879,13.540593147277832,70.30711364746094,25.91486358642578,18.3360538482666,0.22664010524749756,1104.510009765625,2233.75
2010-09-07,7.717653751373291,10.156325340270996,28.138246536254883,13.244549751281738,69.40882873535156,25.326038360595703,18.086929321289062,0.2287004590034485,1091.8399658203125,2208.889892578125
2010-09-08,7.8706231117248535,10.279336929321289,28.21170997619629,13.28315544128418,69.48046875,25.88178253173828,18.064292907714844,0.23625510931015015,1098.8699951171875,2228.8701171875
2010-09-09,7.8751115798950195,10.379284858703613,28.72599220275879,13.263859748840332,69.63477325439453,26.530149459838867,18.12468147277832,0.2330501526594162,1104.1800537109375,2236.199951171875
2010-09-10,7.88529109954834,10.417728424072266,28.72599220275879,13.27029037475586,70.53302764892578,26.305206298828125,18.003902435302734,0.23053193092346191,1109.550048828125,2242.47998046875
2010-09-13,7.993957042694092,10.725259780883789,29.313739776611328,13.682173728942871,71.42581176757812,27.204984664916992,18.955045700073242,0.24358080327510834,1121.9000244140625,2285.7099609375
2010-09-14,8.024491310119629,10.51767635345459,28.946399688720703,13.80445384979248,71.00699615478516,26.94034767150879,18.894662857055664,0.2412915825843811,1121.0999755859375,2289.77001953125
2010-09-15,8.089149475097656,10.540743827819824,28.799453735351562,13.894545555114746,71.32662200927734,27.112354278564453,18.962602615356445,0.24174945056438446,1125.0699462890625,2301.320068359375
2010-09-16,8.279239654541016,10.417728424072266,29.166786193847656,14.113360404968262,71.45886993408203,27.118974685668945,19.121126174926758,0.2419784963130951,1124.6600341796875,2303.25
2010-09-17,8.243319511413574,10.302404403686523,29.01986312866211,14.06831169128418,71.74543762207031,26.503681182861328,19.038084030151367,0.2415204644203186,1125.5899658203125,2315.610107421875
2010-09-20,8.478611946105957,10.563809394836426,29.313739776611328,13.997512817382812,72.62715148925781,27.25129508972168,19.19661521911621,0.24518337845802307,1142.7099609375,2355.830078125
2010-09-21,8.494772911071777,10.494612693786621,28.946399688720703,13.926727294921875,72.73188018798828,26.85433578491211,18.985244750976562,0.25846123695373535,1139.780029296875,2349.35009765625
2010-09-22,8.613921165466309,10.317781448364258,28.50558090209961,13.94603443145752,73.0569839477539,26.42429542541504,18.577606201171875,0.26075059175491333,1134.280029296875,2334.550048828125
2010-09-23,8.648941040039062,10.125574111938477,27.917829513549805,13.855934143066406,72.56101989746094,25.868549346923828,18.441730499267578,0.2660158574581146,1124.8299560546875,2327.080078125
2010-09-24,8.750723838806152,10.456171035766602,28.652517318725586,14.21633243560791,73.90568542480469,26.298595428466797,18.70594596862793,0.28066742420196533,1148.6700439453125,2381.219970703125
2010-09-27,8.715993881225586,10.179389953613281,28.432117462158203,14.229206085205078,74.20328521728516,25.855321884155273,18.668190002441406,0.2747153341770172,1142.1600341796875,2369.77001953125
2010-09-28,8.58727741241455,10.202458381652832,28.50558090209961,14.06831169128418,74.33552551269531,25.769317626953125,18.630449295043945,0.2740285396575928,1147.699951171875,2379.590087890625
2010-09-29,8.602542877197266,10.07944107055664,28.799453735351562,14.07474422454834,74.66065979003906,25.412044525146484,18.49456787109375,0.27196815609931946,1144.72998046875,2376.56005859375
2010-09-30,8.494175910949707,10.07175350189209,28.72599220275879,14.094054222106934,73.92222595214844,25.180490493774414,18.487028121948242,0.2673896253108978,1141.199951171875,2368.6201171875
2010-10-01,8.457355499267578,10.225517272949219,30.048410415649414,14.100489616394043,74.74884796142578,25.676685333251953,18.403987884521484,0.259834885597229,1146.239990234375,2370.75
2010-10-04,8.34121036529541,10.110190391540527,29.607589721679688,14.003959655761719,74.5339126586914,25.80256462097168,18.049196243286133,0.25731655955314636,1137.030029296875,2344.52001953125
2010-10-05,8.649540901184082,10.425416946411133,30.342266082763672,14.151971817016602,75.86200714111328,26.259645462036133,18.381343841552734,0.25914818048477173,1160.75,2399.830078125
2010-10-06,8.657024383544922,10.29471492767334,30.121871948242188,14.351481437683105,75.96123504638672,26.431882858276367,18.441730499267578,0.24678575992584229,1159.969970703125,2380.659912109375
2010-10-07,8.65792179107666,10.233209609985352,30.70962142944336,14.40939712524414,76.44615936279297,26.180150985717773,18.51722526550293,0.24495452642440796,1158.06005859375,2383.669921875
2010-10-08,8.803112983703613,10.133261680603027,30.7830867767334,14.46731948852539,76.51783752441406,26.041046142578125,18.547414779663086,0.2486172616481781,1165.1500244140625,2401.909912109375
2010-10-11,8.841724395751953,10.110190391540527,30.70962142944336,14.460883140563965,76.96417999267578,26.319272994995117,18.562509536743164,0.24747271835803986,1165.3199462890625,2402.330078125
2010-10-12,8.936919212341309,10.394661903381348,31.150436401367188,14.557415008544922,77.06887817382812,26.763120651245117,18.74368667602539,0.25228020548820496,1169.77001953125,2417.919921875
2010-10-13,8.984820365905762,10.21783447265625,31.223894119262695,14.917815208435059,77.35545349121094,26.392139434814453,19.128673553466797,0.2596059739589691,1178.0999755859375,2441.22998046875
2010-10-14,9.04977798461914,9.687337875366211,29.8279972076416,14.847026824951172,77.97817993164062,25.650190353393555,19.045637130737305,0.2554851174354553,1173.81005859375,2435.3798828125
2010-10-15,9.421879768371582,9.21065902709961,29.01986312866211,15.033656120300293,77.73570251464844,24.610137939453125,19.27964973449707,0.25846123695373535,1176.18994140625,2468.77001953125
2010-10-18,9.519462585449219,9.487436294555664,30.63616180419922,14.995040893554688,78.71110534667969,25.305713653564453,19.49101448059082,0.2600637972354889,1184.7099609375,2480.659912109375
2010-10-19,9.264711380004883,9.072264671325684,29.8279972076416,14.782666206359863,76.0659408569336,24.967863082885742,18.94750213623047,0.25846123695373535,1165.9000244140625,2436.949951171875
2010-10-20,9.295846939086914,9.033821105957031,30.19534683227539,15.05940055847168,76.63905334472656,25.23947525024414,19.106029510498047,0.25846123695373535,1178.1700439453125,2457.389892578125
2010-10-21,9.265617370605469,8.733976364135742,29.90148162841797,14.9693021774292,77.05791473388672,24.974496841430664,19.18906593322754,0.2538827955722809,1180.260009765625,2459.669921875
2010-10-22,9.204239845275879,8.795482635498047,30.19534683227539,15.110886573791504,76.9697036743164,24.974496841430664,19.15886116027832,0.27013668417930603,1183.0799560546875,2479.389892578125
2010-10-25,9.245258331298828,8.580207824707031,30.930023193359375,15.194552421569824,77.06338500976562,24.557140350341797,19.015443801879883,0.27265483140945435,1185.6199951171875,2490.85009765625
2010-10-26,9.221609115600586,8.687849044799805,30.70962142944336,15.05940055847168,77.52076721191406,24.643268585205078,19.55139923095703,0.27173903584480286,1185.6400146484375,2497.2900390625
2010-10-27,9.215022087097168,8.872367858886719,30.63616180419922,14.988605499267578,77.93961334228516,24.868505477905273,19.664630889892578,0.275630921125412,1182.449951171875,2503.260009765625
2010-10-28,9.137489318847656,8.864679336547852,30.63616180419922,14.9242525100708,77.64753723144531,24.848615646362305,19.838253021240234,0.27585989236831665,1183.780029296875,2507.3701171875
2010-10-29,9.009963989257812,8.803171157836914,30.63616180419922,14.711875915527344,79.13542938232422,24.928123474121094,20.13266372680664,0.2751731276512146,1183.260009765625,2507.409912109375
2010-11-01,9.105756759643555,8.841615676879883,30.489229202270508,14.750489234924316,78.98114776611328,24.788991928100586,20.344026565551758,0.275630921125412,1184.3800048828125,2504.840087890625
2010-11-02,9.260821342468262,8.764730453491211,30.63616180419922,14.91137981414795,79.26773834228516,24.484272003173828,20.67617416381836,0.281354159116745,1193.5699462890625,2533.52001953125
2010-11-03,9.363800048828125,8.8569917678833,30.7830867767334,15.258902549743652,79.44957733154297,24.987747192382812,20.404420852661133,0.2834145724773407,1197.9599609375,2540.27001953125
2010-11-04,9.52755069732666,9.325982093811035,31.811647415161133,15.580681800842285,80.89339447021484,26.36564064025879,20.487457275390625,0.28387242555618286,1221.06005859375,2577.340087890625
2010-11-05,9.493425369262695,9.502813339233398,32.98713302612305,15.612860679626465,80.9650650024414,27.12083625793457,20.26854133605957,0.28867992758750916,1225.8499755859375,2578.97998046875
2010-11-08,9.538023948669434,9.687337875366211,32.61976623535156,15.696537017822266,81.07023620605469,26.835979461669922,20.23834991455078,0.2898246645927429,1223.25,2580.050048828125
2010-11-09,9.461989402770996,9.43361759185791,31.591245651245117,15.67078685760498,80.89309692382812,26.431882858276367,20.344026565551758,0.2882220149040222,1213.4000244140625,2562.97998046875
2010-11-10,9.520366668701172,9.66427230834961,32.472843170166016,15.760881423950195,81.12004089355469,26.90884780883789,20.33647918701172,0.29165613651275635,1218.7099609375,2578.780029296875
2010-11-11,9.47905445098877,9.510502815246582,32.03203582763672,13.205934524536133,80.50009155273438,26.511377334594727,20.140213012695312,0.28867992758750916,1213.5400390625,2555.52001953125
2010-11-12,9.221007347106934,9.318294525146484,31.517780303955078,12.967815399169922,79.56463623046875,26.239768981933594,19.830717086791992,0.303560346364975,1199.2099609375,2518.2099609375
2010-11-15,9.191374778747559,9.302915573120117,31.738170623779297,12.839105606079102,79.50923919677734,26.551132202148438,19.777864456176758,0.29989737272262573,1197.75,2513.820068359375
2010-11-16,9.028228759765625,9.179903984069824,31.003494262695312,12.510886192321777,78.73429870605469,26.239768981933594,19.603181838989258,0.29096919298171997,1178.3399658203125,2469.840087890625
2010-11-17,8.995595932006836,8.933876991271973,30.7830867767334,12.491579055786133,78.57379913330078,25.95491600036621,19.420896530151367,0.2957767844200134,1178.5899658203125,2476.010009765625
2010-11-18,9.23298454284668,8.995379447937012,31.591245651245117,12.620294570922852,79.90782928466797,26.27290153503418,19.62596321105957,0.30493390560150146,1196.68994140625,2514.39990234375
2010-11-19,9.18209457397461,8.964628219604492,31.370830535888672,12.620294570922852,80.28972625732422,26.107282638549805,19.512039184570312,0.3147779405117035,1199.72998046875,2518.1201171875
2010-11-22,9.380565643310547,8.687849044799805,30.70962142944336,12.588113784790039,80.47795104980469,25.511079788208008,19.542421340942383,0.31500667333602905,1197.8399658203125,2532.02001953125
2010-11-23,9.241965293884277,8.526387214660645,30.121871948242188,12.356427192687988,79.254638671875,24.928123474121094,19.079118728637695,0.30768105387687683,1180.72998046875,2494.949951171875
2010-11-24,9.423669815063477,8.672471046447754,30.63616180419922,12.523757934570312,80.71044158935547,25.279216766357422,19.268985748291016,0.3152357339859009,1198.3499755859375,2543.1201171875
2010-11-26,9.429657936096191,8.549456596374512,30.19534683227539,12.54306411743164,79.65316009521484,24.842004776000977,19.177845001220703,0.31134408712387085,1189.4000244140625,2534.56005859375
2010-11-29,9.485636711120605,8.695534706115723,30.489229202270508,12.510886192321777,79.09410858154297,25.11359977722168,19.223421096801758,0.3147779405117035,1187.760009765625,2525.219970703125
2010-11-30,9.314407348632812,8.418755531311035,30.8565616607666,12.3306884765625,78.30255126953125,24.7757568359375,19.185443878173828,0.31157293915748596,1180.550048828125,2498.22998046875
2010-12-01,9.47157096862793,8.688088417053223,31.591245651245117,12.433659553527832,79.93547058105469,25.27259635925293,19.777864456176758,0.3253086507320404,1206.0699462890625,2549.429931640625
2010-12-02,9.523956298828125,8.98822021484375,32.472843170166016,12.369298934936523,80.3616943359375,26.041046142578125,20.4234619140625,0.32920050621032715,1221.530029296875,2579.35009765625
2010-12-03,9.502706527709961,9.126730918884277,32.69325256347656,12.27276611328125,80.47239685058594,26.239768981933594,20.522197723388672,0.33858656883239746,1224.7099609375,2591.4599609375
2010-12-06,9.583822250366211,8.957430839538574,32.69325256347656,12.504448890686035,80.25652313232422,26.431882858276367,20.385480880737305,0.3321765661239624,1223.1199951171875,2594.919921875
2010-12-07,9.525751113891602,8.90356731414795,33.94221115112305,12.478705406188965,79.71959686279297,26.001296997070312,20.408275604248047,0.34293627738952637,1223.75,2598.489990234375
2010-12-08,9.609569549560547,9.23446273803711,34.08915328979492,12.452967643737793,80.25099182128906,26.670364379882812,20.681697845458984,0.34591230750083923,1228.280029296875,2609.159912109375
2010-12-09,9.572154998779297,9.734667778015137,34.45649337768555,12.67821216583252,79.87458038330078,27.034719467163086,20.56777000427246,0.3401889503002167,1233.0,2616.669921875
2010-12-10,9.596102714538574,9.85009765625,35.04423904418945,12.67821216583252,80.16243743896484,27.44544792175293,20.765239715576172,0.34224945306777954,1240.4000244140625,2637.5400390625
2010-12-13,9.629329681396484,9.65001392364502,35.338096618652344,12.600984573364258,79.86351776123047,27.498441696166992,20.69688606262207,0.33355018496513367,1240.4599609375,2624.909912109375
2010-12-14,9.588016510009766,9.542283058166504,34.45649337768555,12.575246810913086,80.7159652709961,27.02147102355957,20.977907180786133,0.33400800824165344,1241.5899658203125,2627.719970703125
2010-12-15,9.590110778808594,9.457632064819336,33.7218017578125,12.530190467834473,80.1070785522461,26.637258529663086,21.152599334716797,0.32668229937553406,1235.22998046875,2617.219970703125
2010-12-16,9.6167573928833,9.634626388549805,33.7218017578125,12.71038818359375,80.01297760009766,26.504758834838867,21.258935928344727,0.3271401524543762,1242.8699951171875,2637.31005859375
2010-12-17,9.597599029541016,9.673103332519531,34.529945373535156,12.581676483154297,80.2620620727539,26.279518127441406,21.19057273864746,0.32897162437438965,1243.9100341796875,2642.969970703125
2010-12-20,9.645495414733887,9.71158504486084,34.603424072265625,12.626730918884277,79.99082946777344,26.465009689331055,21.12221336364746,0.3275979459285736,1247.0799560546875,2649.56005859375
2010-12-21,9.70506477355957,9.988615989685059,34.823822021484375,12.568805694580078,80.67169189453125,27.16058921813965,21.319692611694336,0.34041792154312134,1254.5999755859375,2667.610107421875
2010-12-22,9.733803749084473,10.296429634094238,34.7503662109375,12.588113784790039,80.78791809082031,27.929044723510742,21.41083335876465,0.3440808653831482,1258.8399658203125,2671.47998046875
2010-12-23,9.687104225158691,10.050178527832031,34.383018493652344,12.671777725219727,80.75472259521484,27.876039505004883,21.49437713623047,0.3415626883506775,1256.77001953125,2665.60009765625
2010-12-27,9.719430923461914,10.211780548095703,35.04423904418945,12.974251747131348,80.45027923583984,28.26688003540039,21.319692611694336,0.34339410066604614,1257.5400390625,2667.27001953125
2010-12-28,9.743083000183105,10.265649795532227,35.1176872253418,13.09653377532959,80.65509796142578,28.227130889892578,21.274120330810547,0.34202051162719727,1258.510009765625,2662.8798828125
2010-12-29,9.737696647644043,10.242560386657715,35.04423904418945,13.032171249389648,81.1033935546875,28.0615234375,21.243741989135742,0.34202051162719727,1259.780029296875,2666.929931640625
2010-12-30,9.688899993896484,10.219474792480469,34.97075653076172,13.019301414489746,81.18647003173828,27.97540283203125,21.152599334716797,0.34316521883010864,1257.8800048828125,2662.97998046875
2010-12-31,9.65597152709961,10.265649795532227,34.7503662109375,13.019301414489746,81.23625946044922,28.101261138916016,21.198163986206055,0.35255125164985657,1257.6400146484375,2652.8701171875
2011-01-03,9.865821838378906,10.919754981994629,35.99930953979492,13.186624526977539,81.63483428955078,28.869720458984375,21.251333236694336,0.3621661961078644,1271.8699951171875,2691.52001953125
2011-01-04,9.917304039001465,10.958232879638672,35.99930953979492,13.205934524536133,81.7234115600586,29.28753662109375,21.334880828857422,0.36102163791656494,1270.199951171875,2681.25
2011-01-05,9.998434066772461,11.15831184387207,36.51360321044922,13.36682415008545,81.39681243896484,29.645671844482422,21.26652717590332,0.38872215151786804,1276.56005859375,2702.199951171875
2011-01-06,9.99035358428955,11.112138748168945,36.36665725708008,13.482669830322266,82.28797912597656,29.499757766723633,21.889328002929688,0.44252046942710876,1273.8499755859375,2709.889892578125
2011-01-07,10.061898231506348,10.965932846069336,36.293182373046875,13.495532989501953,81.88390350341797,28.942659378051758,21.722240447998047,0.45488253235816956,1271.5,2703.169921875
2011-01-10,10.251384735107422,11.081361770629883,36.07278823852539,13.3796968460083,81.7234115600586,28.78349494934082,21.433610916137695,0.4722813367843628,1269.75,2707.800048828125
2011-01-11,10.227141380310059,11.304522514343262,36.293182373046875,13.437615394592285,81.52410125732422,28.916147232055664,21.350078582763672,0.46495553851127625,1274.47998046875,2716.830078125
2011-01-12,10.310356140136719,11.53538990020752,37.32175064086914,13.592081069946289,82.53154754638672,29.652301788330078,21.68425750732422,0.5345501899719238,1285.9599609375,2737.330078125
2011-01-13,10.34807300567627,11.3660888671875,37.02786636352539,13.566330909729004,82.37654876708984,29.479887008666992,21.41083335876465,0.5354658365249634,1283.760009765625,2735.2900390625
2011-01-14,10.431894302368164,11.735471725463867,37.6890754699707,13.64999771118164,83.02972412109375,29.78494644165039,21.49437713623047,0.540044367313385,1293.239990234375,2755.300048828125
2011-01-18,10.197502136230469,11.543082237243652,35.264625549316406,13.656428337097168,83.38948822021484,29.678844451904297,21.767812728881836,0.5274531841278076,1295.02001953125,2765.85009765625
2011-01-19,10.143322944641113,11.058271408081055,34.97075653076172,13.399003982543945,86.17930603027344,28.989093780517578,21.623502731323242,0.5130307078361511,1281.9200439453125,2725.360107421875
2011-01-20,9.958918571472168,11.189096450805664,35.264625549316406,13.36682415008545,86.2402114868164,29.678844451904297,21.53235626220703,0.51348876953125,1280.260009765625,2704.2900390625
2011-01-21,9.78050422668457,10.965932846069336,35.92584991455078,13.341085433959961,86.07415008544922,30.036983489990234,21.28171730041504,0.508681058883667,1283.3499755859375,2689.5400390625
2011-01-24,10.10170841217041,10.711982727050781,35.7054328918457,13.624249458312988,88.36022186279297,29.857898712158203,21.555147171020508,0.5661424398422241,1290.8399658203125,2717.550048828125
2011-01-25,10.219952583312988,10.488819122314453,35.41157531738281,13.862366676330566,89.36212921142578,29.758426666259766,21.608312606811523,0.5487439632415771,1291.1800537109375,2719.25
2011-01-26,10.293295860290527,10.427253723144531,35.338096618652344,13.78514289855957,89.14067077636719,29.83137321472168,21.85895347595215,0.5617926120758057,1296.6300048828125,2739.5
2011-01-27,10.274139404296875,10.519599914550781,35.48504638671875,13.798019409179688,89.15731811523438,29.91095733642578,21.92730140686035,0.560189962387085,1299.5400390625,2755.280029296875
2011-01-28,10.061298370361328,10.465727806091309,34.676902770996094,13.46980094909668,88.12773895263672,29.53955841064453,21.07665252685547,0.5439363121986389,1276.3399658203125,2686.889892578125
2011-01-31,10.157687187194824,10.565768241882324,35.41157531738281,13.6113862991333,89.67210388183594,29.80483627319336,21.06145668029785,0.5475990772247314,1286.1199951171875,2700.080078125
2011-02-01,10.328618049621582,11.01209831237793,35.99930953979492,13.81732177734375,90.53562927246094,30.46143341064453,21.258935928344727,0.560189962387085,1307.5899658203125,2751.18994140625
2011-02-02,10.307366371154785,10.958232879638672,35.63197326660156,13.913856506347656,90.39168548583984,30.14309310913086,21.220956802368164,0.5856014490127563,1304.030029296875,2749.56005859375
2011-02-03,10.281022071838379,11.104445457458496,35.338096618652344,14.100489616394043,90.51901245117188,30.149715423583984,21.000694274902344,0.5746128559112549,1307.0999755859375,2753.8798828125
2011-02-04,10.372624397277832,10.996713638305664,35.41157531738281,14.190585136413574,90.77914428710938,29.572729110717773,21.09183692932129,0.5876618027687073,1310.8699951171875,2769.300048828125
2011-02-07,10.53367805480957,11.289134979248047,35.99930953979492,14.177720069885254,91.23307800292969,30.176254272460938,21.41843032836914,0.5631664395332336,1319.050048828125,2783.989990234375
2011-02-08,10.633061408996582,11.242961883544922,35.92584991455078,14.151971817016602,92.27782440185547,30.335420608520508,21.47919273376465,0.5464545488357544,1324.5699462890625,2797.050048828125
2011-02-09,10.721673011779785,11.266048431396484,35.55851364135742,14.184149742126465,91.49976348876953,29.91758918762207,21.243741989135742,0.5331766605377197,1320.8800048828125,2789.070068359375
2011-02-10,10.61330795288086,11.150618553161621,35.1176872253418,12.176230430603027,91.18858337402344,30.19614028930664,20.886764526367188,0.5224168300628662,1321.8699951171875,2790.449951171875
2011-02-11,10.682456970214844,11.3660888671875,35.85238265991211,12.034650802612305,91.05520629882812,30.885875701904297,20.69688606262207,0.537297248840332,1329.1500244140625,2809.43994140625
2011-02-14,10.752204895019531,11.45843505859375,36.07278823852539,12.105438232421875,90.70510864257812,30.865991592407227,20.681697845458984,0.5290558934211731,1332.3199462890625,2817.179931640625
2011-02-15,10.773761749267578,11.3660888671875,36.07278823852539,12.015339851379395,90.49394226074219,31.05169105529785,20.597658157348633,0.516235888004303,1328.010009765625,2804.35009765625
2011-02-16,10.870447158813477,11.419957160949707,35.99930953979492,11.95742416381836,90.80516815185547,31.79449462890625,20.643495559692383,0.5352371335029602,1336.3199462890625,2825.56005859375
2011-02-17,10.725863456726074,11.396875381469727,36.293182373046875,12.02177906036377,91.27194213867188,31.714916229248047,20.78865623474121,0.5878907442092896,1340.4300537109375,2831.580078125
2011-02-18,10.494163513183594,11.350701332092285,36.07278823852539,12.131179809570312,91.60540008544922,31.83428382873535,20.674060821533203,0.5867459177970886,1343.010009765625,2833.949951171875
2011-02-22,10.136435508728027,10.91206169128418,34.45649337768555,11.963862419128418,89.99935150146484,30.51448631286621,20.314966201782227,0.5313450694084167,1315.43994140625,2756.419921875
2011-02-23,10.256474494934082,10.90436840057373,34.529945373535156,11.841578483581543,89.01570892333984,30.481342315673828,20.314966201782227,0.506162703037262,1307.4000244140625,2722.989990234375
2011-02-24,10.264260292053223,10.750454902648926,34.45649337768555,11.815836906433105,89.34357452392578,30.44817543029785,20.452491760253906,0.5185251832008362,1306.0999755859375,2737.89990234375
2011-02-25,10.422321319580078,10.927447319030762,34.529945373535156,11.99603271484375,90.1827163696289,30.958837509155273,20.284412384033203,0.5292847752571106,1319.8800048828125,2781.050048828125
2011-02-28,10.57349681854248,10.996713638305664,34.383018493652344,11.944550514221191,89.96045684814453,30.965465545654297,20.307336807250977,0.5187540054321289,1327.219970703125,2782.27001953125
2011-03-01,10.456741333007812,10.71967601776123,33.57488250732422,11.944550514221191,88.8990249633789,30.242578506469727,19.9864501953125,0.49563220143318176,1306.3299560546875,2737.409912109375
2011-03-02,10.540861129760742,10.650367736816406,33.79527282714844,11.90593433380127,89.00463104248047,29.983905792236328,19.92533302307129,0.4750284254550934,1308.43994140625,2748.070068359375
2011-03-03,10.763582229614258,10.989212036132812,34.383018493652344,11.92524242401123,90.84957122802734,30.560916900634766,20.017011642456055,0.477775514125824,1330.969970703125,2798.739990234375
2011-03-04,10.776755332946777,10.873697280883789,33.35447311401367,11.841578483581543,89.93267059326172,30.189517974853516,19.826004028320312,0.47525736689567566,1321.1500244140625,2784.669921875
2011-03-07,10.63785171508789,10.804387092590332,33.207523345947266,11.712862968444824,88.87678527832031,29.970638275146484,19.650283813476562,0.4686184227466583,1310.1300048828125,2745.6298828125
2011-03-08,10.649826049804688,11.31264591217041,34.08915328979492,11.725737571716309,90.1827163696289,30.773136138916016,19.795438766479492,0.4475570023059845,1321.8199462890625,2765.77001953125
2011-03-09,10.551338195800781,11.235640525817871,34.16261291503906,11.661381721496582,92.1722183227539,30.87926483154297,19.780162811279297,0.4381709098815918,1320.02001953125,2751.719970703125
2011-03-10,10.377717018127441,10.981510162353516,33.35447311401367,11.532670974731445,90.03824615478516,30.19614028930664,19.413440704345703,0.4102414846420288,1295.1099853515625,2701.02001953125
2011-03-11,10.536972045898438,11.073922157287598,33.57488250732422,11.551973342895508,90.26609802246094,30.335420608520508,19.61972999572754,0.41321757435798645,1304.280029296875,2715.610107421875
2011-03-14,10.583970069885254,10.958406448364258,33.35447311401367,11.487622261047363,89.68814849853516,30.043603897094727,19.62735939025879,0.41665154695510864,1296.3900146484375,2700.969970703125
2011-03-15,10.340595245361328,10.750478744506836,32.61976623535156,11.191580772399902,88.37106323242188,29.585981369018555,19.398157119750977,0.40428927540779114,1281.8699951171875,2667.330078125
2011-03-16,9.87899112701416,10.542555809020996,32.25244903564453,10.972765922546387,85.02562713623047,29.05540657043457,18.939760208129883,0.4013132154941559,1256.8800048828125,2616.820068359375
2011-03-17,10.01759147644043,10.765881538391113,32.69325256347656,10.940591812133789,85.68138885498047,29.552824020385742,18.93212127685547,0.40886783599853516,1273.719970703125,2636.050048828125
2011-03-18,9.89874267578125,10.81208610534668,33.06058120727539,11.030689239501953,86.63164520263672,30.335420608520508,18.947399139404297,0.4033735394477844,1279.2099609375,2643.669921875
2011-03-21,10.15709114074707,10.81978988647461,32.54632568359375,11.191580772399902,87.62641906738281,30.262466430664062,19.35232162475586,0.4065786302089691,1298.3800048828125,2692.090087890625
2011-03-22,10.213966369628906,10.688873291015625,32.472843170166016,11.230196952819824,87.80420684814453,30.15635871887207,19.329397201538086,0.3994818329811096,1293.77001953125,2683.8701171875
2011-03-23,10.153799057006836,10.511751174926758,32.32591247558594,11.313857078552246,88.65449523925781,30.242578506469727,19.51276206970215,0.40772324800491333,1297.5400390625,2698.300048828125
2011-03-24,10.326828002929688,10.380833625793457,32.54632568359375,11.17227554321289,88.93789672851562,30.328784942626953,19.71904182434082,0.4402312934398651,1309.6600341796875,2736.419921875
2011-03-25,10.523500442504883,10.273022651672363,32.76673126220703,11.120786666870117,90.12715148925781,30.41499900817871,19.573888778686523,0.4264955520629883,1313.800048828125,2743.06005859375
2011-03-28,10.490571975708008,10.296126365661621,32.54632568359375,11.06286907196045,89.67704772949219,30.481342315673828,19.413440704345703,0.4422915577888489,1310.18994140625,2730.679931640625
2011-03-29,10.506135940551758,10.280725479125977,32.69325256347656,11.263069152832031,90.51619720458984,30.521114349365234,19.474565505981445,0.4388576149940491,1319.43994140625,2756.889892578125
2011-03-30,10.436385154724121,10.357732772827148,32.69325256347656,11.192030906677246,90.91625213623047,30.806312561035156,19.566247940063477,0.4223746955394745,1328.260009765625,2776.7900390625
2011-03-31,10.432795524597168,10.265320777893066,32.472843170166016,11.07578182220459,90.62175750732422,30.574167251586914,19.398157119750977,0.422603577375412,1325.8299560546875,2781.070068359375
2011-04-01,10.31454849243164,10.296126365661621,32.69325256347656,11.004740715026855,91.28861236572266,30.73998260498047,19.466922760009766,0.41665154695510864,1332.4100341796875,2789.60009765625
2011-04-04,10.213668823242188,10.350032806396484,32.54632568359375,11.017660140991211,91.27749633789062,30.900009155273438,19.52040672302246,0.40177103877067566,1332.8699951171875,2789.18994140625
2011-04-05,10.144816398620605,10.373138427734375,32.840187072753906,11.120989799499512,91.13301849365234,31.06004524230957,19.696130752563477,0.4024580419063568,1332.6300048828125,2791.18994140625
2011-04-06,10.11937141418457,10.565659523010254,33.7218017578125,11.669937133789062,91.16083526611328,31.766862869262695,19.978811264038086,0.39971062541007996,1335.5400390625,2799.820068359375
2011-04-07,10.120570182800293,10.480950355529785,33.64834213256836,11.566605567932129,91.34976959228516,31.60683250427246,20.017011642456055,0.4143621027469635,1333.510009765625,2796.139892578125
2011-04-08,10.030162811279297,10.380833625793457,33.50138854980469,11.398693084716797,91.16638946533203,31.233428955078125,19.917682647705078,0.40177103877067566,1328.1700439453125,2780.419921875
2011-04-11,9.902637481689453,10.388538360595703,33.28098678588867,11.28244400024414,91.11080169677734,31.246755599975586,19.84893035888672,0.396505743265152,1324.4599609375,2771.510009765625
2011-04-12,9.95053768157959,10.373138427734375,33.42793655395508,11.263069152832031,90.72177124023438,31.10004425048828,19.589162826538086,0.39765027165412903,1314.1600341796875,2744.7900390625
2011-04-13,10.06219482421875,10.219117164611816,33.06058120727539,11.14036750793457,91.11080169677734,30.839998245239258,19.58151626586914,0.4065786302089691,1314.4100341796875,2761.52001953125
2011-04-14,9.951132774353027,10.111302375793457,32.54632568359375,11.08869743347168,91.67764282226562,29.986473083496094,19.421085357666016,0.42374834418296814,1314.52001953125,2760.219970703125
2011-04-15,9.802656173706055,9.872575759887695,32.472843170166016,10.998283386230469,92.36673736572266,29.933141708374023,19.38288116455078,0.42832693457603455,1319.6800537109375,2764.64990234375
2011-04-18,9.934074401855469,9.564539909362793,32.472843170166016,10.804540634155273,92.21666717529297,29.313003540039062,19.16131591796875,0.414133220911026,1305.1400146484375,2735.3798828125
2011-04-19,10.113986015319824,9.50293254852295,33.28098678588867,10.727041244506836,91.91659545898438,29.773094177246094,19.21480369567871,0.4125308394432068,1312.6199951171875,2744.969970703125
2011-04-20,10.250187873840332,9.44902515411377,33.57488250732422,10.933704376220703,91.5553970336914,29.713092803955078,19.68084716796875,0.42512187361717224,1330.3599853515625,2802.510009765625
2011-04-21,10.4983549118042,9.479829788208008,33.42793655395508,10.94016170501709,93.51707458496094,29.793119430541992,19.497486114501953,0.4239772856235504,1337.3800048828125,2820.159912109375
2011-04-25,10.567503929138184,9.579938888549805,33.207523345947266,11.043496131896973,93.17808532714844,29.746442794799805,19.566247940063477,0.4306163489818573,1335.25,2825.8798828125
2011-04-26,10.489968299865723,9.418222427368164,33.134056091308594,11.314738273620605,93.63377380371094,30.086502075195312,20.009368896484375,0.4418337941169739,1347.239990234375,2847.5400390625
2011-04-27,10.48188591003418,9.49522590637207,33.134056091308594,11.101617813110352,94.67854309082031,30.339885711669922,20.15453338623047,0.4418337941169739,1355.6600341796875,2869.8798828125
2011-04-28,10.380110740661621,9.564539909362793,33.7218017578125,11.166193962097168,94.90633392333984,30.57327651977539,20.406661987304688,0.44664132595062256,1360.47998046875,2872.530029296875
2011-04-29,10.481294631958008,9.456727981567383,33.7218017578125,11.314738273620605,94.7952651977539,30.42656707763672,19.803085327148438,0.45785871148109436,1363.6099853515625,2873.5400390625
2011-05-02,10.366040229797363,9.50293254852295,32.98713302612305,11.353483200073242,95.66771697998047,30.126522064208984,19.60444450378418,0.45167770981788635,1361.219970703125,2864.080078125
2011-05-03,10.42351245880127,9.703156471252441,33.207523345947266,11.243696212768555,96.06784057617188,30.61995506286621,19.71904182434082,0.4301583766937256,1356.6199951171875,2841.6201171875
2011-05-04,10.464529037475586,9.61844539642334,33.207523345947266,11.28244400024414,94.81742858886719,30.339885711669922,19.910043716430664,0.42695316672325134,1347.3199462890625,2828.22998046875
2011-05-05,10.380110740661621,9.472125053405762,32.91366195678711,11.288905143737793,93.61711883544922,30.119840621948242,19.703773498535156,0.4271821677684784,1335.0999755859375,2814.719970703125
2011-05-06,10.377413749694824,9.479829788208008,33.207523345947266,11.340571403503418,94.27580261230469,30.033166885375977,19.764883041381836,0.4422915577888489,1340.199951171875,2827.56005859375
2011-05-09,10.40555191040039,9.379719734191895,32.443458557128906,11.366401672363281,94.39298248291016,29.979812622070312,19.73432731628418,0.45213553309440613,1346.2900390625,2843.25
2011-05-10,10.460932731628418,9.456727981567383,32.472843170166016,11.48911190032959,95.10749816894531,30.113182067871094,19.612079620361328,0.45282235741615295,1357.1600341796875,2871.889892578125
2011-05-11,10.394477844238281,9.433623313903809,31.53246307373047,11.482649803161621,94.61632537841797,29.49304962158203,19.375242233276367,0.45488253235816956,1342.0799560546875,2845.06005859375
2011-05-12,10.374716758728027,9.395120620727539,31.165117263793945,10.933704376220703,96.14576721191406,29.399686813354492,19.344684600830078,0.4693051874637604,1348.6500244140625,2863.0400390625
2011-05-13,10.193013191223145,9.187195777893066,30.511266708374023,10.901411056518555,94.85073852539062,28.772897720336914,19.123119354248047,0.4180249869823456,1337.77001953125,2828.469970703125
2011-05-16,9.9774751663208,9.133285522460938,30.261470794677734,10.720582962036133,94.25904846191406,28.592845916748047,18.77167510986328,0.4052051305770874,1329.469970703125,2782.31005859375
2011-05-17,10.062495231628418,9.164092063903809,30.518606185913086,10.746415138244629,95.17449188232422,29.212980270385742,18.856271743774414,0.4036025404930115,1328.97998046875,2783.2099609375
2011-05-18,10.174154281616211,9.079378128051758,30.298194885253906,10.7528715133667,95.14099884033203,29.393024444580078,18.987003326416016,0.4129886031150818,1340.6800537109375,2815.0
2011-05-19,10.1939115524292,9.002368927001953,30.401063919067383,10.759331703186035,95.22478485107422,29.339677810668945,19.010068893432617,0.40703654289245605,1343.5999755859375,2823.31005859375
2011-05-20,10.034950256347656,8.917664527893066,30.136566162109375,10.675381660461426,94.98469543457031,28.759546279907227,18.833192825317383,0.414133220911026,1333.27001953125,2803.320068359375
2011-05-23,10.010407447814941,8.794450759887695,29.504741668701172,10.559131622314453,93.92411041259766,28.3727970123291,18.587116241455078,0.41367536783218384,1317.3699951171875,2758.89990234375
2011-05-24,9.944249153137207,8.825252532958984,29.76186752319336,10.507463455200195,93.77340698242188,28.232770919799805,18.571731567382812,0.415277898311615,1316.280029296875,2746.159912109375
2011-05-25,10.081649780273438,8.763640403747559,29.636959075927734,10.45580005645752,93.63945007324219,28.18609046936035,18.602495193481445,0.4203141927719116,1320.469970703125,2761.3798828125
2011-05-26,10.02837085723877,8.825252532958984,29.556121826171875,10.494546890258789,93.32127380371094,28.306116104125977,18.97161293029785,0.43084508180618286,1325.68994140625,2782.919921875
2011-05-27,10.100513458251953,9.002368927001953,30.107284545898438,10.630172729492188,93.49988555908203,28.5328369140625,19.040834426879883,0.4464123845100403,1331.0999755859375,2796.860107421875
2011-05-31,10.41243839263916,9.048579216003418,30.239547729492188,10.849748611450195,94.29814910888672,28.832895278930664,19.233089447021484,0.4587744474411011,1345.199951171875,2835.300048828125
2011-06-01,10.342989921569824,8.663202285766602,29.137250900268555,10.578503608703613,92.97515106201172,27.84600830078125,18.787052154541016,0.4381709098815918,1314.550048828125,2769.18994140625
2011-06-02,10.360648155212402,8.701737403869629,29.40180778503418,10.494546890258789,92.71279907226562,27.746002197265625,18.62556266784668,0.4361104369163513,1312.93994140625,2773.31005859375
2011-06-03,10.281022071838379,8.6940336227417,29.284229278564453,10.339550018310547,92.13227844238281,27.719318389892578,18.387163162231445,0.422603577375412,1300.1600341796875,2732.780029296875
2011-06-06,10.11937141418457,8.347193717956543,27.976171493530273,10.32663631439209,91.96479797363281,27.025850296020508,18.464069366455078,0.41367536783218384,1286.1700439453125,2702.56005859375
2011-06-07,9.93975830078125,8.20846176147461,27.616100311279297,10.016640663146973,91.37311553955078,27.152530670166016,18.502521514892578,0.41344642639160156,1284.93994140625,2701.56005859375
2011-06-08,9.945747375488281,8.123682022094727,27.050249099731445,9.881021499633789,91.73594665527344,26.9325008392334,18.41023826599121,0.4022289514541626,1279.56005859375,2675.3798828125
2011-06-09,9.923295974731445,8.20846176147461,27.755706787109375,9.887474060058594,92.01504516601562,27.32591438293457,18.425613403320312,0.39765027165412903,1289.0,2684.8701171875
2011-06-10,9.755956649780273,8.324073791503906,27.86594009399414,9.7647705078125,91.08845520019531,27.372591018676758,18.233362197875977,0.39192715287208557,1270.97998046875,2643.72998046875
2011-06-13,9.776906967163086,8.455102920532227,28.784530639648438,9.726020812988281,91.08284759521484,27.7860107421875,18.487136840820312,0.38917991518974304,1271.8299560546875,2639.68994140625
2011-06-14,9.95173168182373,8.324073791503906,28.4979190826416,9.738940238952637,91.61312103271484,27.746002197265625,18.62556266784668,0.39238494634628296,1287.8699951171875,2678.719970703125
2011-06-15,9.781402587890625,8.09284782409668,27.924724578857422,9.583944320678711,90.61393737792969,27.125858306884766,18.25642967224121,0.383914589881897,1265.4200439453125,2631.4599609375
2011-06-16,9.733803749084473,8.169925689697266,27.652828216552734,9.719566345214844,90.80374908447266,26.912487030029297,18.456384658813477,0.37063661217689514,1267.6400146484375,2623.699951171875
2011-06-17,9.587120056152344,8.231585502624512,28.145193099975586,9.667900085449219,91.7917709350586,27.20588493347168,18.65632438659668,0.3619372546672821,1271.5,2616.47998046875
2011-06-20,9.439239501953125,8.169925689697266,28.04231071472168,9.777689933776855,92.11549377441406,26.992494583129883,18.817813873291016,0.35758763551712036,1278.3599853515625,2629.659912109375
2011-06-21,9.737991333007812,8.347193717956543,28.887401580810547,10.016640663146973,92.78536987304688,27.279232025146484,19.040834426879883,0.3653712868690491,1295.52001953125,2687.260009765625
2011-06-22,9.657464981079102,8.316366195678711,29.03436851501465,9.919768333435059,92.48390197753906,27.132526397705078,18.95623779296875,0.3603348731994629,1287.1400146484375,2669.18994140625
2011-06-23,9.915512084960938,8.254705429077148,28.960891723632812,9.990806579589844,92.72954559326172,26.719106674194336,18.94085121154785,0.37109455466270447,1283.5,2686.75
2011-06-24,9.769429206848145,8.108264923095703,29.093162536621094,9.642068862915039,92.14338684082031,26.33234977722168,18.687089920043945,0.3603348731994629,1268.449951171875,2652.889892578125
2011-06-27,9.93975830078125,8.362611770629883,29.387094497680664,9.719566345214844,93.5668716430664,26.592418670654297,19.379207611083984,0.352780282497406,1280.0999755859375,2688.280029296875
2011-06-28,10.036149024963379,8.339491844177246,29.504682540893555,9.771232604980469,94.9009780883789,26.365703582763672,19.840608596801758,0.3548404574394226,1296.6700439453125,2729.31005859375
2011-06-29,9.999631881713867,8.586126327514648,30.49675941467285,9.906851768493652,95.19684600830078,26.972501754760742,19.702194213867188,0.3603348731994629,1307.4100341796875,2740.489990234375
2011-06-30,10.048421859741211,8.447396278381348,30.599618911743164,10.081223487854004,95.76068878173828,27.299243927001953,19.994407653808594,0.3649135231971741,1320.6400146484375,2773.52001953125
2011-07-01,10.275632858276367,8.547591209411621,31.51085662841797,10.242679595947266,97.42967224121094,27.896333694458008,20.00978660583496,0.36972105503082275,1339.6700439453125,2816.030029296875
2011-07-05,10.460334777832031,8.47822380065918,31.283044815063477,10.158401489257812,97.92647552490234,27.527347564697266,20.01748275756836,0.36353984475135803,1337.8800048828125,2825.77001953125
2011-07-06,10.530085563659668,8.27782917022705,30.871524810791016,10.087096214294434,99.1991958618164,27.21201515197754,20.248178482055664,0.3587324023246765,1339.219970703125,2834.02001953125
2011-07-07,10.692935943603516,8.416563034057617,31.327138900756836,10.307507514953613,98.5125503540039,27.72191047668457,20.58655548095703,0.36010584235191345,1353.219970703125,2872.659912109375
2011-07-08,10.76806926727295,8.247002601623535,30.886220932006836,10.203782081604004,98.51819610595703,27.33279037475586,20.701904296875,0.35323798656463623,1343.800048828125,2859.81005859375
2011-07-11,10.59714126586914,7.977239608764648,29.240135192871094,10.002816200256348,97.68087005615234,26.45389175415039,20.478893280029297,0.3408757746219635,1319.489990234375,2802.6201171875
2011-07-12,10.5896577835083,7.869332790374756,28.711027145385742,10.113019943237305,97.15613555908203,26.427045822143555,20.40968132019043,0.33629727363586426,1313.6400146484375,2781.909912109375
2011-07-13,10.717482566833496,7.861627578735352,29.00497055053711,10.093576431274414,97.30686950683594,26.581357955932617,20.478893280029297,0.3356105089187622,1317.719970703125,2796.919921875
2011-07-14,10.70999813079834,7.7614312171936035,28.674293518066406,10.002816200256348,97.25660705566406,27.071125030517578,20.35584831237793,0.3223327100276947,1308.8699951171875,2762.669921875
2011-07-15,10.924033164978027,7.707475185394287,28.203969955444336,10.10654067993164,97.9878921508789,26.82288932800293,20.5942440032959,0.3227904438972473,1316.1400146484375,2789.800048828125
2011-07-18,11.189863204956055,7.4916672706604,27.73366355895996,10.009299278259277,97.84275817871094,26.722253799438477,20.448129653930664,0.31592249870300293,1305.43994140625,2765.110107421875
2011-07-19,11.28116512298584,7.3760552406311035,27.939441680908203,10.1519193649292,103.38571166992188,27.097972869873047,21.17868995666504,0.3255375921726227,1326.72998046875,2826.52001953125
2011-07-20,11.58201789855957,7.591863632202148,28.38034439086914,10.255643844604492,102.5149154663086,27.480375289916992,20.809572219848633,0.32141682505607605,1325.8399658203125,2814.22998046875
2011-07-21,11.593693733215332,7.8847479820251465,29.62961196899414,10.599228858947754,103.21273040771484,28.3726863861084,20.84033203125,0.33652621507644653,1343.800048828125,2834.429931640625
2011-07-22,11.773605346679688,7.8076701164245605,29.58551597595215,10.670540809631348,103.36901092529297,28.30559539794922,21.17100715637207,0.34339410066604614,1345.02001953125,2858.830078125
2011-07-25,11.929266929626465,7.715183734893799,29.328310012817383,10.553848266601562,102.5428466796875,27.97014045715332,21.463233947753906,0.33789971470832825,1337.4300537109375,2842.800048828125
2011-07-26,12.076252937316895,7.707475185394287,29.188709259033203,10.560330390930176,102.11302185058594,27.802413940429688,21.593965530395508,0.3296583890914917,1331.93994140625,2839.9599609375
2011-07-27,11.752350807189941,7.460836887359619,28.12314224243164,10.171368598937988,101.2310562133789,27.28581428527832,21.017200469970703,0.31729620695114136,1304.8900146484375,2764.7900390625
2011-07-28,11.729300498962402,7.545616626739502,28.064334869384766,10.378815650939941,101.4822769165039,27.29252815246582,21.317119598388672,0.3166094124317169,1300.6700439453125,2766.25
2011-07-29,11.689187049865723,7.4839606285095215,28.18194580078125,10.352884292602539,101.51018524169922,27.13821792602539,21.071027755737305,0.3166094124317169,1292.280029296875,2756.3798828125
2011-08-01,11.87687873840332,7.56103515625,28.284847259521484,10.262124061584473,100.89613342285156,27.13150978088379,20.9710636138916,0.33355018496513367,1286.93994140625,2744.610107421875
2011-08-02,11.642186164855957,7.314395904541016,27.22638511657715,10.02226448059082,99.38900756835938,26.728967666625977,20.609622955322266,0.33011624217033386,1254.050048828125,2669.239990234375
2011-08-03,11.751749038696289,7.352935791015625,27.38808822631836,10.04171085357666,99.82438659667969,26.769216537475586,20.701904296875,0.3390444219112396,1260.3399658203125,2693.070068359375
2011-08-04,11.296732902526855,6.805701732635498,25.58720588684082,9.607373237609863,95.72154998779297,25.44081687927246,19.948272705078125,0.3067653775215149,1200.0699462890625,2556.389892578125
2011-08-05,11.184473037719727,6.297008037567139,24.58017349243164,9.685163497924805,96.5588607788086,25.22612762451172,19.74832534790039,0.29646360874176025,1199.3800048828125,2532.409912109375
2011-08-08,10.57349681854248,5.017566204071045,20.544740676879883,9.036892890930176,93.18942260742188,22.851116180419922,18.825510025024414,0.2731126546859741,1119.4599609375,2357.68994140625
2011-08-09,11.196150779724121,5.857682228088379,23.38939666748047,9.114688873291016,95.65062713623047,24.421052932739258,19.671424865722656,0.2960056960582733,1172.530029296875,2482.52001953125
2011-08-10,10.887213706970215,5.21796178817749,20.941673278808594,8.900755882263184,91.12626647949219,23.059093475341797,18.61017417907715,0.2824987471103668,1120.760009765625,2381.050048828125
2011-08-11,11.186870574951172,5.587920665740967,22.2647647857666,10.320469856262207,93.475341796875,24.6156005859375,19.371505737304688,0.3069942593574524,1172.6400146484375,2492.679931640625
2011-08-12,11.285355567932129,5.5416765213012695,21.94134521484375,10.365849494934082,94.29949188232422,24.09229850769043,19.302289962768555,0.2948610484600067,1178.81005859375,2507.97998046875
2011-08-15,11.477540016174316,5.981003284454346,22.98512077331543,10.391779899597168,96.98495483398438,24.743083953857422,19.617595672607422,0.30607864260673523,1204.489990234375,2555.199951171875
2011-08-16,11.389832496643066,5.703530788421631,22.007503509521484,10.372333526611328,96.00383758544922,24.172807693481445,19.617591857910156,0.29737934470176697,1192.760009765625,2523.449951171875
2011-08-17,11.38863468170166,5.749777317047119,21.94134521484375,10.275092124938965,96.13839721679688,24.535091400146484,19.54020118713379,0.2932584881782532,1193.8900146484375,2511.47998046875
2011-08-18,10.957859992980957,5.4029412269592285,20.566797256469727,9.730546951293945,91.84951782226562,23.609243392944336,19.09135627746582,0.27334174513816833,1140.6500244140625,2380.429931640625
2011-08-19,10.657910346984863,5.372111797332764,19.677383422851562,9.775921821594238,88.32307434082031,23.045682907104492,18.611562728881836,0.2685340940952301,1123.530029296875,2341.840087890625
2011-08-22,10.670183181762695,4.948200225830078,19.155488967895508,9.730546951293945,89.1303939819336,22.415021896362305,18.557395935058594,0.27334174513816833,1123.8199462890625,2345.3798828125
2011-08-23,11.183876037597656,4.855711460113525,20.0816593170166,10.009299278259277,92.12418365478516,23.33416748046875,19.130056381225586,0.30287352204322815,1162.3499755859375,2446.06005859375
2011-08-24,11.261113166809082,5.3875250816345215,20.912267684936523,10.02226448059082,93.49213409423828,24.03862953186035,19.26935386657715,0.29852381348609924,1177.5999755859375,2467.68994140625
2011-08-25,11.187468528747559,5.896218299865723,21.926639556884766,9.775921821594238,92.83059692382812,23.964820861816406,19.013973236083984,0.2857038378715515,1159.27001953125,2419.6298828125
2011-08-26,11.48262882232666,5.981003284454346,21.93399429321289,9.931509017944336,94.82648468017578,24.2935733795166,19.54020118713379,0.29783710837364197,1176.800048828125,2479.85009765625
2011-08-29,11.67391586303711,6.4665727615356445,22.99982261657715,10.203782081604004,96.7774887084961,25.252967834472656,19.996789932250977,0.30584970116615295,1210.0799560546875,2562.110107421875
2011-08-30,11.674517631530762,6.2584686279296875,22.742549896240234,10.13247299194336,96.7158432006836,24.863849639892578,20.298595428466797,0.3131754398345947,1212.9200439453125,2576.110107421875
2011-08-31,11.520051002502441,6.304773330688477,22.823406219482422,10.158401489257812,96.37947082519531,25.199298858642578,20.58493423461914,0.30470502376556396,1218.8900146484375,2579.4599609375
2011-09-01,11.406292915344238,6.104130744934082,22.051607131958008,10.255643844604492,95.49366760253906,24.353939056396484,20.28312110900879,0.30401811003685,1204.4200439453125,2546.0400390625
2011-09-02,11.197347640991211,5.5948100090026855,20.875513076782227,9.989852905273438,93.61550903320312,23.233537673950195,19.965831756591797,0.2957767844200134,1173.969970703125,2480.330078125
2011-09-06,11.367676734924316,5.394167423248291,20.360984802246094,9.905577659606934,92.56714630126953,22.435157775878906,19.741416931152344,0.30172887444496155,1165.239990234375,2473.830078125
2011-09-07,11.4931058883667,5.772301197052002,21.30185317993164,10.294538497924805,93.80049133300781,23.361007690429688,20.12060546875,0.3262244164943695,1198.6199951171875,2548.93994140625
2011-09-08,11.49939250946045,5.5562262535095215,20.566797256469727,10.560330390930176,92.64559173583984,22.48212242126465,20.29085922241211,0.32462191581726074,1185.9000244140625,2529.139892578125
2011-09-09,11.300024032592773,5.38645076751709,19.655330657958984,10.255643844604492,90.47032928466797,21.522720336914062,19.91941261291504,0.31775403022766113,1154.22998046875,2467.989990234375
2011-09-12,11.37367057800293,5.440471172332764,19.817039489746094,10.430673599243164,91.05901336669922,21.750831604003906,20.03548240661621,0.3253086507320404,1162.27001953125,2495.090087890625
2011-09-13,11.513766288757324,5.401886463165283,19.883188247680664,10.599228858947754,91.62522888183594,21.79779052734375,20.151567459106445,0.3326343894004822,1172.8699951171875,2532.14990234375
2011-09-14,11.653862953186035,5.440471172332764,20.13311004638672,10.586260795593262,93.76126861572266,22.005767822265625,20.507545471191406,0.3498040437698364,1188.6800537109375,2572.550048828125
2011-09-15,11.763423919677734,5.6565470695495605,21.01517677307129,10.806675910949707,95.35908508300781,22.683391571044922,20.886737823486328,0.3548404574394226,1209.1099853515625,2607.070068359375
2011-09-16,11.989137649536133,5.579375267028809,21.309194564819336,10.774264335632324,96.98495483398438,22.428451538085938,20.987346649169922,0.35392478108406067,1216.010009765625,2622.31005859375
2011-09-19,12.322318077087402,5.394167423248291,20.368331909179688,10.702953338623047,97.06348419189453,21.79779052734375,21.056989669799805,0.3465990424156189,1204.0899658203125,2612.830078125
2011-09-20,12.37680435180664,5.324716091156006,19.79498291015625,10.715920448303223,97.95484161376953,21.636775970458984,20.87900161743164,0.3376707434654236,1202.0899658203125,2590.239990234375
2011-09-21,12.337586402893066,4.923434734344482,18.758562088012695,10.268609046936035,97.00176239013672,20.355342864990234,20.112871170043945,0.3312608301639557,1166.760009765625,2538.18994140625
2011-09-22,12.02865219116211,4.6764912605285645,17.61188316345215,9.937989234924316,94.53496551513672,19.63746452331543,19.393173217773438,0.30928370356559753,1129.56005859375,2455.669921875
2011-09-23,12.10289192199707,4.869414806365967,18.36163330078125,10.119505882263184,94.9385986328125,19.85216522216797,19.393173217773438,0.31569361686706543,1136.4300537109375,2483.22998046875
2011-09-26,12.069066047668457,5.093207836151123,19.6406192779541,10.365849494934082,97.83712768554688,21.23422622680664,19.68724250793457,0.3163803815841675,1162.949951171875,2516.68994140625
2011-09-27,11.95201587677002,5.000603199005127,19.839096069335938,10.417713165283203,99.63118743896484,21.18055534362793,19.865230560302734,0.31683823466300964,1175.3800048828125,2546.830078125
2011-09-28,11.884662628173828,4.753659725189209,19.052581787109375,10.268609046936035,99.54145812988281,20.442556381225586,19.795583724975586,0.30722329020500183,1151.06005859375,2491.580078125
2011-09-29,11.691875457763672,4.900282382965088,19.77294158935547,10.275092124938965,100.44969940185547,21.059789657592773,19.69498634338379,0.29966849088668823,1160.4000244140625,2480.760009765625
2011-09-30,11.414976119995117,4.722792148590088,18.83207130432129,10.048196792602539,98.03894805908203,20.20773696899414,19.261619567871094,0.2863907217979431,1131.4200439453125,2415.39990234375
2011-10-03,11.2138090133667,4.267489910125732,16.987089157104492,9.847229957580566,97.15314483642578,19.22150421142578,18.983020782470703,0.27036553621292114,1099.22998046875,2335.830078125
2011-10-04,11.150945663452148,4.444981098175049,17.927955627441406,10.140111923217773,97.96607208251953,20.48038101196289,19.609859466552734,0.2953189015388489,1123.949951171875,2404.820068359375
2011-10-05,11.323074340820312,4.45269775390625,18.163169860839844,10.517599105834961,99.14900970458984,20.872934341430664,20.03548240661621,0.30584970116615295,1144.030029296875,2460.510009765625
2011-10-06,11.296732902526855,4.846263408660889,19.126089096069336,10.90159797668457,101.86250305175781,21.915220260620117,20.38372039794922,0.31798288226127625,1164.969970703125,2506.820068359375
2011-10-07,11.07011890411377,4.5530171394348145,18.1043643951416,10.843018531799316,102.25496673583984,20.778173446655273,20.314075469970703,0.32393506169319153,1155.4599609375,2479.35009765625
2011-10-10,11.639191627502441,4.846263408660889,19.471567153930664,11.122879981994629,104.62643432617188,21.86107635498047,20.84804344177246,0.3383576571941376,1194.8900146484375,2566.050048828125
2011-10-11,11.982852935791016,4.915717601776123,20.463882446289062,11.057796478271484,103.71821594238281,21.86107635498047,20.89447784423828,0.33469483256340027,1195.5400390625,2583.030029296875
2011-10-12,12.039730072021484,5.077774524688721,21.46355628967285,11.227020263671875,104.34614562988281,22.4702091217041,20.863529205322266,0.33446574211120605,1207.25,2604.72998046875
2011-10-13,12.226529121398926,4.799960613250732,20.316875457763672,11.337660789489746,104.73859405517578,21.38730812072754,21.03377914428711,0.35392478108406067,1203.6600341796875,2620.239990234375
2011-10-14,12.632752418518066,4.776811122894287,20.875513076782227,11.422269821166992,106.81857299804688,21.583585739135742,21.10342025756836,0.35987693071365356,1224.5799560546875,2667.85009765625
2011-10-17,12.572579383850098,4.653339385986328,20.53003692626953,11.174948692321777,104.60963439941406,21.008289337158203,20.87900161743164,0.34202051162719727,1200.8599853515625,2614.919921875
2011-10-18,12.639931678771973,5.124075889587402,21.963390350341797,11.396231651306152,100.29830932617188,22.246862411499023,21.134376525878906,0.35438272356987,1225.3800048828125,2657.429931640625
2011-10-19,11.932860374450684,4.938868045806885,21.60323143005371,11.168440818786621,99.4517822265625,21.827241897583008,20.995080947875977,0.3472858965396881,1209.8800048828125,2604.0400390625
2011-10-20,11.833769798278809,4.992885589599609,22.110403060913086,11.187966346740723,99.37325286865234,22.422842025756836,20.925437927246094,0.3298872113227844,1215.3900146484375,2598.6201171875
2011-10-21,11.760726928710938,4.985166549682617,22.27212142944336,11.311620712280273,101.8288803100586,22.619098663330078,21.01829719543457,0.3314897119998932,1238.25,2637.4599609375
2011-10-24,12.146900177001953,5.1858110427856445,23.227685928344727,11.415757179260254,102.17645263671875,23.397438049316406,21.041515350341797,0.3438519537448883,1254.18994140625,2699.43994140625
2011-10-25,11.907415390014648,4.985166549682617,22.713153839111328,11.467829704284668,101.11685943603516,22.66649627685547,20.747434616088867,0.33080291748046875,1229.050048828125,2638.419921875
2011-10-26,11.992130279541016,5.085489749908447,22.896915435791016,11.461318969726562,102.01947784423828,23.133487701416016,20.577192306518555,0.33469483256340027,1242.0,2650.669921875
2011-10-27,12.11456298828125,5.571660041809082,25.116771697998047,12.001519203186035,104.21158599853516,25.055639266967773,21.087949752807617,0.3491174280643463,1284.5899658203125,2738.6298828125
2011-10-28,12.122350692749023,5.671980381011963,25.10942268371582,12.079618453979492,105.09178161621094,24.83228302001953,20.87900161743164,0.3571297824382782,1285.0899658203125,2737.14990234375
2011-10-31,12.117262840270996,5.270697593688965,23.2203426361084,12.060090065002441,103.5107650756836,23.52604103088379,20.6081485748291,0.33881548047065735,1253.300048828125,2684.409912109375
2011-11-01,11.869694709777832,4.938868045806885,21.441503524780273,11.4483003616333,101.67186737060547,22.138572692871094,20.112871170043945,0.32187461853027344,1218.280029296875,2606.9599609375
2011-11-02,11.896636009216309,5.1858110427856445,21.926639556884766,11.617522239685059,103.11273956298828,22.768007278442383,20.128347396850586,0.3163803815841675,1237.9000244140625,2639.97998046875
2011-11-03,12.066073417663574,5.33243465423584,22.632532119750977,11.832300186157227,105.0076904296875,23.268856048583984,20.530759811401367,0.33538153767585754,1261.1500244140625,2697.969970703125
2011-11-04,11.981356620788574,5.008319854736328,22.309001922607422,11.734673500061035,104.4919204711914,22.99136734008789,20.314075469970703,0.3392733037471771,1253.22998046875,2686.14990234375
2011-11-07,11.966085433959961,4.977450847625732,22.46341323852539,11.721654891967773,105.0189208984375,23.17409896850586,20.73970603942871,0.33744192123413086,1261.1199951171875,2695.25
2011-11-08,12.160666465759277,5.039188385009766,23.103124618530273,11.916908264160156,105.40168762207031,23.702016830444336,21.01829719543457,0.3452255129814148,1275.9200439453125,2727.489990234375
2011-11-09,11.83287525177002,4.753659725189209,21.213403701782227,11.461318969726562,102.58155822753906,22.023513793945312,20.275381088256836,0.3278268873691559,1229.0999755859375,2621.64990234375
2011-11-10,11.531723976135254,4.653339385986328,21.051637649536133,12.112159729003906,103.20635986328125,22.15888214111328,20.337289810180664,0.3312608301639557,1239.699951171875,2625.14990234375
2011-11-11,11.513766288757324,4.792244911193848,21.56634521484375,12.379007339477539,105.4748764038086,22.52435874938965,20.8248291015625,0.34293627738952637,1263.8499755859375,2678.75
2011-11-14,11.35330867767334,4.6687726974487305,20.86781120300293,12.32693862915039,105.45796966552734,22.030275344848633,20.708744049072266,0.33629727363586426,1251.780029296875,2657.219970703125
2011-11-15,11.63979721069336,4.730509281158447,20.603099822998047,12.44409465789795,106.24596405029297,22.131805419921875,20.849092483520508,0.3406471014022827,1257.81005859375,2686.199951171875
2011-11-16,11.518253326416016,4.5530171394348145,19.75015640258789,12.235823631286621,105.0470199584961,21.29932403564453,20.326698303222656,0.3337790369987488,1236.9100341796875,2639.610107421875
2011-11-17,11.297931671142578,4.475847244262695,19.117795944213867,12.027548789978027,104.54602813720703,20.63604736328125,19.913463592529297,0.32187461853027344,1216.1300048828125,2587.989990234375
2011-11-18,11.223986625671387,4.460415840148926,19.32367515563965,11.98849868774414,104.27025604248047,20.724029541015625,19.726337432861328,0.31889867782592773,1215.6500244140625,2572.5
2011-11-21,11.046472549438477,4.236622333526611,18.382492065429688,11.715147972106934,102.15377044677734,20.24349594116211,19.49242401123047,0.3349236845970154,1192.97998046875,2523.139892578125
2011-11-22,11.270987510681152,4.144017696380615,17.985435485839844,11.663082122802734,102.05805969238281,19.90508270263672,19.328683853149414,0.3452255129814148,1188.0400390625,2521.280029296875
2011-11-23,10.986001968383789,3.9665281772613525,17.28689956665039,11.331151008605957,100.166748046875,19.207962036132812,19.079181671142578,0.33057400584220886,1161.7900390625,2460.080078125
2011-11-25,10.883623123168945,3.989680051803589,17.375139236450195,11.389726638793945,99.6657943725586,19.275651931762695,18.94663429260254,0.32141682505607605,1158.6700439453125,2441.510009765625
2011-11-28,11.259313583374023,4.051414489746094,18.41926383972168,11.721654891967773,102.5647201538086,19.735885620117188,19.391061782836914,0.3395022749900818,1192.550048828125,2527.340087890625
2011-11-29,11.171900749206543,3.920226573944092,18.55897331237793,11.506881713867188,101.84982299804688,19.32979393005371,19.367671966552734,0.3413337767124176,1195.18994140625,2515.510009765625
2011-11-30,11.441317558288574,4.20631742477417,20.206045150756836,12.131688117980957,105.8238296508789,20.960918426513672,19.94464874267578,0.35781657695770264,1246.9599609375,2620.340087890625
2011-12-01,11.612849235534668,4.275907039642334,19.84574317932129,12.092636108398438,106.6400375366211,20.61574363708496,19.710737228393555,0.3621661961078644,1244.5799560546875,2626.199951171875
2011-12-02,11.665836334228516,4.360962390899658,20.713394165039062,12.073108673095703,106.75821685791016,21.88138198852539,19.663955688476562,0.35987693071365356,1244.280029296875,2626.929931640625
2011-12-05,11.764922142028809,4.476945400238037,21.933998107910156,12.229316711425781,107.42247009277344,22.68002700805664,20.0382080078125,0.35438272356987,1257.0799560546875,2655.760009765625
2011-12-06,11.703252792358398,4.469213485717773,21.875173568725586,12.19025993347168,108.60450744628906,22.490516662597656,20.007017135620117,0.34934622049331665,1258.469970703125,2649.56005859375
2011-12-07,11.647577285766602,4.554267883300781,21.933998107910156,12.359479904174805,109.22935485839844,23.011661529541016,19.960241317749023,0.3472858965396881,1261.010009765625,2649.2099609375
2011-12-08,11.694570541381836,4.322301387786865,20.404565811157227,12.086127281188965,107.83900451660156,21.80693244934082,19.804302215576172,0.33629727363586426,1234.3499755859375,2596.3798828125
2011-12-09,11.783180236816406,4.422818660736084,21.15457534790039,12.287886619567871,109.51642608642578,22.45667266845703,20.0382080078125,0.34110480546951294,1255.18994140625,2646.85009765625
2011-12-12,11.729899406433105,4.214049339294434,20.014862060546875,12.060090065002441,108.17675018310547,21.68511199951172,19.890071868896484,0.3326343894004822,1236.469970703125,2612.260009765625
2011-12-13,11.639191627502441,4.11353063583374,19.779569625854492,12.021044731140137,107.5969467163086,21.177492141723633,20.08499526977539,0.32347726821899414,1225.72998046875,2579.27001953125
2011-12-14,11.381149291992188,4.043941974639893,19.15456199645996,11.702132225036621,106.22911071777344,21.326396942138672,19.952444076538086,0.3108861446380615,1211.8199462890625,2539.31005859375
2011-12-15,11.343731880187988,4.067137718200684,19.058979034423828,11.741181373596191,105.5311050415039,21.49559211730957,19.92905616760254,0.3081388771533966,1215.75,2541.010009765625
2011-12-16,11.405999183654785,4.020744323730469,19.139862060546875,11.676095008850098,103.33021545410156,21.583585739135742,20.27212142944336,0.30928370356559753,1219.6600341796875,2555.330078125
2011-12-19,11.441619873046875,3.858368396759033,18.25014305114746,11.513385772705078,102.94745635986328,20.778173446655273,19.905662536621094,0.3012710511684418,1205.3499755859375,2523.139892578125
2011-12-20,11.852931022644043,3.997549057006836,19.081039428710938,11.981993675231934,105.39603424072266,21.8001651763916,20.295515060424805,0.31821179389953613,1241.300048828125,2603.72998046875
2011-12-21,11.867900848388672,4.043941974639893,19.191328048706055,11.663082122802734,102.14815521240234,21.874610900878906,20.08499526977539,0.31409114599227905,1243.719970703125,2577.969970703125
2011-12-22,11.930760383605957,4.229514122009277,20.331043243408203,11.799757957458496,102.46902465820312,22.6394100189209,20.123971939086914,0.3275979459285736,1254.0,2599.449951171875
2011-12-23,12.073853492736816,4.3300323486328125,20.191335678100586,12.021044731140137,103.99443817138672,22.72063636779785,20.295515060424805,0.32439300417900085,1265.3299560546875,2618.639892578125
2011-12-27,12.169649124145508,4.237246513366699,19.779569625854492,12.092636108398438,104.10704803466797,22.355152130126953,20.303308486938477,0.32187461853027344,1265.4300537109375,2625.199951171875
2011-12-28,12.053197860717773,4.090334415435791,19.213382720947266,11.819282531738281,103.56661987304688,22.09796905517578,20.13178062438965,0.31386223435401917,1249.6400146484375,2589.97998046875
2011-12-29,12.12743854522705,4.221780776977539,19.676626205444336,11.877856254577637,104.7994155883789,22.619098663330078,20.287710189819336,0.31981438398361206,1263.02001953125,2613.739990234375
2011-12-30,12.123849868774414,4.299102306365967,19.345735549926758,11.767218589782715,103.50470733642578,22.504053115844727,20.24093246459961,0.31729620695114136,1257.5999755859375,2605.14990234375
2012-01-03,12.310346603393555,4.484675407409668,20.83104705810547,12.16555118560791,104.86691284179688,23.67493438720703,20.87248420715332,0.32141682505607605,1277.06005859375,2648.719970703125
2012-01-04,12.37650203704834,4.492408752441406,20.713394165039062,12.40063190460205,104.43915557861328,23.824913024902344,21.36370086669922,0.3250797688961029,1277.300048828125,2648.360107421875
2012-01-05,12.513904571533203,4.879019260406494,20.963401794433594,12.354921340942383,103.94375610351562,24.322538375854492,21.582012176513672,0.33675524592399597,1281.06005859375,2669.860107421875
2012-01-06,12.64472484588623,4.778500556945801,20.992813110351562,12.309209823608398,102.75045776367188,24.104394912719727,21.91728401184082,0.3328634202480316,1277.81005859375,2674.219970703125
2012-01-09,12.624665260314941,4.848089694976807,21.382522583007812,12.387571334838867,102.2156753540039,24.06349754333496,21.628803253173828,0.3328634202480316,1280.699951171875,2676.56005859375
2012-01-10,12.669866561889648,5.126448631286621,22.058996200561523,12.296152114868164,102.05805969238281,24.57476043701172,21.70676040649414,0.3314897119998932,1292.0799560546875,2702.5
2012-01-11,12.649216651916504,5.312021732330322,22.99282455444336,12.452876091003418,102.62659454345703,24.9905948638916,21.613197326660156,0.324850857257843,1292.47998046875,2710.760009765625
2012-01-12,12.614489555358887,5.250165939331055,23.23548126220703,12.50511360168457,101.63027954101562,25.120115280151367,21.831514358520508,0.3227904438972473,1295.5,2724.699951171875
2012-01-13,12.567193031311035,5.11098575592041,22.603118896484375,12.446348190307617,100.84788513183594,24.486141204833984,22.02643585205078,0.3143201768398285,1289.0899658203125,2710.669921875
2012-01-17,12.713574409484863,5.0104660987854,20.75016975402832,12.609596252441406,101.32070922851562,23.797643661499023,22.03423500061035,0.3095124363899231,1293.6700439453125,2728.080078125
2012-01-18,12.845590591430664,5.257896900177002,21.34575653076172,12.75978946685791,101.92298889160156,24.908784866333008,22.010839462280273,0.3200432360172272,1308.0400390625,2769.7099609375
2012-01-19,12.804878234863281,5.381612300872803,21.56634521484375,12.923043251037598,101.61337280273438,25.17464256286621,21.925071716308594,0.3285136818885803,1314.5,2788.330078125
2012-01-20,12.581855773925781,5.466667652130127,21.794294357299805,13.0079345703125,106.11653900146484,25.46778106689453,23.164783477783203,0.3255375921726227,1315.3800048828125,2786.699951171875
2012-01-23,12.794698715209961,5.6058454513549805,21.94870376586914,12.949158668518066,106.93840789794922,25.672283172607422,23.180387496948242,0.33446574211120605,1316.0,2784.169921875
2012-01-24,12.585151672363281,5.636773586273193,21.985464096069336,12.942630767822266,108.03599548339844,25.672283172607422,22.876304626464844,0.34202051162719727,1314.6500244140625,2786.639892578125
2012-01-25,13.370960235595703,5.683167457580566,22.029582977294922,12.949158668518066,107.92340850830078,25.63137435913086,23.04783821105957,0.33996015787124634,1326.06005859375,2818.31005859375
2012-01-26,13.310190200805664,5.644507884979248,22.33841323852539,12.949158668518066,107.50131225585938,25.5563907623291,23.001054763793945,0.33675524592399597,1318.4300537109375,2805.280029296875
2012-01-27,13.389513969421387,5.636773586273193,22.698705673217773,12.772849082946777,107.20854949951172,25.36551856994629,22.79054069519043,0.3413337767124176,1316.3299560546875,2816.550048828125
2012-01-30,13.561049461364746,5.466667652130127,22.228111267089844,12.772849082946777,108.35688018798828,25.229185104370117,23.086824417114258,0.33881548047065735,1313.010009765625,2811.93994140625
2012-01-31,13.664921760559082,5.513062000274658,22.588409423828125,12.831620216369629,108.41313934326172,25.426870346069336,23.024450302124023,0.3381287455558777,1312.4100341796875,2813.840087890625
2012-02-01,13.656242370605469,5.6909003257751465,23.23548126220703,12.929572105407715,108.42440795898438,25.63137435913086,23.305145263671875,0.34179162979125977,1324.0899658203125,2848.27001953125
2012-02-02,13.624211311340332,5.760489463806152,23.529685974121094,12.929572105407715,107.81083679199219,25.597286224365234,23.351924896240234,0.3546116054058075,1325.5400390625,2859.679931640625
2012-02-03,13.76071834564209,6.062045097351074,24.66977310180664,13.11894416809082,108.99855041503906,26.09491729736328,23.57803726196289,0.3621661961078644,1344.9000244140625,2905.659912109375
2012-02-06,13.889138221740723,6.1625657081604,24.493236541748047,13.184242248535156,108.5369644165039,25.999492645263672,23.54684829711914,0.3594191074371338,1344.3299560546875,2901.989990234375
2012-02-07,14.034623146057129,6.069777965545654,24.324060440063477,13.190774917602539,108.83531188964844,25.815427780151367,23.663795471191406,0.3603348731994629,1347.050048828125,2904.080078125
2012-02-08,14.269617080688477,6.286277770996094,25.177284240722656,13.340968132019043,109.0330810546875,26.10855484008789,23.905506134033203,0.37338384985923767,1349.9599609375,2915.860107421875
2012-02-09,14.763250350952148,6.3249406814575195,24.75802230834961,13.060173034667969,109.13478088378906,25.808618545532227,23.99127197265625,0.3731549084186554,1351.949951171875,2927.22998046875
2012-02-10,14.770733833312988,6.239884853363037,24.221094131469727,12.99487018585205,108.73357391357422,25.638198852539062,23.780757904052734,0.3639976382255554,1342.6400146484375,2903.8798828125
2012-02-13,15.04554271697998,6.379067420959473,24.18431282043457,13.079765319824219,108.84661865234375,26.10855484008789,23.843130111694336,0.36972105503082275,1351.77001953125,2931.389892578125
2012-02-14,15.250892639160156,6.1702961921691895,23.595890045166016,13.10588550567627,108.6205825805664,25.849512100219727,23.741107940673828,0.3717813491821289,1350.5,2931.830078125
2012-02-15,14.897967338562012,6.015651702880859,23.331098556518555,13.001398086547852,108.63751983642578,25.49504280090332,23.584142684936523,0.370178759098053,1343.22998046875,2915.830078125
2012-02-16,15.033878326416016,6.255351543426514,24.05927085876465,13.184242248535156,109.07264709472656,25.904054641723633,24.557331085205078,0.3765888214111328,1358.0400390625,2959.85009765625
2012-02-17,15.031179428100586,6.201226711273193,24.21373176574707,13.249547958374023,109.29869079589844,26.224454879760742,24.525930404663086,0.36285310983657837,1361.22998046875,2951.780029296875
2012-02-21,15.412253379821777,6.270815372467041,24.53736686706543,13.295255661010742,109.2817611694336,26.217632293701172,24.675050735473633,0.3646845519542694,1362.2099609375,2948.570068359375
2012-02-22,15.358068466186523,6.147100448608398,23.801837921142578,13.138534545898438,109.55294036865234,25.951770782470703,24.5416316986084,0.3621661961078644,1357.6600341796875,2933.169921875
2012-02-23,15.458358764648438,6.201226711273193,24.05927085876465,13.21036148071289,111.6663818359375,26.238073348999023,24.620115280151367,0.3642265796661377,1363.4599609375,2956.97998046875
2012-02-24,15.638564109802246,6.09297513961792,23.794483184814453,13.151590347290039,111.75118255615234,26.09491729736328,24.706439971923828,0.3614795207977295,1365.739990234375,2963.75
2012-02-27,15.73884105682373,6.216691017150879,24.221094131469727,13.171180725097656,111.6211929321289,26.62664031982422,24.60441780090332,0.35415375232696533,1367.5899658203125,2966.159912109375
2012-02-28,16.027725219726562,6.27854585647583,24.625629425048828,13.190774917602539,111.87548828125,26.72888946533203,25.012529373168945,0.3509487807750702,1372.1800537109375,2986.760009765625
2012-02-29,16.23816680908203,6.170163631439209,24.507946014404297,12.981807708740234,111.16909790039062,26.74933624267578,24.910497665405273,0.34682807326316833,1365.6800537109375,2966.889892578125
2012-03-01,16.29894256591797,6.286288738250732,25.103731155395508,12.981807708740234,111.6211929321289,27.519641876220703,25.34215545654297,0.3491174280643463,1374.0899658203125,2988.969970703125
2012-03-02,16.320192337036133,6.294031620025635,25.08165740966797,12.903454780578613,112.34451293945312,27.69688606262207,25.177343368530273,0.35209330916404724,1369.6300048828125,2976.18994140625
2012-03-05,15.960366249084473,6.170163631439209,24.77273941040039,12.798968315124512,113.389892578125,27.54010581970215,24.95758056640625,0.3401889503002167,1364.3299560546875,2950.47998046875
2012-03-06,15.873551368713379,5.968875885009766,23.625308990478516,12.720606803894043,111.46863555908203,26.80386734008789,24.769229888916016,0.3369840085506439,1343.3599853515625,2910.320068359375
2012-03-07,15.886430740356445,6.208872318267822,24.449106216430664,12.674899101257324,111.75676727294922,27.233346939086914,24.98897933959961,0.3390444219112396,1352.6300048828125,2935.68994140625
2012-03-08,16.224700927734375,6.239838600158691,25.00810432434082,12.851210594177246,112.90959930419922,27.567363739013672,25.12239646911621,0.3401889503002167,1365.9100341796875,2970.419921875
2012-03-09,16.31989860534668,6.232097625732422,25.15522003173828,12.929572105407715,113.36727905273438,27.969558715820312,25.106704711914062,0.3392733037471771,1370.8699951171875,2988.340087890625
2012-03-12,16.524354934692383,6.185647487640381,25.221418380737305,12.949158668518066,113.5820083618164,27.635543823242188,25.14594268798828,0.33400800824165344,1371.0899658203125,2983.659912109375
2012-03-13,17.006319046020508,6.572733402252197,26.810163497924805,13.20383358001709,115.15296173095703,29.57833480834961,25.640392303466797,0.33858656883239746,1395.949951171875,3039.8798828125
2012-03-14,17.649330139160156,6.843693733215332,25.89810562133789,13.190774917602539,115.6841049194336,29.70785903930664,25.71887969970703,0.32897162437438965,1394.280029296875,3040.72998046875
2012-03-15,17.528987884521484,7.1533613204956055,26.67776870727539,13.001398086547852,116.40746307373047,30.47134780883789,25.781652450561523,0.3337790369987488,1402.5999755859375,3056.3701171875
2012-03-16,17.52928924560547,7.5869011878967285,26.9866886138916,13.079765319824219,116.41307067871094,30.382726669311523,25.585445404052734,0.3342369794845581,1404.1700439453125,3055.260009765625
2012-03-19,17.994182586669922,7.3778767585754395,27.339744567871094,13.151590347290039,116.24921417236328,30.67584991455078,25.271522521972656,0.33515265583992004,1409.75,3078.320068359375
2012-03-20,18.139673233032227,7.594643592834473,28.00908088684082,13.432389259338379,115.41854858398438,30.934894561767578,25.106704711914062,0.3296583890914917,1405.52001953125,3074.14990234375
2012-03-21,18.03609275817871,7.602384090423584,27.803133010864258,13.38668155670166,115.667236328125,30.757646560668945,25.043922424316406,0.33103182911872864,1402.8900146484375,3075.320068359375
2012-03-22,17.94150161743164,7.432065486907959,27.141155242919922,13.308314323425293,116.11925506591797,30.437255859375,25.114553451538086,0.33057400584220886,1392.780029296875,3063.320068359375
2012-03-23,17.843013763427734,7.625607490539551,27.310319900512695,13.406266212463379,116.11360168457031,30.78491973876953,25.12239646911621,0.33309221267700195,1397.1099853515625,3067.919921875
2012-03-26,18.170202255249023,7.687541484832764,27.530982971191406,13.608697891235352,117.40766906738281,31.473419189453125,25.57761001586914,0.3369840085506439,1416.510009765625,3122.570068359375
2012-03-27,18.394725799560547,7.432065486907959,27.052902221679688,13.654407501220703,117.07425689697266,31.282546997070312,25.52267074584961,0.3392733037471771,1412.52001953125,3120.35009765625
2012-03-28,18.488719940185547,7.548192024230957,27.258832931518555,13.76541805267334,117.13638305664062,31.54159927368164,25.263671875,0.34705692529678345,1405.5400390625,3104.9599609375
2012-03-29,18.256418228149414,7.3778767585754395,26.85430908203125,13.732770919799805,117.69017791748047,31.132579803466797,25.2087345123291,0.3486593961715698,1403.280029296875,3095.360107421875
2012-03-30,17.947784423828125,7.408841133117676,26.883726119995117,13.81113338470459,117.90491485595703,31.34390640258789,25.318613052368164,0.35255125164985657,1408.469970703125,3091.570068359375
2012-04-02,18.51895523071289,7.494000434875488,27.119089126586914,13.83725357055664,118.3682861328125,31.44614028930664,25.34215545654297,0.3509487807750702,1419.0400390625,3119.699951171875
2012-04-03,18.838960647583008,7.346905708312988,26.751317977905273,13.647160530090332,118.38522338867188,31.164823532104492,25.067468643188477,0.3452255129814148,1413.3800048828125,3113.570068359375
2012-04-04,18.688987731933594,7.122395992279053,25.77306365966797,13.345640182495117,116.43569946289062,30.471818923950195,24.494535446166992,0.33538153767585754,1398.9599609375,3068.090087890625
2012-04-05,18.969484329223633,7.1456217765808105,25.589181900024414,13.253872871398926,116.10800170898438,30.423789978027344,24.737836837768555,0.3349236845970154,1398.0799560546875,3080.5
2012-04-09,19.045820236206055,6.913367748260498,24.98604393005371,13.083447456359863,115.80850982666016,30.115028381347656,24.40821075439453,0.33057400584220886,1382.199951171875,3047.080078125
2012-04-10,18.81261444091797,6.6114420890808105,24.169605255126953,12.814698219299316,114.33360290527344,29.47690773010254,23.913766860961914,0.3241639733314514,1358.5899658203125,2991.219970703125
2012-04-11,18.74556541442871,6.8591766357421875,24.70654296875,13.122774124145508,114.47488403320312,30.19738006591797,23.8195858001709,0.32828477025032043,1368.7099609375,3016.4599609375
2012-04-12,18.642887115478516,7.099170684814453,25.471500396728516,13.148992538452148,116.02320098876953,30.76686668395996,24.31402587890625,0.336068332195282,1387.5699462890625,3055.550048828125
2012-04-13,18.11781883239746,6.719826698303223,24.574146270751953,13.01134204864502,114.59916687011719,29.648448944091797,24.18060874938965,0.3241639733314514,1370.260009765625,3011.330078125
2012-04-16,17.366439819335938,6.804985046386719,25.00810432434082,12.932683944702148,114.55397033691406,29.73077964782715,24.39251708984375,0.32027220726013184,1369.5699462890625,2988.39990234375
2012-04-17,18.25162696838379,6.905631065368652,25.80248260498047,13.162102699279785,117.2268295288086,30.12188148498535,24.675050735473633,0.3209590017795563,1390.780029296875,3042.820068359375
2012-04-18,18.210920333862305,6.905631065368652,25.80248260498047,13.148992538452148,113.09041595458984,29.703340530395508,24.439599990844727,0.3175250291824341,1385.1400146484375,3031.449951171875
2012-04-19,17.585269927978516,6.789502143859863,25.63331413269043,13.050675392150879,112.74003601074219,29.655309677124023,24.337575912475586,0.312717467546463,1376.9200439453125,3007.56005859375
2012-04-20,17.15239906311035,6.4720916748046875,24.927196502685547,13.050675392150879,112.7909164428711,29.312236785888672,25.444190979003906,0.30653655529022217,1378.530029296875,3000.449951171875
2012-04-23,17.11408042907715,6.33273983001709,24.456466674804688,12.899908065795898,112.23714447021484,29.401447296142578,25.2087345123291,0.30287352204322815,1366.93994140625,2970.449951171875
2012-04-24,16.772218704223633,6.355965614318848,24.581499099731445,12.729484558105469,113.01696014404297,29.69647789001465,25.051761627197266,0.2934874892234802,1371.969970703125,2961.60009765625
2012-04-25,18.26061248779297,6.394671440124512,24.77273941040039,12.775370597839355,115.0343017578125,29.614137649536133,25.271522521972656,0.29943960905075073,1390.68994140625,3029.6298828125
2012-04-26,18.191757202148438,6.402416706085205,24.919845581054688,12.847474098205566,116.1700668334961,30.053264617919922,25.20088768005371,0.29966849088668823,1399.97998046875,3050.610107421875
2012-04-27,18.05105972290039,6.386932373046875,24.64034652709961,13.0965576171875,116.86515808105469,29.737651824951172,25.098861694335938,0.2971504032611847,1403.3599853515625,3069.199951171875
2012-04-30,17.4816951751709,6.278546333312988,24.302001953125,13.214547157287598,117.01773071289062,29.490636825561523,25.130258560180664,0.2976081669330597,1397.9100341796875,3046.360107421875
2012-05-01,17.426307678222656,6.433382511138916,24.713897705078125,13.0965576171875,117.53758239746094,30.046411514282227,25.12239646911621,0.30287352204322815,1405.8199462890625,3050.43994140625
2012-05-02,17.541561126708984,6.317257404327393,24.051923751831055,13.004790306091309,117.57152557373047,29.641578674316406,24.95758056640625,0.2941741347312927,1402.31005859375,3059.85009765625
2012-05-03,17.417034149169922,6.193388938903809,23.89740753173828,12.926132202148438,117.108154296875,29.511211395263672,24.926193237304688,0.2891378700733185,1391.5699462890625,3024.300048828125
2012-05-04,16.921005249023438,5.992103099822998,23.24995231628418,12.532842636108398,115.83663940429688,28.646665573120117,24.31402587890625,0.28066742420196533,1369.0999755859375,2956.340087890625
2012-05-07,17.04762840270996,6.162421703338623,23.301448822021484,12.506621360778809,115.13600158691406,28.667253494262695,24.055036544799805,0.285474956035614,1369.5799560546875,2957.760009765625
2012-05-08,17.008703231811523,6.030810832977295,23.0439395904541,12.264091491699219,114.33023834228516,28.392797470092773,23.937314987182617,0.2852461040019989,1363.719970703125,2946.27001953125
2012-05-09,17.03864097595215,5.984361171722412,22.403825759887695,12.309980392456055,114.1883773803711,27.88504409790039,24.141368865966797,0.2863907217979431,1354.5799560546875,2934.7099609375
2012-05-10,17.078758239746094,5.961136817932129,22.550975799560547,11.018674850463867,113.83084106445312,27.95366096496582,24.125669479370117,0.28433021903038025,1357.989990234375,2933.639892578125
2012-05-11,16.96471405029297,5.845012187957764,21.594486236572266,10.822026252746582,114.15435791015625,25.36002540588379,24.455289840698242,0.3024156987667084,1353.3900146484375,2933.820068359375
2012-05-14,16.710556030273438,5.6901750564575195,20.7042179107666,10.953125953674316,113.17265319824219,24.55722999572754,24.078582763671875,0.3005843758583069,1338.3499755859375,2902.580078125
2012-05-15,16.55938720703125,5.651467800140381,20.44670295715332,10.841694831848145,112.94561004638672,24.865997314453125,23.865280151367188,0.2976081669330597,1330.6600341796875,2893.760009765625
2012-05-16,16.347131729125977,5.504373550415039,19.806602478027344,10.940016746520996,113.33717346191406,24.330801010131836,23.620389938354492,0.29165613651275635,1324.800048828125,2874.0400390625
2012-05-17,15.869359970092773,5.403730869293213,19.431358337402344,10.848247528076172,112.29307556152344,23.281005859375,23.478191375732422,0.28959566354751587,1304.8599853515625,2813.68994140625
2012-05-18,15.877145767211914,5.434696674346924,19.13705825805664,10.795807838439941,111.15251159667969,22.979089736938477,23.122703552246094,0.2765467166900635,1295.219970703125,2778.7900390625
2012-05-21,16.80215072631836,5.287606239318848,19.313642501831055,10.926909446716309,112.2193374633789,22.306665420532227,23.50189971923828,0.281354159116745,1315.989990234375,2847.2099609375
2012-05-22,16.673133850097656,5.403730869293213,19.806602478027344,10.966233253479004,111.68590545654297,23.335886001586914,23.50979995727539,0.27792027592658997,1316.6300048828125,2839.080078125
2012-05-23,17.0799560546875,5.550822734832764,19.97582244873047,10.940016746520996,111.28871154785156,23.507417678833008,22.996315002441406,0.28478822112083435,1318.8599853515625,2850.1201171875
2012-05-24,16.923099517822266,5.527600288391113,19.615297317504883,10.743370056152344,111.27165222167969,23.308435440063477,22.964712142944336,0.27723342180252075,1320.6800537109375,2839.3798828125
2012-05-25,16.832386016845703,5.535341262817383,19.475507736206055,10.704041481018066,110.25594329833984,22.985958099365234,22.956815719604492,0.28387242555618286,1317.8199462890625,2837.530029296875
2012-05-29,17.13114356994629,5.759850978851318,19.880172729492188,10.874463081359863,111.48162078857422,23.075149536132812,23.351797103881836,0.29119816422462463,1332.4200439453125,2870.989990234375
2012-05-30,17.33770179748535,5.581552028656006,19.12969398498535,10.743370056152344,110.38643646240234,22.61543083190918,23.17800521850586,0.28776422142982483,1313.3199462890625,2837.360107421875
2012-05-31,17.29458999633789,5.697833061218262,19.504940032958984,10.704041481018066,109.46148681640625,22.745807647705078,23.059511184692383,0.2845591902732849,1310.3299560546875,2827.340087890625
2012-06-01,16.793476104736328,5.44201135635376,18.680891036987305,10.461511611938477,107.2938003540039,21.908702850341797,22.474918365478516,0.2742573618888855,1278.0400390625,2747.47998046875
2012-06-04,16.892263412475586,5.348987102508545,18.261510848999023,10.55983829498291,106.9874038696289,21.270578384399414,22.55392074584961,0.2685340940952301,1278.1800537109375,2760.010009765625
2012-06-05,16.84855842590332,5.504031181335449,18.945758819580078,10.566388130187988,107.3619384765625,21.949871063232422,22.522321701049805,0.2763178050518036,1285.5,2778.110107421875
2012-06-06,17.106895446777344,5.922645092010498,19.968460083007812,10.940016746520996,110.08000183105469,22.690906524658203,23.18589973449707,0.28364357352256775,1315.1300048828125,2844.719970703125
2012-06-07,17.11467933654785,5.75209903717041,19.799236297607422,10.86790943145752,110.33534240722656,22.512508392333984,23.09110450744629,0.27219709753990173,1314.989990234375,2831.02001953125
2012-06-08,17.37213134765625,5.860628604888916,20.431989669799805,10.966233253479004,110.7325668334961,23.109458923339844,23.422893524169922,0.27746251225471497,1325.6600341796875,2858.419921875
2012-06-11,17.098217010498047,5.64356803894043,19.482858657836914,10.802362442016602,109.24016571044922,22.519371032714844,22.830413818359375,0.28066742420196533,1308.9300537109375,2809.72998046875
2012-06-12,17.247589111328125,5.806365013122559,20.321624755859375,11.00556468963623,110.39778900146484,23.171213150024414,23.138500213623047,0.2863907217979431,1324.1800537109375,2843.070068359375
2012-06-13,17.12785530090332,5.814114570617676,20.358415603637695,10.920351028442383,109.57496643066406,23.534862518310547,23.012115478515625,0.2788359820842743,1314.8800048828125,2818.610107421875
2012-06-14,17.10900115966797,5.938150405883789,20.535001754760742,11.090777397155762,110.70990753173828,23.775026321411133,23.17800521850586,0.2754020690917969,1329.0999755859375,2836.330078125
2012-06-15,17.18682289123535,6.124202251434326,20.829301834106445,11.20876693725586,112.97969055175781,24.035755157470703,23.71518325805664,0.281354159116745,1342.8399658203125,2872.800048828125
2012-06-18,17.535573959350586,6.0156731605529785,20.270124435424805,11.234980583190918,112.52006530761719,23.75443458557129,23.5729923248291,0.28387242555618286,1344.780029296875,2895.330078125
2012-06-19,17.58437156677246,6.286996841430664,20.969091415405273,11.261204719543457,112.88322448730469,24.275907516479492,24.25238609313965,0.30310243368148804,1357.97998046875,2929.760009765625
2012-06-20,17.534379959106445,6.3102521896362305,21.233966827392578,11.477511405944824,112.79813385009766,25.01008415222168,24.434070587158203,0.30791008472442627,1355.68994140625,2930.449951171875
2012-06-21,17.292789459228516,6.062185764312744,20.476137161254883,11.097332000732422,109.73956298828125,24.365100860595703,23.809988021850586,0.2939453721046448,1325.510009765625,2859.090087890625
2012-06-22,17.425416946411133,6.155210494995117,20.593856811523438,11.228428840637207,109.9154052734375,24.694459915161133,24.25238609313965,0.2976081669330597,1335.02001953125,2892.419921875
2012-06-25,17.08624267578125,5.891635894775391,19.681516647338867,11.103889465332031,109.43880462646484,24.234737396240234,23.596696853637695,0.2882220149040222,1313.719970703125,2836.159912109375
2012-06-26,17.123960494995117,5.907140731811523,19.66680145263672,11.025226593017578,108.92243194580078,24.502334594726562,23.71518325805664,0.29142704606056213,1319.989990234375,2854.06005859375
2012-06-27,17.19789695739746,6.0234246253967285,19.939029693603516,10.966233253479004,109.51823425292969,25.23650360107422,23.83368492126465,0.3008131980895996,1331.8499755859375,2875.320068359375
2012-06-28,17.034748077392578,6.000167369842529,19.416641235351562,10.802362442016602,108.61032104492188,24.618989944458008,23.628292083740234,0.30310243368148804,1329.0400390625,2849.489990234375
2012-06-29,17.48229217529297,6.3412628173828125,20.1671142578125,11.254647254943848,110.98223114013672,24.51605987548828,24.16547966003418,0.3163803815841675,1362.1600341796875,2935.050048828125
2012-07-02,17.737337112426758,6.240485668182373,20.203907012939453,11.24806022644043,111.12409210205078,24.8934383392334,24.141780853271484,0.30791008472442627,1365.510009765625,2951.22998046875
2012-07-03,17.943593978881836,6.248236179351807,20.343700408935547,11.294159889221191,111.1808853149414,24.824256896972656,24.29977035522461,0.31592249870300293,1374.02001953125,2976.080078125
2012-07-05,18.258813858032227,6.062185764312744,19.747732162475586,11.155867576599121,110.81771850585938,23.786457061767578,24.25238609313965,0.312717467546463,1367.5799560546875,2976.1201171875
2012-07-06,18.13727378845215,5.938150405883789,19.394573211669922,11.043915748596191,108.61598205566406,23.4543514251709,23.849489212036133,0.3067653775215149,1354.6800537109375,2937.330078125
2012-07-09,18.377056121826172,5.860628604888916,19.210628509521484,10.964885711669922,107.62861633300781,23.495866775512695,23.69939422607422,0.30264464020729065,1352.4599609375,2931.77001953125
2012-07-10,18.207027435302734,5.798611640930176,19.041412353515625,10.806832313537598,105.69364166259766,23.696504592895508,23.493993759155273,0.2934874892234802,1341.469970703125,2902.330078125
2012-07-11,18.093868255615234,5.914892673492432,19.03404998779297,10.78707504272461,105.12052154541016,23.931747436523438,23.146406173706055,0.28867992758750916,1341.449951171875,2887.97998046875
2012-07-12,17.928327560424805,5.798611640930176,18.59996223449707,10.52365779876709,103.8947982788086,23.551218032836914,22.61711883544922,0.28387242555618286,1334.760009765625,2866.18994140625
2012-07-13,18.110036849975586,6.062185764312744,19.60793685913086,10.740976333618164,105.5517349243164,24.955707550048828,23.21750259399414,0.2875353693962097,1356.780029296875,2908.469970703125
2012-07-16,18.168109893798828,6.054434299468994,19.72566032409668,10.661953926086426,104.85945129394531,24.27768325805664,23.257007598876953,0.28845107555389404,1353.6400146484375,2896.93994140625
2012-07-17,18.16901397705078,6.139706134796143,20.145050048828125,10.688292503356934,104.21253204345703,24.2084903717041,23.43079948425293,0.2831856608390808,1363.6700439453125,2910.0400390625
2012-07-18,18.148649215698242,5.837372779846191,19.939029693603516,10.997814178466797,106.82282257080078,24.187734603881836,24.054885864257812,0.2989818751811981,1372.780029296875,2942.60009765625
2012-07-19,18.389934539794922,5.628066062927246,19.563796997070312,10.984644889831543,110.8460464477539,23.841798782348633,24.228675842285156,0.3019578456878662,1376.510009765625,2965.89990234375
2012-07-20,18.089977264404297,5.480775833129883,19.03404998779297,10.773907661437988,109.20613861083984,23.4543514251709,23.794187545776367,0.2932584881782532,1362.6600341796875,2925.300048828125
2012-07-23,18.07590675354004,5.496278285980225,18.644094467163086,10.582927703857422,108.28688049316406,23.827964782714844,23.130603790283203,0.2971504032611847,1350.52001953125,2890.14990234375
2012-07-24,17.98879623413086,5.457516193389893,18.570528030395508,9.957304000854492,108.00878143310547,24.02860450744629,23.027904510498047,0.2939453721046448,1338.31005859375,2862.989990234375
2012-07-25,17.211977005004883,5.480775833129883,18.975200653076172,10.154867172241211,108.42874145507812,24.333026885986328,22.775114059448242,0.29966849088668823,1337.8900146484375,2854.239990234375
2012-07-26,17.209278106689453,5.558294296264648,19.33570671081543,10.128525733947754,110.05732727050781,24.775821685791016,23.035804748535156,0.3010421693325043,1360.02001953125,2893.25
2012-07-27,17.51700782775879,5.666825294494629,20.086185455322266,10.33267879486084,111.44188690185547,25.523042678833008,23.50979995727539,0.30859673023223877,1385.969970703125,2958.090087890625
2012-07-30,17.812480926513672,5.64356803894043,19.968460083007812,10.451216697692871,111.60645294189453,25.004140853881836,23.414997100830078,0.30516287684440613,1385.300048828125,2945.840087890625
2012-07-31,18.283367156982422,5.690082550048828,19.96109962463379,10.503894805908203,111.20921325683594,24.907276153564453,23.280698776245117,0.30997031927108765,1379.3199462890625,2939.52001953125
2012-08-01,18.16512107849121,5.597055912017822,19.70359230041504,10.52365779876709,110.75532531738281,24.907276153564453,23.233304977416992,0.30653655529022217,1375.3199462890625,2920.2099609375
2012-08-02,18.1944522857666,5.566047668457031,19.269329071044922,10.365608215332031,110.3410415649414,24.333026885986328,23.059511184692383,0.30768105387687683,1365.0,2909.77001953125
2012-08-03,18.431245803833008,5.759853363037109,20.167285919189453,10.767322540283203,112.65055847167969,24.969552993774414,23.50189971923828,0.31409114599227905,1390.989990234375,2967.89990234375
2012-08-06,18.636295318603516,5.922645092010498,21.02109146118164,10.991227149963379,112.78675079345703,25.114849090576172,23.659893035888672,0.3207300901412964,1394.22998046875,2989.909912109375
2012-08-07,18.587207794189453,5.945903778076172,21.263975143432617,11.287572860717773,113.45064544677734,25.606067657470703,23.90478515625,0.32393506169319153,1401.3499755859375,3015.860107421875
2012-08-08,18.555774688720703,5.945903778076172,21.24189567565918,11.300745964050293,113.4222183227539,25.709848403930664,23.960079193115234,0.3257664740085602,1402.219970703125,3011.25
2012-08-09,18.66159439086914,5.984663963317871,21.24189567565918,11.656367301940918,113.07455444335938,25.543792724609375,24.09438133239746,0.33675524592399597,1402.800048828125,3018.639892578125
2012-08-10,18.69076156616211,6.000167369842529,21.27134132385254,11.550992012023926,113.57034301757812,25.578393936157227,24.03118324279785,0.33469483256340027,1405.8699951171875,3020.860107421875
2012-08-13,18.94028663635254,5.984663963317871,21.183013916015625,11.419290542602539,113.4107894897461,25.592239379882812,24.007488250732422,0.3390444219112396,1404.1099853515625,3022.52001953125
2012-08-14,18.991098403930664,6.0311784744262695,21.17565155029297,11.307336807250977,113.00050354003906,25.668338775634766,23.95976448059082,0.33400800824165344,1403.9300537109375,3016.97998046875
2012-08-15,18.96524429321289,6.100946426391602,21.15357208251953,11.425873756408691,113.06312561035156,25.64757537841797,24.015439987182617,0.3314897119998932,1405.530029296875,3030.929931640625
2012-08-16,19.130895614624023,6.147458076477051,21.212453842163086,12.525650024414062,114.45362854003906,25.668338775634766,24.476661682128906,0.3383576571941376,1415.510009765625,3062.389892578125
2012-08-17,19.484750747680664,6.201725006103516,21.36702537536621,12.551992416381836,114.67019653320312,25.585315704345703,24.572078704833984,0.33538153767585754,1418.1600341796875,3076.590087890625
2012-08-20,19.997034072875977,6.318005084991455,22.06624984741211,12.47297477722168,114.25992584228516,25.855140686035156,24.444847106933594,0.33538153767585754,1418.1300048828125,3076.2099609375
2012-08-21,19.723764419555664,6.349016189575195,22.61827850341797,12.617849349975586,113.20561218261719,26.318689346313477,24.49256134033203,0.33446574211120605,1413.1700439453125,3067.260009765625
2012-08-22,20.10887336730957,6.372270584106445,22.44162940979004,12.657363891601562,112.40780639648438,26.173402786254883,24.285804748535156,0.33515265583992004,1413.489990234375,3073.669921875
2012-08-23,19.921279907226562,6.318005084991455,21.77920150756836,12.59809398651123,111.5245132446289,25.75827407836914,24.06315040588379,0.3275979459285736,1402.0799560546875,3053.39990234375
2012-08-24,19.93901824951172,6.3257598876953125,21.955852508544922,12.644194602966309,112.70411682128906,25.71675682067871,24.301713943481445,0.3342369794845581,1411.1300048828125,3069.7900390625
2012-08-27,20.313615798950195,6.255988121032715,21.852806091308594,12.749558448791504,111.51885223388672,25.75827407836914,24.40509605407715,0.3285136818885803,1410.43994140625,3073.18994140625
2012-08-28,20.28715705871582,6.170714378356934,21.595191955566406,12.657363891601562,111.05148315429688,25.689096450805664,24.357372283935547,0.3271401524543762,1409.300048828125,3077.139892578125
2012-08-29,20.24717140197754,6.201725006103516,22.014738082885742,12.644194602966309,111.17117309570312,25.806713104248047,24.373281478881836,0.3278268873691559,1410.489990234375,3081.18994140625
2012-08-30,19.95856285095215,6.131953716278076,21.823366165161133,12.446624755859375,110.1966781616211,25.52996826171875,24.110862731933594,0.3216456472873688,1399.47998046875,3048.7099609375
2012-08-31,19.999744415283203,6.193973064422607,21.867525100708008,12.565164566040039,111.04010009765625,25.69600486755371,24.50846290588379,0.32118791341781616,1406.5799560546875,3066.9599609375
2012-09-04,20.292268753051758,6.201725006103516,21.860164642333984,12.512481689453125,110.86344909667969,25.606067657470703,24.16652488708496,0.30401811003685,1404.93994140625,3075.06005859375
2012-09-05,20.149761199951172,6.1706767082214355,21.91168975830078,12.446624755859375,111.14835357666016,25.675249099731445,24.16652488708496,0.30493390560150146,1403.43994140625,3069.27001953125
2012-09-06,20.33135414123535,6.4811506271362305,22.905330657958984,12.993227005004883,113.46207427978516,26.768400192260742,24.929935455322266,0.3143201768398285,1432.1199951171875,3135.81005859375
2012-09-07,20.45672035217285,6.830434799194336,23.60456657409668,12.881277084350586,113.69005584716797,27.190448760986328,24.61184310913086,0.3067653775215149,1437.9200439453125,3136.419921875
2012-09-10,19.924583435058594,6.659674167633057,23.427913665771484,12.611262321472168,114.51631927490234,26.816837310791016,24.428945541381836,0.30401811003685,1429.0799560546875,3104.02001953125
2012-09-11,19.85995101928711,7.008959770202637,24.038822174072266,12.538825988769531,115.83843994140625,27.39801025390625,24.48460578918457,0.30768105387687683,1433.56005859375,3104.530029296875
2012-09-12,20.13654136657715,6.962388038635254,24.325870513916016,12.565164566040039,116.12338256835938,27.61941146850586,24.476661682128906,0.31111499667167664,1436.56005859375,3114.31005859375
2012-09-13,20.533084869384766,7.296149253845215,25.356327056884766,12.749558448791504,117.59935760498047,28.64336395263672,24.603893280029297,0.3131754398345947,1459.989990234375,3155.830078125
2012-09-14,20.782609939575195,7.412572860717773,25.606571197509766,12.835171699523926,117.85578918457031,28.760997772216797,24.818592071533203,0.31683823466300964,1465.77001953125,3183.949951171875
2012-09-17,21.03815460205078,7.218528747558594,25.06927490234375,12.617849349975586,118.04952239990234,28.498075485229492,24.818592071533203,0.3081388771533966,1461.18994140625,3178.669921875
2012-09-18,21.102191925048828,7.164191722869873,24.98094367980957,12.54541015625,118.00399017333984,28.546510696411133,24.794742584228516,0.31019923090934753,1459.3199462890625,3177.800048828125
2012-09-19,21.107900619506836,7.210765838623047,25.157588958740234,12.591507911682129,117.6392822265625,28.601858139038086,24.69136619567871,0.31386223435401917,1461.050048828125,3182.6201171875
2012-09-20,21.00568389892578,7.133148193359375,24.88526725769043,12.584925651550293,117.49678039550781,28.53959083557129,25.009445190429688,0.31157293915748596,1460.260009765625,3175.9599609375
2012-09-21,21.04747200012207,7.071051120758057,24.78221321105957,12.446624755859375,117.38279724121094,28.283599853515625,24.802698135375977,0.3129464387893677,1460.1500244140625,3179.9599609375
2012-09-24,20.767881393432617,7.063292980194092,24.64973258972168,12.387353897094727,116.98957824707031,28.5257511138916,24.476661682128906,0.312717467546463,1456.8900146484375,3160.780029296875
2012-09-25,20.249279022216797,6.931337356567383,24.18603515625,12.295159339904785,116.81295013427734,28.055273056030273,24.16652488708496,0.3069942593574524,1441.5899658203125,3117.72998046875
2012-09-26,19.99794578552246,6.8459577560424805,23.928415298461914,12.23588752746582,116.25447845458984,27.84080696105957,23.9915771484375,0.30172887444496155,1433.3199462890625,3093.699951171875
2012-09-27,20.483171463012695,6.962388038635254,24.266990661621094,12.38077449798584,117.34288024902344,28.145231246948242,23.983631134033203,0.30401811003685,1447.1500244140625,3136.60009765625
2012-09-28,20.055667877197266,6.853720188140869,24.08298110961914,12.578335762023926,118.22052001953125,28.006851196289062,23.665544509887695,0.30539172887802124,1440.6700439453125,3116.22998046875
2012-10-01,19.823867797851562,6.954625606536865,24.105070114135742,12.538825988769531,119.94155883789062,28.34587287902832,23.450836181640625,0.3003552258014679,1444.489990234375,3113.530029296875
2012-10-02,19.881593704223633,6.931337356567383,24.480443954467773,12.5189208984375,119.58252716064453,28.311277389526367,23.58601951599121,0.3015000820159912,1445.75,3120.0400390625
2012-10-03,20.186443328857422,7.071051120758057,25.06927490234375,12.558722496032715,119.96435546875,28.47854995727539,23.74506378173828,0.29852381348609924,1450.989990234375,3135.22998046875
2012-10-04,20.04664421081543,7.303910255432129,25.731693267822266,12.538825988769531,119.89593505859375,29.14764976501465,23.8802490234375,0.31180185079574585,1461.4000244140625,3149.4599609375
2012-10-05,19.619436264038086,7.2340497970581055,25.591856002807617,12.512288093566895,120.00993347167969,29.07097625732422,23.737102508544922,0.30447614192962646,1460.9300537109375,3136.18994140625
2012-10-08,19.185911178588867,7.203005313873291,25.599212646484375,12.538825988769531,119.57112884521484,29.0361270904541,23.681442260742188,0.3015000820159912,1455.8800048828125,3112.35009765625
2012-10-09,19.116167068481445,7.148671627044678,25.46672248840332,12.472479820251465,118.52831268310547,28.84098243713379,23.283836364746094,0.2950899600982666,1441.47998046875,3065.02001953125
2012-10-10,19.268287658691406,7.148671627044678,25.864181518554688,12.1473970413208,117.29158020019531,29.112791061401367,23.045270919799805,0.29005345702171326,1432.56005859375,3051.780029296875
2012-10-11,18.8831729888916,7.249574661254883,26.14387321472168,12.114225387573242,117.25743865966797,29.342790603637695,23.021413803100586,0.29165613651275635,1432.8399658203125,3049.409912109375
2012-10-12,18.931570053100586,7.078812122344971,25.577123641967773,12.213744163513184,118.41998291015625,29.008251190185547,23.220218658447266,0.2891378700733185,1428.5899658203125,3044.110107421875
2012-10-15,19.083402633666992,7.327193260192871,26.98295021057129,12.306622505187988,119.06392669677734,29.537954330444336,23.466737747192383,0.2928007245063782,1440.1300048828125,3064.179931640625
2012-10-16,19.53525161743164,7.342716693878174,27.417205810546875,12.505651473999023,120.24357604980469,29.851600646972656,23.450836181640625,0.3012710511684418,1454.9200439453125,3101.169921875
2012-10-17,19.379531860351562,7.327193260192871,28.285730361938477,12.412771224975586,114.33396911621094,30.193119049072266,23.530353546142578,0.2989818751811981,1460.9100341796875,3104.1201171875
2012-10-18,19.019662857055664,7.350479602813721,28.27836799621582,12.346428871154785,111.10281372070312,29.977052688598633,23.45878028869629,0.29440316557884216,1457.3399658203125,3072.8701171875
2012-10-19,18.334203720092773,7.327193260192871,27.350961685180664,11.96827507019043,110.19098663330078,29.49613380432129,22.77490234375,0.27723342180252075,1433.18994140625,3005.6201171875
2012-10-22,19.06144905090332,7.412572860717773,27.763145446777344,12.067787170410156,110.78363800048828,29.335834503173828,22.265968322753906,0.2740285396575928,1433.8199462890625,3016.9599609375
2012-10-23,18.44002914428711,7.2650980949401855,27.15224266052246,11.94837474822998,108.98854064941406,28.806129455566406,22.305721282958984,0.2822699248790741,1413.1099853515625,2990.4599609375
2012-10-24,18.544343948364258,7.226289749145508,27.454011917114258,11.530407905578613,108.6865463256836,29.07097625732422,22.186439514160156,0.2786071002483368,1408.75,2981.699951171875
2012-10-25,18.32517433166504,7.1719560623168945,27.534975051879883,11.410992622375488,109.18801879882812,29.04309844970703,22.170534133911133,0.2788359820842743,1412.969970703125,2986.1201171875
2012-10-26,18.158634185791016,7.078812122344971,26.93879508972168,11.47070026397705,110.13970184326172,28.687641143798828,22.432958602905273,0.27585989236831665,1411.93994140625,2987.949951171875
2012-10-31,17.897672653198242,7.2340497970581055,27.520252227783203,11.377821922302246,110.85771179199219,29.050064086914062,22.695383071899414,0.2742573618888855,1412.1600341796875,2977.22998046875
2012-11-01,17.934356689453125,7.560049533843994,27.939905166625977,11.616658210754395,112.35079193115234,29.858564376831055,23.474687576293945,0.28730642795562744,1427.5899658203125,3020.06005859375
2012-11-02,17.340892791748047,7.645430564880371,27.68222427368164,11.510505676269531,110.23088836669922,29.56583595275879,23.45878028869629,0.2859327495098114,1414.199951171875,2982.1298828125
2012-11-05,17.575986862182617,7.567811965942383,27.476083755493164,11.543679237365723,110.6355209350586,29.461294174194336,23.562166213989258,0.298066109418869,1417.260009765625,2999.659912109375
2012-11-06,17.522777557373047,7.715284824371338,28.32274055480957,11.596753120422363,111.16546630859375,29.886451721191406,23.74506378173828,0.29783710837364197,1428.3900146484375,3011.929931640625
2012-11-07,16.852306365966797,7.164191722869873,26.54106330871582,11.417627334594727,109.41405487060547,28.21369743347168,23.124792098999023,0.28867992758750916,1394.530029296875,2937.2900390625
2012-11-08,16.240726470947266,7.288383960723877,26.50425910949707,11.165525436401367,108.80730438232422,28.157941818237305,22.910093307495117,0.2902824580669403,1377.510009765625,2895.580078125
2012-11-09,16.52190399169922,7.319431304931641,26.45271873474121,11.15888786315918,108.54401397705078,28.311275482177734,22.926002502441406,0.27906495332717896,1379.8499755859375,2904.8701171875
2012-11-12,16.394155502319336,7.288383960723877,26.8134765625,11.185429573059082,108.32083129882812,28.28338623046875,22.44091033935547,0.272883802652359,1380.030029296875,2904.25
2012-11-13,16.396272659301758,7.241811752319336,26.622055053710938,11.178791046142578,107.78849029541016,27.907032012939453,21.719341278076172,0.2708234190940857,1374.530029296875,2883.889892578125
2012-11-14,16.214454650878906,6.977907657623291,25.782756805419922,11.716172218322754,106.18016815185547,27.384309768676758,21.518903732299805,0.2641845941543579,1355.489990234375,2846.81005859375
2012-11-15,15.874395370483398,7.05552864074707,25.922643661499023,11.901934623718262,106.37477111816406,27.453994750976562,21.374589920043945,0.2653290629386902,1353.3299560546875,2836.93994140625
2012-11-16,15.936601638793945,7.078812122344971,25.753311157226562,11.935103416442871,106.9986572265625,27.55156898498535,21.262340545654297,0.26052170991897583,1359.8800048828125,2853.1298828125
2012-11-19,17.085763931274414,7.366003513336182,26.577880859375,12.140768051147461,108.95040893554688,28.29035758972168,21.430709838867188,0.26784732937812805,1386.8900146484375,2916.070068359375
2012-11-20,16.94019317626953,7.474668502807617,26.50425910949707,12.167301177978516,108.292236328125,28.36703109741211,21.4146785736084,0.2647368907928467,1387.81005859375,2916.679931640625
2012-11-21,16.964046478271484,7.583338260650635,26.33492088317871,12.260181427001953,108.91604614257812,28.387937545776367,21.607099533081055,0.2723403573036194,1391.030029296875,2926.550048828125
2012-11-23,17.260021209716797,7.684236526489258,26.526348114013672,12.49902057647705,110.7476806640625,28.638866424560547,22.20840072631836,0.2741835415363312,1409.1500244140625,2966.85009765625
2012-11-26,17.804553985595703,7.637669086456299,26.18767547607422,12.644972801208496,110.39849853515625,28.492494583129883,21.95986557006836,0.27902206778526306,1406.2900390625,2976.780029296875
2012-11-27,17.661100387573242,7.497954368591309,25.797481536865234,12.67170524597168,109.4540786743164,28.401887893676758,21.711320877075195,0.2801740765571594,1398.93994140625,2967.7900390625
2012-11-28,17.60552978515625,7.575572490692139,25.81956672668457,12.584821701049805,109.88336181640625,28.4576358795166,21.935813903808594,0.2824781537055969,1409.9300537109375,2991.780029296875
2012-11-29,17.799419403076172,7.62990665435791,25.922643661499023,12.70512580871582,109.62578582763672,28.729461669921875,21.607099533081055,0.277409166097641,1415.949951171875,3012.030029296875
2012-11-30,17.676193237304688,7.653193473815918,25.451446533203125,12.638288497924805,108.79017639160156,28.631885528564453,21.342519760131836,0.27579641342163086,1416.1800537109375,3010.239990234375
2012-12-03,17.70368194580078,7.606618404388428,25.193775177001953,12.718489646911621,108.45245361328125,28.44370460510254,21.190183639526367,0.2707274556159973,1409.4599609375,3002.199951171875
2012-12-04,17.391393661499023,7.6919989585876465,25.24530792236328,12.812058448791504,108.38374328613281,28.27642250061035,21.1420841217041,0.2787916958332062,1407.050048828125,2996.68994140625
2012-12-05,16.272151947021484,8.127103805541992,26.842920303344727,12.838790893554688,107.97733306884766,28.715518951416016,21.382606506347656,0.2755659520626068,1409.280029296875,2973.699951171875
2012-12-06,16.527345657348633,8.127103805541992,27.255207061767578,13.019247055053711,108.57837677001953,28.903705596923828,21.430709838867188,0.27602681517601013,1413.93994140625,2989.27001953125
2012-12-07,16.10482406616211,8.266959190368652,27.7116756439209,12.925680160522461,109.8662109375,29.66341781616211,21.2142391204834,0.2755659520626068,1418.0699462890625,2978.0400390625
2012-12-10,16.001243591308594,8.21257209777832,27.3803768157959,13.22642993927002,110.24970245361328,29.489177703857422,21.59908103942871,0.2847822904586792,1418.550048828125,2986.9599609375
2012-12-11,16.350662231445312,8.165952682495117,27.240488052368164,13.219745635986328,111.15396881103516,29.719175338745117,21.903743743896484,0.2914639115333557,1427.8399658203125,3022.300048828125
2012-12-12,16.27848243713379,8.243647575378418,27.630687713623047,13.18632698059082,110.43856811523438,29.809776306152344,21.839597702026367,0.2884688377380371,1428.47998046875,3013.81005859375
2012-12-13,15.997314453125,8.189264297485352,27.45399284362793,13.193012237548828,109.88912200927734,29.816743850708008,21.73537254333496,0.28869906067848206,1419.449951171875,2992.159912109375
2012-12-14,15.396302223205566,8.220342636108398,27.68222427368164,13.273213386535645,109.7574462890625,29.837656021118164,21.494848251342773,0.290081650018692,1413.5799560546875,2971.330078125
2012-12-17,15.669317245483398,8.546667098999023,28.823389053344727,13.440298080444336,110.82206726074219,30.304630279541016,21.727357864379883,0.2889295220375061,1430.3599853515625,3010.60009765625
2012-12-18,16.12445640563965,8.826376914978027,29.051616668701172,13.620749473571777,112.00687408447266,30.576454162597656,22.096160888671875,0.28939035534858704,1446.7900390625,3054.530029296875
2012-12-19,15.895232200622559,8.694291114807129,29.04425811767578,13.54722785949707,111.65769958496094,30.339479446411133,21.89572525024414,0.2914639115333557,1435.81005859375,3044.360107421875
2012-12-20,15.756908416748047,8.950692176818848,29.57432746887207,13.527181625366211,111.48028564453125,31.036457061767578,22.192371368408203,0.29123377799987793,1443.68994140625,3050.389892578125
2012-12-21,15.684426307678223,8.771986961364746,29.073707580566406,13.340047836303711,110.70760345458984,30.667057037353516,22.00796890258789,0.28455179929733276,1430.1500244140625,3021.010009765625
2012-12-24,15.70979118347168,8.740911483764648,28.992721557617188,13.253162384033203,110.1238021850586,30.611305236816406,21.695283889770508,0.28224772214889526,1426.6600341796875,3012.60009765625
2012-12-26,15.493252754211426,8.966229438781738,29.117870330810547,13.313312530517578,109.8662109375,30.639184951782227,21.53493881225586,0.28201740980148315,1419.8299560546875,2990.159912109375
2012-12-27,15.555465698242188,8.911844253540039,28.897003173828125,13.132861137390137,110.30123901367188,30.40918731689453,21.6151123046875,0.2801740765571594,1418.0999755859375,2985.909912109375
2012-12-28,15.390260696411133,8.826376914978027,28.720304489135742,12.999191284179688,108.65277099609375,30.13735580444336,21.286396026611328,0.2787916958332062,1402.4300537109375,2960.31005859375
2012-12-31,16.072206497192383,9.020621299743652,29.125240325927734,13.132861137390137,109.6372299194336,30.646162033081055,21.4146785736084,0.2824781537055969,1426.18994140625,3019.510009765625
2013-01-02,16.58139991760254,9.34694766998291,30.36947250366211,13.59401798248291,112.38463592529297,31.34090232849121,22.144268035888672,0.29307693243026733,1462.4200439453125,3112.260009765625
2013-01-03,16.37210464477539,9.292560577392578,30.472532272338867,13.667532920837402,111.76647186279297,31.277746200561523,21.84762191772461,0.29330721497535706,1459.3699951171875,3100.570068359375
2013-01-04,15.916068077087402,9.409102439880371,31.238210678100586,13.687579154968262,111.03384399414062,31.83213996887207,21.4387264251709,0.3029842972755432,1466.469970703125,3101.659912109375
2013-01-07,15.822441101074219,9.393562316894531,31.267667770385742,13.560596466064453,110.54733276367188,31.867212295532227,21.398643493652344,0.29422882199287415,1461.8900146484375,3098.81005859375
2013-01-08,15.865026473999023,9.308094024658203,31.260295867919922,13.573962211608887,110.39276123046875,31.930391311645508,21.286396026611328,0.2877776622772217,1457.1500244140625,3091.81005859375
2013-01-09,15.61707878112793,8.880764961242676,30.95108413696289,13.567280769348145,110.07799530029297,31.909334182739258,21.406661987304688,0.28132617473602295,1461.02001953125,3105.81005859375
2013-01-10,15.81066608428955,9.152702331542969,31.532703399658203,13.660847663879395,110.39849853515625,32.38652801513672,21.2142391204834,0.28178706765174866,1472.1199951171875,3121.760009765625
2013-01-11,15.713715553283691,9.03615951538086,31.17196273803711,13.687579154968262,111.29708862304688,32.379520416259766,21.510887145996094,0.28132617473602295,1472.050048828125,3125.6298828125
2013-01-14,15.153483390808105,8.911844253540039,31.083600997924805,14.015066146850586,110.24970245361328,32.197059631347656,21.558984756469727,0.28109580278396606,1470.6800537109375,3117.5
2013-01-15,14.675397872924805,8.974000930786133,31.341285705566406,14.021748542785645,110.18098449707031,32.52690124511719,21.815549850463867,0.27602681517601013,1472.3399658203125,3110.780029296875
2013-01-16,15.284560203552246,9.152702331542969,31.275028228759766,14.055166244506836,110.23246002197266,32.85670852661133,21.67925262451172,0.27856123447418213,1472.6300048828125,3117.5400390625
2013-01-17,15.181577682495117,8.7642183303833,30.36210823059082,14.001707077026367,110.8392333984375,32.59004592895508,21.84762191772461,0.28224772214889526,1480.93994140625,3136.0
2013-01-18,15.10063362121582,8.65544605255127,30.67131233215332,14.048483848571777,111.30857849121094,32.60408020019531,21.84762191772461,0.28040453791618347,1485.97998046875,3134.7099609375
2013-01-22,15.2446928024292,8.81860637664795,30.759660720825195,13.948234558105469,112.23007202148438,32.66021728515625,21.767438888549805,0.27902206778526306,1492.56005859375,3143.179931640625
2013-01-23,15.523750305175781,8.872995376586914,30.936359405517578,13.781152725219727,117.17533111572266,32.44267272949219,22.13624382019043,0.2794828712940216,1494.81005859375,3153.669921875
2013-01-24,13.605670928955078,8.958460807800293,31.51061248779297,14.048483848571777,117.003662109375,32.540916442871094,22.152280807495117,0.2808651626110077,1494.8199462890625,3130.3798828125
2013-01-25,13.284932136535645,9.028392791748047,31.59160804748535,14.135364532470703,117.31842803955078,33.09532165527344,22.35271453857422,0.2859342694282532,1502.9599609375,3149.7099609375
2013-01-28,13.585437774658203,8.91961669921875,31.17196273803711,14.075220108032227,117.29553985595703,32.73039245605469,22.376773834228516,0.2905423045158386,1500.1800537109375,3154.300048828125
2013-01-29,13.840335845947266,8.927382469177246,31.039430618286133,13.888086318969727,116.7060317993164,33.06724548339844,22.456951141357422,0.2843213975429535,1507.8399658203125,3153.659912109375
2013-01-30,13.796847343444824,8.841912269592285,30.884811401367188,13.754414558410645,116.48849487304688,33.07427215576172,22.328670501708984,0.2838605046272278,1501.9599609375,3142.31005859375
2013-01-31,13.756378173828125,8.795297622680664,31.046833038330078,13.747729301452637,116.23090362548828,33.01812744140625,22.00796890258789,0.2824781537055969,1498.1099853515625,3142.1298828125
2013-02-01,13.699896812438965,9.098320007324219,31.680147171020508,13.921502113342285,117.4385986328125,33.57954025268555,22.392810821533203,0.2850126028060913,1513.1700439453125,3179.10009765625
2013-02-04,13.358623504638672,8.91961669921875,31.083660125732422,13.914817810058594,116.64301300048828,33.460235595703125,21.99995231628418,0.2801740765571594,1495.7099609375,3131.169921875
2013-02-05,13.827349662780762,9.230401039123535,31.60650062561035,14.08858585357666,116.0706787109375,34.239200592041016,22.04806137084961,0.28662556409835815,1511.2900390625,3171.580078125
2013-02-06,13.812551498413086,9.269248008728027,31.702232360839844,14.162105560302734,115.5418930053711,34.11288833618164,21.91977310180664,0.2843213975429535,1512.1199951171875,3168.47998046875
2013-02-07,14.223254203796387,9.199322700500488,31.56967544555664,14.101949691772461,114.80619049072266,33.846214294433594,21.87166976928711,0.28316935896873474,1509.3900146484375,3165.1298828125
2013-02-08,14.42860221862793,9.137166023254395,31.42976188659668,14.142051696777344,115.92123413085938,34.126922607421875,22.088138580322266,0.2850126028060913,1517.9300537109375,3193.8701171875
2013-02-11,14.578969955444336,9.214862823486328,31.77587890625,14.215567588806152,115.04755401611328,34.14796829223633,22.336687088012695,0.2882382571697235,1517.010009765625,3192.0
2013-02-12,14.213530540466309,9.517882347106934,32.659549713134766,14.015066146850586,114.97859954833984,34.48481750488281,22.35271453857422,0.2863951623439789,1519.4300537109375,3186.489990234375
2013-02-13,14.186495780944824,9.45572280883789,32.401817321777344,14.128681182861328,115.00733947753906,34.162017822265625,22.472984313964844,0.2850126028060913,1520.3299560546875,3196.8798828125
2013-02-14,14.173735618591309,9.424644470214844,32.63745880126953,14.028432846069336,114.75440979003906,34.540958404541016,22.480995178222656,0.29330721497535706,1521.3800048828125,3198.659912109375
2013-02-15,13.978408813476562,9.34694766998291,32.28398895263672,14.028432846069336,115.51888275146484,34.30235290527344,22.456951141357422,0.29330721497535706,1519.7900390625,3192.030029296875
2013-02-19,13.973244667053223,9.471261978149414,32.77002716064453,14.34255313873291,115.13955688476562,34.70236587524414,22.675214767456055,0.28939035534858704,1530.93994140625,3213.590087890625
2013-02-20,13.634844779968262,9.168242454528809,31.827423095703125,14.108633995056152,114.55899810791016,34.11288833618164,22.529699325561523,0.28524306416511536,1511.949951171875,3164.409912109375
2013-02-21,13.550086975097656,8.872995376586914,31.186744689941406,13.874711990356445,113.99571228027344,33.8602409362793,22.222517013549805,0.28316935896873474,1502.4200439453125,3131.489990234375
2013-02-22,13.694384574890137,8.888534545898438,31.510766983032227,13.968283653259277,115.58212280273438,34.32340621948242,22.440780639648438,0.2884688377380371,1515.5999755859375,3161.820068359375
2013-02-25,13.451061248779297,8.569979667663574,30.303075790405273,13.807880401611328,113.52442932128906,33.474273681640625,22.125513076782227,0.28339987993240356,1487.8499755859375,3116.25
2013-02-26,13.638492584228516,8.647675514221191,30.40616798400879,13.774465560913086,114.46126556396484,33.40410614013672,22.125513076782227,0.28676122426986694,1496.93994140625,3129.64990234375
2013-02-27,13.504829406738281,8.787653923034668,31.046833038330078,13.961600303649902,116.29484558105469,34.58306884765625,22.4811954498291,0.29209303855895996,1515.989990234375,3162.260009765625
2013-02-28,13.408533096313477,8.733216285705566,30.906925201416016,13.941550254821777,115.43265533447266,34.330421447753906,22.473115921020508,0.2934839725494385,1514.6800537109375,3160.18994140625
2013-03-01,13.076508522033691,8.818760871887207,31.010009765625,13.921502113342285,116.6281967163086,34.32340621948242,22.594375610351562,0.2946431338787079,1518.199951171875,3169.739990234375
2013-03-04,12.759978294372559,8.873197555541992,31.6212158203125,13.861349105834961,117.938720703125,34.45674133300781,22.756053924560547,0.2934839725494385,1525.199951171875,3182.030029296875
2013-03-05,13.096858978271484,8.982071876525879,32.10725021362305,14.182151794433594,118.70890808105469,34.730438232421875,22.917728424072266,0.29672950506210327,1539.7900390625,3224.1298828125
2013-03-06,12.93039608001709,9.269810676574707,32.828941345214844,14.51632308959961,119.77224731445312,35.10939407348633,22.70754623413086,0.2964976131916046,1541.4599609375,3222.3701171875
2013-03-07,13.079848289489746,9.534214973449707,33.13822555541992,14.569786071777344,120.37001037597656,35.53045654296875,22.747966766357422,0.29580220580101013,1544.260009765625,3232.090087890625
2013-03-08,13.114480018615723,9.386459350585938,34.3753776550293,14.589838981628418,120.92180633544922,35.22869110107422,22.634790420532227,0.2971930503845215,1551.1800537109375,3244.3701171875
2013-03-11,13.301300048828125,9.4486722946167,35.05287170410156,14.623251914978027,120.74935913085938,35.42518997192383,22.529699325561523,0.29441121220588684,1556.219970703125,3252.8701171875
2013-03-12,13.014538764953613,9.339797973632812,34.57421112060547,14.502955436706543,121.01953887939453,35.28483200073242,22.562034606933594,0.29533854126930237,1552.47998046875,3242.320068359375
2013-03-13,13.012106895446777,9.378683090209961,34.58894348144531,14.42275333404541,121.88742065429688,35.20061492919922,22.570117950439453,0.29533854126930237,1554.52001953125,3245.1201171875
2013-03-14,13.138174057006836,9.417564392089844,34.94978332519531,14.429435729980469,124.0370864868164,35.790103912353516,22.747966766357422,0.29557034373283386,1563.22998046875,3258.929931640625
2013-03-15,13.477187156677246,9.77529525756836,34.80250549316406,14.656670570373535,123.53131103515625,35.10238265991211,22.66712188720703,0.2930203974246979,1560.699951171875,3249.070068359375
2013-03-18,13.843534469604492,9.767518997192383,34.051368713378906,14.482904434204102,122.54837799072266,34.74446487426758,22.71563148498535,0.2909339666366577,1552.0999755859375,3237.590087890625
2013-03-19,13.806169509887695,9.884167671203613,33.71997833251953,14.382652282714844,122.68064880371094,34.526920318603516,22.780303955078125,0.28907933831214905,1548.3399658203125,3229.10009765625
2013-03-20,13.732965469360352,9.938603401184082,33.94090270996094,14.482904434204102,123.61176300048828,34.47077941894531,22.893478393554688,0.29255661368370056,1558.7099609375,3254.18994140625
2013-03-21,13.752708435058594,9.77529525756836,33.307613372802734,13.928187370300293,122.00241088867188,33.9304084777832,22.723712921142578,0.2879202961921692,1545.800048828125,3222.60009765625
2013-03-22,14.031571388244629,9.767518997192383,33.307613372802734,13.868032455444336,121.89891052246094,34.232181549072266,22.83688735961914,0.2893112599849701,1556.8900146484375,3245.0
2013-03-25,14.082300186157227,9.64309024810791,32.76264572143555,13.934864044189453,121.12873840332031,34.04972457885742,22.764131546020508,0.2876884639263153,1551.68994140625,3235.300048828125
2013-03-26,14.008177757263184,9.549769401550293,33.013031005859375,13.934864044189453,122.0598373413086,34.133934020996094,22.764131546020508,0.28977489471435547,1563.77001953125,3252.47998046875
2013-03-27,13.732965469360352,9.510886192321777,32.740562438964844,13.921502113342285,121.21495056152344,33.523399353027344,22.93389892578125,0.2932520806789398,1562.8499755859375,3256.52001953125
2013-03-28,13.446806907653809,9.472006797790527,32.57855987548828,13.968283653259277,122.60015869140625,33.30583572387695,23.127906799316406,0.297424852848053,1569.18994140625,3267.52001953125
2013-04-01,13.029118537902832,9.4486722946167,32.24717330932617,13.921502113342285,122.07131958007812,33.56550216674805,23.127906799316406,0.2876884639263153,1562.1700439453125,3239.169921875
2013-04-02,13.055850982666016,9.4486722946167,32.48283004760742,14.182151794433594,123.20940399169922,33.88129425048828,23.2814998626709,0.28467485308647156,1570.25,3254.860107421875
2013-04-03,13.12268352508545,9.184266090393066,31.297210693359375,14.16878604888916,122.2322998046875,33.08333206176758,23.087486267089844,0.28119751811027527,1553.68994140625,3218.60009765625
2013-04-04,12.99297046661377,9.285362243652344,31.49604034423828,14.17552375793457,121.45635986328125,33.53528594970703,23.11981773376465,0.28397926688194275,1559.97998046875,3224.97998046875
2013-04-05,12.855668067932129,9.308690071105957,31.672786712646484,13.885814666748047,120.36427307128906,33.83186340332031,23.200664520263672,0.28884756565093994,1553.280029296875,3203.860107421875
2013-04-08,12.947103500366211,9.495333671569824,32.07779312133789,13.858860969543457,120.31250762939453,34.304996490478516,23.111736297607422,0.2881520986557007,1563.0699462890625,3222.25
2013-04-09,12.970492362976074,9.52644157409668,32.32081985473633,14.1283597946167,120.25506591796875,34.37560272216797,23.936296463012695,0.2927885949611664,1568.6099853515625,3237.860107421875
2013-04-10,13.235079765319824,9.580877304077148,33.18241882324219,14.465231895446777,121.85294342041016,34.778106689453125,24.4779109954834,0.297424852848053,1587.72998046875,3297.25
2013-04-11,13.193766593933105,9.541994094848633,33.04248046875,14.61345386505127,122.38174438476562,34.82048416137695,23.394678115844727,0.2960340678691864,1593.3699951171875,3300.159912109375
2013-04-12,13.056157112121582,9.464225769042969,32.9761962890625,14.512394905090332,121.49661254882812,34.6086311340332,23.273420333862305,0.3034522235393524,1588.8499755859375,3294.949951171875
2013-04-15,12.753902435302734,9.316465377807617,33.04248046875,14.182256698608398,120.27802276611328,33.84599304199219,23.19257926940918,0.2971930503845215,1552.3599853515625,3216.489990234375
2013-04-16,12.948010444641113,9.549769401550293,34.360652923583984,14.256370544433594,121.85294342041016,34.241432189941406,23.418930053710938,0.3004385530948639,1574.5699462890625,3264.6298828125
2013-04-17,12.235969543457031,9.098721504211426,33.68315124511719,13.899286270141602,120.51371002197266,33.040977478027344,23.30575180053711,0.2964976131916046,1552.010009765625,3204.669921875
2013-04-18,11.909416198730469,8.896527290344238,33.20450973510742,13.865601539611816,119.06523895263672,32.93504333496094,23.273420333862305,0.29070204496383667,1541.6099853515625,3166.360107421875
2013-04-19,11.863242149353027,9.067612648010254,33.16030502319336,13.78475570678711,109.20780944824219,33.3516731262207,24.065641403198242,0.2913975417613983,1555.25,3206.06005859375
2013-04-22,12.110512733459473,9.114274978637695,33.24867630004883,13.87234115600586,107.96054077148438,33.436424255371094,24.922521591186523,0.29186123609542847,1562.5,3233.550048828125
2013-04-23,12.337124824523926,9.386459350585938,34.21335983276367,14.087936401367188,110.13317108154297,34.015464782714844,24.736595153808594,0.29951128363609314,1578.780029296875,3269.330078125
2013-04-24,12.316774368286133,9.573103904724121,34.699405670166016,13.737589836120605,110.19073486328125,34.40385437011719,25.67431640625,0.30971136689186096,1578.7900390625,3269.64990234375
2013-04-25,12.405474662780762,9.6741943359375,34.69203567504883,13.906026840209961,111.47821044921875,34.60157012939453,25.819833755493164,0.31226131319999695,1585.1600341796875,3289.989990234375
2013-04-26,12.673404693603516,9.658644676208496,34.5521125793457,13.92623519897461,111.68508911132812,34.51683807373047,25.69857406616211,0.31087052822113037,1582.239990234375,3279.260009765625
2013-04-29,13.065877914428711,9.627534866333008,34.478492736816406,14.135099411010742,114.46707153320312,34.54508590698242,26.361448287963867,0.31457966566085815,1593.6099853515625,3307.02001953125
2013-04-30,13.45045280456543,9.573103904724121,34.360652923583984,14.094670295715332,116.4155502319336,34.6086311340332,26.75755500793457,0.3192160427570343,1597.5699462890625,3328.7900390625
2013-05-01,13.344435691833496,9.440895080566406,33.778892517089844,13.730851173400879,114.74291229248047,33.902496337890625,26.450374603271484,0.3164341151714325,1582.699951171875,3299.1298828125
2013-05-02,13.533684730529785,9.479779243469238,34.279781341552734,13.966665267944336,116.329345703125,33.95191192626953,26.806068420410156,0.3201431930065155,1597.5899658203125,3340.6201171875
2013-05-03,13.669168472290039,9.518660545349121,34.59648513793945,14.034037590026855,117.5478515625,33.591773986816406,27.072826385498047,0.3215341866016388,1614.4200439453125,3378.6298828125
2013-05-06,13.99512004852295,10.016369819641113,34.972137451171875,14.020562171936035,116.55349731445312,34.02252197265625,27.28301429748535,0.3206070065498352,1617.5,3392.969970703125
2013-05-07,13.932845115661621,10.0319242477417,35.43618392944336,13.730851173400879,117.04203796386719,34.700439453125,26.927322387695312,0.3164341151714325,1625.9599609375,3396.6298828125
2013-05-08,14.090195655822754,10.125243186950684,36.3053092956543,13.959929466247559,118.27784729003906,35.13824462890625,26.66864013671875,0.32222968339920044,1632.68994140625,3413.27001953125
2013-05-09,13.967267990112305,10.03969955444336,35.79708480834961,14.034037590026855,117.36544036865234,34.62982177734375,26.401865005493164,0.32246142625808716,1626.6700439453125,3409.169921875
2013-05-10,13.851079940795898,10.125243186950684,35.907562255859375,14.215949058532715,118.07573699951172,34.57331085205078,26.426115036010742,0.337066113948822,1633.699951171875,3436.580078125
2013-05-13,13.905200004577637,10.094138145446777,36.032798767089844,14.330482482910156,116.92076873779297,35.0746955871582,26.70096778869629,0.330111563205719,1633.77001953125,3438.7900390625
2013-05-14,13.572509765625,10.37409782409668,36.894569396972656,14.330482482910156,117.34810638427734,35.470157623291016,27.295230865478516,0.3349798023700714,1650.3399658203125,3462.610107421875
2013-05-15,13.113524436950684,10.451866149902344,37.81526565551758,14.290058135986328,117.41165924072266,36.07743453979492,27.55572509765625,0.3407752215862274,1658.780029296875,3471.6201171875
2013-05-16,13.288740158081055,10.389652252197266,37.27756881713867,16.09568214416504,118.20281219482422,35.99269485473633,27.742961883544922,0.33915239572525024,1650.469970703125,3465.239990234375
2013-05-17,13.248373985290527,10.444087982177734,37.89628982543945,16.331501007080078,120.36827087402344,36.93187713623047,28.38606071472168,0.3447161614894867,1667.469970703125,3498.969970703125
2013-05-20,13.544068336486816,10.506300926208496,38.00678634643555,16.1361083984375,119.88321685791016,36.9248161315918,28.557018280029297,0.3440207839012146,1666.2900390625,3496.429931640625
2013-05-21,13.444076538085938,10.451866149902344,38.05097961425781,16.176536560058594,120.48955535888672,37.440311431884766,28.369789123535156,0.34763213992118835,1669.1600341796875,3502.1201171875
2013-05-22,13.495755195617676,10.35076904296875,37.56483459472656,15.72512435913086,119.53097534179688,37.87107849121094,28.174406051635742,0.33551645278930664,1655.3499755859375,3463.300048828125
2013-05-23,13.519917488098145,10.27299976348877,37.218666076660156,15.839664459228516,119.05166625976562,37.67334747314453,27.799942016601562,0.3408752679824829,1650.510009765625,3459.419921875
2013-05-24,13.611953735351562,10.296332359313965,37.2112922668457,15.853137969970703,118.79753875732422,37.892250061035156,27.897621154785156,0.3387783169746399,1649.5999755859375,3459.139892578125
2013-05-28,13.498506546020508,10.381877899169922,38.14673614501953,16.09568214416504,119.9872055053711,38.5560417175293,28.5081729888916,0.33854520320892334,1660.06005859375,3488.889892578125
2013-05-29,13.605840682983398,10.4829740524292,38.50764465332031,16.250646591186523,120.06800079345703,38.60546875,28.394201278686523,0.3364483118057251,1648.3599853515625,3467.52001953125
2013-05-30,13.808573722839355,10.755157470703125,39.236846923828125,16.419082641601562,120.8995361328125,39.27632522583008,28.516311645507812,0.3408752679824829,1654.4100341796875,3491.300048828125
2013-05-31,13.752001762390137,10.622950553894043,38.294044494628906,16.250646591186523,120.12574005126953,38.54896545410156,28.41048812866211,0.3371472656726837,1630.739990234375,3455.909912109375
2013-06-03,13.782278060913086,10.537409782409668,38.27193832397461,16.425819396972656,120.662841796875,38.47836685180664,28.972185134887695,0.3366813659667969,1640.4200439453125,3465.3701171875
2013-06-04,13.73915958404541,10.389652252197266,37.73426055908203,16.41234588623047,119.0689926147461,38.16058349609375,28.483745574951172,0.3371472656726837,1631.3800048828125,3445.260009765625
2013-06-05,13.610730171203613,10.18730640411377,36.850372314453125,16.385391235351562,117.07666778564453,37.447383880615234,28.312786102294922,0.32992440462112427,1608.9000244140625,3401.47998046875
2013-06-06,13.407384872436523,10.272912979125977,37.43962860107422,16.540355682373047,117.68881225585938,37.77927780151367,28.459331512451172,0.3320212662220001,1622.56005859375,3424.050048828125
2013-06-07,13.5098237991333,10.412999153137207,38.00678634643555,16.49993133544922,119.16138458251953,38.323001861572266,29.03730583190918,0.3366813659667969,1643.3800048828125,3469.219970703125
2013-06-10,13.420534133911133,10.350740432739258,38.249847412109375,16.41234588623047,118.39337158203125,38.38656997680664,28.87449836730957,0.3364483118057251,1642.81005859375,3473.77001953125
2013-06-11,13.381085395812988,10.210652351379395,36.79144287109375,16.21696662902832,117.79276275634766,37.7722053527832,28.36164665222168,0.3301573693752289,1626.1300048828125,3436.949951171875
2013-06-12,13.215655326843262,10.163954734802246,36.415802001953125,16.163061141967773,116.18739318847656,37.55329895019531,28.49190330505371,0.32736140489578247,1612.52001953125,3400.429931640625
2013-06-13,13.330941200256348,10.280694007873535,37.04188537597656,16.405603408813477,117.67146301269531,38.25238800048828,28.263954162597656,0.3348172605037689,1636.3599853515625,3445.360107421875
2013-06-14,13.150219917297363,10.171737670898438,36.25374984741211,16.230424880981445,116.76485443115234,37.51799011230469,28.003454208374023,0.33435139060020447,1626.72998046875,3423.56005859375
2013-06-17,13.209846496582031,10.280694007873535,36.35687255859375,16.64141845703125,117.24993133544922,38.02642822265625,28.49190330505371,0.3376133441925049,1639.0400390625,3452.1298828125
2013-06-18,13.202815055847168,10.327393531799316,36.83564758300781,16.722270965576172,118.30671691894531,38.21003341674805,28.47561264038086,0.33551645278930664,1651.81005859375,3482.179931640625
2013-06-19,12.934646606445312,10.265130043029785,36.48208999633789,16.627948760986328,116.61473846435547,37.81458282470703,28.15812873840332,0.3457682430744171,1628.9300537109375,3443.199951171875
2013-06-20,12.74627685546875,10.031657218933105,35.281494140625,16.466243743896484,113.96414184570312,37.058990478515625,27.262666702270508,0.3364483118057251,1588.18994140625,3364.639892578125
2013-06-21,12.644148826599121,9.876005172729492,34.52281951904297,16.493194580078125,112.87268829345703,36.69179916381836,27.08357048034668,0.3359823226928711,1592.4300537109375,3357.25
2013-06-24,12.30900764465332,9.572489738464355,33.46953582763672,16.210216522216797,111.76397705078125,35.957401275634766,27.449905395507812,0.3289923369884491,1573.0899658203125,3320.760009765625
2013-06-25,12.311763763427734,9.86043643951416,34.61858367919922,16.176536560058594,112.59549713134766,36.77653121948242,27.409198760986328,0.33132243156433105,1588.030029296875,3347.889892578125
2013-06-26,12.17232608795166,9.9304838180542,35.067893981933594,16.432554244995117,112.52623748779297,37.073123931884766,27.962759017944336,0.3294583261013031,1603.260009765625,3376.219970703125
2013-06-27,12.041143417358398,10.125044822692871,35.56138229370117,16.594253540039062,112.98243713378906,37.53212356567383,28.182546615600586,0.32642945647239685,1613.199951171875,3401.860107421875
2013-06-28,12.125235557556152,10.008309364318848,35.333038330078125,16.398866653442383,110.36072540283203,37.277889251708984,28.117422103881836,0.32712841033935547,1606.280029296875,3403.25
2013-07-01,12.513272285461426,10.062783241271973,35.53929901123047,16.51421356201172,110.45890045166016,37.06605529785156,27.970895767211914,0.3285263478755951,1614.9599609375,3434.489990234375
2013-07-02,12.796734809875488,10.03943920135498,35.46562194824219,16.500640869140625,110.58589935302734,37.55684280395508,27.628990173339844,0.3282933831214905,1614.0799560546875,3433.39990234375
2013-07-03,12.867366790771484,9.984960556030273,35.112083435058594,16.683828353881836,111.59649658203125,37.53550338745117,27.685970306396484,0.3292253315448761,1615.4100341796875,3443.669921875
2013-07-05,12.764019012451172,10.163954734802246,35.745521545410156,16.67026138305664,112.56663513183594,38.4033088684082,27.848779678344727,0.3317883312702179,1631.8900146484375,3479.3798828125
2013-07-08,12.691545486450195,10.335172653198242,36.47472381591797,16.710973739624023,112.59549713134766,38.9083366394043,27.94647789001465,0.3301573693752289,1640.4599609375,3484.830078125
2013-07-09,12.91476821899414,10.529736518859863,36.98295974731445,17.07056427001953,110.47042083740234,39.04347229003906,27.962759017944336,0.3317883312702179,1652.3199462890625,3504.260009765625
2013-07-10,12.865230560302734,10.405214309692383,36.55575180053711,17.240184783935547,111.01903533935547,39.000789642333984,28.247682571411133,0.33621522784233093,1652.6199951171875,3520.760009765625
2013-07-11,13.065827369689941,10.514169692993164,36.85774612426758,17.552288055419922,111.3366470336914,39.221317291259766,29.0535831451416,0.3408752679824829,1675.02001953125,3578.300048828125
2013-07-12,13.041972160339355,10.724297523498535,37.42488479614258,17.59978485107422,110.91507720947266,39.10038757324219,29.03730583190918,0.3411082625389099,1680.18994140625,3600.080078125
2013-07-15,13.070413589477539,10.802124977111816,38.16146469116211,17.592992782592773,112.02960968017578,39.04347229003906,29.444326400756836,0.34040915966033936,1682.5,3607.489990234375
2013-07-16,13.154808044433594,10.833255767822266,38.17620086669922,17.4437313079834,111.94297790527344,39.12882995605469,29.525739669799805,0.34227320551872253,1676.260009765625,3598.5
2013-07-17,13.158169746398926,11.136770248413086,38.14673614501953,17.450515747070312,112.34718322753906,39.31376647949219,29.094282150268555,0.34040915966033936,1680.9100341796875,3610.0
2013-07-18,13.202507972717285,11.486987113952637,38.809635162353516,17.545501708984375,114.33370208740234,40.09621047973633,28.85007095336914,0.3390112519264221,1689.3699951171875,3611.280029296875
2013-07-19,12.994270324707031,11.479204177856445,38.5592155456543,17.518362045288086,111.76397705078125,39.946834564208984,25.56129264831543,0.3317883312702179,1692.0899658203125,3587.610107421875
2013-07-22,13.035859107971191,11.6115083694458,39.037986755371094,17.450515747070312,112.08158111572266,40.231353759765625,26.05786895751953,0.3315553367137909,1695.530029296875,3600.389892578125
2013-07-23,12.81202507019043,11.627071380615234,38.9495964050293,17.34195899963379,112.59549713134766,40.30959701538086,25.9031982421875,0.33108919858932495,1692.3900146484375,3579.27001953125
2013-07-24,13.470070838928223,11.448073387145996,38.44135665893555,17.362314224243164,113.5367660522461,40.28114318847656,26.017169952392578,0.33108919858932495,1685.93994140625,3579.60009765625
2013-07-25,13.408607482910156,11.541463851928711,38.78753662109375,17.301254272460938,113.88906860351562,40.18867492675781,25.553157806396484,0.3322543799877167,1690.25,3605.18994140625
2013-07-26,13.484747886657715,11.463634490966797,38.45610046386719,17.301254272460938,113.96414184570312,39.86859130859375,25.740394592285156,0.3308563232421875,1691.6500244140625,3613.159912109375
2013-07-29,13.692680358886719,11.300206184387207,38.0362434387207,17.185909271240234,113.30580139160156,39.61251449584961,25.675268173217773,0.3301573693752289,1685.3299560546875,3599.139892578125
2013-07-30,13.861778259277344,11.300206184387207,38.13935852050781,17.416595458984375,113.19029998779297,39.3564453125,25.927627563476562,0.3357493281364441,1685.9599609375,3616.469970703125
2013-07-31,13.837621688842773,11.362462997436523,38.40452575683594,17.362314224243164,112.63017272949219,39.640968322753906,25.919483184814453,0.3364483118057251,1685.72998046875,3626.3701171875
2013-08-01,13.964518547058105,11.63485336303711,38.94233703613281,17.56585693359375,113.07479095458984,40.21713638305664,25.781085968017578,0.3411082625389099,1706.8699951171875,3675.739990234375
2013-08-02,14.143712043762207,11.549246788024902,39.045467376708984,17.76940155029297,112.699462890625,40.18156433105469,25.960182189941406,0.34390416741371155,1709.6700439453125,3689.590087890625
2013-08-05,14.355010032653809,11.518115997314453,38.94969177246094,17.85081672668457,112.89582824707031,39.9041633605957,25.805505752563477,0.34553512930870056,1707.1400146484375,3692.949951171875
2013-08-06,14.226581573486328,11.393594741821289,37.9256591796875,17.78296661376953,110.29141235351562,39.47025680541992,25.707828521728516,0.34040915966033936,1697.3699951171875,3665.77001953125
2013-08-07,14.21832275390625,11.307987213134766,37.940406799316406,17.72191047668457,109.43246459960938,39.33510208129883,26.09857177734375,0.34017619490623474,1690.9100341796875,3654.010009765625
2013-08-08,14.190003395080566,11.370246887207031,38.14667892456055,17.816892623901367,109.06683349609375,39.000789642333984,26.77423858642578,0.3425063192844391,1697.47998046875,3669.1201171875
2013-08-09,13.988086700439453,11.245729446411133,37.807804107666016,17.67441177368164,109.00298309326172,38.780296325683594,26.619564056396484,0.3376133441925049,1691.4200439453125,3660.110107421875
2013-08-12,14.385465621948242,11.214595794677734,37.498382568359375,17.871173858642578,109.74003601074219,38.474430084228516,26.757953643798828,0.3348172605037689,1689.469970703125,3669.949951171875
2013-08-13,15.069087982177734,11.292423248291016,38.13931655883789,17.857601165771484,109.3511962890625,38.61669158935547,26.421846389770508,0.3359823226928711,1694.1600341796875,3684.43994140625
2013-08-14,15.343958854675293,11.362462997436523,38.00670623779297,17.8983154296875,108.83467102050781,38.517112731933594,26.520212173461914,0.35019510984420776,1685.3900146484375,3669.27001953125
2013-08-15,15.325797080993652,11.14455795288086,37.46892166137695,16.60919761657715,107.82489776611328,37.9053840637207,26.06113624572754,0.35252514481544495,1661.3199462890625,3606.1201171875
2013-08-16,15.461838722229004,11.222379684448242,37.093196868896484,16.466718673706055,107.563720703125,37.9053840637207,26.069334030151367,0.35392317175865173,1655.8299560546875,3602.780029296875
2013-08-19,15.628368377685547,11.012249946594238,36.34175491333008,16.466718673706055,106.91954803466797,36.86688995361328,25.73322105407715,0.34833112359046936,1646.06005859375,3589.090087890625
2013-08-20,15.423057556152344,11.121209144592285,36.77640151977539,16.500640869140625,107.11101531982422,37.07318115234375,25.921777725219727,0.3500874638557434,1652.3499755859375,3613.590087890625
2013-08-21,15.462770462036133,11.160120964050293,36.216514587402344,16.331029891967773,107.28514862060547,36.72462844848633,25.91356658935547,0.3484482765197754,1642.800048828125,3599.7900390625
2013-08-22,15.481234550476074,11.339116096496582,36.769039154052734,16.290313720703125,107.47665405273438,37.13719177246094,26.553001403808594,0.3503216803073883,1656.9599609375,3638.7099609375
2013-08-23,15.421523094177246,11.339116096496582,36.710113525390625,16.188541412353516,107.61019897460938,37.21542739868164,28.48771095275879,0.3503216803073883,1663.5,3657.7900390625
2013-08-26,15.481544494628906,11.276861190795898,36.54066467285156,16.16818618774414,107.21549224853516,36.84554672241211,27.995838165283203,0.3510241210460663,1656.780029296875,3657.570068359375
2013-08-27,15.038925170898438,10.981120109558105,35.538734436035156,15.930712699890137,106.05479431152344,35.991981506347656,27.266220092773438,0.34657490253448486,1630.47998046875,3578.52001953125
2013-08-28,15.110028266906738,10.98890209197998,35.59031677246094,15.91036319732666,105.71820068359375,35.977760314941406,27.069475173950195,0.34657490253448486,1634.9599609375,3593.35009765625
2013-08-29,15.134650230407715,11.027817726135254,35.708194732666016,15.91036319732666,105.99674987792969,36.06310272216797,27.50396728515625,0.34587234258651733,1638.1700439453125,3620.300048828125
2013-08-30,14.996753692626953,10.98890209197998,35.60504913330078,15.815372467041016,105.78202056884766,35.942195892333984,27.380996704101562,0.34540408849716187,1632.969970703125,3589.8701171875
2013-09-03,15.038612365722656,11.09007740020752,36.37122344970703,15.930712699890137,106.76280212402344,36.368980407714844,26.134910583496094,0.34563809633255005,1639.77001953125,3612.610107421875
2013-09-04,15.349802017211914,11.15238094329834,36.54066467285156,16.127470016479492,106.2811279296875,36.89533233642578,25.577455520629883,0.34891656041145325,1653.0799560546875,3649.0400390625
2013-09-05,15.244536399841309,11.191326141357422,36.732200622558594,16.07320213317871,106.8730697631836,37.06605911254883,25.602052688598633,0.3498532176017761,1655.0799560546875,3658.780029296875
2013-09-06,15.335339546203613,11.183531761169434,36.26071548461914,15.978212356567383,106.22309112548828,37.38613510131836,25.536468505859375,0.3484482765197754,1655.1700439453125,3660.010009765625
2013-09-09,15.58004379272461,11.27698802947998,36.90164566040039,16.229246139526367,107.35478973388672,37.59952163696289,25.95456314086914,0.3543025851249695,1671.7099609375,3706.179931640625
2013-09-10,15.225143432617188,11.378228187561035,37.63835525512695,16.3920841217041,108.29496002197266,38.175682067871094,26.553001403808594,0.361796110868454,1683.989990234375,3729.02001953125
2013-09-11,14.39622974395752,11.409384727478027,37.37312698364258,16.541349411010742,110.67443084716797,37.88405227661133,26.83994483947754,0.3678845167160034,1689.1300048828125,3725.010009765625
2013-09-12,14.549524307250977,11.27698802947998,37.026893615722656,16.48029327392578,110.69185638427734,37.15852737426758,26.79894256591797,0.3676503002643585,1683.4200439453125,3715.969970703125
2013-09-13,14.309741973876953,11.284777641296387,37.196319580078125,16.500640869140625,111.52758026123047,37.40748596191406,27.077674865722656,0.36999204754829407,1687.989990234375,3722.179931640625
2013-09-16,13.854809761047363,11.31592845916748,37.572044372558594,16.541349411010742,112.09635925292969,37.79868698120117,26.889122009277344,0.37022626399993896,1697.5999755859375,3717.85009765625
2013-09-17,14.01486587524414,11.33150577545166,37.71938705444336,16.534568786621094,111.52173614501953,37.76313400268555,26.995702743530273,0.3713971674442291,1704.760009765625,3745.699951171875
2013-09-18,14.302968978881836,11.456114768981934,38.46345901489258,16.826313018798828,112.8333969116211,37.990753173828125,27.31541633605957,0.37467554211616516,1725.52001953125,3783.639892578125
2013-09-19,14.537511825561523,11.378228187561035,38.271915435791016,16.697402954101562,112.23560333251953,37.52128982543945,27.57773780822754,0.37303632497787476,1722.3399658203125,3789.3798828125
2013-09-20,14.386996269226074,11.245834350585938,37.726749420166016,16.629554748535156,110.27983093261719,37.55684280395508,26.880929946899414,0.3697579503059387,1709.9100341796875,3774.72998046875
2013-09-23,15.10202407836914,11.012199401855469,36.5185546875,16.466718673706055,110.84278106689453,36.603694915771484,26.83994483947754,0.36624544858932495,1701.8399658203125,3765.2900390625
2013-09-24,15.05462646484375,10.97325611114502,36.06916809082031,16.37851333618164,110.2507553100586,35.792823791503906,26.602197647094727,0.3676503002643585,1697.4200439453125,3768.25
2013-09-25,14.82161808013916,11.012199401855469,36.2901725769043,16.575279235839844,109.96060943603516,36.7744140625,26.65138053894043,0.3681187629699707,1692.77001953125,3761.10009765625
2013-09-26,14.965973854064941,10.96546745300293,36.04707336425781,16.127470016479492,110.39586639404297,36.909568786621094,26.864532470703125,0.3669479489326477,1698.6700439453125,3787.429931640625
2013-09-27,14.859159469604492,10.825285911560059,36.01760482788086,15.82894515991211,108.4806900024414,37.15852737426758,27.274417877197266,0.3648402988910675,1691.75,3781.590087890625
2013-09-30,14.674491882324219,10.747406005859375,35.73764419555664,15.896794319152832,107.47090148925781,36.767311096191406,27.282617568969727,0.36437204480171204,1681.550048828125,3771.47998046875
2013-10-01,15.019530296325684,10.825285911560059,35.8039436340332,15.883121490478516,108.16727447509766,36.95936584472656,27.528568267822266,0.36413779854774475,1695.0,3817.97998046875
2013-10-02,15.068777084350586,10.949892044067383,35.88498306274414,15.937801361083984,107.34319305419922,37.32480239868164,27.80727767944336,0.3639037013053894,1693.8699951171875,3815.02001953125
2013-10-03,14.879480361938477,10.903165817260742,35.656620025634766,15.72594165802002,106.7048110961914,37.217308044433594,27.758100509643555,0.3601568937301636,1678.6600341796875,3774.340087890625
2013-10-04,14.867789268493652,10.942103385925293,36.201786041259766,15.732772827148438,106.84407043457031,37.740394592285156,27.774492263793945,0.3650744557380676,1690.5,3807.75
2013-10-07,15.013070106506348,10.755192756652832,35.49453353881836,15.6439208984375,105.63109588623047,37.138492584228516,27.29901695251465,0.3650744557380676,1676.1199951171875,3770.3798828125
2013-10-08,14.803458213806152,10.661739349365234,35.11882400512695,15.473066329956055,103.72176361083984,36.45060729980469,27.06127166748047,0.3620302081108093,1655.449951171875,3694.830078125
2013-10-09,14.977363586425781,10.778557777404785,35.32509994506836,15.37738037109375,105.23063659667969,36.364620208740234,27.110462188720703,0.35641008615493774,1656.4000244140625,3677.780029296875
2013-10-10,15.071249008178711,11.082284927368164,36.29755401611328,15.72594165802002,107.23292541503906,37.63290786743164,27.676118850708008,0.3603909909725189,1692.56005859375,3760.75
2013-10-11,15.168818473815918,11.051136016845703,36.26071548461914,15.910463333129883,108.03962707519531,37.62574005126953,27.97943878173828,0.3573468327522278,1703.199951171875,3791.8701171875
2013-10-14,15.268231391906738,11.175743103027344,36.54066467285156,15.951470375061035,108.50969696044922,37.7690544128418,28.241775512695312,0.36273276805877686,1710.1400146484375,3815.280029296875
2013-10-15,15.349488258361816,11.090076446533203,35.99549102783203,15.842126846313477,107.1690902709961,37.482444763183594,28.274578094482422,0.36085939407348633,1698.06005859375,3794.010009765625
2013-10-16,15.42428970336914,11.339293479919434,37.454185485839844,15.719104766845703,108.37039947509766,38.69340133666992,28.397541046142578,0.36530861258506775,1721.5400390625,3839.429931640625
2013-10-17,15.528637886047363,11.4171724319458,37.660457611083984,15.568742752075195,101.46415710449219,38.843875885009766,28.627071380615234,0.3660111129283905,1733.1500244140625,3863.14990234375
2013-10-18,15.663763046264648,11.393811225891113,37.68256759643555,15.691768646240234,100.85476684570312,38.90837478637695,28.659870147705078,0.37022626399993896,1744.5,3914.280029296875
2013-10-21,16.0476016998291,11.308141708374023,37.594154357910156,15.67126178741455,100.32083129882812,38.886863708496094,28.684457778930664,0.3711629807949066,1744.6600341796875,3920.050048828125
2013-10-22,16.001731872558594,11.308141708374023,37.39524459838867,15.47989273071289,101.5453872680664,38.421112060546875,28.348352432250977,0.3692896068096161,1754.6700439453125,3929.570068359375
2013-10-23,16.15840721130371,11.0667142868042,36.97531509399414,15.213356971740723,102.00968170166016,37.79771041870117,27.676118850708008,0.36296698451042175,1746.3800048828125,3907.070068359375
2013-10-24,16.372333526611328,11.035562515258789,36.94585418701172,15.28853702545166,103.18782806396484,37.604244232177734,27.64333152770996,0.3603909909725189,1752.0699462890625,3928.9599609375
2013-10-25,16.189184188842773,11.105653762817383,36.87955093383789,15.350041389465332,102.63646697998047,37.812042236328125,29.291105270385742,0.35687848925590515,1759.77001953125,3943.360107421875
2013-10-28,16.309831619262695,11.082284927368164,36.94585418701172,15.411551475524902,102.92667388916016,37.74756622314453,29.159934997558594,0.3561760187149048,1762.1099853515625,3940.1298828125
2013-10-29,15.903535842895508,11.01998519897461,36.99742126464844,15.602914810180664,105.69493865966797,37.783382415771484,29.11895179748535,0.35664424300193787,1771.949951171875,3952.340087890625
2013-10-30,16.15655517578125,11.035562515258789,36.75431823730469,15.520901679992676,104.5516586303711,37.690223693847656,29.135353088378906,0.35641008615493774,1763.31005859375,3930.6201171875
2013-10-31,16.08883285522461,10.879802703857422,35.943763732910156,15.418379783630371,104.00611114501953,36.93069839477539,29.028779983520508,0.35570767521858215,1756.5400390625,3919.7099609375
2013-11-01,16.00666046142578,10.918744087219238,35.914283752441406,15.425228118896484,104.01769256591797,37.62574005126953,29.127155303955078,0.3573468327522278,1761.6400146484375,3922.0400390625
2013-11-04,16.213497161865234,10.934318542480469,35.833255767822266,15.43205451965332,104.62126922607422,37.28897476196289,29.4632625579834,0.34704315662384033,1767.9300537109375,3936.590087890625
2013-11-05,16.173486709594727,10.848654747009277,35.649017333984375,15.766940116882324,103.21678161621094,37.224491119384766,30.03710174560547,0.34657490253448486,1762.969970703125,3939.860107421875
2013-11-06,16.127660751342773,10.872015953063965,35.82586669921875,15.910463333129883,104.55301666259766,37.33197021484375,31.299589157104492,0.34891656041145325,1770.489990234375,3931.949951171875
2013-11-07,15.866674423217773,10.747406005859375,35.626914978027344,15.794281005859375,105.02560424804688,37.00951385498047,30.742124557495117,0.3407205641269684,1747.1500244140625,3857.330078125
2013-11-08,16.11652183532715,11.15238094329834,36.79852294921875,16.067659378051758,105.01976013183594,38.66474151611328,30.971675872802734,0.36437204480171204,1770.6099853515625,3919.22998046875
2013-11-11,16.06976318359375,11.214685440063477,36.967987060546875,16.026647567749023,106.70602416992188,38.76504898071289,30.815921783447266,0.3674162030220032,1771.8900146484375,3919.7900390625
2013-11-12,16.099489212036133,11.15238094329834,36.48904037475586,16.218013763427734,106.81686401367188,38.67190933227539,30.62736701965332,0.3681187629699707,1767.68994140625,3919.919921875
2013-11-13,16.118684768676758,11.401595115661621,36.835365295410156,16.402542114257812,107.09691619873047,38.79370880126953,31.283203125,0.37818819284439087,1782.0,3965.580078125
2013-11-14,16.351818084716797,11.526204109191895,36.99747085571289,14.605098724365234,106.31509399414062,38.98002243041992,31.16841697692871,0.3798273503780365,1790.6199951171875,3972.739990234375
2013-11-15,16.25366973876953,11.61966323852539,37.1374626159668,14.721282005310059,106.88693237304688,39.31679153442383,31.020872116088867,0.37865644693374634,1798.1800537109375,3985.969970703125
2013-11-18,16.056764602661133,11.61966323852539,37.42485809326172,14.550422668457031,107.63373565673828,39.940185546875,30.49619483947754,0.36952367424964905,1791.530029296875,3949.070068359375
2013-11-19,16.08524513244629,11.837723731994629,37.70484161376953,14.639267921447754,108.08885192871094,40.23397445678711,30.347518920898438,0.3635201156139374,1787.8699951171875,3931.550048828125
2013-11-20,15.944379806518555,11.790992736816406,37.41010665893555,14.509414672851562,108.05382537841797,40.19814682006836,30.628360748291016,0.358104944229126,1781.3699951171875,3921.27001953125
2013-11-21,16.134469985961914,12.14145278930664,38.11748123168945,14.673436164855957,107.43537139892578,41.00066375732422,30.892675399780273,0.36093008518218994,1795.8499755859375,3969.159912109375
2013-11-22,16.092994689941406,12.180397033691406,38.618553161621094,14.666603088378906,105.78410339355469,41.17264175415039,31.033103942871094,0.3573985993862152,1804.760009765625,3991.64990234375
2013-11-25,16.214969635009766,12.312792778015137,39.26697540283203,14.536750793457031,104.4070816040039,41.30878448486328,31.090923309326172,0.3651682138442993,1802.47998046875,3994.570068359375
2013-11-26,16.514047622680664,12.367305755615234,39.0606575012207,14.495743751525879,103.45604705810547,40.96484375,30.85137939453125,0.36822888255119324,1802.75,4017.75
2013-11-27,16.902910232543945,12.328363418579102,39.090126037597656,14.536750793457031,104.42462921142578,41.18696212768555,31.05788230895996,0.3696415424346924,1807.22998046875,4044.75
2013-11-29,17.215913772583008,12.320574760437012,38.99434280395508,14.523083686828613,104.83887481689453,41.00066375732422,31.495683670043945,0.3672870695590973,1805.81005859375,4059.889892578125
2013-12-02,17.066062927246094,12.250484466552734,38.77328872680664,14.413727760314941,103.55520629882812,40.828697204589844,31.76000213623047,0.3708186745643616,1800.9000244140625,4045.260009765625
2013-12-03,17.533246994018555,12.10251235961914,38.412235260009766,14.529915809631348,102.73836517333984,40.74270248413086,31.64434814453125,0.37058326601982117,1795.1500244140625,4037.199951171875
2013-12-04,17.492382049560547,12.18044376373291,38.345924377441406,14.523083686828613,102.53999328613281,40.97916793823242,32.164730072021484,0.375762939453125,1792.81005859375,4038.0
2013-12-05,17.582157135009766,12.02458381652832,37.623802185058594,14.290708541870117,102.73836517333984,39.997493743896484,31.388294219970703,0.3696415424346924,1785.030029296875,4033.169921875
2013-12-06,17.33819580078125,12.125898361206055,37.940643310546875,14.543586730957031,103.66608428955078,40.16948318481445,31.685653686523438,0.364226371049881,1805.0899658203125,4062.52001953125
2013-12-09,17.536653518676758,12.1414794921875,38.39750289916992,14.502578735351562,103.5435562133789,40.49191665649414,31.974754333496094,0.358104944229126,1808.3699951171875,4068.75
2013-12-10,17.5094051361084,12.125898361206055,38.12486267089844,14.495743751525879,103.34517669677734,40.62805938720703,31.47914695739746,0.3663453459739685,1802.6199951171875,4060.489990234375
2013-12-11,17.379684448242188,11.884310722351074,37.36589431762695,14.270206451416016,102.22494506835938,40.1766471862793,31.066139221191406,0.36281368136405945,1782.219970703125,4003.81005859375
2013-12-12,17.35429573059082,11.884310722351074,37.51325988769531,14.017333030700684,101.15715789794922,40.34861373901367,30.743999481201172,0.3557504415512085,1775.5,3998.39990234375
2013-12-13,17.165132522583008,11.82975959777832,37.557472229003906,13.832807540893555,100.82456970214844,40.248291015625,30.306201934814453,0.35363155603408813,1775.3199462890625,4000.97998046875
2013-12-16,17.260177612304688,11.876519203186035,37.50590515136719,14.133520126342773,103.77108764648438,40.42743682861328,30.471406936645508,0.35410237312316895,1786.5400390625,4029.52001953125
2013-12-17,17.182477951049805,11.82975959777832,37.35115432739258,14.297544479370117,102.55162811279297,39.925838470458984,30.16579818725586,0.3557504415512085,1781.0,4023.679931640625
2013-12-18,17.05182456970215,12.227204322814941,38.286949157714844,14.352224349975586,104.26704406738281,41.01500701904297,30.215349197387695,0.3606948256492615,1810.6500244140625,4070.06005859375
2013-12-19,16.856460571289062,12.273959159851074,38.22801971435547,14.40006160736084,105.1539535522461,41.00782775878906,29.94276237487793,0.3621073067188263,1809.5999755859375,4058.139892578125
2013-12-20,16.997638702392578,12.157064437866211,38.47116470336914,14.441072463989258,105.0372543334961,41.34461212158203,30.397085189819336,0.36940595507621765,1818.3199462890625,4104.740234375
2013-12-23,17.649965286254883,12.227204322814941,38.618553161621094,14.741783142089844,106.32673645019531,41.731544494628906,30.24839210510254,0.3715250790119171,1827.989990234375,4148.89990234375
2013-12-24,17.575042724609375,12.234997749328613,38.63330078125,14.823792457580566,106.90438842773438,41.73869323730469,30.628360748291016,0.3724667727947235,1833.3199462890625,4155.419921875
2013-12-26,17.45832633972168,12.196026802062988,38.5743293762207,14.898977279663086,108.1471939086914,41.702884674072266,30.925716400146484,0.3689351975917816,1842.02001953125,4167.18017578125
2013-12-27,17.340370178222656,12.211617469787598,38.508018493652344,15.049331665039062,107.98965454101562,41.659873962402344,30.80182647705078,0.37105420231819153,1841.4000244140625,4156.58984375
2013-12-30,17.167909622192383,12.110304832458496,38.25748825073242,15.206527709960938,108.76563262939453,41.523746490478516,30.80182647705078,0.3759983479976654,1841.0699462890625,4154.2001953125
2013-12-31,17.369163513183594,12.133686065673828,38.39750289916992,15.329543113708496,109.44251251220703,41.90350341796875,30.900949478149414,0.37717553973197937,1848.3599853515625,4176.58984375
2014-01-02,17.12488555908203,12.546713829040527,38.5153923034668,15.150486946105957,108.25220489501953,41.982845306396484,30.694440841674805,0.3734084665775299,1831.97998046875,4143.06982421875
2014-01-03,16.74872398376465,12.788297653198242,39.3480339050293,15.136711120605469,108.89989471435547,42.307395935058594,30.487943649291992,0.3689351975917816,1831.3699951171875,4131.91015625
2014-01-06,16.840055465698242,12.983123779296875,39.650150299072266,15.157371520996094,108.52642059326172,42.552616119384766,29.843656539916992,0.37387943267822266,1826.77001953125,4113.68017578125
2014-01-07,16.71961784362793,12.858437538146973,39.92279052734375,15.363972663879395,110.69116973876953,42.06217575073242,30.074939727783203,0.3800008296966553,1837.8800048828125,4153.18017578125
2014-01-08,16.82550621032715,12.9207763671875,40.38698959350586,15.350199699401855,109.67589569091797,42.458866119384766,29.538040161132812,0.38518062233924866,1837.489990234375,4165.60986328125
2014-01-09,16.610637664794922,13.1156005859375,40.67435836791992,15.212468147277832,109.3316650390625,42.3795166015625,29.348054885864258,0.3708186745643616,1838.1300048828125,4156.18994140625
2014-01-10,16.49981117248535,13.068842887878418,40.320682525634766,15.30198860168457,109.26164245605469,42.18479537963867,29.769317626953125,0.370347797870636,1842.3699951171875,4174.669921875
2014-01-13,16.586183547973633,12.803881645202637,39.58383560180664,15.281336784362793,107.45282745361328,41.61501693725586,28.893749237060547,0.3616364896297455,1819.199951171875,4113.2998046875
2014-01-14,16.91622543334961,13.068842887878418,39.7533073425293,15.432840347290039,108.47976684570312,41.64387130737305,29.554536819458008,0.37293753027915955,1838.8800048828125,4183.02001953125
2014-01-15,17.25585174560547,13.364980697631836,40.51963806152344,15.687642097473145,109.54170989990234,42.9060173034668,30.364038467407227,0.37694019079208374,1848.3800048828125,4214.8798828125
2014-01-16,17.159564971923828,13.310428619384766,38.75852966308594,15.687642097473145,110.13685607910156,42.545413970947266,30.471406936645508,0.37811723351478577,1845.8900146484375,4218.68994140625
2014-01-17,16.7391300201416,13.255875587463379,38.5153923034668,15.660097122192383,110.91288757324219,41.910728454589844,30.05016326904297,0.3764694035053253,1838.699951171875,4197.580078125
2014-01-21,16.99918556213379,13.255875587463379,38.205909729003906,15.722075462341309,109.94430541992188,41.95399475097656,29.876686096191406,0.3778819739818573,1843.800048828125,4225.759765625
2014-01-22,17.074729919433594,13.364980697631836,38.24275588989258,15.728965759277344,106.33842468261719,41.535682678222656,29.678451538085938,0.37741097807884216,1844.8599853515625,4243.0
2014-01-23,17.219308853149414,13.138981819152832,37.37325668334961,15.536134719848633,106.61846923828125,40.727901458740234,29.785837173461914,0.3759983479976654,1828.4599609375,4218.8798828125
2014-01-24,16.90630340576172,12.819470405578613,36.34904098510742,15.288213729858398,104.8155517578125,39.73261642456055,30.405324935913086,0.3663453459739685,1790.2900390625,4128.169921875
2014-01-27,17.0434627532959,12.710369110107422,35.965858459472656,15.150486946105957,103.80030059814453,39.73261642456055,29.76105308532715,0.3639909029006958,1781.56005859375,4083.610107421875
2014-01-28,15.681221961975098,13.037671089172363,36.54798889160156,14.978325843811035,103.18765258789062,40.20140838623047,29.95929527282715,0.3675225079059601,1792.5,4097.9599609375
2014-01-29,15.503202438354492,12.998708724975586,35.4279670715332,14.909456253051758,102.92508697509766,40.049949645996094,30.28143310546875,0.3639909029006958,1774.199951171875,4051.429931640625
2014-01-30,15.473172187805176,13.19353199005127,35.59748458862305,15.136711120605469,103.48523712158203,40.38893508911133,30.446643829345703,0.3701123893260956,1794.18994140625,4123.1298828125
2014-01-31,15.498553276062012,13.053263664245605,34.95628356933594,15.088506698608398,103.08841705322266,39.92735290527344,31.256132125854492,0.3696415424346924,1782.5899658203125,4103.8798828125
2014-02-03,15.527347564697266,12.741539001464844,34.15294647216797,14.840592384338379,100.8829116821289,39.1700439453125,30.13275718688965,0.36469733715057373,1741.8900146484375,3996.9599609375
2014-02-04,15.752123832702637,12.741539001464844,34.47722244262695,15.012761116027832,100.84790802001953,39.631629943847656,30.025373458862305,0.3668162226676941,1755.199951171875,4031.52001953125
2014-02-05,15.869762420654297,12.780506134033203,34.68358612060547,15.136711120605469,101.66476440429688,39.81915283203125,29.58759117126465,0.3635201156139374,1751.6400146484375,4011.550048828125
2014-02-06,15.962270736694336,13.006502151489258,35.56063461303711,15.487929344177246,102.47437286376953,40.735111236572266,29.88496208190918,0.36822888255119324,1773.4300537109375,4057.1201171875
2014-02-07,16.18557357788086,13.107809066772461,36.36397171020508,15.611895561218262,103.98802947998047,40.83607864379883,30.198833465576172,0.37364402413368225,1797.02001953125,4125.85986328125
2014-02-10,16.475543975830078,13.029881477355957,36.34922790527344,15.722075462341309,103.92349243164062,40.922645568847656,30.397085189819336,0.37482118606567383,1799.8399658203125,4148.169921875
2014-02-11,16.692628860473633,13.15456485748291,36.599815368652344,15.639432907104492,105.42533111572266,41.4202880859375,30.702688217163086,0.38259074091911316,1819.75,4191.0498046875
2014-02-12,16.691381454467773,13.053263664245605,36.82091522216797,15.735845565795898,105.74217987060547,41.485206604003906,30.950515747070312,0.39624619483947754,1819.260009765625,4201.2900390625
2014-02-13,16.956438064575195,13.053263664245605,36.74721145629883,15.336426734924316,106.68083190917969,41.85301208496094,31.066139221191406,0.4087245762348175,1829.8299560546875,4240.669921875
2014-02-14,16.94272232055664,13.01429557800293,36.49662780761719,15.536134719848633,107.76618957519531,41.93956756591797,31.07439613342285,0.4216737449169159,1838.6300048828125,4244.02001953125
2014-02-18,17.005016326904297,12.835052490234375,36.39344787597656,15.432840347290039,107.472900390625,42.18479537963867,31.14098358154297,0.4214383661746979,1840.760009765625,4272.77978515625
2014-02-19,16.736543655395508,12.624641418457031,35.51639175415039,15.34331226348877,107.33206176757812,41.29767608642578,31.21587371826172,0.4270889461040497,1828.75,4237.9501953125
2014-02-20,16.542821884155273,12.702573776245117,35.47220230102539,15.357083320617676,108.10060119628906,41.528465270996094,31.415613174438477,0.442157119512558,1839.780029296875,4267.5498046875
2014-02-21,16.35906219482422,12.694781303405762,35.56800079345703,15.240017890930176,107.23819732666016,41.550113677978516,31.607013702392578,0.4388609826564789,1836.25,4263.41015625
2014-02-24,16.430696487426758,12.881815910339355,36.0986442565918,15.233126640319824,107.62540435791016,41.85301208496094,31.36568260192871,0.44521790742874146,1847.6099853515625,4292.97021484375
2014-02-25,16.25971031188965,12.733746528625488,35.67117691040039,15.040303230285645,107.496337890625,41.13178634643555,31.240842819213867,0.44320765137672424,1845.1199951171875,4287.58984375
2014-02-26,16.113012313842773,12.7259521484375,35.61220932006836,15.102279663085938,107.98326110839844,40.92985534667969,31.18260383605957,0.44249802827835083,1845.1600341796875,4292.06005859375
2014-02-27,16.43443489074707,12.850638389587402,35.88490295410156,15.095396995544434,108.69312286376953,40.886573791503906,31.507144927978516,0.4375315308570862,1854.2900390625,4318.93017578125
2014-02-28,16.38990020751953,12.881815910339355,35.840694427490234,15.012761116027832,108.63449096679688,40.980342864990234,31.881643295288086,0.43469345569610596,1859.449951171875,4308.1201171875
2014-03-03,16.437238693237305,12.702573776245117,35.08895492553711,14.8543701171875,108.10060119628906,40.54039001464844,31.440570831298828,0.4325648546218872,1845.72998046875,4277.2998046875
2014-03-04,16.545616149902344,13.037671089172363,35.988094329833984,15.026529312133789,109.37952423095703,41.29767608642578,31.964853286743164,0.4370585083961487,1873.9100341796875,4351.97021484375
2014-03-05,16.58050537109375,13.450946807861328,36.42292785644531,15.06096363067627,109.7902603149414,41.94679260253906,31.7152042388916,0.44084256887435913,1873.81005859375,4357.97021484375
2014-03-06,16.530363082885742,13.528924942016602,36.63666534423828,15.026529312133789,110.08355712890625,42.480499267578125,31.748483657836914,0.43469345569610596,1877.030029296875,4352.1298828125
2014-03-07,16.520706176757812,13.513335227966309,36.57033157348633,14.964552879333496,110.10704040527344,42.84111404418945,31.540430068969727,0.43422043323516846,1878.0400390625,4336.22021484375
2014-03-10,16.535654067993164,13.62249755859375,36.53348159790039,14.937002182006836,109.35017395019531,42.696868896484375,31.473859786987305,0.427834689617157,1877.1700439453125,4334.4501953125
2014-03-11,16.696678161621094,13.46654224395752,35.69330596923828,14.881911277770996,109.56727600097656,41.96841049194336,31.640300750732422,0.4320920407772064,1867.6300048828125,4307.18994140625
2014-03-12,16.71286964416504,13.474345207214355,35.361629486083984,15.026529312133789,109.25048065185547,41.773681640625,31.84834861755371,0.43327435851097107,1868.199951171875,4323.330078125
2014-03-13,16.52724838256836,13.380766868591309,34.8825798034668,14.819934844970703,107.88941192626953,41.4130859375,31.5321102142334,0.4195571839809418,1846.3399658203125,4260.419921875
2014-03-14,16.34162139892578,13.100056648254395,34.55091857910156,14.702859878540039,106.89791870117188,40.96590805053711,31.373998641967773,0.42144936323165894,1841.1300048828125,4245.39990234375
2014-03-17,16.40546417236328,13.341776847839355,35.17737579345703,14.8130464553833,109.0099105834961,41.528465270996094,31.665267944335938,0.42144936323165894,1858.8299560546875,4279.9501953125
2014-03-18,16.550609588623047,13.404165267944336,35.47956466674805,14.895689964294434,109.59662628173828,41.87466812133789,32.9135627746582,0.4313823878765106,1872.25,4333.31005859375
2014-03-19,16.54625129699707,13.599103927612305,36.06916046142578,14.895689964294434,108.36461639404297,42.047760009765625,32.68054962158203,0.4389505088329315,1860.77001953125,4307.60009765625
2014-03-20,16.466510772705078,13.97339153289795,37.01253128051758,15.033415794372559,110.236083984375,43.35318374633789,33.56269454956055,0.43918704986572266,1872.010009765625,4319.2900390625
2014-03-21,16.596389770507812,13.692678451538086,36.90936279296875,14.902569770812988,109.51451873779297,43.39646530151367,33.42121505737305,0.438477486371994,1866.52001953125,4276.7900390625
2014-03-24,16.793228149414062,13.54451847076416,36.88724136352539,14.8543701171875,110.4414291381836,44.04556655883789,33.70414733886719,0.4363490641117096,1857.43994140625,4226.39013671875
2014-03-25,16.973873138427734,13.419759750366211,37.07149887084961,15.384631156921387,114.42494201660156,43.9445915222168,33.57101058959961,0.4363490641117096,1865.6199951171875,4234.27001953125
2014-03-26,16.811599731445312,13.396361351013184,36.96831130981445,15.370857238769531,113.0052261352539,43.20172882080078,33.113311767578125,0.42641589045524597,1852.56005859375,4173.580078125
2014-03-27,16.73934555053711,13.263801574707031,34.97102737426758,15.164261817932129,111.36833190917969,43.21614456176758,32.75543975830078,0.4207398593425751,1849.0400390625,4151.22998046875
2014-03-28,16.720659255981445,13.240412712097168,34.823631286621094,15.37774658203125,111.73213195800781,43.302703857421875,33.537715911865234,0.4233412444591522,1857.6199951171875,4155.759765625
2014-03-31,16.716920852661133,13.411961555480957,35.08156204223633,15.439724922180176,112.9289321899414,43.785919189453125,34.111942291259766,0.4235778748989105,1872.3399658203125,4198.990234375
2014-04-01,16.869844436645508,13.52112865447998,35.22895812988281,16.043977737426758,114.10814666748047,43.75706481933594,34.46977233886719,0.4410790801048279,1885.52001953125,4268.0400390625
2014-04-02,16.89787483215332,13.435352325439453,35.55325698852539,15.967576026916504,113.55081176757812,43.89496994018555,34.41154479980469,0.4382409155368805,1890.9000244140625,4276.4599609375
2014-04-03,16.780773162841797,13.372969627380371,35.140541076660156,16.037033081054688,113.0462875366211,44.02561569213867,34.12858581542969,0.4429710805416107,1888.77001953125,4237.740234375
2014-04-04,16.563684463500977,13.037671089172363,34.720428466796875,15.773102760314941,112.50655364990234,43.4087028503418,33.179874420166016,0.42925384640693665,1865.0899658203125,4127.72998046875
2014-04-07,16.303625106811523,12.772554397583008,34.307708740234375,15.870341300964355,114.11988067626953,42.820831298828125,33.121620178222656,0.43067294359207153,1845.0400390625,4079.75
2014-04-08,16.302690505981445,12.819340705871582,34.34455871582031,15.932853698730469,113.39827728271484,42.711952209472656,33.13825607299805,0.4460456371307373,1851.9599609375,4112.990234375
2014-04-09,16.516965866088867,12.959696769714355,34.757286071777344,16.05787467956543,115.36361694335938,43.01678466796875,33.679195404052734,0.4455726146697998,1872.1800537109375,4183.89990234375
2014-04-10,16.30393409729004,12.569817543029785,34.07188034057617,15.731430053710938,114.80043029785156,41.65958023071289,32.75543975830078,0.43469345569610596,1833.0799560546875,4054.110107421875
2014-04-11,16.18340301513672,12.296894073486328,33.66651916503906,15.599472045898438,114.51295471191406,40.13544464111328,32.63060760498047,0.42854440212249756,1815.68994140625,3999.72998046875
2014-04-14,16.24787712097168,12.476244926452637,35.13315963745117,15.870341300964355,116.02660369873047,39.88869094848633,32.605648040771484,0.43327435851097107,1830.6099853515625,4022.68994140625
2014-04-15,16.13200569152832,12.780351638793945,35.6048469543457,15.898123741149902,115.58656311035156,39.77255630493164,33.080013275146484,0.4363490641117096,1842.97998046875,4034.159912109375
2014-04-16,16.164709091186523,12.577610969543457,35.50904083251953,15.995362281799316,115.22285461425781,40.10641098022461,33.620948791503906,0.43729498982429504,1862.31005859375,4086.22998046875
2014-04-17,16.34940528869629,12.593204498291016,35.538516998291016,16.12038230895996,111.4739990234375,40.07738494873047,33.296363830566406,0.4389505088329315,1864.8499755859375,4095.52001953125
2014-04-21,16.543441772460938,12.546420097351074,35.25845718383789,16.25234603881836,112.79985046386719,39.93948745727539,33.23813247680664,0.44249802827835083,1871.8900146484375,4121.5498046875
2014-04-22,16.55994987487793,12.702373504638672,35.39112091064453,16.33568572998047,112.72943115234375,40.50559997558594,33.27974319458008,0.44628220796585083,1879.550048828125,4161.4599609375
2014-04-23,16.343488693237305,12.764756202697754,35.67117691040039,16.321794509887695,112.48306274414062,40.67979431152344,33.030059814453125,0.45148518681526184,1875.3900146484375,4126.97021484375
2014-04-24,17.6833553314209,12.741365432739258,35.61958694458008,16.20372200012207,111.59718322753906,40.78139114379883,33.17155838012695,0.45550572872161865,1878.6099853515625,4148.33984375
2014-04-25,17.8132266998291,12.437254905700684,35.19211959838867,15.974528312683105,111.25104522705078,40.42576217651367,33.2131462097168,0.4429710805416107,1863.4000244140625,4075.56005859375
2014-04-28,18.50310707092285,11.657492637634277,34.8604621887207,15.988414764404297,113.31024169921875,40.273345947265625,34.01206970214844,0.4410790801048279,1869.4300537109375,4074.39990234375
2014-04-29,18.44828987121582,11.883622169494629,35.49429702758789,16.08565330505371,114.46600341796875,40.71607208251953,33.712486267089844,0.4420250952243805,1878.3299560546875,4103.5400390625
2014-04-30,18.378522872924805,11.805644035339355,35.31003189086914,16.050928115844727,115.26386260986328,40.628971099853516,33.620948791503906,0.43682196736335754,1883.949951171875,4114.56005859375
2014-05-01,18.421815872192383,11.766657829284668,35.20683670043945,15.981473922729492,113.53907012939453,40.44026565551758,33.28807830810547,0.43918704986572266,1883.6800537109375,4127.4501953125
2014-05-02,18.456064224243164,11.891416549682617,35.18472671508789,15.932853698730469,112.31292724609375,40.33867645263672,33.030059814453125,0.4358760118484497,1881.1400146484375,4123.89990234375
2014-05-05,18.71706771850586,11.758857727050781,34.779293060302734,15.946745872497559,112.20732879638672,39.351627349853516,32.813697814941406,0.4406060576438904,1884.6600341796875,4138.06005859375
2014-05-06,18.513065338134766,11.48593807220459,34.1748161315918,15.780051231384277,111.48572540283203,38.712913513183594,32.50579071044922,0.431618869304657,1867.719970703125,4080.760009765625
2014-05-07,18.44828987121582,11.54052448272705,34.42544174194336,15.884237289428711,111.70407104492188,39.22822570800781,32.80539321899414,0.4320920407772064,1878.2099609375,4067.669921875
2014-05-08,18.4153995513916,11.641894340515137,34.74979782104492,15.988414764404297,111.47394561767578,39.45322036743164,32.988460540771484,0.4375315308570862,1875.6300048828125,4051.5
2014-05-09,18.33867073059082,11.49374008178711,34.63923645019531,15.988414764404297,112.16437530517578,39.199195861816406,32.90524673461914,0.4268888235092163,1878.47998046875,4071.8701171875
2014-05-12,18.566980361938477,11.751060485839844,34.84563064575195,16.106483459472656,113.6336669921875,39.6636962890625,33.26308822631836,0.4394235610961914,1896.6500244140625,4143.85986328125
2014-05-13,18.596113204956055,11.719866752624512,34.956214904785156,15.877290725708008,113.4094467163086,39.64191818237305,33.8748893737793,0.43232834339141846,1897.449951171875,4130.169921875
2014-05-14,18.599559783935547,11.571714401245117,34.73505783081055,15.842560768127441,111.3617935180664,39.45322036743164,33.72402572631836,0.42807140946388245,1888.530029296875,4100.6298828125
2014-05-15,18.441394805908203,11.3455810546875,34.29277038574219,16.79408836364746,110.02816009521484,38.836307525634766,33.18765640258789,0.42570629715919495,1870.8499755859375,4069.2900390625
2014-05-16,18.713560104370117,11.314390182495117,34.23378372192383,16.926054000854492,110.38223266601562,38.69115447998047,33.38042068481445,0.4247604012489319,1877.8599853515625,4090.590087890625
2014-05-19,18.935300827026367,11.439155578613281,34.47705841064453,16.91216278076172,110.34681701660156,39.06855773925781,33.31338119506836,0.438477486371994,1885.0799560546875,4125.81005859375
2014-05-20,18.939058303833008,11.329986572265625,34.31487274169922,16.752422332763672,109.10172271728516,38.988731384277344,33.25471878051758,0.4333692789077759,1872.8299560546875,4096.89013671875
2014-05-21,18.989171981811523,11.392366409301758,34.5360221862793,17.002452850341797,109.98683166503906,39.27902603149414,33.81621170043945,0.4333692789077759,1888.030029296875,4131.5400390625
2014-05-22,19.01923179626465,11.47034740447998,34.74979782104492,16.933000564575195,109.56791687011719,39.59111785888672,33.6067008972168,0.43526995182037354,1892.489990234375,4154.33984375
2014-05-23,19.234085083007812,11.478144645690918,34.86037826538086,17.030231475830078,109.7213363647461,39.57658767700195,33.62347412109375,0.43930909037590027,1900.530029296875,4185.81005859375
2014-05-27,19.594261169433594,11.868022918701172,35.06678009033203,17.16219139099121,109.03680419921875,40.019317626953125,33.682125091552734,0.4471496641635895,1911.9100341796875,4237.06982421875
2014-05-28,19.54351806640625,11.805644035339355,34.882484436035156,17.238597869873047,108.03370666503906,40.24431228637695,33.5312614440918,0.45095115900039673,1909.780029296875,4225.080078125
2014-05-29,19.899616241455078,11.813445091247559,34.85301208496094,17.141357421875,108.4349594116211,40.44026565551758,33.80784225463867,0.45023831725120544,1920.030029296875,4247.9501953125
2014-05-30,19.82508087158203,11.805644035339355,35.06678009033203,17.09969139099121,108.7889633178711,40.3314094543457,34.31068801879883,0.45142626762390137,1923.5699462890625,4242.6201171875
2014-06-02,19.688838958740234,11.89921760559082,35.20683670043945,17.2108211517334,109.57386016845703,40.171730041503906,34.18498229980469,0.45000073313713074,1924.969970703125,4237.2001953125
2014-06-03,19.967266082763672,11.860227584838867,35.5238151550293,17.141357421875,108.79490661621094,40.35318374633789,33.76594924926758,0.4481000006198883,1924.239990234375,4234.080078125
2014-06-04,20.195274353027344,11.860227584838867,35.2952995300293,17.016342163085938,108.87750244140625,40.411251068115234,33.791080474853516,0.4485752284526825,1927.8800048828125,4251.64013671875
2014-06-05,20.27450942993164,12.031776428222656,35.848182678222656,17.155248641967773,109.74494934082031,41.100730895996094,34.536956787109375,0.4504760205745697,1940.4599609375,4296.22998046875
2014-06-06,20.218765258789062,12.156536102294922,36.06932830810547,17.245540618896484,109.97508239746094,41.347496032714844,34.763248443603516,0.45213910937309265,1949.43994140625,4321.39990234375
2014-06-09,20.542285919189453,12.351479530334473,36.5484619140625,17.22470474243164,109.8865737915039,41.674095153808594,34.58724594116211,0.4526143968105316,1951.27001953125,4336.240234375
2014-06-10,20.662866592407227,12.413859367370605,36.36418914794922,17.363616943359375,108.7476806640625,42.022464752197266,34.45317077636719,0.4549901783466339,1950.7900390625,4338.0
2014-06-11,20.577367782592773,12.156536102294922,35.980865478515625,17.391395568847656,107.54389953613281,41.56522750854492,34.24363708496094,0.4609299898147583,1943.8900146484375,4331.93017578125
2014-06-12,20.23317527770996,12.023975372314453,35.58278274536133,17.12747573852539,106.93611145019531,41.398311614990234,34.00897979736328,0.46378111839294434,1930.1099853515625,4297.6298828125
2014-06-13,20.011747360229492,12.039568901062012,35.0815315246582,17.155248641967773,107.7268295288086,41.398311614990234,34.55372619628906,0.46425631642341614,1936.1600341796875,4310.64990234375
2014-06-16,20.213443756103516,11.914812088012695,35.11838150024414,17.037179946899414,107.60294342041016,41.27492904663086,34.78000259399414,0.4628307521343231,1937.780029296875,4321.10009765625
2014-06-17,20.187135696411133,12.156536102294922,35.22895812988281,17.016342163085938,107.54981994628906,41.674095153808594,34.93086242675781,0.46591949462890625,1941.989990234375,4337.22998046875
2014-06-18,20.209056854248047,12.203320503234863,35.3321533203125,17.106626510620117,108.34053802490234,41.93537521362305,34.90571975708008,0.46544426679611206,1956.97998046875,4362.83984375
2014-06-19,20.138893127441406,12.125348091125488,35.05940628051758,17.16219139099121,107.88024139404297,41.58700942993164,34.788387298583984,0.45475268363952637,1959.47998046875,4359.330078125
2014-06-20,19.93061637878418,12.05512523651123,34.89725112915039,17.245540618896484,107.13085174560547,41.7684440612793,34.93086242675781,0.44976308941841125,1962.8699951171875,4368.0400390625
2014-06-23,19.913087844848633,12.203375816345215,35.42798614501953,17.155248641967773,107.47896575927734,42.23293685913086,35.1906623840332,0.4445360600948334,1962.6099853515625,4368.68017578125
2014-06-24,19.792509078979492,12.086335182189941,35.24369812011719,17.037179946899414,106.73548889160156,41.674095153808594,34.98951721191406,0.43764594197273254,1949.97998046875,4350.35009765625
2014-06-25,19.810039520263672,12.07072639465332,35.25107192993164,17.169143676757812,106.64107513427734,41.753929138183594,35.22418212890625,0.44216012954711914,1959.530029296875,4379.759765625
2014-06-26,19.928434371948242,12.023913383483887,34.81614685058594,17.120521545410156,106.4345703125,41.65230941772461,34.964393615722656,0.43622031807899475,1957.219970703125,4379.0498046875
2014-06-27,20.165206909179688,11.961488723754883,34.74979782104492,17.155248641967773,107.22525024414062,41.753929138183594,35.4085578918457,0.43669551610946655,1960.9599609375,4397.93017578125
2014-06-30,20.37347412109375,11.99269962310791,34.72031784057617,17.259435653686523,106.96562957763672,41.819252014160156,34.94760513305664,0.4404970407485962,1960.22998046875,4408.18017578125
2014-07-01,20.50282859802246,12.172161102294922,34.985694885253906,17.419178009033203,109.96331787109375,42.07504653930664,35.09009552001953,0.4454864263534546,1973.3199462890625,4458.64990234375
2014-07-02,20.494060516357422,12.367232322692871,35.391117095947266,17.517154693603516,111.16708374023438,41.636539459228516,35.11524200439453,0.44382336735725403,1974.6199951171875,4457.72998046875
2014-07-03,20.614639282226562,12.50767707824707,35.56068801879883,17.629131317138672,111.24966430664062,41.695003509521484,35.031429290771484,0.4478623867034912,1985.43994140625,4485.93017578125
2014-07-07,21.039945602416992,12.43745231628418,35.3690185546875,17.657127380371094,110.96055603027344,41.41728591918945,35.1906623840332,0.44429850578308105,1977.6500244140625,4451.52978515625
2014-07-08,20.904033660888672,12.156558990478516,34.956214904785156,17.545148849487305,110.47663879394531,40.75221252441406,35.014671325683594,0.4407346248626709,1963.7099609375,4391.4599609375
2014-07-09,20.912797927856445,12.172161102294922,34.92673110961914,17.804088592529297,111.18478393554688,40.942230224609375,34.92247772216797,0.4540397822856903,1972.8299560546875,4419.02978515625
2014-07-10,20.836071014404297,12.047319412231445,34.57289505004883,17.804088592529297,110.75990295410156,40.60603713989258,34.939247131347656,0.4516638219356537,1964.6800537109375,4396.2001953125
2014-07-11,20.875524520874023,12.000503540039062,34.646610260009766,17.86008071899414,110.93692016601562,40.78143310546875,35.27446365356445,0.4526143968105316,1967.5699462890625,4415.490234375
2014-07-14,21.145185470581055,12.14875602722168,35.69337463378906,17.804088592529297,112.03449249267578,41.139564514160156,35.31636428833008,0.45831653475761414,1977.0999755859375,4440.419921875
2014-07-15,20.8974552154541,12.336019515991211,36.33470153808594,17.96506118774414,111.22608184814453,42.586639404296875,35.57617950439453,0.4602171778678894,1973.280029296875,4416.39013671875
2014-07-16,20.779067993164062,12.101940155029297,36.72538757324219,18.1820125579834,113.50970458984375,42.90821838378906,36.942230224609375,0.45974206924438477,1981.5699462890625,4425.97021484375
2014-07-17,20.40856170654297,11.860055923461914,36.25362014770508,17.93706512451172,113.5864486694336,42.28699493408203,37.31936264038086,0.45855405926704407,1958.1199951171875,4363.4501953125
2014-07-18,20.702335357666016,12.086335182189941,36.53372573852539,18.13302230834961,113.5923080444336,42.55740737915039,37.453468322753906,0.4381210505962372,1978.219970703125,4432.14990234375
2014-07-21,20.59490966796875,12.109742164611816,36.37893295288086,18.091033935546875,112.61868286132812,42.564720153808594,37.57917404174805,0.4407346248626709,1973.6300048828125,4424.7001953125
2014-07-22,20.76591682434082,12.109742164611816,36.563228607177734,18.161014556884766,114.53057098388672,42.87898635864258,37.5707893371582,0.43883389234542847,1983.530029296875,4456.02001953125
2014-07-23,21.307418823242188,12.109742164611816,36.990779876708984,17.972055435180664,114.2591323852539,43.12016677856445,37.60431671142578,0.42956778407096863,1987.010009765625,4473.7001953125
2014-07-24,21.2723445892334,12.187768936157227,36.92442321777344,18.07703971862793,115.20915985107422,43.24440002441406,37.210418701171875,0.43028050661087036,1987.97998046875,4472.10986328125
2014-07-25,21.41265296936035,12.164360046386719,36.88018798828125,18.17501449584961,114.7135238647461,43.127479553222656,37.29421615600586,0.4226777255535126,1978.3399658203125,4449.56005859375
2014-07-28,21.708614349365234,12.094135284423828,36.63693618774414,18.140024185180664,115.52786254882812,43.2590217590332,36.85005569458008,0.4210145175457001,1978.9100341796875,4444.91015625
2014-07-29,21.56831169128418,11.969292640686035,36.43052673339844,17.99304962158203,114.8138198852539,42.85704803466797,36.78300094604492,0.4224399924278259,1969.949951171875,4442.7001953125
2014-07-30,21.51789093017578,12.156558990478516,36.85808181762695,17.93706512451172,114.47745513916016,43.05438995361328,36.523197174072266,0.42956778407096863,1970.0699462890625,4462.89990234375
2014-07-31,20.958839416503906,11.899069786071777,36.061790466308594,17.657127380371094,113.10252380371094,42.148128509521484,36.171199798583984,0.41578739881515503,1930.6700439453125,4369.77001953125
2014-08-01,21.075027465820312,11.688397407531738,35.46456527709961,17.49616050720215,111.61553192138672,41.278419494628906,35.91978073120117,0.4203016459941864,1925.1500244140625,4352.64013671875
2014-08-04,20.95665168762207,11.743016242980957,35.64152526855469,17.615142822265625,111.9046630859375,41.40267562866211,36.34719467163086,0.4193512499332428,1938.989990234375,4383.89013671875
2014-08-05,20.853605270385742,11.704002380371094,35.309730529785156,17.475162506103516,110.40584564208984,40.971466064453125,36.104164123535156,0.41958895325660706,1920.2099609375,4352.83984375
2014-08-06,20.818527221679688,11.860055923461914,35.49406051635742,17.447168350219727,110.3880615234375,41.09571838378906,35.819217681884766,0.4191136062145233,1920.239990234375,4355.0498046875
2014-08-07,20.816326141357422,11.79763412475586,35.43508529663086,17.3981876373291,109.3967514038086,40.86183547973633,36.22987747192383,0.4148370623588562,1909.5699462890625,4334.97021484375
2014-08-08,20.87360954284668,11.860055923461914,35.72262954711914,17.517154693603516,110.77978515625,41.17610549926758,36.20471954345703,0.45142626762390137,1931.5899658203125,4370.89990234375
2014-08-11,21.149015426635742,11.87566089630127,35.67839050292969,17.657127380371094,111.27841186523438,41.1614875793457,36.20471954345703,0.4490504860877991,1936.9200439453125,4401.330078125
2014-08-12,21.144603729248047,11.867857933044434,35.71526336669922,17.60114097595215,111.20121765136719,41.18341064453125,36.4729118347168,0.4490504860877991,1933.75,4389.25
2014-08-13,21.424419403076172,11.899069786071777,35.943817138671875,17.636123657226562,111.56330108642578,41.45382308959961,36.942230224609375,0.4516638219356537,1946.719970703125,4434.1298828125
2014-08-14,21.48170280456543,11.953688621520996,36.224002838134766,17.174238204956055,111.52179718017578,41.64384841918945,37.101463317871094,0.44667452573776245,1955.1800537109375,4453.0
2014-08-15,21.58746337890625,11.87566089630127,35.92169952392578,17.09724235534668,111.2249755859375,41.47576904296875,37.537261962890625,0.45237666368484497,1955.06005859375,4464.93017578125
2014-08-18,21.84743881225586,12.05512523651123,36.50418472290039,17.23721694946289,112.40029907226562,41.82655715942383,37.805442810058594,0.45855405926704407,1971.739990234375,4508.31005859375
2014-08-19,22.149295806884766,12.05512523651123,36.644264221191406,17.244218826293945,112.82169342041016,42.0677375793457,38.22710037231445,0.46225297451019287,1981.5999755859375,4527.509765625
2014-08-20,22.158100128173828,12.109742164611816,36.717994689941406,17.293201446533203,112.83952331542969,42.126216888427734,37.90663146972656,0.4593892991542816,1986.510009765625,4526.47998046875
2014-08-21,22.160301208496094,12.609111785888672,37.654380798339844,17.419178009033203,113.51026916503906,42.754737854003906,38.13433074951172,0.4550938010215759,1992.3699951171875,4532.10009765625
2014-08-22,22.323347091674805,12.585704803466797,37.55116271972656,17.25121307373047,113.02354431152344,42.74742889404297,38.0753059387207,0.4553323984146118,1988.4000244140625,4538.5498046875
2014-08-25,22.371822357177734,12.710546493530273,38.0672721862793,17.28620719909668,113.4687271118164,43.36865234375,38.0921630859375,0.45604825019836426,1997.9200439453125,4557.35009765625
2014-08-26,22.22861099243164,12.7417573928833,38.4359245300293,17.36319351196289,114.5549545288086,43.66099548339844,37.95724868774414,0.464162141084671,2000.02001953125,4570.64013671875
2014-08-27,22.501811981201172,12.6403226852417,38.23686599731445,17.356185913085938,114.11576080322266,43.551368713378906,37.83919143676758,0.4589120149612427,2000.1199951171875,4569.6201171875
2014-08-28,22.528244018554688,12.492072105407715,37.89031219482422,17.39118766784668,113.96736145019531,43.23709487915039,37.847618103027344,0.4627303183078766,1996.739990234375,4557.7001953125
2014-08-29,22.58333396911621,12.554494857788086,38.08202362060547,17.489166259765625,114.14539337158203,43.449039459228516,38.311439514160156,0.464162141084671,2003.3699951171875,4580.27001953125
2014-09-02,22.759592056274414,12.694938659667969,38.310585021972656,17.41217613220215,113.70616912841797,43.60984420776367,38.02471923828125,0.46535545587539673,2002.280029296875,4598.18994140625
2014-09-03,21.798973083496094,12.601019859313965,38.5096549987793,17.524152755737305,113.93763732910156,43.63176345825195,37.91508483886719,0.46965107321739197,2000.719970703125,4572.56005859375
2014-09-04,21.61831283569336,12.60884952545166,38.68661880493164,17.433176040649414,113.1838150024414,43.63907241821289,38.168060302734375,0.47800353169441223,1997.6500244140625,4562.2900390625
2014-09-05,21.805587768554688,12.538410186767578,38.561279296875,17.49616050720215,113.49243927001953,43.785247802734375,38.716209411621094,0.4765716791152954,2007.7099609375,4582.89990234375
2014-09-08,21.67118263244629,12.796688079833984,38.376953125,17.461166381835938,112.86325073242188,43.770626068115234,39.188480377197266,0.472275972366333,2001.5400390625,4592.2900390625
2014-09-09,21.58966064453125,12.632328987121582,37.79446029663086,17.3981876373291,112.77426147460938,43.16402816772461,39.43303298950195,0.4663099944591522,1988.43994140625,4552.2900390625
2014-09-10,22.252840042114258,12.804515838623047,38.2147331237793,17.447168350219727,113.69425201416016,43.28095245361328,39.50050354003906,0.46798059344291687,1995.68994140625,4586.52001953125
2014-09-11,22.347583770751953,12.968876838684082,38.5096549987793,17.622133255004883,113.80113220214844,43.67561340332031,39.635433197021484,0.4632076025009155,1997.449951171875,4591.81005859375
2014-09-12,22.39825439453125,13.141066551208496,38.62025451660156,17.608137130737305,113.53998565673828,43.8729362487793,39.3824348449707,0.45628705620765686,1985.5400390625,4567.60009765625
2014-09-15,22.39164161682129,13.101929664611816,38.568641662597656,17.53814697265625,113.85454559326172,43.807159423828125,38.994510650634766,0.4500822126865387,1984.1300048828125,4518.89990234375
2014-09-16,22.22199058532715,13.078450202941895,38.605506896972656,17.650129318237305,114.53716278076172,43.84370422363281,39.43303298950195,0.4567643404006958,1998.97998046875,4552.759765625
2014-09-17,22.380630493164062,13.125409126281738,38.627620697021484,17.64313316345215,114.44215393066406,44.07758331298828,39.23063659667969,0.4570028781890869,2001.5699462890625,4562.18994140625
2014-09-18,22.426902770996094,13.33673095703125,39.56401443481445,17.650129318237305,115.00614166259766,44.815738677978516,39.36556625366211,0.4639235734939575,2011.3599853515625,4593.43017578125
2014-09-19,22.244029998779297,13.266289710998535,39.43129348754883,17.636123657226562,115.15445709228516,44.662269592285156,40.073944091796875,0.4553323984146118,2010.4000244140625,4579.7900390625
2014-09-22,22.26605987548828,13.32890796661377,39.10688018798828,17.475162506103516,114.62618255615234,44.51609802246094,39.686031341552734,0.4507982134819031,1994.2900390625,4527.68994140625
2014-09-23,22.614171981811523,13.344561576843262,38.95942687988281,17.28620719909668,113.74176025390625,44.538021087646484,39.264373779296875,0.44888895750045776,1982.77001953125,4508.68994140625
2014-09-24,22.41808319091797,13.446303367614746,39.26908493041992,17.482166290283203,114.15132904052734,45.04229736328125,39.702880859375,0.45151403546333313,1998.300048828125,4555.22021484375
2014-09-25,21.5632266998291,13.188027381896973,38.310585021972656,17.174238204956055,112.19255065917969,43.960655212402344,38.82585906982422,0.4417296350002289,1965.989990234375,4466.75
2014-09-26,22.1977596282959,13.32890796661377,38.701358795166016,17.49616050720215,112.81578826904297,44.26028823852539,39.137882232666016,0.4426843225955963,1982.8499755859375,4512.18994140625
2014-09-29,22.05675506591797,13.313250541687012,38.376953125,17.58014488220215,112.56648254394531,44.09219741821289,39.163177490234375,0.4419683814048767,1977.800048828125,4505.85009765625
2014-09-30,22.1977596282959,13.344561576843262,38.20736312866211,17.749385833740234,112.67925262451172,44.026405334472656,39.0957145690918,0.4402979016304016,1972.2900390625,4493.39013671875
2014-10-01,21.851852416992188,13.16454792022705,37.67649841308594,17.650665283203125,111.1003189086914,43.68292236328125,38.70778274536133,0.43600234389305115,1946.1600341796875,4422.08984375
2014-10-02,22.010488510131836,13.211503028869629,37.78710174560547,17.67181396484375,110.94599914550781,43.2929573059082,38.5897216796875,0.4340931177139282,1946.1700439453125,4430.2001953125
2014-10-03,21.948789596557617,13.532397270202637,38.57600784301758,17.848108291625977,111.99069213867188,44.367183685302734,38.868019104003906,0.4350476562976837,1967.9000244140625,4475.6201171875
2014-10-06,21.948789596557617,13.532397270202637,38.54652786254883,17.636554718017578,112.2103042602539,44.27889633178711,38.868019104003906,0.4324226379394531,1964.8199462890625,4454.7998046875
2014-10-07,21.757112503051758,13.211503028869629,37.801849365234375,17.375642776489258,110.23369598388672,43.60934066772461,38.3957633972168,0.42788827419281006,1935.0999755859375,4385.2001953125
2014-10-08,22.208776473999023,13.399347305297852,38.738224029541016,17.389747619628906,112.40029907226562,44.440773010253906,39.44990921020508,0.4357636272907257,1968.8900146484375,4468.58984375
2014-10-09,22.25724983215332,12.984532356262207,37.70597839355469,17.058307647705078,110.65515899658203,43.469547271728516,38.66561508178711,0.42741110920906067,1928.2099609375,4378.33984375
2014-10-10,22.193363189697266,12.89843463897705,36.94655990600586,16.458900451660156,110.36429595947266,43.05751037597656,37.130794525146484,0.4021148085594177,1906.1300048828125,4276.240234375
2014-10-13,21.990652084350586,12.835823059082031,36.79172134399414,16.169776916503906,108.93375396728516,42.79262924194336,36.81034851074219,0.4006829559803009,1874.739990234375,4213.66015625
2014-10-14,21.757112503051758,12.929742813110352,37.949302673339844,16.261451721191406,109.09996032714844,42.66755294799805,36.87782287597656,0.40998995304107666,1877.699951171875,4227.169921875
2014-10-15,21.490524291992188,12.334914207458496,36.629520416259766,16.190942764282227,107.88313293457031,40.8575439453125,36.44773483276367,0.4161948561668396,1862.489990234375,4215.31982421875
2014-10-16,21.2085018157959,12.585368156433105,36.681129455566406,16.09221649169922,106.74939727783203,40.526451110839844,36.04293441772461,0.4164334535598755,1862.760009765625,4217.39013671875
2014-10-17,21.5191593170166,12.687114715576172,36.917076110839844,16.395442962646484,108.06122589111328,41.35052490234375,36.793479919433594,0.4157174527645111,1886.760009765625,4258.43994140625
2014-10-20,21.97964096069336,12.726248741149902,37.256229400634766,16.169776916503906,100.37435913085938,41.66689682006836,37.172969818115234,0.4192971885204315,1904.010009765625,4316.06982421875
2014-10-21,22.57672882080078,12.992359161376953,37.801849365234375,16.578784942626953,96.89006805419922,42.6234130859375,37.847618103027344,0.43719547986984253,1941.280029296875,4419.47998046875
2014-10-22,22.691287994384766,12.835823059082031,37.38157272338867,16.402490615844727,96.0353012084961,42.270240783691406,37.42594528198242,0.4269338846206665,1927.1099853515625,4382.85009765625
2014-10-23,23.096689224243164,12.992359161376953,37.90506362915039,16.621095657348633,96.26676177978516,42.71904373168945,37.965675354003906,0.4364795386791229,1950.8199462890625,4452.7900390625
2014-10-24,23.1826171875,13.086277961730957,38.1926155090332,16.76918601989746,96.20738983154297,43.21939468383789,38.90174865722656,0.44101381301879883,1964.5799560546875,4483.72021484375
2014-10-27,23.158376693725586,12.984532356262207,38.037776947021484,16.75507926940918,96.08277893066406,43.145790100097656,38.716209411621094,0.4412524104118347,1961.6300048828125,4485.93017578125
2014-10-28,23.51751136779785,13.148895263671875,38.66449737548828,16.973682403564453,97.10964965820312,43.874237060546875,39.20533752441406,0.4517526924610138,1985.050048828125,4564.2900390625
2014-10-29,23.649702072143555,13.297603607177734,38.81932830810547,16.99483871459961,97.02656555175781,43.62405776977539,39.31497573852539,0.44888895750045776,1982.300048828125,4549.22998046875
2014-10-30,23.57038688659668,13.32890796661377,39.1954345703125,16.98073387145996,97.55485534667969,43.697635650634766,38.83427047729492,0.44602522253990173,1994.6500244140625,4566.14013671875
2014-10-31,23.795120239257812,13.43065071105957,39.475650787353516,17.255762100219727,97.58451080322266,44.499629974365234,39.59326171875,0.4663099944591522,2018.050048828125,4630.740234375
2014-11-03,24.103574752807617,13.516746520996094,39.43142318725586,17.333324432373047,97.56078338623047,44.7939453125,40.00648498535156,0.4741852283477783,2017.81005859375,4638.91015625
2014-11-04,23.927310943603516,13.469791412353516,39.22492599487305,17.54488182067871,96.54576873779297,44.33040237426758,40.1161003112793,0.4803899824619293,2012.0999755859375,4623.64013671875
2014-11-05,23.98459243774414,13.571537017822266,39.837013244628906,17.73528480529785,96.0530776977539,44.99259567260742,40.36066818237305,0.4803899824619293,2023.5699462890625,4620.72021484375
2014-11-06,24.053186416625977,13.587188720703125,39.81489181518555,17.812849044799805,96.49533081054688,45.05146408081055,41.06904602050781,0.48253774642944336,2031.2099609375,4638.47021484375
2014-11-07,24.121793746948242,13.587188720703125,39.63789749145508,17.86221694946289,96.85990905761719,45.2280387878418,41.052181243896484,0.472275972366333,2031.9200439453125,4632.52978515625
2014-11-10,24.08196258544922,13.595014572143555,39.74114227294922,17.73528480529785,97.70856475830078,45.56650161743164,41.229278564453125,0.47776490449905396,2038.260009765625,4651.6201171875
2014-11-11,24.274477005004883,13.555878639221191,39.68214416503906,17.73528480529785,97.59500122070312,45.154483795166016,41.2123908996582,0.4720374643802643,2039.6800537109375,4660.56005859375
2014-11-12,24.61746597290039,13.532397270202637,39.3945426940918,17.707069396972656,96.77025604248047,44.55849075317383,41.136505126953125,0.46893510222435,2038.25,4675.14013671875
2014-11-13,24.96487808227539,13.477616310119629,39.409271240234375,18.109025955200195,97.29023742675781,44.31570053100586,41.83645248413086,0.4665485918521881,2039.3299560546875,4680.14013671875
2014-11-14,25.26581573486328,13.415002822875977,39.36503219604492,18.560344696044922,98.10896301269531,44.35247802734375,41.811161041259766,0.472275972366333,2039.8199462890625,4688.5400390625
2014-11-17,25.22376823425293,13.37586784362793,39.50515365600586,18.66611671447754,98.10896301269531,44.426048278808594,41.709964752197266,0.4701283872127533,2041.3199462890625,4671.0
2014-11-18,25.55126190185547,13.415002822875977,39.68214416503906,18.757797241210938,96.7523422241211,44.53642272949219,41.36201858520508,0.481344610452652,2051.800048828125,4702.43994140625
2014-11-19,25.374242782592773,13.35238265991211,39.57152557373047,18.7507381439209,96.47740173339844,44.58790969848633,40.920738220214844,0.47954705357551575,2048.719970703125,4675.7099609375
2014-11-20,25.737140655517578,13.305429458618164,39.468284606933594,18.9058837890625,96.00529479980469,44.23475646972656,41.32805633544922,0.4874557554721832,2052.75,4701.8701171875
2014-11-21,25.77254867553711,13.399347305297852,39.57152557373047,18.955245971679688,96.172607421875,44.477561950683594,40.71706008911133,0.4900919497013092,2063.5,4712.97021484375
2014-11-24,26.250511169433594,13.446303367614746,40.117244720458984,19.06102180480957,96.90773010253906,44.8527946472168,40.3860969543457,0.49320751428604126,2069.409912109375,4754.89013671875
2014-11-25,26.022592544555664,13.383691787719727,40.06560516357422,19.237316131591797,96.67465209960938,44.367183685302734,40.28425979614258,0.49296775460243225,2067.030029296875,4758.25
2014-11-26,26.332386016845703,13.391517639160156,39.91812515258789,19.343093872070312,96.7881851196289,44.39662170410156,40.52188491821289,0.5013555884361267,2072.830078125,4787.31982421875
2014-11-28,26.316898345947266,13.33673095703125,39.800140380859375,19.49118423461914,96.91964721679688,44.26417922973633,40.57280731201172,0.5025538206100464,2067.56005859375,4791.6298828125
2014-12-01,25.46275520324707,13.141066551208496,39.34290313720703,19.455923080444336,96.54315948486328,44.146461486816406,41.260196685791016,0.49320751428604126,2053.43994140625,4727.35009765625
2014-12-02,25.365386962890625,13.422826766967773,40.087738037109375,19.61811637878418,97.2184829711914,44.941097259521484,41.12440490722656,0.4939264953136444,2066.550048828125,4755.81005859375
2014-12-03,25.653051376342773,13.571969985961914,40.71458053588867,19.70979118347168,98.32413482666016,45.279563903808594,40.80192565917969,0.5066280961036682,2074.330078125,4774.47021484375
2014-12-04,25.555686950683594,13.509175300598145,40.692447662353516,19.58285903930664,98.0432357788086,45.161834716796875,41.44689178466797,0.5020743608474731,2071.919921875,4769.43994140625
2014-12-05,25.447265625,13.878106117248535,41.35615158081055,19.3924560546875,97.57706451416016,46.1330451965332,41.090457916259766,0.5049504041671753,2075.3701171875,4780.759765625
2014-12-08,24.871931076049805,13.862404823303223,41.57001495361328,19.202062606811523,96.73439025878906,46.11097717285156,40.47945022583008,0.4984796643257141,2060.31005859375,4740.68994140625
2014-12-09,25.252531051635742,13.78390884399414,41.18653106689453,19.336042404174805,97.40972137451172,45.94910430908203,40.3860969543457,0.4968022108078003,2059.820068359375,4766.47021484375
2014-12-10,24.772357940673828,13.642616271972656,40.16886520385742,18.948190689086914,95.92755889892578,44.64678955078125,39.80054473876953,0.48577821254730225,2026.1400146484375,4684.02001953125
2014-12-11,24.699337005615234,13.713265419006348,40.1983528137207,19.032817840576172,96.26225280761719,44.9852409362793,40.0296745300293,0.4855386018753052,2035.3299560546875,4708.16015625
2014-12-12,24.281110763549805,13.446372032165527,39.379791259765625,18.94114112854004,92.86165618896484,44.175880432128906,39.842979431152344,0.4704403579235077,2002.3299560546875,4653.60009765625
2014-12-15,23.949193954467773,13.226583480834961,38.92994689941406,18.814205169677734,91.47513580322266,43.528404235839844,39.60536193847656,0.46900230646133423,1989.6300048828125,4605.16015625
2014-12-16,23.62169647216797,13.124543190002441,37.73527908325195,18.7507381439209,90.4890365600586,42.99128341674805,38.32394027709961,0.46372994780540466,1972.739990234375,4547.830078125
2014-12-17,24.21030616760254,13.548420906066895,38.67920684814453,18.9058837890625,90.7998046875,43.977230072021484,38.81614303588867,0.4826625883579254,2012.8900146484375,4644.31005859375
2014-12-18,24.927255630493164,13.76036262512207,39.89598846435547,19.498233795166016,94.23624420166016,45.23540496826172,40.32669448852539,0.4845799505710602,2061.22998046875,4748.39990234375
2014-12-19,24.734745025634766,13.831010818481445,39.82964324951172,19.58285903930664,94.7322769165039,45.56650161743164,40.44549560546875,0.4893728792667389,2070.64990234375,4765.3798828125
2014-12-22,24.991426467895508,13.901653289794922,39.79275894165039,19.900184631347656,96.4833984375,45.5738639831543,40.71706008911133,0.49800029397010803,2078.5400390625,4781.419921875
2014-12-23,24.902915954589844,14.074347496032715,40.13198471069336,19.921344757080078,96.96150207519531,45.971168518066406,41.11592483520508,0.494885116815567,2082.169921875,4765.419921875
2014-12-24,24.78563690185547,14.113590240478516,40.220481872558594,19.956602096557617,96.71044921875,45.971168518066406,40.852848052978516,0.49296775460243225,2081.8798828125,4773.47021484375
2014-12-26,25.22376823425293,14.113590240478516,40.139347076416016,19.991865158081055,97.0212631225586,46.0226936340332,40.632205963134766,0.49344709515571594,2088.77001953125,4806.85986328125
2014-12-29,25.206069946289062,14.215641021728516,40.360599517822266,20.069427490234375,95.92755889892578,46.3243408203125,40.267295837402344,0.4927281141281128,2090.570068359375,4806.91015625
2014-12-30,24.89849853515625,14.23133659362793,40.441707611083984,19.998912811279297,95.65267181396484,46.46413803100586,39.902381896972656,0.4881746768951416,2080.35009765625,4777.43994140625
2014-12-31,24.42494773864746,14.042941093444824,39.90337371826172,19.61811637878418,95.88574981689453,46.044761657714844,39.41866683959961,0.48050573468208313,2058.89990234375,4736.0498046875
2015-01-02,24.192602157592773,14.050799369812012,40.01398849487305,19.603914260864258,96.85396575927734,46.27431106567383,39.68173599243164,0.48242318630218506,2058.199951171875,4726.81005859375
2015-01-05,23.511058807373047,13.642616271972656,38.752952575683594,19.213397979736328,95.32996368408203,44.83772659301758,39.31683349609375,0.4742748439311981,2020.5799560546875,4652.56982421875
2015-01-06,23.513267517089844,13.23443603515625,37.38867950439453,19.206295013427734,93.2740478515625,43.67512130737305,38.7397575378418,0.4598955512046814,2002.6099853515625,4592.740234375
2015-01-07,23.842981338500977,13.297237396240234,37.73527908325195,19.383800506591797,92.66447448730469,43.741783142089844,39.23196792602539,0.4586973190307617,2025.9000244140625,4650.47021484375
2015-01-08,24.759082794189453,13.571969985961914,38.3031120300293,19.532909393310547,94.67852783203125,44.71924591064453,40.3860969543457,0.4759524166584015,2062.139892578125,4736.18994140625
2015-01-09,24.78563690185547,13.328636169433594,37.447669982910156,19.731719970703125,95.09088134765625,43.941715240478516,40.046653747558594,0.47786957025527954,2044.81005859375,4704.06982421875
2015-01-12,24.17490005493164,13.093145370483398,37.15269088745117,19.91632843017578,93.49517059326172,43.564056396484375,39.54595947265625,0.47187820076942444,2028.260009765625,4664.7099609375
2015-01-13,24.389543533325195,12.912599563598633,36.88721466064453,19.951831817626953,93.7162857055664,43.57146453857422,39.34230041503906,0.4711592197418213,2023.030029296875,4661.5
2015-01-14,24.29660415649414,12.590768814086914,36.171878814697266,19.824026107788086,93.11270141601562,42.068233489990234,39.002845764160156,0.47307655215263367,2011.27001953125,4639.31982421875
2015-01-15,23.63718605041504,11.931398391723633,34.82973098754883,19.46190643310547,92.3775863647461,40.72052001953125,38.595489501953125,0.4697214365005493,1992.6700439453125,4570.81982421875
2015-01-16,23.45352554321289,12.072696685791016,35.10996627807617,19.653615951538086,93.91352081298828,41.41658401489258,39.240447998046875,0.47834882140159607,2019.4200439453125,4634.3798828125
2015-01-20,24.0576171875,11.978497505187988,34.85185623168945,19.93052101135254,93.79999542236328,41.253662109375,39.36775588989258,0.4797869026660919,2022.550048828125,4654.85009765625
2015-01-21,24.241291046142578,12.096240043640137,35.205833435058594,19.767221450805664,90.89541625976562,41.386959075927734,38.9688835144043,0.48649701476097107,2032.1199951171875,4667.419921875
2015-01-22,24.871931076049805,12.63001537322998,36.555355072021484,20.235837936401367,92.86764526367188,42.64582061767578,39.995723724365234,0.494885116815567,2063.14990234375,4750.39990234375
2015-01-23,25.000282287597656,12.347432136535645,35.85477828979492,20.029930114746094,93.15452575683594,41.97195816040039,40.038169860839844,0.49632298946380615,2051.820068359375,4757.8798828125
2015-01-26,25.026832580566406,12.441624641418457,36.05389404296875,19.859527587890625,93.44734191894531,42.03860855102539,39.89390182495117,0.49416595697402954,2057.090087890625,4771.759765625
2015-01-27,24.15056037902832,12.268937110900879,35.62617111206055,19.099790573120117,91.83971405029297,41.61652374267578,36.20237350463867,0.4704403579235077,2029.550048828125,4681.5
2015-01-28,25.515853881835938,11.931398391723633,34.74122619628906,19.035886764526367,90.57270050048828,40.54279327392578,34.95489501953125,0.4627714157104492,2002.1600341796875,4637.990234375
2015-01-29,26.310258865356445,12.111943244934082,35.12477493286133,19.32699966430664,92.92144012451172,41.22405242919922,35.650760650634766,0.4740350544452667,2021.25,4683.41015625
2015-01-30,25.92522430419922,11.892154693603516,34.63058090209961,18.723474502563477,91.62452697753906,40.268802642822266,34.28446578979492,0.460135281085968,1994.989990234375,4635.240234375
2015-02-02,26.250511169433594,12.135490417480469,35.19855499267578,19.050090789794922,92.43140411376953,41.07595443725586,35.03126907348633,0.47020065784454346,2020.8499755859375,4676.68994140625
2015-02-03,26.254940032958984,12.473026275634766,36.054168701171875,19.25599479675293,94.70838165283203,42.001590728759766,35.30283737182617,0.4819437265396118,2050.030029296875,4727.740234375
2015-02-04,26.456302642822266,12.394526481628418,35.70011901855469,18.950687408447266,93.80595397949219,41.74982452392578,35.50651168823242,0.4831419289112091,2041.510009765625,4716.7001953125
2015-02-05,26.6451358795166,12.535823822021484,35.803382873535156,19.355405807495117,94.37372589111328,42.03860855102539,36.02418518066406,0.49105048179626465,2062.52001953125,4765.10009765625
2015-02-06,26.42076301574707,12.944000244140625,36.24595260620117,19.341201782226562,94.31951904296875,42.86797332763672,35.99022674560547,0.48889365792274475,2055.469970703125,4744.39990234375
2015-02-09,26.596261978149414,12.834107398986816,36.29758071899414,19.25599479675293,93.7357406616211,42.816158294677734,35.94777297973633,0.4884144067764282,2046.739990234375,4726.009765625
2015-02-10,27.107213973999023,12.88905143737793,36.43035888671875,19.518707275390625,95.42692565917969,43.290061950683594,36.151458740234375,0.5020743608474731,2068.590087890625,4787.64013671875
2015-02-11,27.742576599121094,12.841958999633789,36.644256591796875,19.121089935302734,95.21023559570312,43.22342300415039,35.96476745605469,0.4987194538116455,2068.530029296875,4801.18017578125
2015-02-12,28.093582153320312,13.08529281616211,37.536766052246094,20.917470932006836,95.4028549194336,44.112022399902344,36.567283630371094,0.5344278812408447,2088.47998046875,4857.60986328125
2015-02-13,28.231313705444336,13.038199424743652,37.765411376953125,20.896167755126953,96.5343017578125,44.18608474731445,37.22921371459961,0.5346677303314209,2096.989990234375,4893.83984375
2015-02-17,28.39793586730957,13.053892135620117,38.126827239990234,20.810964584350586,96.87133026123047,44.504493713378906,37.246307373046875,0.5363450050354004,2100.340087890625,4899.27001953125
2015-02-18,28.595645904541016,12.7948579788208,37.927696228027344,20.938770294189453,97.61156463623047,43.96392059326172,37.20357131958008,0.5301142334938049,2099.679931640625,4906.35986328125
2015-02-19,28.535659790039062,12.724214553833008,37.70640182495117,20.810964584350586,98.63468933105469,43.86025619506836,37.17793655395508,0.5315517783164978,2097.449951171875,4924.7001953125
2015-02-20,28.7689266204834,12.857656478881836,38.1932258605957,21.02397346496582,98.49027252197266,44.282352447509766,37.48562240600586,0.5353865623474121,2110.300048828125,4955.97021484375
2015-02-23,29.546472549438477,12.716363906860352,37.85392761230469,21.03817367553711,98.04487609863281,43.949119567871094,37.73346710205078,0.5310730338096619,2109.659912109375,4960.97021484375
2015-02-24,29.362083435058594,12.857656478881836,38.28173828125,21.03817367553711,99.20043182373047,45.037662506103516,37.682193756103516,0.5367262959480286,2115.47998046875,4968.1201171875
2015-02-25,28.611202239990234,12.944000244140625,38.4218864440918,20.938770294189453,97.98470306396484,45.27462387084961,37.59672927856445,0.5326364636421204,2113.860107421875,4967.14013671875
2015-02-26,28.97330665588379,12.590768814086914,38.65791320800781,21.23698616027832,96.81715393066406,45.600460052490234,37.65654754638672,0.534079909324646,2110.739990234375,4987.89013671875
2015-02-27,28.537885665893555,12.410228729248047,38.66529846191406,20.95296859741211,97.46112823486328,45.37831115722656,37.4770622253418,0.530711829662323,2104.5,4963.52978515625
2015-03-02,28.677845001220703,12.567220687866211,39.45452880859375,21.435792922973633,96.58243560791016,45.74114990234375,37.50270462036133,0.5437029004096985,2117.389892578125,5008.10009765625
2015-03-03,28.737825393676758,12.590768814086914,39.63155746459961,20.974273681640625,96.91344451904297,45.88924789428711,36.989906311035156,0.5335986018180847,2107.780029296875,4979.89990234375
2015-03-04,28.555654525756836,12.47265625,39.587303161621094,20.825170516967773,95.9444808959961,46.00774002075195,36.8018798828125,0.5396131277084351,2098.530029296875,4967.14013671875
2015-03-05,28.08247184753418,12.598645210266113,39.50617218017578,20.803857803344727,97.00373077392578,45.911468505859375,36.84461212158203,0.5499580502510071,2101.0400390625,4982.81005859375
2015-03-06,28.124677658081055,12.771873474121094,39.137351989746094,20.54115104675293,95.39080047607422,45.08949661254883,36.2036018371582,0.5425003170967102,2071.260009765625,4927.3701171875
2015-03-09,28.244638442993164,12.732501983642578,39.05623245239258,20.846464157104492,96.75698852539062,45.54121017456055,36.62240982055664,0.5439436435699463,2079.429931640625,4942.43994140625
2015-03-10,27.66037368774414,12.433284759521484,37.78754425048828,20.349443435668945,94.9755630493164,44.40081787109375,35.92156982421875,0.5533259510993958,2044.1600341796875,4859.7900390625
2015-03-11,27.156089782714844,12.685256004333496,38.598915100097656,20.0654354095459,94.36770629882812,44.608154296875,35.878841400146484,0.5504390001296997,2040.239990234375,4849.93994140625
2015-03-12,27.64704704284668,12.669508934020996,39.88972473144531,20.05122947692871,95.07784271240234,45.444950103759766,35.058353424072266,0.5453869104385376,2065.949951171875,4893.2900390625
2015-03-13,27.455997467041016,12.669508934020996,39.49140930175781,19.83822250366211,92.85107421875,45.17096710205078,35.36604690551758,0.5461087226867676,2053.39990234375,4871.759765625
2015-03-16,27.75812530517578,12.701005935668945,39.602054595947266,20.093835830688477,94.53618621826172,45.80038833618164,35.51987838745117,0.5526043176651001,2081.18994140625,4929.509765625
2015-03-17,28.222429275512695,12.669508934020996,39.71269989013672,19.987329483032227,94.4639663696289,45.622657775878906,35.6395378112793,0.5593404769897461,2074.280029296875,4937.43017578125
2015-03-18,28.540111541748047,12.582892417907715,39.62419509887695,19.987329483032227,96.17919158935547,45.72633361816406,36.323265075683594,0.5501986145973206,2099.5,4982.830078125
2015-03-19,28.324613571166992,12.291549682617188,38.63579559326172,20.0654354095459,96.17919158935547,45.319068908691406,36.1437873840332,0.5586189031600952,2089.27001953125,4992.3798828125
2015-03-20,27.969173431396484,12.47265625,39.0783576965332,20.193233489990234,98.02685546875,45.72633361816406,36.64803695678711,0.5646331906318665,2108.10009765625,5026.419921875
2015-03-23,28.26019859313965,12.378167152404785,38.709537506103516,20.171934127807617,99.08006286621094,45.27462387084961,36.630958557128906,0.5463493466377258,2104.419921875,5010.97021484375
2015-03-24,28.144676208496094,12.291549682617188,38.311248779296875,19.88082504272461,98.0990982055664,44.77108383178711,36.665138244628906,0.5388914346694946,2091.5,4994.72998046875
2015-03-25,27.409339904785156,12.134066581726074,37.898197174072266,19.49740982055664,95.8121109008789,44.141658782958984,35.434410095214844,0.506173312664032,2061.050048828125,4876.52001953125
2015-03-26,27.600400924682617,12.141942977905273,37.758052825927734,19.23470115661621,96.64865112304688,44.089813232421875,35.22074890136719,0.5044889450073242,2056.14990234375,4863.35986328125
2015-03-27,27.380468368530273,12.055328369140625,37.617889404296875,19.263097763061523,96.5343017578125,44.09721755981445,35.015628814697266,0.5143526792526245,2061.02001953125,4891.22021484375
2015-03-30,28.073583602905273,12.220683097839355,38.08995819091797,19.63231086730957,97.90045928955078,45.14133834838867,35.00708770751953,0.5165178179740906,2086.239990234375,4947.43994140625
2015-03-31,27.642608642578125,12.11832046508789,38.00144577026367,19.696712493896484,96.59446716308594,44.85994338989258,34.75068664550781,0.5035268664360046,2067.889892578125,4900.8798828125
2015-04-01,27.602619171142578,12.134066581726074,38.07521057128906,19.496376037597656,95.80005645751953,44.688499450683594,34.80195617675781,0.5054510831832886,2059.68994140625,4880.22998046875
2015-04-02,27.84032440185547,12.236432075500488,38.25224304199219,19.410518646240234,96.5643539428711,45.1134033203125,34.43445587158203,0.5066542029380798,2066.9599609375,4886.93994140625
2015-04-06,28.291296005249023,12.212808609008789,38.07521057128906,19.47490882873535,97.5213394165039,45.07611846923828,35.51133728027344,0.5213295817375183,2080.6201171875,4917.31982421875
2015-04-07,27.993608474731445,12.173440933227539,38.00144577026367,19.596540451049805,97.53939819335938,45.359378814697266,35.494239807128906,0.5259004235267639,2076.330078125,4910.22998046875
2015-04-08,27.902524948120117,12.291549682617188,38.27437210083008,19.71101188659668,97.40693664550781,45.50844955444336,35.40022659301758,0.5297496914863586,2081.89990234375,4950.81982421875
2015-04-09,28.11579704284668,12.370292663574219,38.451393127441406,19.76825714111328,97.70187377929688,45.82155227661133,35.45152282714844,0.5420190691947937,2091.179931640625,4974.56005859375
2015-04-10,28.235754013061523,12.378167152404785,38.67267608642578,20.06159210205078,98.01477813720703,45.993003845214844,35.65663146972656,0.5475523471832275,2102.06005859375,4995.97998046875
2015-04-13,28.180221557617188,12.441160202026367,38.842315673828125,20.018661499023438,97.7259521484375,46.268802642822266,35.69081497192383,0.5425003170967102,2092.429931640625,4988.25
2015-04-14,28.058034896850586,12.456907272338867,38.893959045410156,19.897035598754883,97.67776489257812,46.99186706542969,35.596797943115234,0.537929117679596,2095.840087890625,4977.2900390625
2015-04-15,28.1646728515625,12.315173149108887,39.24800491333008,20.211837768554688,98.7791519165039,47.864013671875,36.11814880371094,0.5444247722625732,2106.6298828125,5011.02001953125
2015-04-16,28.02915382385254,12.433284759521484,39.845462799072266,20.462255477905273,98.17733001708984,47.56584930419922,36.032684326171875,0.5410566329956055,2104.989990234375,5007.7900390625
2015-04-17,27.713695526123047,12.252179145812988,39.144752502441406,19.975738525390625,96.69677734375,46.84278106689453,35.5711669921875,0.534079909324646,2081.179931640625,4931.81005859375
2015-04-20,28.346834182739258,12.260053634643555,39.240631103515625,20.376394271850586,100.00086212158203,47.140968322753906,36.673683166503906,0.5314334630966187,2100.39990234375,4994.60009765625
2015-04-21,28.193552017211914,12.204935073852539,38.709537506103516,20.526643753051758,98.85739135742188,46.44771194458008,36.44293212890625,0.530711829662323,2097.2900390625,5014.10009765625
2015-04-22,28.57343101501465,12.393917083740234,39.1668586730957,20.4765567779541,99.5194091796875,46.917320251464844,36.74205017089844,0.5367262959480286,2107.9599609375,5035.169921875
2015-04-23,28.80668830871582,12.354543685913086,39.25538635253906,20.519485473632812,102.45633697509766,46.81297302246094,37.04117965698242,0.5345609188079834,2112.929931640625,5056.06005859375
2015-04-24,28.942209243774414,12.315173149108887,39.01934051513672,20.619659423828125,102.17951965332031,46.663883209228516,40.91280746459961,0.5299901962280273,2117.68994140625,5092.080078125
2015-04-27,29.468708038330078,12.252179145812988,38.945587158203125,20.66973304748535,102.75125122070312,46.470069885253906,41.0495719909668,0.534079909324646,2108.919921875,5060.25
2015-04-28,29.00440788269043,12.323047637939453,39.10786819458008,20.977384567260742,104.67113494873047,46.78315734863281,42.015342712402344,0.5367262959480286,2114.760009765625,5055.419921875
2015-04-29,28.577871322631836,12.582892417907715,39.653682708740234,20.784208297729492,104.95996856689453,47.4093132019043,41.92987823486328,0.5326364636421204,2106.85009765625,5023.64013671875
2015-04-30,27.802553176879883,12.543523788452148,39.329139709472656,20.626815795898438,103.08828735351562,47.155853271484375,41.57091522216797,0.534079909324646,2085.510009765625,4941.419921875
2015-05-01,28.646738052368164,12.685256004333496,39.653682708740234,20.841440200805664,104.5206298828125,47.41675567626953,41.5880012512207,0.5473117828369141,2108.2900390625,5005.39013671875
2015-05-04,28.59119987487793,12.945104598999023,39.95609664916992,20.87006378173828,104.7011947631836,48.24419021606445,41.22903823852539,0.5439436435699463,2114.489990234375,5016.93017578125
2015-05-05,27.946958541870117,12.874236106872559,39.35125732421875,20.66973304748535,104.16556549072266,48.00566482543945,40.68206024169922,0.5299901962280273,2089.4599609375,4939.330078125
2015-05-06,27.771448135375977,12.826991081237793,38.96033477783203,20.726974487304688,103.11650848388672,47.64785385131836,39.553890228271484,0.5316742062568665,2080.14990234375,4919.64013671875
2015-05-07,27.943222045898438,12.787623405456543,39.3590202331543,20.612499237060547,103.68653869628906,48.08020782470703,39.91286087036133,0.5410566329956055,2088.0,4945.5400390625
2015-05-08,28.46970558166504,12.952977180480957,39.88322448730469,20.913000106811523,104.7113037109375,48.818180084228516,40.81025695800781,0.5011208653450012,2116.10009765625,5003.5498046875
2015-05-11,28.179689407348633,12.984476089477539,39.846309661865234,20.89868927001953,103.76531982421875,48.78834915161133,40.48548889160156,0.49630939960479736,2105.330078125,4993.56982421875
2015-05-12,28.079307556152344,12.937233924865723,39.67648696899414,20.913000106811523,103.4197006225586,48.72126007080078,40.4683952331543,0.5011208653450012,2099.1201171875,4976.18994140625
2015-05-13,28.110536575317383,12.968724250793457,40.016109466552734,20.99884796142578,104.4687728881836,48.84053421020508,40.707698822021484,0.5040078163146973,2098.47998046875,4981.68994140625
2015-05-14,28.766399383544922,13.008100509643555,40.31144332885742,20.784208297729492,105.54206085205078,49.23561477661133,41.639286041259766,0.5121872425079346,2121.10009765625,5050.7998046875
2015-05-15,28.726245880126953,12.874236106872559,40.04564666748047,21.14194679260254,105.06299591064453,49.108890533447266,41.28032302856445,0.5124281644821167,2122.72998046875,5048.2900390625
2015-05-18,29.04302215576172,13.000224113464355,40.36311340332031,21.292186737060547,104.94173431396484,49.511417388916016,41.03247833251953,0.5117063522338867,2129.199951171875,5078.43994140625
2015-05-19,29.016254425048828,13.204952239990234,40.850399017333984,21.277881622314453,105.19640350341797,49.95124053955078,40.92924499511719,0.5085160732269287,2127.830078125,5070.02978515625
2015-05-20,29.014022827148438,13.181328773498535,40.52553939819336,21.19202995300293,105.3662109375,49.556148529052734,40.92924499511719,0.5085160732269287,2125.85009765625,5071.740234375
2015-05-21,29.310720443725586,13.173454284667969,40.488616943359375,21.056087493896484,105.11153411865234,49.68287658691406,40.79161071777344,0.5048906207084656,2130.820068359375,5090.7900390625
2015-05-22,29.567256927490234,13.189204216003418,40.58462142944336,20.9344539642334,104.43234252929688,49.548702239990234,40.34429168701172,0.5041655898094177,2126.06005859375,5089.35986328125
2015-05-26,28.915861129760742,12.992354393005371,40.04564666748047,20.712669372558594,103.16500854492188,48.99708938598633,40.07763671875,0.5010235905647278,2104.199951171875,5032.75
2015-05-27,29.455720901489258,13.181328773498535,40.510780334472656,20.970232009887695,104.2989730834961,49.548702239990234,40.95504379272461,0.5278512835502625,2123.47998046875,5106.58984375
2015-05-28,29.397716522216797,13.126208305358887,40.274513244628906,20.99884796142578,104.12313079833984,49.34743881225586,40.81741714477539,0.5351017713546753,2120.7900390625,5097.97998046875
2015-05-29,29.06310272216797,12.992354393005371,39.927520751953125,20.970232009887695,102.8739242553711,49.03435134887695,40.30988311767578,0.5348604321479797,2107.389892578125,5070.02978515625
2015-06-01,29.1210994720459,13.031717300415039,40.20069122314453,20.877222061157227,103.1953353881836,49.25798034667969,40.62818145751953,0.5409021973609924,2111.72998046875,5082.93017578125
2015-06-02,28.99172019958496,13.165581703186035,40.40003204345703,20.80567169189453,102.8739242553711,49.2132568359375,40.36149978637695,0.5302680134773254,2109.60009765625,5076.52001953125
2015-06-03,29.027406692504883,13.37092399597168,41.07189178466797,20.812829971313477,103.0376968383789,49.72014236450195,40.30127716064453,0.5244675874710083,2114.070068359375,5099.22998046875
2015-06-04,28.85786247253418,13.252457618713379,40.850399017333984,20.469409942626953,102.10383605957031,49.444339752197266,39.87978744506836,0.5338936448097229,2095.840087890625,5059.1201171875
2015-06-05,28.69947052001953,13.576271057128906,41.52226638793945,20.44794464111328,101.50959014892578,50.25684356689453,39.690521240234375,0.5380024313926697,2092.830078125,5068.4599609375
2015-06-08,28.509855270385742,13.48939037322998,41.086666107177734,20.23329734802246,100.26041412353516,49.86179733276367,39.33784103393555,0.5256760120391846,2079.280029296875,5021.6298828125
2015-06-09,28.425086975097656,13.67103385925293,41.345062255859375,20.20468521118164,100.4665756225586,50.07795333862305,39.26902389526367,0.5283346772193909,2080.14990234375,5013.8701171875
2015-06-10,28.750783920288086,13.892178535461426,42.098140716552734,20.505178451538086,102.4312973022461,50.883018493652344,40.094844818115234,0.5189085602760315,2105.199951171875,5076.68994140625
2015-06-11,28.686086654663086,13.813199996948242,42.238407135009766,20.648273468017578,102.34638214111328,51.07681655883789,39.94858932495117,0.5244675874710083,2108.860107421875,5082.509765625
2015-06-12,28.36931610107422,13.813199996948242,42.164588928222656,20.419330596923828,101.26097106933594,50.87555694580078,39.54429626464844,0.5102077722549438,2094.110107421875,5051.10009765625
2015-06-15,28.313541412353516,13.797407150268555,41.8249626159668,20.376394271850586,100.81828308105469,50.6817512512207,39.12278366088867,0.5092408657073975,2084.429931640625,5029.97021484375
2015-06-16,28.46524429321289,13.860584259033203,42.13505172729492,20.540956497192383,101.1700210571289,50.96501159667969,39.42386245727539,0.5155249238014221,2096.2900390625,5055.5498046875
2015-06-17,28.398317337036133,13.718422889709473,41.74374771118164,20.69835662841797,101.3700942993164,50.79356384277344,39.54429626464844,0.521567165851593,2100.43994140625,5064.8798828125
2015-06-18,28.527706146240234,13.726323127746582,41.90617370605469,20.89868927001953,102.02498626708984,51.27064895629883,40.189456939697266,0.5302680134773254,2121.239990234375,5132.9501953125
2015-06-19,28.24215316772461,13.560468673706055,41.5148811340332,20.76990509033203,101.26097106933594,50.74884033203125,39.656124114990234,0.5285763740539551,2109.989990234375,5117.0
2015-06-22,28.467472076416016,13.797407150268555,42.046443939208984,20.705507278442383,101.70967102050781,51.40482711791992,39.7679557800293,0.5264008641242981,2122.85009765625,5153.97021484375
2015-06-23,28.33808135986328,13.95535945892334,42.37131881713867,20.59819221496582,102.2493667602539,51.99370193481445,39.49268341064453,0.5128664374351501,2124.199951171875,5160.08984375
2015-06-24,28.579011917114258,13.813199996948242,41.83235549926758,20.39786148071289,101.24882507324219,51.44953536987305,39.26042175292969,0.5077908635139465,2108.580078125,5122.41015625
2015-06-25,28.44293212890625,13.718422889709473,41.48534393310547,20.31915855407715,100.7091293334961,51.173728942871094,39.26902389526367,0.5116580724716187,2102.31005859375,5112.18994140625
2015-06-26,28.275619506835938,13.750019073486328,41.59609603881836,20.23329734802246,100.33319854736328,51.39736557006836,38.93352508544922,0.5012653470039368,2101.489990234375,5080.509765625
2015-06-29,27.780380249023438,13.339330673217773,40.518165588378906,19.7038631439209,98.8232650756836,50.09284973144531,38.16794204711914,0.4862806499004364,2057.639892578125,4958.47021484375
2015-06-30,27.98115348815918,13.44200611114502,40.78395462036133,19.646625518798828,98.63529205322266,50.51030349731445,37.97868728637695,0.48603880405426025,2063.110107421875,4986.8701171875
2015-07-01,28.24215316772461,13.599957466125488,41.108802795410156,19.718719482421875,99.7449951171875,51.07302474975586,38.236759185791016,0.4930477440357208,2077.419921875,5013.1201171875
2015-07-02,28.206464767456055,13.449902534484863,40.87992858886719,19.70430564880371,100.10882568359375,50.66034698486328,38.19374465942383,0.4935312271118164,2076.780029296875,5009.2099609375
2015-07-06,28.108312606811523,13.378823280334473,40.665828704833984,19.624996185302734,99.89056396484375,50.51780700683594,38.18514633178711,0.48748892545700073,2068.760009765625,4991.93994140625
2015-07-07,28.039155960083008,13.181379318237305,40.23760223388672,19.725933074951172,100.05423736572266,50.120155334472656,38.10771942138672,0.4783047139644623,2081.340087890625,4997.4599609375
2015-07-08,27.343135833740234,12.83387279510498,38.982486724853516,19.45917320251465,98.9384994506836,49.092220306396484,38.056114196777344,0.4749210774898529,2046.6800537109375,4909.759765625
2015-07-09,26.785429000854492,13.015522956848145,39.65434646606445,19.4014892578125,99.3569107055664,49.60242462158203,38.29697799682617,0.46912044286727905,2051.31005859375,4922.39990234375
2015-07-10,27.501523971557617,13.189274787902832,40.28190994262695,19.668254852294922,101.23670959472656,50.3077507019043,38.374385833740234,0.47733795642852783,2076.6201171875,4997.7001953125
2015-07-13,28.032455444335938,13.44200611114502,41.00544738769531,20.035959243774414,102.71025848388672,51.088043212890625,39.17439270019531,0.48047998547554016,2099.60009765625,5071.509765625
2015-07-14,28.02130889892578,13.528876304626465,41.27861404418945,20.2089900970459,102.24330139160156,51.800811767578125,39.24320983886719,0.48072171211242676,2108.949951171875,5104.89013671875
2015-07-15,28.291236877441406,13.963260650634766,41.6846809387207,20.26666831970215,102.19477081298828,51.91337585449219,39.363624572753906,0.47733795642852783,2107.39990234375,5098.93994140625
2015-07-16,28.668245315551758,14.176498413085938,43.257266998291016,20.418067932128906,103.69256591796875,52.19096374511719,40.13783264160156,0.4879723787307739,2124.2900390625,5163.18017578125
2015-07-17,28.915861129760742,14.294960975646973,43.375404357910156,20.317134857177734,104.60821533203125,51.9283561706543,40.10343933105469,0.4850720465183258,2126.639892578125,5210.14013671875
2015-07-20,29.462413787841797,14.310760498046875,43.4492301940918,20.2089900970459,105.03876495361328,51.96588134765625,40.36149978637695,0.4761296212673187,2128.280029296875,5218.85986328125
2015-07-21,29.167951583862305,14.279169082641602,43.633811950683594,20.071996688842773,98.88395690917969,51.8458251953125,40.67117691040039,0.4783047139644623,2119.2099609375,5208.1201171875
2015-07-22,27.934310913085938,14.571383476257324,44.549312591552734,19.848499298095703,97.23448944091797,52.58114242553711,39.17439270019531,0.46912044286727905,2114.14990234375,5171.77001953125
2015-07-23,27.920917510986328,14.358147621154785,44.20229721069336,20.19456672668457,98.07135772705078,52.250999450683594,39.66472625732422,0.4749210774898529,2102.14990234375,5146.41015625
2015-07-24,27.773691177368164,14.137008666992188,43.33848571777344,20.475744247436523,96.87067413330078,51.70328140258789,39.51848602294922,0.46936213970184326,2079.64990234375,5088.6298828125
2015-07-27,27.38775634765625,13.95535945892334,42.792152404785156,20.338756561279297,96.4583511352539,51.028011322021484,39.01095962524414,0.4667036235332489,2067.639892578125,5039.77978515625
2015-07-28,27.52383041381836,14.121214866638184,43.094844818115234,20.338756561279297,97.05259704589844,51.058013916015625,39.00234603881836,0.4768545627593994,2093.25,5089.2099609375
2015-07-29,27.436830520629883,14.342347145080566,43.50091552734375,20.475744247436523,97.68326568603516,51.72579574584961,39.819557189941406,0.4826551079750061,2108.570068359375,5111.72998046875
2015-07-30,27.298524856567383,14.318659782409668,43.508296966552734,20.403654098510742,97.60441589355469,51.800811767578125,40.327083587646484,0.48386356234550476,2108.6298828125,5128.77978515625
2015-07-31,27.059825897216797,14.121214866638184,43.19795227050781,20.49016761779785,98.22898864746094,51.41817092895508,40.17224884033203,0.4821716845035553,2103.840087890625,5128.27978515625
2015-08-03,26.421810150146484,14.034335136413574,43.18316650390625,20.446908950805664,96.24005126953125,51.41817092895508,40.26688003540039,0.49038928747177124,2098.0400390625,5115.3798828125
2015-08-04,25.574108123779297,14.058027267456055,43.205345153808594,20.2089900970459,95.56696319580078,51.36564254760742,40.89483642578125,0.492322713136673,2093.320068359375,5105.5498046875
2015-08-05,25.74363899230957,14.113312721252441,43.40485763549805,20.382028579711914,95.74889373779297,51.56821823120117,40.92924499511719,0.497398316860199,2099.840087890625,5139.93994140625
2015-08-06,25.799665451049805,14.065927505493164,42.931922912597656,20.338756561279297,95.57769012451172,51.20807647705078,40.10343933105469,0.49425622820854187,2083.56005859375,5056.43994140625
2015-08-07,25.887060165405273,14.018542289733887,42.79153823852539,20.29550552368164,94.84397888183594,51.058013916015625,40.206668853759766,0.5554039478302002,2077.570068359375,5043.5400390625
2015-08-10,26.8282413482666,14.247578620910645,43.40485763549805,20.612735748291016,95.84059143066406,51.68827438354492,40.714202880859375,0.5747390985488892,2104.179931640625,5101.7998046875
2015-08-11,25.432157516479492,14.05013370513916,42.592010498046875,20.201778411865234,95.08244323730469,51.193077087402344,39.922794342041016,0.571838915348053,2084.070068359375,5036.7900390625
2015-08-12,25.824317932128906,13.83689022064209,42.052616119384766,20.115257263183594,95.47984313964844,50.450279235839844,40.206668853759766,0.5732889175415039,2086.050048828125,5044.39013671875
2015-08-13,25.804147720336914,13.915875434875488,42.36295700073242,20.692045211791992,94.81340789794922,50.68288040161133,40.19806671142578,0.5684550404548645,2083.389892578125,5033.56005859375
2015-08-14,25.985660552978516,13.979056358337402,42.555091857910156,20.929964065551758,95.22916412353516,50.93797302246094,40.43031311035156,0.568938672542572,2091.5400390625,5048.240234375
2015-08-17,26.254566192626953,14.034335136413574,42.688087463378906,20.785768508911133,95.57157135009766,51.07302474975586,40.70559310913086,0.5653132200241089,2102.43994140625,5091.7001953125
2015-08-18,26.106670379638672,13.971155166625977,42.525535583496094,20.36760139465332,95.38813018798828,51.17806625366211,40.93071746826172,0.5601677298545837,2096.919921875,5059.35009765625
2015-08-19,25.772775650024414,13.789504051208496,42.11912536621094,20.04315948486328,94.12248229980469,50.72038650512695,40.359230041503906,0.5579833388328552,2079.610107421875,5019.0498046875
2015-08-20,25.243919372558594,13.205071449279785,40.885101318359375,19.495222091674805,93.3398666381836,49.47488784790039,39.53662109375,0.537838876247406,2035.72998046875,4877.490234375
2015-08-21,23.699926376342773,12.715408325195312,39.60675048828125,19.08425521850586,91.01033020019531,47.71917724609375,37.293983459472656,0.5210920572280884,1970.8900146484375,4706.0400390625
2015-08-24,23.108327865600586,12.075689315795898,37.19782257080078,18.16141128540039,87.72088623046875,45.20566940307617,36.09038543701172,0.5026462078094482,1893.2099609375,4526.25
2015-08-25,23.24725914001465,12.051994323730469,36.8579216003418,17.750459671020508,86.18621826171875,44.95056915283203,35.04264450073242,0.49220970273017883,1867.6099853515625,4506.490234375
2015-08-26,24.58060073852539,12.683818817138672,38.63134765625,18.514692306518555,89.69579315185547,47.20146942138672,36.98225784301758,0.5293440222740173,1940.510009765625,4697.5400390625
2015-08-27,25.304420471191406,12.983932495117188,39.48849868774414,18.867969512939453,90.82083892822266,48.37944030761719,38.012672424316406,0.5492458343505859,1987.6600341796875,4812.7099609375
2015-08-28,25.387340545654297,12.920750617980957,39.370277404785156,18.745397567749023,90.47840881347656,48.11684036254883,38.03865432739258,0.551673173904419,1988.8699951171875,4828.31982421875
2015-08-31,25.26857566833496,12.90495491027832,39.518070220947266,18.65888786315918,90.42337799072266,48.094329833984375,37.68362045288086,0.5456053614616394,1972.1800537109375,4776.509765625
2015-09-01,24.139142990112305,12.304726600646973,37.64119338989258,18.110944747924805,87.23786163330078,46.10603332519531,36.21160888671875,0.5232762694358826,1913.8499755859375,4636.10009765625
2015-09-02,25.174449920654297,12.558269500732422,38.23971176147461,18.49305534362793,88.68692016601562,46.94636917114258,37.54508972167969,0.5390521287918091,1948.8599853515625,4749.97998046875
2015-09-03,24.732990264892578,12.629573822021484,38.26927185058594,18.673303604125977,89.74469757080078,47.028892517089844,37.66630935668945,0.5405086874961853,1951.1300048828125,4733.5
2015-09-04,24.486486434936523,12.399803161621094,37.382564544677734,18.399333953857422,87.86150360107422,46.14353942871094,36.895668029785156,0.5278877019882202,1921.219970703125,4683.919921875
2015-09-08,25.167724609375,12.803884506225586,38.16584014892578,18.961694717407227,90.01983642578125,47.38905334472656,38.004005432128906,0.5504594445228577,1969.4100341796875,4811.93017578125
2015-09-09,24.68368911743164,12.597885131835938,37.59685134887695,18.702144622802734,88.68692016601562,46.65374755859375,37.293983459472656,0.539537787437439,1942.0400390625,4756.52978515625
2015-09-10,25.22598648071289,12.708806991577148,37.737247467041016,18.9328556060791,89.39009094238281,47.01389694213867,37.484466552734375,0.5480323433876038,1952.2900390625,4796.25
2015-09-11,25.593507766723633,12.708806991577148,37.7594108581543,18.759822845458984,90.10542297363281,46.93886184692383,37.64897918701172,0.5497311949729919,1961.050048828125,4822.33984375
2015-09-14,25.839994430541992,12.645425796508789,37.670738220214844,18.529111862182617,89.05379486083984,46.803802490234375,37.26798629760742,0.5507022738456726,1953.030029296875,4805.759765625
2015-09-15,26.057371139526367,12.922737121582031,38.42445373535156,18.730985641479492,90.20326232910156,47.70417785644531,38.08193588256836,0.5567699074745178,1978.0899658203125,4860.52001953125
2015-09-16,26.086503982543945,12.938582420349121,38.860416412353516,18.795873641967773,90.74134063720703,48.12434005737305,38.359012603759766,0.5606533288955688,1995.31005859375,4889.240234375
2015-09-17,25.52851104736328,12.56618881225586,38.16584014892578,18.65888786315918,90.57626342773438,47.00639724731445,38.31572341918945,0.5657501220703125,1990.199951171875,4893.9501953125
2015-09-18,25.42318344116211,12.328495025634766,37.160884857177734,18.413755416870117,88.35677337646484,45.72338104248047,37.64897918701172,0.5652644634246826,1958.030029296875,4827.22998046875
2015-09-21,25.817596435546875,12.439417839050293,37.471229553222656,18.413755416870117,89.56127166748047,46.10603332519531,38.19450759887695,0.5710895657539368,1966.969970703125,4828.9501953125
2015-09-22,25.4119873046875,12.336416244506836,37.22738265991211,18.1253604888916,88.30786895751953,45.70087814331055,38.012672424316406,0.5555564165115356,1942.739990234375,4756.72021484375
2015-09-23,25.618152618408203,12.455266952514648,37.03526306152344,18.22629165649414,87.83707427978516,45.49828338623047,37.986690521240234,0.5582262277603149,1938.760009765625,4752.740234375
2015-09-24,25.770536422729492,12.320572853088379,36.30373001098633,18.320022583007812,88.29564666748047,45.18315887451172,38.021331787109375,0.5689052939414978,1932.239990234375,4734.47998046875
2015-09-25,25.705541610717773,12.589960098266602,37.352989196777344,18.76703643798828,88.91315460205078,46.12104034423828,38.047306060791016,0.5730314254760742,1931.3399658203125,4686.5
2015-09-28,25.19685935974121,12.257186889648438,36.229820251464844,18.50027084350586,87.14004516601562,45.00308609008789,37.484466552734375,0.5655074119567871,1881.77001953125,4543.97021484375
2015-09-29,24.439428329467773,12.162108421325684,36.2076530456543,18.48585319519043,87.1094741821289,44.89803695678711,37.614356994628906,0.5754584670066833,1884.0899658203125,4517.31982421875
2015-09-30,24.717302322387695,12.344338417053223,36.65839385986328,18.925647735595703,88.63802337646484,45.74587631225586,38.32437515258789,0.5982728004455566,1920.030029296875,4620.16015625
2015-10-01,24.555953979492188,12.320572853088379,36.865318298339844,18.700345993041992,87.79428100585938,46.083526611328125,38.627445220947266,0.5866230726242065,1923.8199462890625,4627.080078125
2015-10-02,24.735225677490234,12.185877799987793,36.8579216003418,18.722148895263672,88.39957427978516,45.955055236816406,39.45872116088867,0.6019135117530823,1951.3599853515625,4707.77978515625
2015-10-05,24.824871063232422,12.431493759155273,37.80374526977539,19.514341354370117,91.12651062011719,46.869468688964844,40.376556396484375,0.6169610619544983,1987.050048828125,4781.259765625
2015-10-06,24.943632125854492,12.431493759155273,37.7298583984375,19.790525436401367,90.967529296875,46.892127990722656,40.4804573059082,0.6249707341194153,1979.9200439453125,4748.35986328125
2015-10-07,24.824871063232422,12.479034423828125,37.92197799682617,20.015836715698242,91.76850891113281,46.95259094238281,40.52375411987305,0.631523609161377,1995.8299560546875,4791.14990234375
2015-10-08,24.538028717041016,12.479034423828125,38.16584014892578,20.284748077392578,93.10753631591797,46.95259094238281,41.08657455444336,0.6351644396781921,2013.4300537109375,4810.7900390625
2015-10-09,25.125150680541992,12.344338417053223,37.96632766723633,20.284748077392578,93.17479705810547,46.80144500732422,40.79217529296875,0.6327373385429382,2014.8900146484375,4830.47021484375
2015-10-12,25.00862693786621,12.296802520751953,37.892417907714844,20.32108497619629,92.41048431396484,46.64275360107422,40.696922302246094,0.6395331025123596,2017.4599609375,4838.64013671875
2015-10-13,25.05120086669922,12.296802520751953,37.840702056884766,20.241140365600586,91.48114013671875,46.51426315307617,40.601680755615234,0.6407464146614075,2003.68994140625,4796.60986328125
2015-10-14,24.697139739990234,12.39188003540039,37.478614807128906,20.219335556030273,91.7195816040039,45.33535385131836,40.419837951660156,0.6640462875366211,1994.239990234375,4782.85009765625
2015-10-15,25.066883087158203,12.827655792236328,39.14121627807617,20.45918083190918,91.76850891113281,46.77122497558594,40.705589294433594,0.6657454371452332,2023.8599853515625,4870.10009765625
2015-10-16,24.88313102722168,12.772193908691406,38.93431091308594,20.531858444213867,91.9519271850586,47.1793098449707,41.13853073120117,0.676181972026825,2033.1099853515625,4886.68994140625
2015-10-19,25.037755966186523,12.788039207458496,39.059932708740234,20.531858444213867,91.23658752441406,47.0206184387207,41.23378372192383,0.6749681830406189,2033.6600341796875,4905.47021484375
2015-10-20,25.494897842407227,12.835580825805664,39.04517364501953,20.71355438232422,85.99056243896484,47.24730682373047,41.3636589050293,0.6739972233772278,2030.77001953125,4880.97021484375
2015-10-21,25.492658615112305,12.597885131835938,38.28404998779297,20.55365562438965,86.16175842285156,46.89969253540039,40.87012481689453,0.665259838104248,2018.93994140625,4840.1201171875
2015-10-22,25.882579803466797,12.803884506225586,38.80130386352539,21.084218978881836,88.0999755859375,47.75364685058594,41.588802337646484,0.6892876029014587,2052.510009765625,4920.0498046875
2015-10-23,26.684825897216797,13.08912181854248,39.636295318603516,21.331331253051758,88.46072387695312,48.26754379272461,45.779727935791016,0.6938994526863098,2075.14990234375,5031.85986328125
2015-10-26,25.83327865600586,13.081198692321777,39.244667053222656,21.04061508178711,87.83707427978516,48.29020690917969,46.97465515136719,0.6907442212104797,2071.179931640625,5034.7001953125
2015-10-27,25.66969108581543,12.994040489196777,38.87519454956055,21.113292694091797,84.29080963134766,48.09372329711914,46.4897575378418,0.6902585625648499,2065.889892578125,5030.14990234375
2015-10-28,26.72740364074707,13.691288948059082,40.44173812866211,21.338594436645508,86.10672760009766,49.49934387207031,46.740848541259766,0.6958411335945129,2090.35009765625,5095.68994140625
2015-10-29,27.0097599029541,13.540741920471191,39.687339782714844,21.17869758605957,85.93553924560547,49.28019332885742,46.204010009765625,0.6718130707740784,2089.409912109375,5074.27001953125
2015-10-30,26.77893829345703,13.295127868652344,39.32492446899414,20.96793556213379,85.648193359375,48.55470275878906,45.58055877685547,0.6885600686073303,2079.360107421875,5053.75
2015-11-02,27.155418395996094,13.516973495483398,39.81307601928711,20.909788131713867,85.82548522949219,49.52958679199219,46.10008239746094,0.6965692043304443,2104.050048828125,5127.14990234375
2015-11-03,27.46690559387207,13.61205005645752,40.05713653564453,20.79350471496582,86.74870300292969,49.71095275878906,46.8880729675293,0.6917151212692261,2109.7900390625,5145.1298828125
2015-11-04,27.339176177978516,13.477356910705566,39.81307601928711,20.691747665405273,86.59587860107422,49.763851165771484,47.10453414916992,0.6803077459335327,2102.31005859375,5142.47998046875
2015-11-05,27.2131404876709,13.71505355834961,40.04975128173828,20.662681579589844,85.53199768066406,50.20973205566406,47.08722686767578,0.6725411415100098,2099.929931640625,5127.740234375
2015-11-06,27.244651794433594,14.222139358520508,41.32186508178711,20.677213668823242,85.32212829589844,51.73627471923828,47.554805755615234,0.7657409310340881,2099.199951171875,5147.1201171875
2015-11-09,27.134376525878906,14.008210182189941,41.203529357910156,20.480974197387695,83.50772094726562,50.92764663696289,46.896724700927734,0.7623428106307983,2078.580078125,5095.2998046875
2015-11-10,26.2791805267334,14.14290714263916,41.27009201049805,20.335620880126953,83.6064453125,51.14680099487305,46.33388137817383,0.747780442237854,2081.719970703125,5083.240234375
2015-11-11,26.13064956665039,14.063676834106445,40.60444641113281,20.219335556030273,83.32875061035156,50.89742660522461,46.45511245727539,0.7404991388320923,2075.0,5067.02001953125
2015-11-12,26.04288101196289,13.762592315673828,39.5394172668457,20.226606369018555,82.10677337646484,49.87720489501953,46.16936492919922,0.7378294467926025,2045.969970703125,5005.080078125
2015-11-13,25.282209396362305,13.627899169921875,39.32492446899414,19.04920196533203,81.31060791015625,49.54468536376953,45.75373077392578,0.7232668399810791,2023.0400390625,4927.8798828125
2015-11-16,25.696308135986328,13.810133934020996,39.70953369140625,19.47074317932129,82.52027893066406,50.26261520385742,46.55902099609375,0.7378294467926025,2053.18994140625,4984.6201171875
2015-11-17,25.586030960083008,13.80220890045166,39.56161117553711,19.48527717590332,82.58812713623047,49.975460052490234,46.175453186035156,0.7378294467926025,2050.43994140625,4986.02001953125
2015-11-18,26.396207809448242,14.134986877441406,40.66361999511719,19.710582733154297,83.82247161865234,50.972991943359375,46.94257736206055,0.7559797763824463,2083.580078125,5075.2001953125
2015-11-19,26.73153305053711,14.016136169433594,40.72279739379883,19.892284393310547,84.39028930664062,51.1317024230957,47.02104187011719,0.7581722140312195,2081.239990234375,5073.64013671875
2015-11-20,26.84856605529785,13.984443664550781,40.493507385253906,20.03763771057129,85.4764404296875,51.04102325439453,47.23896408081055,0.7647503018379211,2089.169921875,5104.919921875
2015-11-23,26.499732971191406,13.84182357788086,40.14589309692383,19.935888290405273,85.4517822265625,50.542236328125,47.23896408081055,0.7532997727394104,2086.590087890625,5102.47998046875
2015-11-24,26.754039764404297,13.84182357788086,40.071937561035156,19.819604873657227,85.53814697265625,50.4666633605957,47.291282653808594,0.759390652179718,2089.139892578125,5102.81005859375
2015-11-25,26.562742233276367,13.818058013916016,39.99797058105469,19.797800064086914,85.16786193847656,50.52713394165039,46.80310821533203,0.758415937423706,2088.8701171875,5116.14013671875
2015-11-27,26.513233184814453,13.849745750427246,40.094112396240234,19.85594367980957,85.4517822265625,50.761409759521484,47.01231384277344,0.7647503018379211,2090.110107421875,5127.52001953125
2015-11-30,26.623512268066406,13.810133934020996,40.00536346435547,19.805065155029297,86.04421997070312,50.39109420776367,47.378448486328125,0.7727901339530945,2080.409912109375,5108.669921875
2015-12-01,26.4074649810791,14.111214637756348,40.58965301513672,20.03763771057129,87.19214630126953,51.09391784667969,48.1368522644043,0.7978839874267578,2102.6298828125,5156.31005859375
2015-12-02,26.168912887573242,13.999982833862305,40.04234313964844,19.943157196044922,86.21705627441406,50.375980377197266,48.128135681152344,0.7917930483818054,2079.510009765625,5123.22021484375
2015-12-03,25.925853729248047,13.745723724365234,39.57638931274414,19.587026596069336,85.73566436767578,49.7260627746582,47.2476921081543,0.7900877594947815,2049.6201171875,5037.52978515625
2015-12-04,26.787799835205078,14.142995834350586,40.74497985839844,19.97222900390625,86.66759490966797,51.305519104003906,48.738338470458984,0.8222465515136719,2091.68994140625,5142.27001953125
2015-12-07,26.619007110595703,13.936412811279297,40.234642028808594,19.979494094848633,86.12446594238281,50.63292694091797,48.65118408203125,0.8066545724868774,2077.070068359375,5101.81005859375
2015-12-08,26.607757568359375,13.658323287963867,39.48762893676758,19.732385635375977,85.19873046875,49.84698486328125,48.63373947143555,0.8176177740097046,2063.590087890625,5098.240234375
2015-12-09,26.02037811279297,13.586810111999512,39.05867385864258,19.4271297454834,84.31002807617188,49.4691276550293,47.9276237487793,0.7969094514846802,2047.6199951171875,5022.8701171875
2015-12-10,26.144153594970703,13.666266441345215,38.94033432006836,19.456205368041992,84.4149398803711,49.582481384277344,48.18044662475586,0.8034873008728027,2052.22998046875,5045.169921875
2015-12-11,25.47125816345215,13.292827606201172,37.801334381103516,19.012866973876953,83.05101013183594,48.41868209838867,47.12564468383789,0.7915494441986084,2012.3699951171875,4933.47021484375
2015-12-14,25.313716888427734,13.348444938659668,37.79393005371094,19.252702713012695,83.89032745361328,48.56983184814453,48.067115783691406,0.7934985756874084,2021.93994140625,4952.22998046875
2015-12-15,24.865863800048828,13.84106731414795,38.844181060791016,19.514341354370117,85.03826904296875,49.95278549194336,48.11941146850586,0.8032437562942505,2043.4100341796875,4995.35986328125
2015-12-16,25.057159423828125,14.103269577026367,39.864830017089844,19.797800064086914,85.96399688720703,51.03345489501953,48.930118560791016,0.8081161975860596,2073.070068359375,5071.1298828125
2015-12-17,24.52603530883789,13.745723724365234,39.08085250854492,19.419862747192383,84.39643859863281,50.08880615234375,48.55527877807617,0.795934796333313,2041.8900146484375,5002.5498046875
2015-12-18,23.86213493347168,13.316667556762695,37.87528610229492,19.092803955078125,83.25469207763672,48.66807556152344,47.1866569519043,0.7830224633216858,2005.550048828125,4923.080078125
2015-12-21,24.15470314025879,13.483516693115234,38.304264068603516,19.361719131469727,83.62496948242188,49.52958679199219,47.7968635559082,0.8015381097793579,2021.1500244140625,4968.919921875
2015-12-22,24.132200241088867,13.57091999053955,38.46698760986328,19.543418884277344,85.12469482421875,49.635379791259766,48.25017547607422,0.8022691607475281,2038.969970703125,5001.10986328125
2015-12-23,24.442768096923828,13.777502059936523,38.925533294677734,19.914079666137695,85.50113677978516,50.428897857666016,48.65989303588867,0.8054364323616028,2064.2900390625,5045.93017578125
2015-12-24,24.31224250793457,13.721881866455078,38.98469543457031,19.89954948425293,85.32212829589844,50.33063507080078,48.52912139892578,0.8081161975860596,2060.989990234375,5048.490234375
2015-12-28,24.03993034362793,13.610647201538086,38.74063491821289,19.848670959472656,84.92715454101562,50.16437911987305,48.77320098876953,0.8073852062225342,2056.5,5040.990234375
2015-12-29,24.472030639648438,13.729835510253906,39.18439865112305,20.183008193969727,86.26642608642578,50.685829162597656,49.2962532043457,0.8205413818359375,2078.360107421875,5107.93994140625
2015-12-30,24.152456283569336,13.54708194732666,38.68146896362305,20.008573532104492,85.99486541748047,50.32307815551758,49.0870246887207,0.813476026058197,2063.360107421875,5065.85009765625
2015-12-31,23.688854217529297,13.37228012084961,38.274688720703125,19.739656448364258,84.93336486816406,49.8998908996582,48.363494873046875,0.8030001521110535,2043.93994140625,5007.41015625
2016-01-04,23.7091121673584,13.054464340209961,37.816123962402344,19.344125747680664,83.90267944335938,48.401123046875,47.77073287963867,0.788625955581665,2012.6600341796875,4903.08984375
2016-01-05,23.114971160888672,13.054464340209961,37.61642837524414,19.256235122680664,83.8409652709961,48.484825134277344,47.9886474609375,0.8012945652008057,2016.7099609375,4891.43017578125
2016-01-06,22.662614822387695,12.7763671875,37.069129943847656,19.051149368286133,83.42130279541016,47.7849006652832,47.11692810058594,0.7681611180305481,1990.260009765625,4835.759765625
2016-01-07,21.706148147583008,12.315530776977539,35.17572784423828,18.611671447753906,81.99566650390625,45.85250473022461,45.47807312011719,0.7377075552940369,1943.0899658203125,4689.43017578125
2016-01-08,21.820926666259766,12.077165603637695,34.11809158325195,18.15022850036621,81.23656463623047,44.825443267822266,45.6175422668457,0.7218717932701111,1922.030029296875,4643.6298828125
2016-01-11,22.17425537109375,12.164568901062012,34.65061950683594,18.509130477905273,82.22403717041016,44.75697708129883,45.591400146484375,0.7230896353721619,1923.6700439453125,4637.990234375
2016-01-12,22.496078491210938,12.164568901062012,34.67279052734375,18.567729949951172,82.02035522460938,44.85587692260742,46.009830474853516,0.735271155834198,1938.6800537109375,4685.919921875
2016-01-13,21.917692184448242,11.838802337646484,33.4228515625,18.01838493347168,80.95268249511719,43.62340545654297,45.016056060791016,0.7128574252128601,1890.280029296875,4526.06005859375
2016-01-14,22.39704704284668,11.910310745239258,33.563385009765625,18.062334060668945,82.02654266357422,44.277679443359375,46.29750442504883,0.698483407497406,1921.8399658203125,4615.0
2016-01-15,21.859188079833984,11.4891996383667,31.411130905151367,17.300579071044922,80.24913024902344,43.395164489746094,44.4494514465332,0.6604769825935364,1880.3299560546875,4488.419921875
2016-01-19,21.753414154052734,11.314397811889648,31.01913070678711,17.469043731689453,79.06416320800781,43.37234878540039,44.07459259033203,0.6658371090888977,1881.3299560546875,4476.9501953125
2016-01-20,21.782669067382812,10.877396583557129,29.94671630859375,16.773212432861328,75.20692443847656,42.231163024902344,44.27509307861328,0.6694915294647217,1859.3299560546875,4471.68994140625
2016-01-21,21.67239761352539,10.615192413330078,29.69523811340332,16.773212432861328,75.85493469238281,42.03337097167969,44.004859924316406,0.6772875785827637,1868.989990234375,4472.06005859375
2016-01-22,22.82465934753418,10.774105072021484,30.368284225463867,17.117460250854492,75.60189819335938,43.32669448852539,45.582679748535156,0.6931235790252686,1906.9000244140625,4591.18017578125
2016-01-25,22.379053115844727,10.297371864318848,29.251476287841797,16.970977783203125,75.34271240234375,42.34528732299805,45.146812438964844,0.6923925876617432,1877.0799560546875,4518.490234375
2016-01-26,22.502826690673828,10.575465202331543,29.9540958404541,17.373821258544922,75.65747833251953,43.425601959228516,45.47807312011719,0.6992142796516418,1903.6300048828125,4567.669921875
2016-01-27,21.02424430847168,10.615192413330078,29.998477935791016,17.161415100097656,74.65148162841797,43.395164489746094,44.64994430541992,0.6909307241439819,1882.949951171875,4468.169921875
2016-01-28,21.175033569335938,10.750265121459961,29.909605026245117,16.92702865600586,75.42911529541016,43.577754974365234,45.38218307495117,0.6833783388137817,1893.3599853515625,4506.68017578125
2016-01-29,21.906442642211914,11.234941482543945,31.53135108947754,17.425098419189453,77.01521301269531,45.26669692993164,48.02353286743164,0.7135884165763855,1940.239990234375,4613.9501953125
2016-02-01,21.701644897460938,11.091922760009766,31.457304000854492,17.198036193847656,77.03990173339844,44.7797966003418,47.692264556884766,0.713831901550293,1939.3800048828125,4620.3701171875
2016-02-02,21.262802124023438,10.51190185546875,29.93181610107422,16.721940994262695,75.87348175048828,43.38755416870117,46.20160675048828,0.6836217641830444,1903.030029296875,4516.9501953125
2016-02-03,21.683643341064453,10.352992057800293,29.88740348815918,16.919702529907227,76.97201538085938,43.67667007446289,45.4693603515625,0.6870327591896057,1912.530029296875,4504.240234375
2016-02-04,21.857877731323242,10.527791976928711,30.2058162689209,17.24198341369629,78.78028869628906,44.42983627319336,45.32989501953125,0.6872765421867371,1915.449951171875,4509.56005859375
2016-02-05,21.274093627929688,10.289423942565918,29.517141342163086,16.76589012145996,79.34807586669922,43.93532943725586,43.72589111328125,0.6439104676246643,1880.050048828125,4363.14013671875
2016-02-08,21.49810218811035,9.749134063720703,27.99907112121582,16.795188903808594,79.16726684570312,43.01478958129883,43.07209777832031,0.6144313216209412,1853.43994140625,4283.75
2016-02-09,21.493574142456055,9.693511009216309,27.776918411254883,16.590099334716797,77.3530044555664,42.756107330322266,42.958778381347656,0.6210094094276428,1852.2099609375,4268.759765625
2016-02-10,21.330663681030273,9.518712997436523,27.702861785888672,16.487558364868164,74.93392944335938,42.238773345947266,43.33362579345703,0.6195474863052368,1851.8599853515625,4283.58984375
2016-02-11,21.201683044433594,8.867183685302734,25.903404235839844,18.07698631286621,73.47504425048828,40.374847412109375,43.31619644165039,0.6163803935050964,1829.0799560546875,4266.83984375
2016-02-12,21.267305374145508,9.494877815246582,27.799137115478516,18.391939163208008,75.46389770507812,43.737525939941406,44.02229690551758,0.6268567442893982,1864.780029296875,4337.509765625
2016-02-16,21.866924285888672,9.733242988586426,28.798830032348633,18.926631927490234,76.5237808227539,44.39179229736328,44.85638427734375,0.6575536727905273,1895.5799560546875,4435.9599609375
2016-02-17,22.201807022094727,9.979554176330566,29.4578914642334,19.380752563476562,78.61862182617188,44.71133041381836,46.02409744262695,0.6738767027854919,1926.8199462890625,4534.06005859375
2016-02-18,21.78093719482422,9.725296974182129,28.8210506439209,19.358781814575195,82.57760620117188,43.98097610473633,45.82215881347656,0.7318604588508606,1917.8299560546875,4487.5400390625
2016-02-19,21.731163024902344,9.637893676757812,28.872880935668945,19.44666862487793,82.97037506103516,43.98857498168945,45.497314453125,0.7416055202484131,1917.780029296875,4504.43017578125
2016-02-22,21.921234130859375,9.96366024017334,29.265352249145508,19.505266189575195,83.40056610107422,44.55916976928711,46.226036071777344,0.7679175734519958,1945.5,4570.60986328125
2016-02-23,21.42569351196289,9.661734580993652,28.302692413330078,19.131710052490234,82.54643249511719,42.695247650146484,44.93539810180664,0.769866406917572,1921.27001953125,4503.580078125
2016-02-24,21.74473762512207,9.637893676757812,28.206424713134766,19.278207778930664,82.79582214355469,42.7104606628418,45.09342575073242,0.7752262353897095,1929.800048828125,4542.60986328125
2016-02-25,21.894079208374023,9.788860321044922,28.598894119262695,19.483293533325195,83.85569763183594,43.37234878540039,45.74313735961914,0.7769317030906677,1951.699951171875,4582.2001953125
2016-02-26,21.92801856994629,10.090790748596191,29.25054359436035,19.344125747680664,82.31573486328125,43.77555847167969,45.04076385498047,0.7718155384063721,1948.050048828125,4590.47021484375
2016-02-29,21.878236770629883,9.947771072387695,28.769216537475586,19.175662994384766,81.6922836303711,42.83219528198242,44.672000885009766,0.7668029069900513,1932.22998046875,4557.9501953125
2016-03-01,22.74711799621582,10.480120658874512,30.561269760131836,19.65176010131836,83.77464294433594,45.03845977783203,46.16458511352539,0.8007909059524536,1978.3499755859375,4689.60009765625
2016-03-02,22.796905517578125,10.695465087890625,31.264766693115234,19.70302963256836,84.9779281616211,45.464500427246094,46.48943328857422,0.8054364323616028,1986.449951171875,4703.419921875
2016-03-03,22.96660614013672,10.767245292663574,31.716476440429688,19.681055068969727,85.91310119628906,45.616661071777344,45.96263885498047,0.798345685005188,1993.4000244140625,4707.419921875
2016-03-04,23.30828094482422,10.799147605895996,31.716476440429688,19.629783630371094,85.91310119628906,45.685123443603516,45.68168258666992,0.7959003448486328,1999.989990234375,4717.02001953125
2016-03-07,23.050329208374023,10.79117202758789,31.553569793701172,19.878826141357422,87.37826538085938,45.6014404296875,44.80369567871094,0.7907655835151672,2001.760009765625,4708.25
2016-03-08,22.860261917114258,10.416314125061035,30.398357391357422,19.812898635864258,86.70490264892578,44.71893310546875,45.348052978515625,0.7763389348983765,1979.260009765625,4648.81982421875
2016-03-09,22.880624771118164,10.480121612548828,30.4724178314209,20.22307586669922,87.54037475585938,44.97760772705078,46.39285659790039,0.7758501768112183,1989.260009765625,4674.3798828125
2016-03-10,22.89194107055664,10.583806037902832,30.63532066345215,20.05461311340332,87.4031982421875,44.5896110534668,45.699249267578125,0.7746274471282959,1989.5699462890625,4662.16015625
2016-03-11,23.13857650756836,10.998540878295898,31.834976196289062,20.406187057495117,88.75611114501953,45.14496612548828,46.594791412353516,0.78783118724823,2022.18994140625,4748.47021484375
2016-03-14,23.197404861450195,10.878908157348633,31.597997665405273,20.288997650146484,89.01797485351562,44.97760772705078,46.68259048461914,0.7897875905036926,2019.6400146484375,4750.27978515625
2016-03-15,23.66352653503418,10.823075294494629,31.538742065429688,20.25969696044922,89.13021087646484,45.03845977783203,47.051353454589844,0.7858752012252808,2015.9300537109375,4728.669921875
2016-03-16,23.978042602539062,10.61570930480957,31.27217674255371,20.420833587646484,90.27112579345703,44.825443267822266,47.7186164855957,0.8093487024307251,2027.219970703125,4763.97021484375
2016-03-17,23.9395809173584,10.687487602233887,31.731290817260742,20.647897720336914,91.67389678955078,44.69611358642578,47.99079895019531,0.8025023937225342,2040.5899658203125,4774.990234375
2016-03-18,23.966732025146484,10.998540878295898,32.242252349853516,20.750446319580078,91.70508575439453,46.01226806640625,46.96355438232422,0.8267093300819397,2049.580078125,4795.64990234375
2016-03-21,23.964466094970703,11.038420677185059,32.28668212890625,20.647897720336914,92.66524505615234,45.99705123901367,47.28840255737305,0.8291546106338501,2051.60009765625,4808.8701171875
2016-03-22,24.14774513244629,10.974613189697266,32.12377166748047,20.713817596435547,92.33480834960938,45.829681396484375,47.472774505615234,0.8276875615119934,2049.800048828125,4821.66015625
2016-03-23,24.014249801635742,10.862955093383789,31.37583351135254,20.384214401245117,90.65145111083984,45.6014404296875,47.384979248046875,0.8418692946434021,2036.7099609375,4768.85986328125
2016-03-24,23.9101619720459,10.910808563232422,31.057409286499023,20.47943115234375,92.24127197265625,45.25148010253906,47.595703125,0.843092143535614,2035.93994140625,4773.5
2016-03-28,23.801549911499023,10.862955093383789,31.0426025390625,20.43548583984375,92.52183532714844,45.19062423706055,47.0074577331543,0.851650059223175,2037.050048828125,4766.7900390625
2016-03-29,24.364971160888672,10.703441619873047,30.89450454711914,20.581974029541016,93.10165405273438,44.90913391113281,48.03468704223633,0.8653429746627808,2055.010009765625,4846.6201171875
2016-03-30,24.790355682373047,10.751294136047363,31.01299285888672,20.845657348632812,92.52808380126953,45.42646789550781,48.33319854736328,0.8743900656700134,2063.949951171875,4869.2900390625
2016-03-31,24.661386489868164,10.783196449279785,30.916711807250977,20.852983474731445,94.42340850830078,45.053680419921875,48.49125289916992,0.8712114095687866,2059.739990234375,4869.85009765625
2016-04-01,24.887659072875977,10.81510066986084,31.449901580810547,21.01412010192871,95.09049224853516,45.54819107055664,48.78976058959961,0.8839261531829834,2072.780029296875,4914.5400390625
2016-04-04,25.143346786499023,10.775218963623047,31.146289825439453,20.79977035522461,94.8099365234375,45.37191390991211,48.66685485839844,0.8753681182861328,2066.1298828125,4891.7998046875
2016-04-05,24.846925735473633,10.519997596740723,30.739004135131836,20.385847091674805,93.51937866210938,44.72812271118164,47.90299606323242,0.8741455078125,2045.1700439453125,4843.93017578125
2016-04-06,25.107139587402344,10.583806037902832,30.9981689453125,20.6962947845459,93.53182220458984,45.07300567626953,48.3946647644043,0.8753681182861328,2066.659912109375,4920.72021484375
2016-04-07,24.5595645904541,10.248825073242188,29.820762634277344,20.40062713623047,92.42829895019531,43.931053161621094,47.81520080566406,0.8663210272789001,2041.9100341796875,4848.3701171875
2016-04-08,24.586711883544922,10.272749900817871,29.968856811523438,20.467151641845703,93.1141128540039,44.25294494628906,47.78008270263672,0.871944785118103,2047.5999755859375,4850.68994140625
2016-04-11,24.668174743652344,10.344533920288086,30.450193405151367,20.41541290283203,93.0517807006836,44.60549545288086,47.683502197265625,0.8773243427276611,2041.989990234375,4833.39990234375
2016-04-12,24.98947525024414,10.583806037902832,31.027807235717773,20.430194854736328,93.28868865966797,45.433231353759766,47.98202133178711,0.8763461709022522,2061.719970703125,4872.08984375
2016-04-13,25.351511001586914,10.998540878295898,32.768028259277344,20.86629295349121,94.28621673583984,47.35693359375,48.59660720825195,0.8983526825904846,2082.419921875,4947.419921875
2016-04-14,25.365089416503906,11.277692794799805,33.30860900878906,20.881080627441406,94.24258422851562,47.97007369995117,48.60538864135742,0.9007978439331055,2082.780029296875,4945.89013671875
2016-04-15,24.855979919433594,11.166031837463379,33.2641716003418,20.622373580932617,94.59171295166016,47.418243408203125,48.860008239746094,0.9078887701034546,2080.72998046875,4938.22021484375
2016-04-18,24.319711685180664,11.301620483398438,33.404876708984375,20.836729049682617,95.09674072265625,47.724822998046875,49.571163177490234,0.903976559638977,2094.340087890625,4960.02001953125
2016-04-19,24.19074058532715,11.524938583374023,33.78994369506836,20.940210342407227,89.77859497070312,48.5295524597168,49.50971984863281,0.8878384828567505,2100.800048828125,4940.330078125
2016-04-20,24.24051284790039,11.907776832580566,34.611915588378906,21.021516799926758,91.0940933227539,49.23466491699219,48.80731201171875,0.8912615180015564,2102.39990234375,4948.1298828125
2016-04-21,23.978042602539062,11.88385009765625,34.50825119018555,20.87368392944336,93.08293151855469,48.7441520690918,48.97413635253906,0.8902837038040161,2091.47998046875,4945.89013671875
2016-04-22,23.91242218017578,12.051339149475098,34.782249450683594,20.807167053222656,92.58419799804688,49.02771759033203,45.46219253540039,0.8868602514266968,2091.580078125,4906.22998046875
2016-04-25,23.77666473388672,11.931702613830566,34.574886322021484,20.86629295349121,92.77743530273438,48.7441520690918,45.751922607421875,0.8912615180015564,2087.7900390625,4895.7900390625
2016-04-26,23.611482620239258,12.03538703918457,34.87849426269531,21.02890968322754,92.94578552246094,48.9970703125,45.16366958618164,0.8919952511787415,2091.699951171875,4888.27978515625
2016-04-27,22.133928298950195,11.979554176330566,35.048828125,21.16935157775879,93.81239318847656,49.13502502441406,44.724674224853516,0.912290096282959,2095.14990234375,4863.14013671875
2016-04-28,21.457372665405273,11.796116828918457,34.641109466552734,20.666719436645508,91.69261932373047,48.7441520690918,43.81157302856445,0.8851488828659058,2075.81005859375,4805.2900390625
2016-04-29,21.210735321044922,11.61267375946045,34.30751419067383,20.31932258605957,90.98815155029297,48.437583923339844,43.78523254394531,0.8687663078308105,2065.300048828125,4775.35986328125
2016-05-02,21.188108444213867,11.78016185760498,34.60404968261719,20.230623245239258,90.57038116455078,48.88976287841797,44.434940338134766,0.8802583813667297,2081.429931640625,4817.58984375
2016-05-03,21.536561965942383,11.453160285949707,33.78117752075195,19.853654861450195,89.85965728759766,47.94709014892578,43.70621109008789,0.8697441220283508,2063.3701171875,4763.22021484375
2016-05-04,21.312559127807617,11.269716262817383,33.10661697387695,19.543214797973633,89.93444061279297,47.188316345214844,43.78523254394531,0.8499384522438049,2051.1201171875,4725.64013671875
2016-05-05,21.226057052612305,11.205911636352539,32.78785705566406,19.373207092285156,91.31854248046875,46.93541717529297,43.846675872802734,0.8550732731819153,2050.6298828125,4717.08984375
2016-05-06,21.10767364501953,11.253767013549805,32.92128372192383,19.6097354888916,92.71597290039062,47.2113151550293,44.241798400878906,0.8638758063316345,2057.139892578125,4736.16015625
2016-05-09,21.123611450195312,11.158056259155273,32.53580856323242,19.59494972229004,92.74746704101562,46.91240310668945,43.96083450317383,0.8626534938812256,2058.68994140625,4750.2099609375
2016-05-10,21.267030715942383,11.405304908752441,33.240055084228516,19.979312896728516,94.40299987792969,47.54853820800781,44.794921875,0.879280149936676,2084.389892578125,4809.8798828125
2016-05-11,21.059871673583984,11.325546264648438,32.96575927734375,19.735393524169922,93.76091766357422,47.37226486206055,44.82125473022461,0.8817253708839417,2064.4599609375,4760.68994140625
2016-05-12,20.56587028503418,11.277692794799805,32.617366790771484,19.71321678161621,93.69168090820312,47.34160232543945,45.225135803222656,0.8697441220283508,2064.110107421875,4737.330078125
2016-05-13,20.606847763061523,11.070323944091797,31.95758819580078,19.6097354888916,92.9866943359375,46.904747009277344,44.84760665893555,1.0020276308059692,2046.6099853515625,4717.68017578125
2016-05-16,21.37174415588379,11.11020278930664,31.987241744995117,19.934961318969727,94.08197784423828,47.25730514526367,45.5060920715332,1.0316135883331299,2066.659912109375,4775.4599609375
2016-05-17,21.2829647064209,11.174010276794434,32.39495849609375,19.698427200317383,93.16291809082031,47.25730514526367,44.65732192993164,1.033814787864685,2047.2099609375,4715.72998046875
2016-05-18,21.526548385620117,11.716358184814453,34.003578186035156,19.750167846679688,92.74746704101562,49.08137893676758,44.92257308959961,1.0602229833602905,2047.6300048828125,4739.1201171875
2016-05-19,21.44460105895996,11.588746070861816,33.40312576293945,20.378454208374023,91.23040771484375,48.58320999145508,44.489341735839844,1.0648682117462158,2040.0400390625,4712.52978515625
2016-05-20,21.676795959472656,11.580769538879395,33.28451919555664,20.674114227294922,92.69081115722656,48.6751708984375,44.754573822021484,1.0839405059814453,2052.320068359375,4769.56005859375
2016-05-23,21.952251434326172,11.540892601013184,33.440189361572266,20.651941299438477,92.38864135742188,48.6368522644043,44.232940673828125,1.0856523513793945,2048.0400390625,4765.77978515625
2016-05-24,22.286903381347656,11.708379745483398,33.99617385864258,21.043691635131836,93.35807037353516,49.4645881652832,45.612178802490234,1.112005591392517,2076.06005859375,4861.06005859375
2016-05-25,22.67845916748047,11.899798393249512,34.79677963256836,21.376312255859375,95.48570251464844,50.215667724609375,46.080772399902344,1.107348084449768,2090.5400390625,4894.89013671875
2016-05-26,22.858295440673828,11.724335670471191,34.181495666503906,21.36151885986328,95.95780181884766,49.840118408203125,45.877410888671875,1.1191153526306152,2090.10009765625,4901.77001953125
2016-05-27,22.844640731811523,11.86789608001709,34.5299186706543,21.376312255859375,96.20958709716797,50.146690368652344,46.257591247558594,1.125244140625,2099.06005859375,4933.5
2016-05-31,22.733095169067383,11.796116828918457,34.522499084472656,21.472402572631836,96.77613830566406,50.02406311035156,46.858802795410156,1.1453462839126587,2096.949951171875,4948.0498046875
2016-06-01,22.41438102722168,11.892147064208984,34.79677963256836,21.36151885986328,96.00186157226562,50.34597396850586,46.72617721557617,1.1475530862808228,2099.330078125,4952.25
2016-06-02,22.24592399597168,11.956172943115234,34.81901931762695,21.494579315185547,96.62506103515625,50.43793869018555,46.39905548095703,1.1556427478790283,2105.260009765625,4971.35986328125
2016-06-03,22.291452407836914,11.540027618408203,33.647769927978516,21.531532287597656,96.24108123779297,49.541221618652344,45.78900146484375,1.1394627094268799,2099.1298828125,4942.52001953125
2016-06-06,22.453083038330078,11.620054244995117,33.907222747802734,21.509361267089844,96.14038848876953,50.03173828125,46.08961868286133,1.133578896522522,2109.409912109375,4968.7099609375
2016-06-07,22.54414176940918,11.484006881713867,33.75896072387695,21.487184524536133,96.51805877685547,49.863121032714844,46.06308364868164,1.1357858180999756,2112.1298828125,4961.75
2016-06-08,22.523656845092773,11.548028945922852,33.773799896240234,21.538923263549805,96.93978118896484,50.008750915527344,46.01002502441406,1.1321078538894653,2119.1201171875,4974.64013671875
2016-06-09,22.68528175354004,11.355963706970215,33.36605453491211,21.538923263549805,96.57469177246094,49.62552261352539,45.638710021972656,1.1615265607833862,2115.47998046875,4958.6201171875
2016-06-10,22.498619079589844,11.067861557006836,32.543212890625,21.45761489868164,95.91372680664062,48.92808151245117,45.51493453979492,1.1325987577438354,2096.070068359375,4894.5498046875
2016-06-13,22.159412384033203,10.883796691894531,31.994665145874023,21.317182540893555,95.2276382446289,48.49123001098633,44.330196380615234,1.1470627784729004,2079.06005859375,4848.43994140625
2016-06-14,22.186731338500977,10.611703872680664,31.10508918762207,21.4058780670166,95.08909606933594,47.57919692993164,44.05611038208008,1.149268627166748,2075.320068359375,4843.5498046875
2016-06-15,22.113889694213867,10.675725936889648,31.142154693603516,21.176742553710938,94.84993743896484,47.49488067626953,43.93233108520508,1.1610362529754639,2071.5,4834.93017578125
2016-06-16,22.207223892211914,10.651719093322754,31.223697662353516,21.339359283447266,95.08909606933594,47.686492919921875,44.55124282836914,1.165693759918213,2077.989990234375,4844.919921875
2016-06-17,21.70184326171875,10.723739624023438,31.490556716918945,21.398487091064453,95.674560546875,47.73248291015625,44.321346282958984,1.1453462839126587,2071.219970703125,4800.33984375
2016-06-20,21.649477005004883,10.835779190063477,31.727792739868164,21.28761100769043,96.69429779052734,47.80147171020508,44.268310546875,1.165939211845398,2083.25,4837.2099609375
2016-06-21,21.833877563476562,10.899801254272461,31.816747665405273,21.265439987182617,96.97125244140625,48.245975494384766,45.25852584838867,1.158829689025879,2088.89990234375,4843.759765625
2016-06-22,21.751924514770508,10.891798973083496,31.638832092285156,21.228479385375977,96.25995635986328,48.062034606933594,45.081703186035156,1.157848834991455,2085.449951171875,4833.31982421875
2016-06-23,21.87713050842285,11.235919952392578,32.958351135253906,21.598054885864258,97.78958129882812,49.08904266357422,45.89510726928711,1.188738465309143,2113.320068359375,4910.0400390625
2016-06-24,21.26247787475586,10.403631210327148,29.874523162841797,20.51150131225586,92.27534484863281,45.67848205566406,44.05611038208008,1.1210761070251465,2037.4100341796875,4707.97998046875
2016-06-27,20.952877044677734,9.74739933013916,28.525354385375977,20.1862735748291,90.33027648925781,44.15331268310547,42.8183479309082,1.1090638637542725,2000.5400390625,4594.43994140625
2016-06-28,21.305728912353516,10.163546562194824,29.978302001953125,20.54107093811035,91.71511840820312,45.61716842651367,43.7113037109375,1.125244140625,2036.0899658203125,4691.8701171875
2016-06-29,21.490123748779297,10.555685043334961,31.223697662353516,20.88847541809082,93.45247650146484,46.904747009277344,44.683860778808594,1.143630027770996,2070.77001953125,4779.25
2016-06-30,21.7633113861084,10.619704246520996,31.423852920532227,21.2063045501709,95.5423583984375,47.625186920166016,45.24085235595703,1.1524558067321777,2098.860107421875,4842.669921875
2016-07-01,21.829328536987305,10.48365592956543,31.260757446289062,21.28761100769043,95.90116882324219,47.31623077392578,45.23202133178711,1.143875241279602,2102.949951171875,4862.56982421875
2016-07-05,21.624435424804688,10.195555686950684,30.230350494384766,21.130977630615234,95.47941589355469,45.995445251464844,45.24085235595703,1.1607911586761475,2088.550048828125,4822.89990234375
2016-07-06,21.747371673583984,10.291589736938477,30.437925338745117,21.421871185302734,95.91372680664062,46.489776611328125,45.426517486572266,1.1681451797485352,2099.72998046875,4859.16015625
2016-07-07,21.840709686279297,10.41163444519043,30.608417510986328,21.43678855895996,96.05853271484375,46.791019439697266,45.426517486572266,1.1985446214675903,2097.89990234375,4876.81005859375
2016-07-08,22.009164810180664,10.539676666259766,31.119915008544922,21.824649810791016,97.22933959960938,47.7564811706543,46.23991012573242,1.246593952178955,2129.89990234375,4956.759765625
2016-07-11,22.077465057373047,10.571687698364258,31.3497257232666,21.951454162597656,97.77701568603516,48.09634017944336,46.49631118774414,1.2752764225006104,2137.159912109375,4988.64013671875
2016-07-12,22.177631378173828,10.835779190063477,32.20222473144531,22.08571434020996,98.85343170166016,48.81464385986328,47.044471740722656,1.294398307800293,2152.139892578125,5022.81982421875
2016-07-13,22.052425384521484,10.755753517150879,32.12067794799805,22.190134048461914,99.47029876708984,48.783748626708984,47.3097038269043,1.2939081192016602,2152.429931640625,5005.72998046875
2016-07-14,22.4895076751709,10.923810958862305,32.95093536376953,22.197599411010742,100.8929443359375,49.52524948120117,47.5130729675293,1.3071459531784058,2163.75,5034.06005859375
2016-07-15,22.487232208251953,10.931816101074219,32.86197280883789,22.242345809936523,100.57818603515625,49.57159423828125,47.477691650390625,1.2919470071792603,2161.739990234375,5029.58984375
2016-07-18,22.72626304626465,11.291942596435547,33.03989791870117,22.309478759765625,100.62857055664062,49.40166473388672,47.70756149291992,1.2985659837722778,2166.889892578125,5055.77978515625
2016-07-19,22.735374450683594,11.411982536315918,32.87681579589844,22.316936492919922,100.45228576660156,49.32442092895508,46.93837356567383,1.312049388885498,2163.780029296875,5036.3701171875
2016-07-20,22.755859375,11.524018287658691,32.96575927734375,22.846519470214844,101.5727767944336,49.37848663330078,49.43162155151367,1.3292099237442017,2173.02001953125,5089.93017578125
2016-07-21,22.635208129882812,11.41998291015625,32.713706970214844,22.809221267700195,100.99994659423828,49.19312286376953,49.33436965942383,1.304694414138794,2165.169921875,5073.89990234375
2016-07-22,22.459917068481445,11.50801944732666,32.83974838256836,22.90618896484375,102.01966094970703,49.463462829589844,50.01514434814453,1.34024178981781,2175.030029296875,5100.16015625
2016-07-25,22.159412384033203,11.500012397766113,32.64700698852539,22.965862274169922,102.3847885131836,49.33214569091797,50.156612396240234,1.3650022745132446,2168.47998046875,5097.6298828125
2016-07-26,22.006887435913086,11.628056526184082,32.72855758666992,23.032991409301758,102.05113983154297,49.532958984375,50.18312454223633,1.388291358947754,2169.179931640625,5110.0498046875
2016-07-27,23.4365291595459,11.708084106445312,32.83232879638672,22.943483352661133,101.86862182617188,49.68743896484375,49.679176330566406,1.3743177652359009,2166.580078125,5139.81005859375
2016-07-28,23.75296401977539,11.748096466064453,32.795127868652344,22.764469146728516,101.57907104492188,49.509788513183594,49.696861267089844,1.3772594928741455,2170.06005859375,5154.97998046875
2016-07-29,23.723365783691406,11.596048355102539,32.5942497253418,22.771926879882812,101.1069564819336,49.40937805175781,50.11240005493164,1.3998135328292847,2173.60009765625,5162.1298828125
2016-08-01,24.142248153686523,11.467999458312988,32.30409622192383,22.921104431152344,101.62942504882812,49.27809524536133,50.02398681640625,1.3907426595687866,2170.840087890625,5184.2001953125
2016-08-02,23.78483772277832,11.307944297790527,31.984180450439453,22.839061737060547,101.08175659179688,49.1622314453125,50.02398681640625,1.3738268613815308,2157.030029296875,5137.72998046875
2016-08-03,24.08305549621582,11.588041305541992,32.65377426147461,22.91364860534668,101.13843536376953,49.94233703613281,50.368804931640625,1.3775047063827515,2163.7900390625,5159.740234375
2016-08-04,24.231830596923828,11.588041305541992,32.61656951904297,22.973323822021484,101.69236755371094,49.86508560180664,50.74012756347656,1.4030002355575562,2164.25,5166.25
2016-08-05,24.600330352783203,12.044201850891113,34.01527404785156,23.15233039855957,102.91985321044922,51.209041595458984,51.24407958984375,1.426780104637146,2182.8701171875,5221.1201171875
2016-08-08,24.804031372070312,12.108222961425781,34.1938362121582,23.129955291748047,102.88177490234375,51.054561614990234,51.33249282836914,1.4400182962417603,2180.889892578125,5213.14013671875
2016-08-09,24.90474510192871,12.156241416931152,34.149200439453125,23.07773780822754,102.71033477783203,50.87691879272461,51.45629119873047,1.4436954259872437,2181.739990234375,5225.47998046875
2016-08-10,24.719345092773438,11.852136611938477,33.81439971923828,23.01060676574707,102.90715026855469,50.42121887207031,51.29712677001953,1.4343798160552979,2175.489990234375,5204.580078125
2016-08-11,24.703330993652344,11.908154487609863,34.022708892822266,23.0851993560791,103.82777404785156,50.56024169921875,51.54468536376953,1.4635529518127441,2185.7900390625,5228.39990234375
2016-08-12,24.760543823242188,11.932164192199707,33.91111755371094,23.025527954101562,102.82462310791016,50.45210266113281,51.226409912109375,1.5454329252243042,2184.050048828125,5232.89013671875
2016-08-15,25.05809783935547,12.020195007324219,34.51375198364258,23.264219284057617,102.78016662597656,50.76104736328125,51.38554382324219,1.5439623594284058,2190.14990234375,5262.02001953125
2016-08-16,25.03520393371582,12.140237808227539,34.68486404418945,23.212003707885742,102.03096008300781,50.75333786010742,51.100852966308594,1.5346465110778809,2178.14990234375,5227.10986328125
2016-08-17,24.99859046936035,12.124229431152344,34.69231414794922,22.91364860534668,101.86591339111328,50.89235305786133,51.20762252807617,1.4990991353988647,2182.219970703125,5228.66015625
2016-08-18,24.96654510498047,12.132231712341309,34.5955924987793,22.734634399414062,102.45001983642578,50.93871307373047,51.243202209472656,1.5223885774612427,2187.02001953125,5240.14990234375
2016-08-19,25.030628204345703,12.180249214172363,34.61791229248047,22.764469146728516,101.61188507080078,50.86919021606445,51.26099395751953,1.5263113975524902,2183.8701171875,5238.3798828125
2016-08-22,24.83608055114746,12.148238182067871,34.71464157104492,22.846519470214844,101.58651733398438,50.82284927368164,51.305477142333984,1.5326850414276123,2182.639892578125,5244.60009765625
2016-08-23,24.913898468017578,12.284282684326172,34.66254425048828,23.107572555541992,101.7515869140625,50.79966735839844,51.501190185546875,1.5450881719589233,2186.89990234375,5260.080078125
2016-08-24,24.726213455200195,12.324298858642578,34.71464157104492,23.1672420501709,100.98334503173828,50.93871307373047,51.55458068847656,1.521264672279358,2175.43994140625,5217.68994140625
2016-08-25,24.620933532714844,12.428336143493652,34.75925827026367,23.338804244995117,100.71670532226562,51.031394958496094,51.75029373168945,1.5111953020095825,2172.469970703125,5212.2001953125
2016-08-26,24.47673225402832,12.636408805847168,35.04941940307617,23.38355827331543,100.5198974609375,51.14725112915039,51.62574005126953,1.523475170135498,2169.0400390625,5218.919921875
2016-08-29,24.449264526367188,12.676419258117676,35.1610221862793,23.55510902404785,101.40874481201172,51.71108627319336,51.68803405761719,1.5224928855895996,2180.3798828125,5232.330078125
2016-08-30,24.261587142944336,12.956520080566406,35.63719177246094,23.52527618408203,101.20557403564453,52.13591766357422,51.501190185546875,1.5136513710021973,2176.1201171875,5222.990234375
2016-08-31,24.28447151184082,12.9766206741333,35.51813888549805,23.450685501098633,100.87540435791016,52.13591766357422,51.118648529052734,1.506528377532959,2170.949951171875,5213.22021484375
2016-09-01,24.428672790527344,12.847979545593262,35.23541259765625,23.55510902404785,101.29444122314453,51.91191101074219,51.23430633544922,1.5509827136993408,2170.860107421875,5227.2099609375
2016-09-02,24.65755271911621,12.86406135559082,35.347015380859375,23.741579055786133,101.30084228515625,52.12818145751953,51.305477142333984,1.5357553958892822,2179.97998046875,5249.89990234375
2016-09-06,24.650686264038086,12.687179565429688,35.183345794677734,23.771411895751953,101.80872344970703,52.08955001831055,51.252098083496094,1.5502456426620483,2186.47998046875,5275.91015625
2016-09-07,24.801748275756836,12.622857093811035,35.32469177246094,23.711746215820312,102.6277847290039,51.873294830322266,51.296573638916016,1.5274046659469604,2186.159912109375,5283.93017578125
2016-09-08,24.151723861694336,12.751501083374023,35.555335998535156,23.47306251525879,100.95159912109375,51.94281005859375,51.091957092285156,1.538456678390503,2181.300048828125,5259.47998046875
2016-09-09,23.604684829711914,12.65501880645752,35.09405517578125,23.01060676574707,98.85006713867188,51.479373931884766,50.006595611572266,1.4618284702301025,2127.81005859375,5125.91015625
2016-09-12,24.13340950012207,12.783658027648926,35.555335998535156,23.450685501098633,100.50079345703125,51.796051025390625,50.75389862060547,1.4920377731323242,2159.0400390625,5211.89013671875
2016-09-13,24.707902908325195,12.638936996459961,34.90806579589844,23.1672420501709,98.92621612548828,51.38669204711914,50.291290283203125,1.4704254865646362,2127.02001953125,5155.25
2016-09-14,25.582233428955078,12.56657886505127,34.78159713745117,23.12249183654785,97.8087387084961,51.28628158569336,50.051090240478516,1.4834413528442383,2125.77001953125,5173.77001953125
2016-09-15,26.451990127563477,12.598738670349121,35.0271110534668,23.35371971130371,98.83097839355469,51.471656799316406,50.87844467163086,1.539684772491455,2147.260009765625,5249.68994140625
2016-09-16,26.303220748901367,12.454017639160156,34.528629302978516,23.003150939941406,97.6754379272461,50.83829879760742,50.931819915771484,1.543368935585022,2139.159912109375,5244.56982421875
2016-09-19,25.99651336669922,12.534420013427734,34.66254425048828,23.137413024902344,98.32941436767578,51.12408447265625,50.64714050292969,1.5637537240982056,2139.1201171875,5235.02978515625
2016-09-20,25.994230270385742,12.542457580566406,34.62534713745117,23.19708251953125,98.0627212524414,51.33261489868164,50.54036331176758,1.5495089292526245,2139.760009765625,5241.35009765625
2016-09-21,25.98965072631836,12.582657814025879,34.89319610595703,23.391019821166992,98.74842834472656,51.626129150390625,51.38554382324219,1.5929811000823975,2163.1201171875,5295.18017578125
2016-09-22,26.23455810546875,12.542457580566406,35.04941940307617,23.614778518676758,99.1166763305664,52.050933837890625,51.438926696777344,1.5969103574752808,2177.179931640625,5339.52001953125
2016-09-23,25.797382354736328,12.47813892364502,35.07918930053711,23.3760929107666,98.39923858642578,51.94281005859375,51.091957092285156,1.5951910018920898,2164.68994140625,5305.75
2016-09-26,25.836299896240234,12.132417678833008,34.141746520996094,23.174707412719727,97.76432037353516,50.80739974975586,50.620460510253906,1.5802096128463745,2146.10009765625,5257.490234375
2016-09-27,25.88435935974121,12.293218612670898,34.49886703491211,23.48051643371582,99.53573608398438,51.2553825378418,51.55458068847656,1.6342421770095825,2159.929931640625,5305.7099609375
2016-09-28,26.081201553344727,12.365578651428223,34.87086486816406,23.49544334411621,100.50079345703125,51.52571105957031,51.62574005126953,1.6401363611221313,2171.3701171875,5318.5498046875
2016-09-29,25.67607879638672,12.18869686126709,34.074790954589844,23.41339111328125,100.38651275634766,50.706993103027344,51.06526184082031,1.6553641557693481,2151.1298828125,5269.14990234375
2016-09-30,25.875207901000977,12.582657814025879,35.138694763183594,23.65953826904297,100.8563461303711,51.43301773071289,51.243202209472656,1.6828712224960327,2168.27001953125,5312.0
2016-10-03,25.7539005279541,12.56657886505127,34.989898681640625,23.68961524963379,100.06905364990234,51.371246337890625,51.08306884765625,1.681152105331421,2161.199951171875,5300.8701171875
2016-10-04,25.8637638092041,12.70326042175293,35.525596618652344,23.57680892944336,99.33892059326172,51.814701080322266,50.92292785644531,1.677468180656433,2150.489990234375,5289.66015625
2016-10-05,25.875207901000977,12.95250129699707,36.195167541503906,23.757301330566406,99.73258972167969,52.6627311706543,51.27876663208008,1.6757493019104004,2159.72998046875,5316.02001953125
2016-10-06,26.067474365234375,13.040940284729004,36.507652282714844,23.67457389831543,99.60556030273438,52.8027458190918,51.36774444580078,1.6538901329040527,2160.77001953125,5306.85009765625
2016-10-07,26.10638427734375,12.96858024597168,36.66389083862305,23.66705322265625,98.83735656738281,52.98947525024414,51.42112350463867,1.6418555974960327,2153.739990234375,5292.39990234375
2016-10-10,26.561851501464844,13.105259895324707,36.86476516723633,23.66705322265625,99.69448852539062,53.40180587768555,51.634647369384766,1.6479958295822144,2163.659912109375,5328.669921875
2016-10-11,26.619068145751953,12.95250129699707,36.448123931884766,23.34367561340332,98.27860260009766,53.14506912231445,50.87844467163086,1.6241728067398071,2136.72998046875,5246.7900390625
2016-10-12,26.857114791870117,12.888177871704102,36.23237609863281,22.817235946655273,97.96113586425781,53.00503921508789,50.80728530883789,1.631540060043335,2139.179931640625,5239.02001953125
2016-10-13,26.774717330932617,12.727381706237793,36.06126022338867,22.689382553100586,97.59922790527344,52.70161437988281,50.638240814208984,1.605015516281128,2132.550048828125,5213.330078125
2016-10-14,26.923490524291992,12.86406135559082,36.165409088134766,22.69691276550293,98.0627212524414,52.53044891357422,51.08306884765625,1.6207342147827148,2132.97998046875,5214.16015625
2016-10-17,26.905187606811523,12.90425968170166,36.1579704284668,22.726985931396484,98.26591491699219,52.258155822753906,50.90513229370117,1.6114012002944946,2126.5,5199.81982421875
2016-10-18,26.886869430541992,13.073098182678223,36.448123931884766,22.892440795898438,95.69448852539062,52.67049789428711,51.296573638916016,1.6359611749649048,2139.60009765625,5243.83984375
2016-10-19,26.806760787963867,13.241943359375,36.81268310546875,22.82475471496582,96.03731536865234,53.17619705200195,51.18092346191406,1.6325229406356812,2144.2900390625,5246.41015625
2016-10-20,26.793027877807617,13.314301490783691,36.8870849609375,22.681867599487305,96.20240783691406,53.10619354248047,50.931819915771484,1.6634684801101685,2141.340087890625,5241.830078125
2016-10-21,26.687747955322266,13.402741432189941,36.87963104248047,22.674348831176758,95.00244140625,53.28511047363281,53.07584762573242,1.6588029861450195,2141.159912109375,5257.39990234375
2016-10-24,26.928071975708008,13.48314094543457,36.8870849609375,22.907480239868164,95.59928894042969,53.58075714111328,54.267967224121094,1.7366584539413452,2151.330078125,5309.830078125
2016-10-25,27.065399169921875,13.44294261932373,36.8945198059082,22.817235946655273,95.79608917236328,53.526302337646484,54.25907897949219,1.7651487588882446,2143.159912109375,5283.39990234375
2016-10-26,26.45656967163086,13.563542366027832,37.206993103027344,22.97516441345215,96.38658905029297,53.78303527832031,53.938804626464844,1.7722713947296143,2139.429931640625,5250.27001953125
2016-10-27,26.2025089263916,13.595702171325684,37.147483825683594,22.847312927246094,97.3643569946289,53.86083984375,53.46729278564453,1.735921859741211,2133.0400390625,5215.97021484375
2016-10-28,26.028562545776367,13.410783767700195,36.8722038269043,23.005245208740234,96.89451599121094,53.76747512817383,53.26266860961914,1.7329745292663574,2126.409912109375,5190.10009765625
2016-10-31,25.98736000061035,13.266060829162598,36.56716537475586,23.07293128967285,97.5801773071289,53.884178161621094,53.307151794433594,1.7477105855941772,2126.14990234375,5189.14013671875
2016-11-01,25.518150329589844,13.354503631591797,36.41093444824219,22.922527313232422,97.0087890625,53.65856170654297,53.200408935546875,1.6958884000778198,2111.719970703125,5153.580078125
2016-11-02,25.541038513183594,13.249980926513672,36.113338470458984,22.85483741760254,96.47545623779297,53.43293762207031,52.87124252319336,1.6887662410736084,2097.93994140625,5105.56982421875
2016-11-03,25.26726722717285,13.249980926513672,35.97150802612305,22.802194595336914,96.74211120605469,53.199546813964844,52.67551040649414,1.6691174507141113,2088.659912109375,5058.41015625
2016-11-04,25.03951072692871,13.30626106262207,35.956573486328125,22.70442771911621,96.78022003173828,52.71715545654297,52.2307014465332,1.6595392227172852,2085.179931640625,5046.3701171875
2016-11-07,25.400707244873047,13.676105499267578,37.18821716308594,23.268463134765625,98.86911010742188,54.36653518676758,53.751983642578125,1.750411868095398,2131.52001953125,5166.169921875
2016-11-08,25.55023956298828,13.668063163757324,37.255393981933594,23.313589096069336,99.41368865966797,54.483238220214844,53.79646682739258,1.7477105855941772,2139.56005859375,5193.490234375
2016-11-09,25.50882911682129,14.447945594787598,38.509429931640625,23.58432960510254,99.1829833984375,56.98838806152344,53.52956771850586,1.718238115310669,2163.260009765625,5251.06982421875
2016-11-10,24.797950744628906,15.083109855651855,40.01728057861328,23.313589096069336,102.64910125732422,59.63359451293945,52.2218017578125,1.664451241493225,2167.47998046875,5208.7998046875
2016-11-11,24.945188522338867,15.292154312133789,39.435035705566406,23.58432960510254,103.32174682617188,59.66471481323242,52.5064811706543,2.160569667816162,2164.449951171875,5237.10986328125
2016-11-14,24.319427490234375,16.144397735595703,40.815982818603516,23.591848373413086,101.361328125,61.858665466308594,51.705810546875,2.054222822189331,2164.199951171875,5218.39990234375
2016-11-15,24.641510009765625,16.208711624145508,41.39075469970703,23.840023040771484,101.65602111816406,61.741966247558594,52.72685241699219,2.116852045059204,2180.389892578125,5275.6201171875
2016-11-16,25.3040828704834,15.879075050354004,40.778656005859375,23.74225616455078,102.05325317382812,60.21705627441406,53.42545700073242,2.250460624694824,2176.93994140625,5294.580078125
2016-11-17,25.294879913330078,16.144397735595703,41.39075469970703,22.59914207458496,102.3799819946289,60.69942855834961,54.3121452331543,2.2691259384155273,2187.1201171875,5333.97021484375
2016-11-18,25.320180892944336,16.080074310302734,41.39820861816406,22.69691276550293,102.75798034667969,60.45827102661133,54.05241394042969,2.292949914932251,2181.89990234375,5321.509765625
2016-11-21,25.704381942749023,16.345396041870117,41.45792007446289,22.59914207458496,104.28277587890625,60.72279357910156,54.509178161621094,2.283616304397583,2198.179931640625,5368.85986328125
2016-11-22,25.720483779907227,16.321273803710938,41.875938415527344,22.47881317138672,104.21873474121094,61.096214294433594,54.74204635620117,2.300071954727173,2202.93994140625,5386.35009765625
2016-11-23,25.5893497467041,16.530324935913086,42.316341400146484,22.34344482421875,103.77665710449219,61.35295104980469,54.097198486328125,2.311386823654175,2204.719970703125,5380.68017578125
2016-11-25,25.71818733215332,16.77151870727539,42.383522033691406,22.62922477722168,104.51984405517578,61.329620361328125,54.213619232177734,2.316060781478882,2213.35009765625,5398.919921875
2016-11-28,25.667570114135742,16.321273803710938,41.40566635131836,22.501373291015625,105.4039535522461,60.932857513427734,54.28528594970703,2.3148298263549805,2201.719970703125,5368.81005859375
2016-11-29,25.64226531982422,16.313232421875,41.44298553466797,22.43369483947754,104.76969909667969,61.399627685546875,54.7151985168457,2.2936768531799316,2204.659912109375,5379.919921875
2016-11-30,25.426010131835938,17.043560028076172,42.09241485595703,22.426164627075195,103.930419921875,62.37213134765625,53.9718017578125,2.2678494453430176,2198.81005859375,5323.68017578125
2016-12-01,25.18905258178711,17.350215911865234,42.749298095703125,22.147905349731445,102.39279174804688,63.632511138916016,53.02241134643555,2.1556873321533203,2191.080078125,5251.10986328125
2016-12-02,25.283376693725586,17.132328033447266,41.81621551513672,21.997499465942383,102.52095794677734,63.484683990478516,53.06718826293945,2.175610065460205,2191.949951171875,5255.64990234375
2016-12-05,25.10162925720215,17.624584197998047,42.75675582885742,22.20807647705078,102.4056167602539,64.77613830566406,53.935977935791016,2.2599780559539795,2204.7099609375,5308.89013671875
2016-12-06,25.294879913330078,17.88282585144043,43.23448181152344,22.057674407958984,102.7323226928711,65.1106948852539,53.694156646728516,2.2971203327178955,2212.22998046875,5333.0
2016-12-07,25.54334259033203,18.213687896728516,44.085426330566406,22.52393341064453,105.57695007324219,65.40633392333984,54.96596908569336,2.3384432792663574,2241.35009765625,5393.759765625
2016-12-08,25.794099807739258,18.520343780517578,44.89906311035156,22.52393341064453,105.942138671875,66.22325134277344,54.643516540527344,2.2993338108062744,2246.18994140625,5417.35986328125
2016-12-09,26.215105056762695,18.633319854736328,44.816959381103516,22.606658935546875,106.68534088134766,66.51109313964844,55.50336837768555,2.258502721786499,2259.530029296875,5444.5
2016-12-12,26.065576553344727,18.245967864990234,44.45119094848633,22.689382553100586,106.0318374633789,65.91980743408203,55.6824836730957,2.20365047454834,2256.9599609375,5412.5400390625
2016-12-13,26.50037956237793,18.245967864990234,44.630332946777344,23.005245208740234,107.81932067871094,65.94315338134766,56.4079704284668,2.2425150871276855,2271.719970703125,5463.830078125
2016-12-14,26.50037956237793,18.294382095336914,44.37654495239258,22.907480239868164,107.96025085449219,65.91980743408203,56.139286041259766,2.3723866939544678,2253.280029296875,5436.669921875
2016-12-15,26.64531898498535,18.689807891845703,44.95878601074219,23.035329818725586,107.64633178710938,66.90785217285156,56.04970932006836,2.427976369857788,2262.030029296875,5456.85009765625
2016-12-16,26.679824829101562,18.286314010620117,44.600486755371094,23.005245208740234,106.81985473632812,66.08319854736328,55.798927307128906,2.4697911739349365,2258.070068359375,5437.16015625
2016-12-19,26.833961486816406,18.14105987548828,44.533302307128906,23.125581741333008,106.787841796875,66.46439361572266,56.98118209838867,2.4997997283935547,2262.530029296875,5457.43994140625
2016-12-20,26.905284881591797,18.326663970947266,45.38425827026367,22.98268699645996,107.37725067138672,67.32019805908203,56.90952682495117,2.586874008178711,2270.760009765625,5483.93994140625
2016-12-21,26.930587768554688,18.262107849121094,45.34694290161133,22.87740135192871,107.20426177978516,67.49137115478516,56.90952682495117,2.603106737136841,2265.179931640625,5471.43017578125
2016-12-22,26.753448486328125,18.18947982788086,45.15286636352539,22.907480239868164,107.03128814697266,67.60029602050781,56.918487548828125,2.6345911026000977,2260.9599609375,5447.419921875
2016-12-23,26.806360244750977,18.237897872924805,45.52609634399414,22.960124969482422,106.80704498291016,67.72476959228516,56.64084243774414,2.7002663612365723,2263.7900390625,5462.68994140625
2016-12-27,26.97660255432129,18.245967864990234,45.6007194519043,23.07293128967285,107.0825424194336,67.78700256347656,56.67666244506836,2.885727643966675,2268.8798828125,5487.43994140625
2016-12-28,26.861574172973633,18.02001953125,44.816959381103516,22.87740135192871,106.47392272949219,67.296875,56.41691970825195,2.6872293949127197,2249.919921875,5438.56005859375
2016-12-29,26.85467529296875,17.753705978393555,44.324302673339844,22.907480239868164,106.73657989501953,66.82228088378906,56.336326599121094,2.7408511638641357,2249.260009765625,5432.08984375
2016-12-30,26.64531898498535,17.834407806396484,44.36161804199219,22.726985931396484,106.34574890136719,67.13350677490234,55.6556282043457,2.625491142272949,2238.830078125,5383.1201171875
2017-01-03,26.72124671936035,18.181411743164062,45.227508544921875,22.967653274536133,107.11459350585938,67.86481475830078,56.04970932006836,2.5091466903686523,2257.830078125,5429.080078125
2017-01-04,26.691326141357422,18.520343780517578,45.83959197998047,22.831117630004883,108.4407958984375,67.98995971679688,55.798927307128906,2.567687749862671,2270.75,5477.0
2017-01-05,26.82706642150879,18.302459716796875,45.040889739990234,22.884206771850586,108.08201599121094,67.36412048339844,55.798927307128906,2.5025062561035156,2269.0,5487.93994140625
2017-01-06,27.12613868713379,18.302459716796875,45.197654724121094,22.929712295532227,108.61376190185547,67.37195587158203,56.2825813293457,2.5359580516815186,2276.97998046875,5521.06005859375
2017-01-09,27.374605178833008,18.197551727294922,44.95132064819336,22.891801834106445,107.40930938720703,67.41888427734375,56.10344696044922,2.638772964477539,2268.89990234375,5531.81982421875
2017-01-10,27.402210235595703,18.512277603149414,44.95878601074219,23.043493270874023,106.04463958740234,67.61448669433594,56.08553695678711,2.618849515914917,2268.89990234375,5551.81982421875
2017-01-11,27.5494441986084,18.6171817779541,44.757240295410156,22.869043350219727,107.47333526611328,68.12300109863281,56.59606170654297,2.586627244949341,2275.320068359375,5563.64990234375
2017-01-12,27.434417724609375,18.49613380432129,44.212318420410156,22.785612106323242,107.60147857666016,67.4658432006836,56.07656478881836,2.544321298599243,2270.43994140625,5547.490234375
2017-01-13,27.386106491088867,18.56875991821289,44.51091384887695,22.80835723876953,107.2106704711914,67.82568359375,56.15718460083008,2.544074296951294,2274.639892578125,5574.1201171875
2017-01-17,27.606964111328125,17.7940616607666,43.57784652709961,22.7476806640625,107.56301879882812,65.36144256591797,56.00493240356445,2.4870100021362305,2267.889892578125,5538.72998046875
2017-01-18,27.604656219482422,18.262107849121094,42.83885955810547,22.77801513671875,106.8647689819336,65.66653442382812,55.97804641723633,2.5322670936584473,2271.889892578125,5555.64990234375
2017-01-19,27.556344985961914,18.181411743164062,42.29395294189453,22.74009132385254,106.87113189697266,65.1658935546875,55.798927307128906,2.586627244949341,2263.68994140625,5540.080078125
2017-01-20,27.606964111328125,18.27018165588379,41.88340759277344,22.831117630004883,109.2672348022461,65.455322265625,56.19301986694336,2.5583407878875732,2271.31005859375,5555.330078125
2017-01-23,27.625370025634766,18.205615997314453,41.56243896484375,22.960063934326172,109.57478332519531,65.4865951538086,56.39004898071289,2.584906578063965,2265.199951171875,5552.93994140625
2017-01-24,27.600061416625977,18.520343780517578,42.353660583496094,23.210372924804688,112.69486236572266,66.27674865722656,56.891624450683594,2.640003204345703,2280.070068359375,5600.9599609375
2017-01-25,28.039466857910156,18.859275817871094,43.06279754638672,23.28622055053711,114.22610473632812,67.30155181884766,57.03491973876953,2.6513173580169678,2298.3701171875,5656.33984375
2017-01-26,28.05327606201172,18.915767669677734,42.816471099853516,23.316558837890625,114.463134765625,67.86481475830078,57.5633544921875,2.697068214416504,2296.679931640625,5655.18017578125
2017-01-27,28.055574417114258,18.851205825805664,42.629859924316406,23.49860191345215,113.59182739257812,68.00562286376953,58.91579818725586,2.7492151260375977,2294.68994140625,5660.77978515625
2017-01-30,27.981950759887695,18.520343780517578,42.256629943847656,23.384830474853516,112.63079833984375,67.30155181884766,58.33361053466797,2.7061691284179688,2280.89990234375,5613.7099609375
2017-01-31,27.917539596557617,18.27018165588379,41.67439651489258,23.301389694213867,111.81074523925781,66.20631408691406,57.90370178222656,2.6855082511901855,2278.8701171875,5614.7900390625
2017-02-01,29.619972229003906,18.471925735473633,41.838623046875,23.134517669677734,111.66338348388672,66.45665740966797,56.94536590576172,2.802834987640381,2279.550048828125,5642.64990234375
2017-02-02,29.569355010986328,18.33473777770996,41.905975341796875,23.650306701660156,111.84917449951172,66.17504119873047,56.578147888183594,2.8382556438446045,2280.85009765625,5636.2001953125
2017-02-03,29.695884704589844,18.794721603393555,43.238468170166016,23.756498336791992,112.64360046386719,68.20121765136719,57.03491973876953,2.81341290473938,2297.419921875,5666.77001953125
2017-02-06,29.974258422851562,18.65753173828125,43.14864730834961,23.741321563720703,112.66920471191406,67.88046264648438,56.99910354614258,2.8854823112487793,2292.56005859375,5663.5498046875
2017-02-07,30.259525299072266,18.47999382019043,42.8117790222168,23.855100631713867,114.33501434326172,67.84134674072266,56.81101608276367,2.9302492141723633,2293.080078125,5674.22021484375
2017-02-08,30.376861572265625,18.294382095336914,42.1605110168457,23.718570709228516,113.76031494140625,67.24679565429688,56.73040008544922,2.91745924949646,2294.669921875,5682.4501953125
2017-02-09,30.59636116027832,18.65753173828125,42.86417770385742,23.893028259277344,114.43184661865234,68.21684265136719,57.375274658203125,2.8626060485839844,2307.8701171875,5715.18017578125
2017-02-10,30.527042388916016,18.62525177001953,43.141151428222656,23.90061378479004,115.38109588623047,68.06038665771484,57.3215217590332,2.7947192192077637,2316.10009765625,5734.1298828125
2017-02-13,30.797374725341797,18.883493423461914,44.129310607910156,24.249526977539062,115.82019805908203,68.96002960205078,57.966400146484375,2.665830135345459,2328.25,5763.9599609375
2017-02-14,31.197114944458008,19.416101455688477,44.788055419921875,24.507421493530273,116.31742858886719,70.06310272216797,58.182655334472656,2.675668716430664,2337.580078125,5782.56982421875
2017-02-15,31.31031608581543,19.83573341369629,45.28960418701172,24.894262313842773,117.31830596923828,70.86885070800781,58.1466178894043,2.6810801029205322,2349.25,5819.43994140625
2017-02-16,31.27335548400879,19.83573341369629,45.19978332519531,25.485889434814453,117.15689849853516,70.82192993164062,58.13759231567383,2.6380341053009033,2347.219970703125,5814.89990234375
2017-02-17,31.358840942382812,19.787309646606445,45.042572021484375,25.592086791992188,116.66610717773438,70.58724212646484,58.22771072387695,2.637542963027954,2351.159912109375,5838.580078125
2017-02-21,31.58527374267578,19.99712562561035,45.3270378112793,25.887901306152344,116.40137481689453,71.19741821289062,58.11056137084961,2.7319960594177246,2365.3798828125,5865.9501953125
2017-02-22,31.680023193359375,20.005199432373047,45.37942886352539,25.857563018798828,116.97611236572266,71.23655700683594,57.99342346191406,2.7278096675872803,2362.820068359375,5860.6298828125
2017-02-23,31.545991897583008,19.83573341369629,45.37942886352539,25.819637298583984,117.2989730834961,71.29129028320312,58.22771072387695,2.474879026412964,2363.81005859375,5835.509765625
2017-02-24,31.576040267944336,19.55328941345215,44.585933685302734,26.032020568847656,117.10518646240234,70.66545104980469,58.22771072387695,2.498767375946045,2367.340087890625,5845.31005859375
2017-02-27,31.638408660888672,19.827655792236328,44.93028259277344,25.986515045166016,115.84598541259766,70.74368286132812,57.87628936767578,2.571420907974243,2369.75,5861.89990234375
2017-02-28,31.652286529541016,19.91642951965332,44.77309036254883,25.92582893371582,116.11723327636719,70.892333984375,57.651023864746094,2.499260187149048,2363.639892578125,5825.43994140625
2017-03-01,32.29924392700195,20.640888214111328,46.068153381347656,26.12303924560547,117.49266052246094,73.22356414794922,58.51605224609375,2.5315232276916504,2395.9599609375,5904.02978515625
2017-03-02,32.10746765136719,20.422334671020508,45.386924743652344,26.08510971069336,116.57568359375,72.0814208984375,57.67805099487305,2.4381825923919678,2381.919921875,5861.22021484375
2017-03-03,32.29692077636719,20.592309951782227,45.663902282714844,26.00926399230957,116.26576232910156,72.59774017333984,57.8942985534668,2.424144744873047,2383.1201171875,5870.75
2017-03-06,32.19527816772461,20.438518524169922,45.124908447265625,25.93341636657715,116.5369644165039,71.9093246459961,57.91233825683594,2.4054276943206787,2375.31005859375,5849.18017578125
2017-03-07,32.23685073852539,20.40614891052246,45.28960418701172,25.94099998474121,116.47887420654297,71.5103530883789,58.02946472167969,2.431779384613037,2368.389892578125,5833.93017578125
2017-03-08,32.11670684814453,20.44661521911621,45.74623489379883,25.804471969604492,115.87834167480469,71.3538818359375,58.561100006103516,2.427346706390381,2362.97998046875,5837.5498046875
2017-03-09,32.042781829833984,20.519466400146484,46.075626373291016,25.842391967773438,114.41246032714844,71.63551330566406,58.32682800292969,2.426854133605957,2364.8701171875,5838.81005859375
2017-03-10,32.149051666259766,20.487091064453125,46.03071212768555,25.986515045166016,114.83220672607422,71.40863037109375,58.507049560546875,2.4411377906799316,2372.60009765625,5861.72998046875
2017-03-13,32.16292953491211,20.478994369506836,46.06065368652344,25.865144729614258,113.9475326538086,71.47122192382812,58.308807373046875,2.508373260498047,2373.469970703125,5875.77978515625
2017-03-14,32.11439895629883,20.495187759399414,45.993282318115234,25.880321502685547,113.46971893310547,71.58854675292969,58.03849411010742,2.5066494941711426,2365.449951171875,5856.81982421875
2017-03-15,32.45405197143555,20.381858825683594,45.544124603271484,25.971343994140625,113.52784729003906,71.76067352294922,58.3448486328125,2.5256128311157227,2385.260009765625,5900.0498046875
2017-03-16,32.5071907043457,20.41424560546875,45.77619171142578,25.963764190673828,114.45121002197266,71.69026184082031,58.245731353759766,2.556645154953003,2381.3798828125,5900.759765625
2017-03-17,32.34545135498047,20.122840881347656,45.192291259765625,25.963764190673828,113.42449951171875,70.93927001953125,58.452972412109375,2.6123037338256836,2378.25,5901.0
2017-03-20,32.685115814208984,19.78287696838379,44.60838317871094,26.001686096191406,113.45675659179688,70.4307632446289,58.507049560546875,2.695547103881836,2373.469970703125,5901.52978515625
2017-03-21,32.3108024597168,18.63346290588379,43.44808578491211,25.69828224182129,112.28153228759766,68.36547088623047,57.8582649230957,2.608363628387451,2344.02001953125,5793.830078125
2017-03-22,32.67584991455078,18.568706512451172,43.2459716796875,25.865144729614258,112.86268615722656,68.4749984741211,58.59716033935547,2.661559581756592,2348.449951171875,5821.64013671875
2017-03-23,32.560340881347656,18.67392921447754,43.45556640625,25.758955001831055,112.88855743408203,68.36547088623047,58.452972412109375,2.6374244689941406,2345.9599609375,5817.68994140625
2017-03-24,32.495643615722656,18.714401245117188,43.47052764892578,25.849987030029297,112.24925231933594,68.2872543334961,58.55210876464844,2.6467831134796143,2343.97998046875,5828.740234375
2017-03-27,32.55109405517578,18.641557693481445,43.665184020996094,25.781721115112305,112.21049499511719,68.24812316894531,58.66023254394531,2.6659932136535645,2341.590087890625,5840.3701171875
2017-03-28,33.22576904296875,19.005802154541016,44.48113250732422,25.804471969604492,112.6883544921875,69.31206512451172,58.83142852783203,2.652200698852539,2358.570068359375,5875.14013671875
2017-03-29,33.29971694946289,18.900575637817383,44.45866775512695,25.592086791992188,112.3202896118164,69.05390930175781,58.9936408996582,2.6435811519622803,2361.1298828125,5897.5498046875
2017-03-30,33.25581359863281,19.32148551940918,45.29709243774414,25.592086791992188,112.26863861083984,69.64845275878906,59.20988845825195,2.6943154335021973,2368.06005859375,5914.33984375
2017-03-31,33.193416595458984,19.09484100341797,44.78057098388672,25.637598037719727,112.44944763183594,68.71749877929688,59.34504699707031,2.682739496231079,2362.719970703125,5911.740234375
2017-04-03,33.20267868041992,19.09484100341797,44.67575454711914,25.470726013183594,112.68189239501953,68.46717834472656,59.065731048583984,2.669194459915161,2358.840087890625,5894.68017578125
2017-04-04,33.44990158081055,18.973424911499023,44.67575454711914,25.562543869018555,112.6948013305664,68.69537353515625,59.227909088134766,2.482020854949951,2360.159912109375,5898.60986328125
2017-04-05,33.276611328125,18.75487518310547,44.60838317871094,25.24884033203125,111.63581085205078,67.81414031982422,59.074710845947266,2.463550090789795,2352.949951171875,5864.47998046875
2017-04-06,33.193416595458984,18.827722549438477,44.83297348022461,25.310049057006836,111.35812377929688,68.04232025146484,59.227909088134766,2.4815287590026855,2357.489990234375,5878.9501953125
2017-04-07,33.11949157714844,18.746784210205078,44.488609313964844,25.218238830566406,111.15797424316406,67.8062744140625,59.182861328125,2.470938205718994,2355.5400390625,5877.81005859375
2017-04-10,33.080204010009766,18.63346290588379,44.37633514404297,25.25649070739746,110.55094909667969,67.57025909423828,59.04767990112305,2.407891035079956,2357.159912109375,5880.93017578125
2017-04-11,32.724388122558594,18.55251121520996,44.18917465209961,25.187631607055664,110.15060424804688,67.45220947265625,59.00263595581055,2.416510581970215,2353.780029296875,5866.77001953125
2017-04-12,32.76365661621094,18.333965301513672,43.79991912841797,24.95809555053711,110.20223999023438,67.19258117675781,58.777366638183594,2.396562099456787,2344.929931640625,5836.16015625
2017-04-13,32.59038162231445,18.083040237426758,43.44808578491211,24.805078506469727,109.47254943847656,66.40576171875,58.52505874633789,2.3517379760742188,2328.949951171875,5805.14990234375
2017-04-17,32.770591735839844,18.463472366333008,44.15923309326172,24.950448989868164,110.48641967773438,67.55448913574219,59.00263595581055,2.4438467025756836,2349.010009765625,5856.7900390625
2017-04-18,32.62501907348633,18.38252830505371,43.73253631591797,24.996355056762695,109.80834197998047,67.00374603271484,58.921539306640625,2.4453258514404297,2342.18994140625,5849.47021484375
2017-04-19,32.5048828125,18.406814575195312,43.21602249145508,24.981056213378906,104.4099349975586,66.45294952392578,58.60615921020508,2.454929828643799,2338.169921875,5863.02978515625
2017-04-20,32.91153335571289,18.67392921447754,43.725059509277344,25.1187744140625,104.8038101196289,67.31060028076172,59.02065658569336,2.493842124938965,2355.840087890625,5916.77978515625
2017-04-21,32.87225341796875,18.38252830505371,43.208534240722656,25.11112403869629,103.56401824951172,66.50018310546875,59.831626892089844,2.5041863918304443,2348.68994140625,5910.52001953125
2017-04-24,33.188812255859375,19.127222061157227,44.49610137939453,25.46307945251465,103.80294036865234,68.84483337402344,60.84986114501953,2.535463809967041,2374.14990234375,5983.81982421875
2017-04-25,33.39444351196289,19.410520553588867,45.07250213623047,25.570186614990234,103.57046508789062,69.44281005859375,61.20127868652344,2.57954740524292,2388.610107421875,6025.490234375
2017-04-26,33.198036193847656,19.337677001953125,44.990169525146484,25.55489158630371,103.35738372802734,69.57656860351562,61.12015914916992,2.5618162155151367,2387.449951171875,6025.22998046875
2017-04-27,33.22344970703125,19.143409729003906,44.57736587524414,25.82268524169922,103.52525329589844,68.93138122558594,61.51664352416992,2.6017134189605713,2388.77001953125,6048.93994140625
2017-04-28,33.19110870361328,18.892480850219727,44.37469482421875,26.06751251220703,103.50591278076172,68.45146179199219,61.68784713745117,2.568711519241333,2384.199951171875,6047.60986328125
2017-05-01,33.86810302734375,19.11102867126465,44.629878997802734,25.991004943847656,102.56959533691406,68.4986572265625,62.543880462646484,2.6263418197631836,2388.330078125,6091.60009765625
2017-05-02,34.08299255371094,19.046276092529297,44.81753921508789,26.19758415222168,102.73746490478516,68.05806732177734,62.444759368896484,2.5485172271728516,2391.169921875,6095.3701171875
2017-05-03,33.97902297973633,19.24054527282715,45.21534729003906,26.205244064331055,102.43397521972656,68.45146179199219,62.246517181396484,2.5674808025360107,2388.1298828125,6072.5498046875
2017-05-04,33.85655212402344,19.305299758911133,45.192840576171875,26.151676177978516,102.70515441894531,68.53011322021484,62.00324249267578,2.557628870010376,2389.52001953125,6075.33984375
2017-05-05,34.41801834106445,19.216259002685547,45.21534729003906,26.312347412109375,100.12223052978516,68.45146179199219,62.174442291259766,2.557875633239746,2399.2900390625,6100.759765625
2017-05-08,35.353790283203125,19.394336700439453,45.410499572753906,26.235841751098633,99.78315734863281,68.53011322021484,62.120365142822266,2.5310308933258057,2399.3798828125,6102.66015625
2017-05-09,35.580223083496094,19.410520553588867,45.20783233642578,25.937448501586914,99.18327331542969,68.25475311279297,62.21047592163086,2.5352180004119873,2396.919921875,6120.58984375
2017-05-10,35.41154479980469,19.54813003540039,45.312923431396484,25.815027236938477,98.62248229980469,68.78974914550781,62.453758239746094,2.9871432781219482,2399.6298828125,6129.14013671875
2017-05-11,35.717803955078125,19.483375549316406,45.56061553955078,25.73086166381836,98.23126220703125,68.57733917236328,61.68784713745117,3.1154561042785645,2394.43994140625,6115.9599609375
2017-05-12,36.21662902832031,19.426713943481445,45.83832931518555,25.5931453704834,98.04869842529297,68.38849639892578,61.615760803222656,3.149689197540283,2390.89990234375,6121.22998046875
2017-05-15,36.123817443847656,19.47528076171875,46.101043701171875,26.189939498901367,98.79203796386719,68.71897888183594,61.660831451416016,3.3078017234802246,2402.320068359375,6149.669921875
2017-05-16,36.070465087890625,19.418617248535156,46.90416717529297,26.243492126464844,100.20698547363281,68.93138122558594,62.902374267578125,3.3693721294403076,2400.669921875,6169.8701171875
2017-05-17,34.85938262939453,18.269207000732422,45.020198822021484,25.876235961914062,98.4138412475586,66.30348205566406,61.1533203125,3.1455025672912598,2357.030029296875,6011.240234375
2017-05-18,35.390682220458984,18.406814575195312,45.09526062011719,24.009355545043945,98.3160629272461,66.05957794189453,61.36177444458008,3.2772634029388428,2365.719970703125,6055.1298828125
2017-05-19,35.511322021484375,18.65774154663086,45.86085510253906,23.879281997680664,99.0985107421875,66.70475006103516,61.343631744384766,3.3529508113861084,2381.72998046875,6083.7001953125
2017-05-22,35.72709274291992,18.649648666381836,45.83082580566406,24.170028686523438,99.52886199951172,66.64180755615234,62.03235626220703,3.424447536468506,2394.02001953125,6133.6201171875
2017-05-23,35.68300247192383,18.932952880859375,46.3187141418457,24.300098419189453,99.13109588623047,67.4758071899414,62.240821838378906,3.3783445358276367,2398.419921875,6138.7099609375
2017-05-24,35.5762939453125,18.908672332763672,46.739051818847656,24.093521118164062,99.44407653808594,67.43647003173828,62.32237243652344,3.416311502456665,2404.389892578125,6163.02001953125
2017-05-25,35.699249267578125,18.819631576538086,46.49885177612305,24.05525779724121,99.89398956298828,67.15322875976562,63.09269714355469,3.408668279647827,2415.070068359375,6205.259765625
2017-05-26,35.638916015625,18.811538696289062,46.58891677856445,24.101167678833008,99.4310531616211,67.16109466552734,63.40080642700195,3.4969305992126465,2415.820068359375,6210.18994140625
2017-05-30,35.65283966064453,18.544422149658203,46.266170501708984,24.238893508911133,98.93548583984375,66.01236724853516,63.80860900878906,3.571631908416748,2412.909912109375,6203.18994140625
2017-05-31,35.44171142578125,18.199270248413086,45.44053649902344,24.124122619628906,99.52235412597656,64.63546752929688,63.29204559326172,3.558811902999878,2411.800048828125,6198.52001953125
2017-06-01,35.539154052734375,18.37793731689453,45.84584045410156,24.346004486083984,99.54841613769531,65.35144805908203,63.52766418457031,3.5590579509735107,2430.06005859375,6246.830078125
2017-06-02,36.065826416015625,18.231752395629883,45.86835861206055,24.468425750732422,99.14415740966797,65.0210189819336,65.03204345703125,3.5413079261779785,2439.070068359375,6305.7998046875
2017-06-05,35.713157653808594,18.199270248413086,45.97344970703125,24.300098419189453,99.37889099121094,65.1390609741211,65.5032958984375,3.649045705795288,2436.10009765625,6295.68017578125
2017-06-06,35.833805084228516,18.053089141845703,45.79328918457031,24.147077560424805,99.35279846191406,65.27278137207031,65.72080993652344,3.632528066635132,2429.330078125,6275.06005859375
2017-06-07,36.04726791381836,18.353578567504883,46.44631576538086,24.185331344604492,98.44644927978516,66.02024841308594,65.60296630859375,3.6764111518859863,2433.139892578125,6297.3798828125
2017-06-08,35.95909881591797,18.654048919677734,47.4445915222168,24.185331344604492,99.17674255371094,66.83850860595703,65.20423126220703,3.9431681632995605,2433.7900390625,6321.759765625
2017-06-09,34.564727783203125,19.222524642944336,48.375308990478516,24.0017032623291,100.48085021972656,68.41997528076172,63.7270622253418,3.6882450580596924,2431.77001953125,6207.919921875
2017-06-12,33.738765716552734,19.311864852905273,48.27774429321289,23.909887313842773,101.18507385253906,68.43572235107422,63.23768615722656,3.6973679065704346,2429.389892578125,6175.4599609375
2017-06-13,34.010215759277344,19.30373191833496,48.55544662475586,24.254188537597656,100.57865142822266,68.66387176513672,64.02611541748047,3.73262357711792,2440.35009765625,6220.3701171875
2017-06-14,33.67844772338867,19.295616149902344,48.57797622680664,24.17768096923828,100.291748046875,68.52225494384766,63.681724548339844,3.740511417388916,2437.919921875,6194.89013671875
2017-06-15,33.476593017578125,19.1169490814209,48.11262893676758,24.162370681762695,100.55909729003906,68.11311340332031,63.346439361572266,3.7565371990203857,2432.4599609375,6165.5
2017-06-16,33.0079345703125,19.027618408203125,47.95499038696289,24.200632095336914,101.31547546386719,67.8062744140625,63.43707275390625,3.7380471229553223,2433.14990234375,6151.759765625
2017-06-19,33.95222091674805,19.417428970336914,48.39784240722656,24.47607421875,100.96334075927734,69.2933120727539,64.22550201416016,3.878575325012207,2453.4599609375,6239.009765625
2017-06-20,33.643646240234375,19.076345443725586,47.97000503540039,24.368961334228516,101.03508758544922,68.86058807373047,63.35549545288086,3.872904062271118,2437.030029296875,6188.02978515625
2017-06-21,33.84317398071289,18.78399085998535,47.90995788574219,24.361309051513672,100.2786865234375,68.54586029052734,63.681724548339844,3.931581974029541,2435.610107421875,6233.9501953125
2017-06-22,33.78750228881836,18.62156867980957,47.752323150634766,24.368961334228516,100.67644500732422,68.46717834472656,63.67269515991211,3.904461622238159,2434.5,6236.68994140625
2017-06-23,33.93829345703125,18.532236099243164,47.59471130371094,24.552583694458008,100.48735809326172,68.34130096435547,64.53361511230469,3.792532444000244,2438.300048828125,6265.25
2017-06-26,33.83158493041992,18.589086532592773,47.87242889404297,24.66735076904297,101.21765899658203,68.64025115966797,63.91739273071289,3.7511134147644043,2439.070068359375,6247.14990234375
2017-06-27,33.346675872802734,18.897686004638672,48.21018981933594,24.300098419189453,100.9046859741211,69.27758026123047,62.72111511230469,3.613790273666382,2419.3798828125,6146.6201171875
2017-06-28,33.83389663696289,19.393070220947266,48.92323684692383,24.544933319091797,101.27635192871094,70.67021179199219,63.25580978393555,3.741251230239868,2440.68994140625,6234.41015625
2017-06-29,33.33507537841797,19.750396728515625,50.27429962158203,24.03230857849121,100.50040435791016,71.71664428710938,62.0686149597168,3.616255760192871,2419.699951171875,6144.35009765625
2017-06-30,33.41395950317383,19.70166015625,50.199249267578125,23.948144912719727,100.30477905273438,71.91336822509766,62.46736526489258,3.5639894008636475,2423.409912109375,6140.419921875
2017-07-03,33.29330825805664,20.04275131225586,51.235069274902344,23.971097946166992,101.44590759277344,73.376953125,61.77862548828125,3.4350485801696777,2429.010009765625,6110.06005859375
2017-07-05,33.43020248413086,20.237655639648438,51.37766647338867,24.025157928466797,100.2004623413086,74.11267852783203,62.60332107543945,3.526761770248413,2432.5400390625,6150.85986328125
2017-07-06,33.11467742919922,20.06711769104004,50.762184143066406,23.723974227905273,99.34625244140625,73.8753433227539,62.14112854003906,3.537363290786743,2409.75,6089.4599609375
2017-07-07,33.45107650756836,20.164573669433594,50.972347259521484,23.862979888916016,99.72445678710938,74.24718475341797,62.94769287109375,3.618227958679199,2425.179931640625,6153.080078125
2017-07-10,33.655235290527344,20.213289260864258,50.7772102355957,23.924758911132812,100.0374526977539,73.72503662109375,63.4189338684082,3.789327383041382,2427.429931640625,6176.39013671875
2017-07-11,33.7642822265625,19.977787017822266,50.15420150756836,24.00971031188965,99.88749694824219,73.44023132324219,63.42799377441406,3.8430731296539307,2425.530029296875,6193.2998046875
2017-07-12,33.81300735473633,19.774757385253906,50.22927474975586,24.06376838684082,100.22000885009766,73.18708038330078,64.479248046875,4.006528854370117,2443.25,6261.169921875
2017-07-13,34.28398513793945,19.994029998779297,50.3043212890625,24.148717880249023,100.17438507080078,73.6538314819336,65.04112243652344,3.9601800441741943,2447.830078125,6274.43994140625
2017-07-14,34.578643798828125,19.66106414794922,50.07915115356445,24.264558792114258,100.57210540771484,72.98138427734375,65.9564208984375,4.066685199737549,2459.27001953125,6312.47021484375
2017-07-17,34.69929504394531,19.506763458251953,50.16172790527344,24.326339721679688,99.77009582519531,72.30101013183594,66.47297668457031,4.049426555633545,2459.139892578125,6314.43017578125
2017-07-18,34.81993103027344,19.40930938720703,50.206756591796875,24.33406639099121,100.41561889648438,72.0478515625,66.42764282226562,4.091585159301758,2460.610107421875,6344.31005859375
2017-07-19,35.03802490234375,19.539247512817383,50.06412887573242,24.63524055480957,96.19685363769531,72.15071105957031,66.93516540527344,4.070383548736572,2473.830078125,6385.0400390625
2017-07-20,34.8802490234375,19.44179344177246,49.80894470214844,24.604354858398438,96.28163146972656,72.15071105957031,67.26139831542969,4.129552364349365,2473.449951171875,6390.0
2017-07-21,34.864013671875,19.328107833862305,49.53873062133789,24.588909149169922,95.90347290039062,71.90544891357422,66.87171173095703,4.144345760345459,2472.5400390625,6387.75
2017-07-24,35.28627014160156,19.417428970336914,49.61377716064453,24.604354858398438,95.19273376464844,72.21397399902344,66.69952392578125,4.096269130706787,2469.909912109375,6410.81005859375
2017-07-25,35.43706512451172,19.880329132080078,51.06242370605469,24.805147171020508,95.32312774658203,73.41648864746094,67.23422241210938,4.0765461921691895,2477.1298828125,6412.169921875
2017-07-26,35.6041259765625,19.66106414794922,51.0248908996582,24.449899673461914,94.78195190429688,72.72821044921875,67.10734558105469,4.123635768890381,2477.830078125,6422.75
2017-07-27,34.931297302246094,19.579851150512695,50.73966598510742,24.380393981933594,94.59284210205078,72.4275894165039,66.30078125,3.9875435829162598,2475.419921875,6382.18994140625
2017-07-28,34.68536376953125,19.514888763427734,50.6120719909668,24.341785430908203,94.08422088623047,72.21397399902344,66.1920394897461,4.052878379821777,2472.10009765625,6374.68017578125
2017-07-31,34.506717681884766,19.587976455688477,51.37766647338867,24.28772735595703,94.33202362060547,72.62535858154297,65.8839111328125,4.006528854370117,2470.300048828125,6348.1201171875
2017-08-01,34.81296157836914,19.85597038269043,52.2408332824707,24.442180633544922,94.74281311035156,73.59843444824219,65.7751693725586,4.055345058441162,2476.35009765625,6362.93994140625
2017-08-02,36.457916259765625,19.96966552734375,52.105751037597656,24.341785430908203,94.18854522705078,73.66173553466797,65.48518371582031,4.052878379821777,2477.570068359375,6362.64990234375
2017-08-03,36.09366989135742,19.791006088256836,51.37430191040039,24.372676849365234,94.50806427001953,73.17916870117188,65.38548278808594,4.104406356811523,2472.159912109375,6340.33984375
2017-08-04,36.28392028808594,20.27826499938965,52.015254974365234,24.558019638061523,94.6515121459961,74.09687042236328,65.86581420898438,4.122403144836426,2476.830078125,6351.56005859375
2017-08-07,36.84537124633789,20.2701416015625,52.060482025146484,24.588909149169922,93.54954528808594,74.38167572021484,65.61202239990234,4.2491278648376465,2480.909912109375,6383.77001953125
2017-08-08,37.14002990722656,20.221416473388672,51.93982696533203,24.457622528076172,93.6418228149414,74.11267852783203,65.9654769897461,4.198582649230957,2474.919921875,6370.4599609375
2017-08-09,37.36739730834961,20.091474533081055,51.60051345825195,24.41901206970215,93.41776275634766,73.99401092529297,65.67547607421875,4.243209362030029,2474.02001953125,6352.330078125
2017-08-10,36.17716979980469,19.587976455688477,50.68810272216797,23.940208435058594,93.46391296386719,72.9339370727539,64.71488189697266,4.061508655548096,2438.2099609375,6216.8701171875
2017-08-11,36.6802978515625,19.376829147338867,50.37138748168945,24.303173065185547,93.46391296386719,72.3247299194336,65.70267486572266,3.845045566558838,2441.320068359375,6256.56005859375
2017-08-14,37.2322998046875,19.83160400390625,51.193321228027344,24.588909149169922,93.78019714355469,73.17125701904297,66.69046020507812,4.151741981506348,2465.840087890625,6340.22998046875
2017-08-15,37.63990020751953,19.872217178344727,51.253639221191406,24.78197479248047,93.61546325683594,73.36112976074219,66.70870208740234,4.116733074188232,2464.610107421875,6333.009765625
2017-08-16,37.4885139465332,19.64482307434082,51.05759048461914,24.97504234313965,93.89878845214844,72.85478973388672,67.10045623779297,4.071615695953369,2468.110107421875,6345.10986328125
2017-08-17,36.76877975463867,19.198158264160156,50.220577239990234,23.971101760864258,92.71269989013672,71.715576171875,65.96160125732422,3.980889320373535,2430.010009765625,6221.91015625
2017-08-18,36.6849365234375,19.181921005249023,50.20549392700195,23.453678131103516,92.05378723144531,71.78678894042969,66.04361724853516,3.981627941131592,2425.550048828125,6216.52978515625
2017-08-21,36.617393493652344,18.987016677856445,49.730445861816406,23.69308090209961,92.46888732910156,71.69974517822266,65.73385620117188,3.923691749572754,2428.3701171875,6213.1298828125
2017-08-22,37.215980529785156,19.352458953857422,50.40909957885742,24.148717880249023,92.91698455810547,72.43550872802734,66.65402221679688,4.011044025421143,2452.510009765625,6297.47998046875
2017-08-23,37.2625846862793,19.295616149902344,50.69565200805664,23.878421783447266,93.66158294677734,72.52249908447266,66.2531509399414,4.091240406036377,2444.0400390625,6278.41015625
2017-08-24,37.09721755981445,19.360584259033203,51.04250717163086,24.125553131103516,94.188720703125,72.40383911132812,66.22582244873047,4.076185703277588,2438.969970703125,6271.330078125
2017-08-25,37.23463439941406,19.30373191833496,51.163150787353516,24.280000686645508,94.71586608886719,72.69657897949219,66.34424591064453,4.042134761810303,2443.050048828125,6265.64013671875
2017-08-28,37.60963821411133,19.26313018798828,51.13300323486328,24.357234954833984,93.90538024902344,72.46714782714844,66.35337829589844,4.0707597732543945,2444.239990234375,6283.02001953125
2017-08-29,37.94503402709961,19.14944076538086,50.88416290283203,24.310894012451172,94.32051849365234,72.07159423828125,66.55381774902344,4.064096927642822,2446.300048828125,6301.89013671875
2017-08-30,38.04753112792969,19.484102249145508,51.28382110595703,24.704750061035156,93.93833923339844,72.23772430419922,67.42843627929688,4.0882768630981445,2457.590087890625,6368.31005859375
2017-08-31,38.19891357421875,19.50042724609375,51.298885345458984,24.874652862548828,94.24800109863281,71.90544891357422,68.12083435058594,4.181060791015625,2471.64990234375,6428.66015625
2017-09-01,38.21055603027344,19.663681030273438,51.713623046875,24.944149017333984,94.93994140625,72.54625701904297,67.36465454101562,4.206231117248535,2476.550048828125,6435.330078125
2017-09-05,37.751705169677734,19.027000427246094,50.64286804199219,24.41901206970215,94.254638671875,70.8136978149414,67.06401062011719,4.093954563140869,2457.85009765625,6375.56982421875
2017-09-06,37.71212387084961,19.108623504638672,50.76350784301758,24.612079620361328,94.76860046386719,71.2883529663086,66.87271881103516,4.091485977172852,2465.5400390625,6393.31005859375
2017-09-07,37.56072235107422,18.74946403503418,49.813377380371094,24.527130126953125,94.1623764038086,70.03837585449219,67.72907257080078,4.11048698425293,2465.10009765625,6397.8701171875
2017-09-08,36.94814682006836,18.684165954589844,49.896339416503906,24.310894012451172,93.8658676147461,69.95134735107422,67.40110778808594,4.039174556732178,2461.429931640625,6360.18994140625
2017-09-11,37.61661148071289,19.06780433654785,51.05759048461914,24.85919952392578,95.45390319824219,71.03522491455078,68.11174774169922,4.170202255249023,2488.110107421875,6432.259765625
2017-09-12,37.46755599975586,19.549402236938477,51.87196731567383,25.029098510742188,96.04695129394531,71.90544891357422,68.03885650634766,4.185254096984863,2496.47998046875,6454.27978515625
2017-09-13,37.18570327758789,19.85957908630371,52.32441329956055,24.851478576660156,96.19849395751953,72.11112213134766,68.52171325683594,4.204007148742676,2498.3701171875,6460.18994140625
2017-09-14,36.86661911010742,19.786121368408203,52.21131134033203,24.85919952392578,95.90196228027344,71.9687271118164,68.12083435058594,4.180072784423828,2495.6201171875,6429.080078125
2017-09-15,37.239288330078125,19.900390625,52.060482025146484,25.052263259887695,95.42752075195312,72.48295593261719,68.61283874511719,4.444350719451904,2500.22998046875,6448.47021484375
2017-09-18,36.957454681396484,20.161596298217773,53.23683547973633,25.114046096801758,95.2496337890625,73.51142883300781,68.47618103027344,4.6279377937316895,2503.8701171875,6454.64013671875
2017-09-19,36.971412658691406,20.29220199584961,53.65157699584961,25.090885162353516,95.14418029785156,74.31838989257812,68.73124694824219,4.6230034828186035,2506.64990234375,6461.31982421875
2017-09-20,36.351863861083984,20.45545196533203,53.88533020019531,25.175827026367188,96.12600708007812,74.84052276611328,68.27574157714844,4.585743427276611,2508.239990234375,6456.0400390625
2017-09-21,35.72764205932617,20.53707504272461,54.11153030395508,25.253061294555664,95.71748352050781,75.18072509765625,67.61065673828125,4.460388660430908,2500.60009765625,6422.68994140625
2017-09-22,35.37826156616211,20.42280387878418,53.8400764465332,25.770477294921875,95.63180541992188,75.02249908447266,67.7928695678711,4.416959762573242,2502.219970703125,6426.919921875
2017-09-25,35.06614685058594,20.21057891845703,53.41780090332031,26.04076385498047,96.11945343017578,74.46077728271484,66.7451400756836,4.219552993774414,2496.659912109375,6370.58984375
2017-09-26,35.669395446777344,20.25139045715332,53.49319839477539,26.0716552734375,96.57408905029297,74.12850189208984,66.7451400756836,4.243241786956787,2496.840087890625,6380.16015625
2017-09-27,35.92329025268555,20.741147994995117,54.503665924072266,25.855424880981445,95.98104095458984,75.29937744140625,67.28264617919922,4.336270332336426,2507.0400390625,6453.259765625
2017-09-28,35.70201873779297,20.773792266845703,54.78266906738281,25.755020141601562,95.98104095458984,75.4576187133789,67.30088806152344,4.335036277770996,2510.06005859375,6453.4501953125
2017-09-29,35.89767074584961,20.684003829956055,54.85053634643555,25.97126007080078,95.5988540649414,75.56043243408203,67.86575317382812,4.411284446716309,2519.360107421875,6495.9599609375
2017-10-02,35.825462341308594,20.91255760192871,55.64983367919922,26.063940048217773,96.6399917602539,76.61266326904297,67.97509002685547,4.416959762573242,2529.1201171875,6516.72021484375
2017-10-03,35.98151397705078,21.10845947265625,55.898677825927734,26.141164779663086,96.71903991699219,77.01611328125,67.65620422363281,4.426089286804199,2534.580078125,6531.7099609375
2017-10-04,35.74859619140625,20.98602294921875,55.845890045166016,26.04768943786621,96.5213851928711,76.23290252685547,68.0479736328125,4.463102340698242,2537.739990234375,6534.6298828125
2017-10-05,36.193477630615234,21.328847885131836,57.097633361816406,26.16452980041504,96.67951202392578,77.2594223022461,69.21415710449219,4.460636138916016,2552.070068359375,6585.35986328125
2017-10-06,36.172515869140625,21.394145965576172,57.03730010986328,26.289165496826172,96.5213851928711,77.1241455078125,69.24148559570312,4.473713397979736,2549.330078125,6590.18017578125
2017-10-09,36.29829406738281,21.100297927856445,56.84878158569336,26.296945571899414,97.12100219726562,76.71832275390625,69.50569152832031,4.5746378898620605,2544.72998046875,6579.72998046875
2017-10-10,36.312259674072266,21.165597915649414,56.69044876098633,26.133371353149414,97.85243225097656,77.29122161865234,69.50569152832031,4.661989688873291,2550.639892578125,6587.25
2017-10-11,36.46365737915039,21.083967208862305,56.50944900512695,26.16452980041504,97.2725601196289,77.06047821044922,69.6241455078125,4.711587429046631,2555.239990234375,6603.5498046875
2017-10-12,36.33555603027344,20.773792266845703,54.57152557373047,25.907480239868164,96.88379669189453,76.38410186767578,70.26187133789062,4.713809490203857,2550.929931640625,6591.509765625
2017-10-13,36.5661506652832,21.083967208862305,54.3754768371582,26.07105827331543,96.92991638183594,76.28064727783203,70.59898376464844,4.801654815673828,2553.169921875,6605.7998046875
2017-10-16,37.239288330078125,21.418638229370117,54.119083404541016,26.12558937072754,96.75201416015625,77.8562240600586,70.74473571777344,4.884072303771973,2557.639892578125,6624.0
2017-10-17,37.37672424316406,21.385984420776367,54.4358024597168,26.172313690185547,96.56088256835938,77.68115234375,70.69007110595703,4.8796305656433105,2559.360107421875,6623.66015625
2017-10-18,37.21133804321289,21.61453628540039,55.137062072753906,26.133371353149414,105.12053680419922,77.97559356689453,70.70829772949219,4.8754353523254395,2561.260009765625,6624.22021484375
2017-10-19,36.330902099609375,21.6961612701416,54.95608901977539,26.289165496826172,106.02328491210938,78.07110595703125,70.98162841796875,4.880863666534424,2562.10009765625,6605.06982421875
2017-10-20,36.393798828125,22.17775535583496,55.44622039794922,26.678632736206055,106.79420471191406,79.18513488769531,71.80157470703125,4.85865592956543,2575.2099609375,6629.0498046875
2017-10-23,36.37514114379883,22.16958999633789,55.44622039794922,26.756515502929688,105.13371276855469,79.04988098144531,71.81978607177734,4.851747035980225,2564.97998046875,6586.830078125
2017-10-24,36.591773986816406,22.594053268432617,55.98161697387695,26.93568229675293,102.71541595458984,80.30713653564453,71.8471450805664,4.902577877044678,2569.1298828125,6598.43017578125
2017-10-25,36.43105697631836,22.553239822387695,55.51408767700195,26.717575073242188,101.14712524414062,80.38670349121094,71.63758850097656,4.7787065505981445,2557.14990234375,6563.89013671875
2017-10-26,36.663978576660156,22.643028259277344,55.64228820800781,26.69420623779297,101.21302795410156,80.95965576171875,71.75602722167969,4.828798770904541,2560.39990234375,6556.77001953125
2017-10-27,37.97765350341797,22.692001342773438,55.70262908935547,26.818843841552734,101.26573181152344,80.98351287841797,76.3569564819336,4.9810471534729,2581.070068359375,6701.259765625
2017-10-30,38.83245849609375,22.528751373291016,55.634742736816406,26.515052795410156,101.71379089355469,80.69706726074219,76.42981719970703,5.029906749725342,2572.830078125,6698.9599609375
2017-10-31,39.37282943725586,22.357336044311523,55.42362594604492,26.600744247436523,101.51612091064453,80.06046295166016,75.78297424316406,5.10319185256958,2575.260009765625,6727.669921875
2017-11-01,38.87206268310547,22.471616744995117,55.82328414916992,26.96683692932129,101.49636840820312,80.30713653564453,75.78297424316406,5.112816333770752,2579.360107421875,6716.52978515625
2017-11-02,39.156227111816406,22.7491397857666,56.358642578125,26.647476196289062,101.04829406738281,80.84028625488281,76.57559204101562,5.081725597381592,2579.85009765625,6714.93994140625
2017-11-03,40.17874526977539,22.70832633972168,56.078453063964844,26.849994659423828,99.8819351196289,80.69706726074219,76.6576156616211,5.149583339691162,2587.840087890625,6764.43994140625
2017-11-06,40.58635330200195,22.651187896728516,55.889122009277344,26.803260803222656,99.39434814453125,80.19571685791016,76.958251953125,5.17277717590332,2591.1298828125,6786.43994140625
2017-11-07,40.71678161621094,22.18592071533203,55.063663482666016,26.795461654663086,99.73040008544922,78.58036804199219,76.7760238647461,5.231999397277832,2590.639892578125,6767.77978515625
2017-11-08,41.04986572265625,21.867582321166992,54.783443450927734,26.873367309570312,99.87539672851562,77.69708251953125,77.04022979736328,5.161181926727295,2594.3798828125,6789.1201171875
2017-11-09,40.966007232666016,21.622697830200195,54.851627349853516,26.522838592529297,100.02842712402344,77.68913269042969,76.61206817626953,5.066426753997803,2584.6201171875,6750.0498046875
2017-11-10,40.83042907714844,21.639028549194336,54.71529769897461,26.47610855102539,99.2697525024414,77.5936279296875,76.41160583496094,5.333417892456055,2582.300048828125,6750.93994140625
2017-11-13,40.66679382324219,21.549240112304688,54.51838684082031,26.4449462890625,98.76393127441406,77.87214660644531,76.4662857055664,5.246805191040039,2584.840087890625,6757.60009765625
2017-11-14,40.052024841308594,21.418638229370117,54.17003631591797,26.515052795410156,99.09004974365234,77.40264129638672,76.57559204101562,5.285053730010986,2578.8701171875,6737.8701171875
2017-11-15,39.523719787597656,21.867582321166992,54.32148361206055,26.569570541381836,97.89875793457031,78.13475799560547,75.98043823242188,5.1814141273498535,2564.6201171875,6706.2099609375
2017-11-16,39.99591064453125,21.843088150024414,54.27606201171875,27.94829750061035,99.2431411743164,78.3575668334961,76.18187713623047,5.2216362953186035,2585.639892578125,6793.2900390625
2017-11-17,39.77384567260742,21.728816986083984,54.01858139038086,27.963876724243164,99.1432876586914,78.09495544433594,75.44934844970703,5.215466499328613,2578.85009765625,6782.7900390625
2017-11-20,39.73410415649414,21.826763153076172,54.56383514404297,28.431241989135742,100.16818237304688,78.7872543334961,75.56840515136719,5.282585620880127,2582.139892578125,6790.7099609375
2017-11-21,40.4727897644043,21.818603515625,54.81373977661133,28.54808807373047,101.12654876708984,78.7236328125,76.65802001953125,5.331195831298828,2599.030029296875,6862.47998046875
2017-11-22,40.89822006225586,21.761465072631836,54.72288131713867,28.392282485961914,101.00675964355469,78.49282836914062,76.0994644165039,5.307244777679443,2597.080078125,6867.35986328125
2017-11-24,40.90055847167969,21.704328536987305,54.541114807128906,28.42344856262207,101.05335235595703,78.23819732666016,76.23680114746094,5.357370376586914,2602.419921875,6889.16015625
2017-11-27,40.694854736328125,21.704328536987305,54.06401824951172,28.71944808959961,101.14653778076172,77.92782592773438,76.79534912109375,5.287735462188721,2601.419921875,6878.52001953125
2017-11-28,40.456417083740234,22.5613956451416,55.81339645385742,29.389333724975586,101.47261810302734,80.65729522705078,77.72016143798828,5.20304012298584,2627.0400390625,6912.35986328125
2017-11-29,39.61722946166992,23.08380126953125,56.828189849853516,29.19460105895996,102.1913833618164,82.54322814941406,76.31005096435547,4.8501787185668945,2626.070068359375,6824.39013671875
2017-11-30,40.17124938964844,23.091997146606445,57.176551818847656,29.05438995361328,102.47091674804688,83.17185974121094,77.0700454711914,4.956110954284668,2647.580078125,6873.97021484375
2017-12-01,39.98423767089844,23.034616470336914,57.18410110473633,29.288082122802734,102.99669647216797,83.38670349121094,77.1524658203125,4.881290912628174,2642.219970703125,6847.58984375
2017-12-04,39.69204330444336,23.821571350097656,58.38823699951172,29.381540298461914,104.1280746459961,85.10552215576172,74.24071502685547,4.609176158905029,2639.43994140625,6775.3701171875
2017-12-05,39.65462875366211,23.715002059936523,57.964134216308594,29.062179565429688,103.38931274414062,84.1267318725586,74.70767974853516,4.635844707489014,2629.570068359375,6762.2099609375
2017-12-06,39.50736999511719,23.477279663085938,57.13111877441406,29.140077590942383,102.55741882324219,83.49810791015625,75.79729461669922,4.67337703704834,2629.27001953125,6776.3798828125
2017-12-07,39.579830169677734,23.592044830322266,56.78274917602539,29.132278442382812,102.20470428466797,83.25143432617188,75.5317611694336,4.740789890289307,2636.97998046875,6812.83984375
2017-12-08,39.59150314331055,23.813377380371094,57.33557891845703,29.295860290527344,103.02993774414062,84.2938461303711,77.0608901977539,4.7284440994262695,2651.5,6840.080078125
2017-12-11,40.36292266845703,23.723201751708984,57.44160461425781,29.568490982055664,103.42927551269531,84.04718780517578,78.04065704345703,4.806719779968262,2659.989990234375,6875.080078125
2017-12-12,40.13616943359375,24.034698486328125,57.668792724609375,29.529537200927734,104.31441497802734,85.02597045898438,78.36112213134766,4.712392807006836,2664.110107421875,6862.31982421875
2017-12-13,40.2694206237793,23.6412296295166,56.90391159057617,29.716480255126953,102.43099975585938,83.95964813232422,78.1505355834961,4.597323417663574,2662.85009765625,6875.7998046875
2017-12-14,40.257720947265625,23.551055908203125,55.97999572753906,29.521764755249023,102.49085998535156,83.28324890136719,77.54619598388672,4.604483604431152,2652.010009765625,6856.52978515625
2017-12-15,40.66679382324219,23.805177688598633,56.62370300292969,29.747652053833008,101.49261474609375,84.46095275878906,79.52399444580078,4.730172157287598,2675.81005859375,6936.580078125
2017-12-18,41.239501953125,24.16585922241211,57.3052978515625,29.973543167114258,102.04496765136719,85.11349487304688,79.09362030029297,4.886724472045898,2690.159912109375,6994.759765625
2017-12-19,40.800045013427734,24.141273498535156,56.570701599121094,29.833324432373047,101.97842407226562,84.75538635253906,78.59002685546875,4.842523574829102,2681.469970703125,6963.85009765625
2017-12-20,40.75563049316406,24.16585922241211,56.5404167175293,30.176063537597656,101.79207611083984,84.46095275878906,78.30619812011719,4.859562397003174,2679.25,6960.9599609375
2017-12-21,40.90990447998047,24.444570541381836,57.41887664794922,30.012489318847656,100.82707977294922,85.80579376220703,78.28785705566406,4.837092399597168,2684.570068359375,6965.35986328125
2017-12-22,40.90990447998047,24.49375343322754,57.168975830078125,30.02806854248047,101.49261474609375,85.50340270996094,78.29703521728516,4.821782112121582,2683.340087890625,6959.9599609375
2017-12-26,39.87202453613281,24.411781311035156,56.63128662109375,29.973543167114258,101.71220397949219,85.16121673583984,78.19633483886719,4.875365734100342,2680.5,6936.25
2017-12-27,39.8790397644043,24.37079429626465,56.7145881652832,30.035852432250977,101.91189575195312,85.32036590576172,78.48016357421875,4.8686981201171875,2682.6201171875,6939.33984375
2017-12-28,39.991233825683594,24.428173065185547,56.85846710205078,30.059213638305664,102.51750183105469,85.77396392822266,78.48930358886719,4.874377727508545,2687.5400390625,6950.16015625
2017-12-29,39.55879211425781,24.198646545410156,56.35108947753906,29.833324432373047,102.1048812866211,85.09756469726562,78.32450866699219,4.778075218200684,2673.610107421875,6903.39013671875
2018-01-02,40.26707458496094,24.51014518737793,56.313209533691406,30.2695369720459,102.65726470947266,85.90127563476562,78.69991302490234,4.9225287437438965,2695.81005859375,7006.89990234375
2018-01-03,40.26005554199219,24.428173065185547,56.487388610839844,30.511003494262695,105.4791030883789,85.98881530761719,79.06616973876953,5.246499061584473,2713.06005859375,7065.52978515625
2018-01-04,40.44707107543945,24.74787712097168,57.18410110473633,30.597328186035156,107.61542510986328,87.22063446044922,79.7620620727539,5.274156093597412,2723.989990234375,7077.91015625
2018-01-05,40.90757369995117,24.86263084411621,57.1083984375,31.021093368530273,108.14118957519531,86.66070556640625,80.7509536743164,5.318850517272949,2743.14990234375,7136.56005859375
2018-01-08,40.75563049316406,24.690488815307617,56.44194412231445,31.342836380004883,108.79340362548828,86.78868865966797,80.8333740234375,5.481823921203613,2747.7099609375,7157.39013671875
2018-01-09,40.75096130371094,24.813446044921875,57.03266143798828,31.146648406982422,109.03298950195312,87.22866821289062,80.77843475341797,5.480342388153076,2751.2900390625,7163.580078125
2018-01-10,40.74159622192383,25.0429744720459,57.29013442993164,31.31929588317871,109.26597595214844,88.18852233886719,80.41218566894531,5.523308277130127,2748.22998046875,7153.56982421875
2018-01-11,40.9730224609375,25.13315200805664,57.22197341918945,31.468387603759766,109.27922821044922,88.66046142578125,80.65021514892578,5.5331854820251465,2767.56005859375,7211.77978515625
2018-01-12,41.3961296081543,25.56760025024414,58.19132614135742,32.07265853881836,108.57379150390625,90.12425231933594,82.04202270507812,5.506022930145264,2786.239990234375,7261.06005859375
2018-01-16,41.18574905395508,25.608596801757812,58.39582061767578,31.813684463500977,109.04629516601562,89.8042984008789,80.89746856689453,5.435154438018799,2776.419921875,7223.68994140625
2018-01-17,41.86597442626953,25.559412002563477,58.668434143066406,32.33161926269531,112.24085235595703,90.38021850585938,82.5364761352539,5.548988342285156,2802.56005859375,7298.27978515625
2018-01-18,41.90338897705078,25.80533218383789,58.60784912109375,32.410091400146484,112.55362701416016,90.5962142944336,82.4998550415039,5.542072772979736,2798.030029296875,7296.0498046875
2018-01-19,41.716373443603516,26.0020694732666,59.2969856262207,32.40224838256836,108.06132507324219,90.396240234375,82.40828704833984,5.6820831298828125,2810.300048828125,7336.3798828125
2018-01-22,41.37508773803711,26.182411193847656,59.51662063598633,32.692604064941406,108.21442413330078,91.45207977294922,83.88245391845703,5.770483493804932,2832.969970703125,7408.02978515625
2018-01-23,41.38444900512695,26.166019439697266,59.48634338378906,33.037899017333984,110.6435775756836,91.35611724853516,84.14802551269531,5.899380683898926,2839.1298828125,7460.2900390625
2018-01-24,40.725242614746094,26.30537223815918,60.16790008544922,33.09282302856445,110.05789184570312,92.52396392822266,84.07475280761719,5.822585105895996,2837.5400390625,7415.06005859375
2018-01-25,39.998252868652344,26.30537223815918,60.160308837890625,32.88095474243164,110.12446594238281,92.5479507446289,84.5417251586914,5.836165428161621,2839.25,7411.16015625
2018-01-26,40.09175491333008,26.39554786682129,60.64500045776367,33.39888000488281,111.36901092529297,93.04389953613281,86.12580871582031,6.008522987365723,2872.8701171875,7505.77001953125
2018-01-29,39.261924743652344,26.46112632751465,60.55411148071289,33.626461029052734,111.0096206665039,92.9478759765625,85.99761199951172,6.095442771911621,2853.530029296875,7466.509765625
2018-01-30,39.03049850463867,26.13322639465332,59.53933334350586,33.15559768676758,108.89321899414062,92.07601928710938,84.91714477539062,5.993459224700928,2822.429931640625,7402.47998046875
2018-01-31,39.13802719116211,26.23159408569336,59.43330764770508,32.59843444824219,108.94649505615234,92.52396392822266,86.99568939208984,6.069514274597168,2823.81005859375,7411.47998046875
2018-02-01,39.21983337402344,26.641468048095703,59.97857666015625,32.723995208740234,108.08130645751953,93.48384094238281,86.3089370727539,5.938641548156738,2821.97998046875,7385.85986328125
2018-02-02,37.51808547973633,26.190603256225586,58.564266204833984,32.119728088378906,105.83848571777344,91.41209411621094,84.03813171386719,5.766285419464111,2762.1298828125,7240.9501953125
2018-02-05,36.580718994140625,24.805252075195312,55.712852478027344,30.432531356811523,101.5125732421875,87.02867889404297,80.57698822021484,5.276872158050537,2648.93994140625,6967.52978515625
2018-02-06,38.109493255615234,25.575809478759766,56.89144515991211,31.523326873779297,103.38267517089844,89.67634582519531,83.62610626220703,5.5702223777771,2695.139892578125,7115.8798828125
2018-02-07,37.29368209838867,25.616788864135742,57.020713806152344,31.65673828125,102.3910903930664,90.28426361083984,82.0511703491211,5.6497344970703125,2681.659912109375,7051.97998046875
2018-02-08,36.26749038696289,24.378992080688477,54.64833068847656,30.424678802490234,99.19197845458984,86.29275512695312,77.83919525146484,5.371198654174805,2581.0,6777.16015625
2018-02-09,36.711082458496094,24.86263084411621,56.02459716796875,31.021093368530273,100.48235321044922,88.0205307006836,80.7418212890625,5.730727195739746,2619.550048828125,6874.490234375
2018-02-12,38.18976974487305,25.510229110717773,56.8458137512207,31.860769271850586,101.75260162353516,89.38036346435547,81.61166381835938,5.630721092224121,2656.0,6981.9599609375
2018-02-13,38.57233428955078,25.559412002563477,57.1651725769043,32.355159759521484,101.31572723388672,89.93228912353516,82.25261688232422,5.744309902191162,2662.93994140625,7013.509765625
2018-02-14,39.28351593017578,26.23159408569336,58.32855224609375,33.03005599975586,104.01078033447266,92.01203155517578,83.54055786132812,5.961360931396484,2698.6298828125,7143.6201171875
2018-02-15,40.60258483886719,26.403736114501953,58.60988235473633,34.591697692871094,104.85086822509766,92.39599609375,85.24246215820312,6.086799144744873,2731.199951171875,7256.43017578125
2018-02-16,40.47114562988281,26.20700454711914,58.412193298339844,34.787879943847656,104.96510314941406,91.73207092285156,84.63528442382812,6.021115779876709,2732.219970703125,7239.47021484375
2018-02-20,40.335025787353516,26.174213409423828,58.13846206665039,34.57600021362305,104.27960205078125,91.75606536865234,85.29764556884766,6.15050745010376,2716.260009765625,7234.31005859375
2018-02-21,40.151954650878906,26.125036239624023,58.54906463623047,33.98744583129883,103.47310638427734,92.1399917602539,84.16610717773438,5.963581085205078,2701.330078125,7218.22998046875
2018-02-22,40.48759460449219,25.977474212646484,57.99399948120117,33.697078704833984,102.94884490966797,91.9720230102539,84.38690185546875,5.983101844787598,2703.9599609375,7210.08984375
2018-02-23,41.191715240478516,26.256189346313477,58.60988235473633,34.52890396118164,104.52153015136719,93.83577728271484,86.53040313720703,6.076496601104736,2747.300048828125,7337.39013671875
2018-02-26,42.00616455078125,26.575883865356445,59.043304443359375,35.59617233276367,106.57809448242188,95.0036392211914,87.7815170288086,6.092559337615967,2779.60009765625,7421.4599609375
2018-02-27,41.870018005371094,26.502111434936523,58.07762145996094,35.34504699707031,105.21375274658203,93.87577819824219,86.65918731689453,6.079710960388184,2744.280029296875,7330.35009765625
2018-02-28,41.80665588378906,26.31357192993164,57.40089416503906,35.141014099121094,104.72991943359375,92.38797760009766,86.26358795166016,5.979395866394043,2713.830078125,7273.009765625
2018-03-01,41.07435607910156,25.902162551879883,56.00941467285156,34.37196350097656,103.3722915649414,90.73220825195312,85.41722869873047,5.737502098083496,2677.669921875,7180.56005859375
2018-03-02,41.35835266113281,26.025583267211914,56.02459716796875,34.57600021362305,103.8293228149414,90.64419555664062,85.60123443603516,5.844486713409424,2691.25,7257.8701171875
2018-03-05,41.501529693603516,26.436992645263672,56.587284088134766,34.936981201171875,105.48262786865234,92.0360107421875,86.14399719238281,5.822497367858887,2720.93994140625,7330.7099609375
2018-03-06,41.46632385253906,26.420536041259766,56.313541412353516,34.75649642944336,104.65596008300781,92.11601257324219,85.84960174560547,5.983347415924072,2728.1201171875,7372.009765625
2018-03-07,41.081398010253906,26.47813606262207,56.20709228515625,34.68587112426758,106.40337371826172,91.77206420898438,86.34638977050781,5.9754414558410645,2726.800048828125,7396.64990234375
2018-03-08,41.529701232910156,26.49459457397461,56.351566314697266,34.79573059082031,104.98527526855469,91.7800521850586,86.8707504272461,5.959133625030518,2738.969970703125,7427.9501953125
2018-03-09,42.24323272705078,26.922452926635742,57.87234115600586,35.604026794433594,107.06871032714844,94.41973876953125,88.8118667602539,6.06167459487915,2786.570068359375,7560.81005859375
2018-03-12,42.65159606933594,27.02118682861328,57.80388641357422,35.745269775390625,107.70719909667969,94.11573028564453,89.0234603881836,6.171130657196045,2783.02001953125,7588.31982421875
2018-03-13,42.24087142944336,26.626239776611328,56.95988082885742,35.43922424316406,107.07543182373047,92.9878921508789,86.85237121582031,6.120479106903076,2765.31005859375,7511.009765625
2018-03-14,41.88175964355469,26.445219039916992,55.864933013916016,35.533390045166016,106.26893615722656,91.94802856445312,86.33718872070312,6.145927906036377,2749.47998046875,7496.81005859375
2018-03-15,41.93105697631836,26.412309646606445,55.76606369018555,35.572635650634766,107.27032470703125,92.18001556396484,86.64078521728516,6.160752773284912,2747.330078125,7481.740234375
2018-03-16,41.78318405151367,26.46990394592285,55.864933013916016,35.321510314941406,107.70719909667969,92.3399887084961,87.02713775634766,6.188920974731445,2752.010009765625,7481.990234375
2018-03-19,41.14476776123047,26.313573837280273,55.2794303894043,34.74080276489258,105.75145721435547,91.6120834350586,85.45404815673828,5.95468807220459,2712.919921875,7344.240234375
2018-03-20,41.13068771362305,26.313573837280273,55.44672393798828,34.819271087646484,104.97856140136719,91.70006561279297,85.67484283447266,6.166683673858643,2716.93994140625,7364.2998046875
2018-03-21,40.19888687133789,26.223066329956055,55.75087356567383,34.772186279296875,105.30789947509766,91.7800521850586,85.07685852050781,6.141481876373291,2711.929931640625,7345.2900390625
2018-03-22,39.630889892578125,25.136945724487305,53.46213912963867,33.79909896850586,102.21631622314453,87.94854736328125,82.60221099853516,5.9756879806518555,2643.68994140625,7166.68017578125
2018-03-23,38.713165283203125,24.00147247314453,51.62963104248047,33.289005279541016,100.06565856933594,85.59687805175781,80.20114135742188,5.756279468536377,2588.260009765625,6992.669921875
2018-03-26,40.550960540771484,25.046436309814453,53.059146881103516,34.57600021362305,103.07657623291016,88.23651123046875,86.27279663085938,6.040670394897461,2658.550048828125,7220.5400390625
2018-03-27,39.511173248291016,24.28944969177246,51.91856002807617,33.4930534362793,102.09536743164062,86.52474212646484,82.30780792236328,5.572202205657959,2612.6201171875,7008.81005859375
2018-03-28,39.07461929321289,24.182483673095703,51.90336608886719,32.692604064941406,102.50532531738281,86.38875579833984,82.23423767089844,5.469171047210693,2605.0,6949.22998046875
2018-03-29,39.3797492980957,24.67617416381836,51.32546615600586,33.657840728759766,103.11690521240234,87.96453094482422,83.9637222290039,5.722182273864746,2640.8701171875,7063.4501953125
2018-04-02,39.12156677246094,24.116653442382812,51.485164642333984,32.18252182006836,100.85873413085938,86.26876831054688,81.43385314941406,5.461757659912109,2581.8798828125,6870.1201171875
2018-04-03,39.522926330566406,24.347047805786133,52.07064437866211,32.472877502441406,100.71085357666016,87.45262908935547,82.52859497070312,5.5680036544799805,2614.449951171875,6941.27978515625
2018-04-04,40.27867889404297,24.585657119750977,52.701751708984375,32.59153366088867,103.58062744140625,88.78045654296875,84.93887329101562,5.589991569519043,2644.68994140625,7042.10986328125
2018-04-05,40.5579948425293,24.94769859313965,53.39371109008789,33.08197784423828,103.52012634277344,89.9461669921875,84.98487091064453,5.469910144805908,2662.840087890625,7076.5498046875
2018-04-06,39.52058410644531,24.37995719909668,52.16188049316406,32.219730377197266,101.19478607177734,87.7031478881836,83.0069808959961,5.293742656707764,2604.469970703125,6915.10986328125
2018-04-09,39.91255187988281,24.577434539794922,52.800601959228516,32.567806243896484,102.61955261230469,88.75629425048828,83.50372314453125,5.322403430938721,2613.159912109375,6950.33984375
2018-04-10,40.66360092163086,25.07935333251953,53.614219665527344,33.62781524658203,104.43419647216797,90.4526596069336,85.44483184814453,5.631255626678467,2656.8701171875,7094.2998046875
2018-04-11,40.4734992980957,24.602115631103516,53.14277648925781,33.564537048339844,104.41398620605469,88.93318176269531,84.50647735595703,5.589991569519043,2642.18994140625,7069.02978515625
2018-04-12,40.87250518798828,25.21922492980957,54.84600830078125,34.28440475463867,106.23534393310547,91.14405822753906,86.08879089355469,5.796553611755371,2663.989990234375,7140.25
2018-04-13,41.010986328125,24.519838333129883,53.99440383911133,34.01543426513672,105.3213119506836,88.67593383789062,85.62883758544922,5.71995735168457,2656.300048828125,7106.64990234375
2018-04-16,41.266822814941406,24.626808166503906,53.279632568359375,34.25275421142578,106.11436462402344,88.60357666015625,86.6315689086914,5.719711780548096,2677.840087890625,7156.27978515625
2018-04-17,41.83482360839844,24.717315673828125,53.02873229980469,35.27320861816406,108.14403533935547,88.60357666015625,88.37948608398438,5.86919641494751,2706.389892578125,7281.10009765625
2018-04-18,41.740928649902344,24.29768180847168,52.45083999633789,35.30486297607422,99.99844360351562,87.88807678222656,88.7198715209961,5.8402886390686035,2708.639892578125,7295.240234375
2018-04-19,40.5579948425293,24.832504272460938,53.4393310546875,35.249473571777344,99.26591491699219,89.81753540039062,88.41629791259766,5.659175872802734,2693.1298828125,7238.06005859375
2018-04-20,38.896240234375,24.898326873779297,53.226417541503906,34.877689361572266,97.38409423828125,89.61654663085938,87.39512634277344,5.651023864746094,2670.139892578125,7146.1298828125
2018-04-23,38.78358840942383,24.94769859313965,52.831024169921875,35.004241943359375,98.02928161621094,89.18243408203125,87.71711730957031,5.531683444976807,2670.2900390625,7128.60009765625
2018-04-24,38.243751525878906,24.84073257446289,52.55728530883789,34.60081481933594,97.82766723632812,88.7643814086914,85.66561126708984,5.465462684631348,2634.56005859375,7007.35009765625
2018-04-25,38.410396575927734,24.799592971801758,52.739768981933594,34.57707977294922,98.08303833007812,88.42669677734375,84.92047119140625,5.353288173675537,2639.39990234375,7003.740234375
2018-04-26,38.54418182373047,24.742000579833984,52.602909088134766,34.97261428833008,98.60728454589844,88.51515197753906,86.71436309814453,5.564790725708008,2666.93994140625,7118.68017578125
2018-04-27,38.098236083984375,24.80782127380371,52.45843505859375,35.36814498901367,98.44595336914062,87.95237731933594,88.14950561523438,5.592216491699219,2669.909912109375,7119.7998046875
2018-04-30,38.78827667236328,24.618576049804688,51.91096115112305,35.03590774536133,97.42440032958984,87.45391082763672,86.03362274169922,5.556883335113525,2648.050048828125,7066.27001953125
2018-05-01,39.6895637512207,24.643259048461914,51.895755767822266,35.46306610107422,97.45128631591797,87.45391082763672,87.39512634277344,5.612231731414795,2654.800048828125,7130.7001953125
2018-05-02,41.4428596496582,24.338821411132812,51.698062896728516,34.695735931396484,95.73749542236328,86.76250457763672,86.0243911743164,5.591722011566162,2635.669921875,7100.89990234375
2018-05-03,41.5179557800293,24.026151657104492,51.660037994384766,35.1545524597168,95.42832946777344,86.21583557128906,86.53956604003906,5.756773471832275,2629.72998046875,7088.14990234375
2018-05-04,43.146854400634766,24.108430862426758,51.904518127441406,35.83486557006836,96.7187271118164,87.17255401611328,87.5423355102539,5.90675163269043,2663.419921875,7209.6201171875
2018-05-07,43.459014892578125,24.388187408447266,52.33234405517578,36.17501449584961,96.25499725341797,87.92826080322266,88.51748657226562,6.14444637298584,2672.6298828125,7265.2099609375
2018-05-08,43.66791915893555,24.626808166503906,54.24228286743164,36.15919494628906,96.10712432861328,89.23066711425781,88.1402816772461,6.186943054199219,2671.919921875,7266.89990234375
2018-05-09,43.97538757324219,25.276824951171875,54.96806716918945,36.420249938964844,96.90898132324219,91.17620849609375,89.17982482910156,6.319873809814453,2697.7900390625,7339.91015625
2018-05-10,44.60439682006836,25.416702270507812,55.44172668457031,36.625919342041016,98.01663970947266,91.88369750976562,90.07218933105469,6.427354335784912,2723.070068359375,7404.97021484375
2018-05-11,44.43476104736328,25.441387176513672,55.66328048706055,36.33323669433594,97.94866180419922,91.53800201416016,89.87899017333984,6.288987636566162,2727.719970703125,7402.8798828125
2018-05-14,44.331085205078125,25.60595703125,55.47992706298828,36.15129470825195,98.05741119384766,91.57015991210938,90.18255615234375,6.3094964027404785,2730.1298828125,7411.31982421875
2018-05-15,43.92820358276367,25.688234329223633,55.5257682800293,35.97724533081055,97.67687225341797,90.8707046508789,89.5293960571289,6.067356109619141,2711.449951171875,7351.6298828125
2018-05-16,44.33815383911133,25.556581497192383,54.96806716918945,35.72412109375,98.28164672851562,91.11994934082031,89.76039123535156,6.0784759521484375,2722.4599609375,7398.2998046875
2018-05-17,44.05777359008789,25.350881576538086,54.670108795166016,34.37932205200195,98.19331359863281,90.814453125,88.86417388916016,6.120479106903076,2720.1298828125,7382.47021484375
2018-05-18,43.89754867553711,24.898326873779297,53.447750091552734,34.181556701660156,97.90789794921875,89.34320068359375,89.03047180175781,6.076744079589844,2712.969970703125,7354.33984375
2018-05-21,44.20856475830078,25.136945724487305,53.80681228637695,34.60873031616211,98.86604309082031,90.1632308959961,90.17616271972656,6.034740924835205,2733.010009765625,7394.0400390625
2018-05-22,44.097835540771484,25.416702270507812,54.30339813232422,34.529632568359375,98.59423065185547,90.85464477539062,90.08378601074219,5.996692180633545,2724.43994140625,7378.4599609375
2018-05-23,44.380558013916016,25.046436309814453,53.66164779663086,34.55335235595703,98.30882263183594,90.43658447265625,91.15557098388672,6.12006139755249,2733.2900390625,7425.9599609375
2018-05-24,44.331085205078125,24.85719108581543,52.9511604309082,34.46633529663086,97.9011001586914,89.42362213134766,90.8321533203125,6.123769283294678,2727.760009765625,7424.43017578125
2018-05-25,44.43241500854492,24.816049575805664,52.2864990234375,34.22109603881836,97.60893249511719,88.96534729003906,90.87835693359375,6.163079261779785,2721.330078125,7433.85009765625
2018-05-29,44.272178649902344,23.82866668701172,50.20085525512695,33.99171447753906,95.96442413330078,85.16267395019531,90.55496978759766,6.146019458770752,2689.860107421875,7396.58984375
2018-05-30,44.17793655395508,24.26476287841797,50.94190979003906,33.896785736083984,96.915771484375,87.10821533203125,91.42346954345703,6.2548041343688965,2724.010009765625,7462.4501953125
2018-05-31,44.02950668334961,23.992130279541016,50.949546813964844,33.78602981567383,96.02556610107422,86.03094482421875,91.32183837890625,6.235025882720947,2705.27001953125,7442.1201171875
2018-06-01,44.82353591918945,24.289546966552734,51.400291442871094,34.53752517700195,96.46048736572266,87.14842987060547,93.12355041503906,6.369273662567139,2734.6201171875,7554.330078125
2018-06-04,45.198150634765625,24.289546966552734,51.44612121582031,34.4742431640625,97.20118713378906,87.18862915039062,93.93658447265625,6.548025131225586,2746.8701171875,7606.4599609375
2018-06-05,45.546871185302734,24.0582218170166,51.00302505493164,34.54543685913086,97.64969635009766,86.69818878173828,94.41703796386719,6.553464889526367,2748.800048828125,7637.85986328125
2018-06-06,45.704742431640625,24.818302154541016,52.12606430053711,35.01217269897461,98.3360366821289,88.72416687011719,94.69422912597656,6.555443286895752,2772.35009765625,7689.240234375
2018-06-07,45.58221435546875,24.8596134185791,52.29413604736328,34.529632568359375,98.77772521972656,89.07791137695312,93.2066650390625,6.499814510345459,2770.3701171875,7635.06982421875
2018-06-08,45.16753387451172,24.793516159057617,52.30942916870117,34.395145416259766,99.30774688720703,89.32713317871094,93.89964294433594,6.484486103057861,2779.030029296875,7645.509765625
2018-06-11,45.056785583496094,24.83482551574707,52.03438949584961,34.56126022338867,99.60675811767578,89.10202026367188,93.36373901367188,6.44344425201416,2782.0,7659.93017578125
2018-06-12,45.30419158935547,24.70263671875,51.65238571166992,34.75902557373047,99.8038101196289,88.58749389648438,93.60395812988281,6.491901874542236,2786.85009765625,7703.7900390625
2018-06-13,44.931907653808594,24.65306854248047,51.40791702270508,34.814395904541016,99.45047760009766,88.41059875488281,93.17896270751953,6.487452507019043,2775.6298828125,7695.7001953125
2018-06-14,44.955482482910156,24.372167587280273,50.54463195800781,35.35231399536133,98.6689682006836,86.85094451904297,93.70559692382812,6.5989556312561035,2782.489990234375,7761.0400390625
2018-06-15,44.49365234375,24.190412521362305,50.682151794433594,35.004241943359375,98.79810333251953,86.74645233154297,92.51372528076172,6.558161735534668,2779.659912109375,7746.3798828125
2018-06-18,44.4701042175293,24.289546966552734,50.99537658691406,34.97261428833008,98.17970275878906,86.9715347290039,93.18819427490234,6.553958892822266,2773.75,7747.02978515625
2018-06-19,43.75148010253906,24.173885345458984,51.01830291748047,34.66409683227539,97.78559112548828,86.46507263183594,93.18819427490234,6.43231725692749,2762.590087890625,7725.58984375
2018-06-20,43.94232940673828,24.15735626220703,51.4766845703125,34.60081481933594,96.92257690429688,86.45702362060547,94.12138366699219,6.485227584838867,2767.320068359375,7781.509765625
2018-06-21,43.69729995727539,24.19866943359375,51.66767883300781,34.141990661621094,95.98480224609375,86.43289947509766,93.4469223022461,6.356665134429932,2749.760009765625,7712.9501953125
2018-06-22,43.57005310058594,23.950815200805664,51.33916091918945,34.17364501953125,96.00519561767578,85.01793670654297,92.77242279052734,6.204369068145752,2754.8798828125,7692.81982421875
2018-06-25,42.9221076965332,23.52947235107422,50.23141098022461,33.45377731323242,94.31315612792969,84.24614715576172,90.90606689453125,5.91188907623291,2717.070068359375,7532.009765625
2018-06-26,43.45460510253906,23.579036712646484,50.659236907958984,33.65945816040039,94.51020812988281,84.30241394042969,91.54359436035156,5.982846260070801,2723.06005859375,7561.6298828125
2018-06-27,43.390987396240234,23.331180572509766,50.00985336303711,33.48542404174805,93.42294311523438,83.0000228881836,90.12074279785156,5.827828407287598,2699.6298828125,7445.080078125
2018-06-28,43.70669937133789,23.686439514160156,51.09470748901367,33.96796417236328,95.16256713867188,84.35871124267578,91.12782287597656,5.9549078941345215,2716.31005859375,7503.68017578125
2018-06-29,43.61482620239258,23.289878845214844,51.125247955322266,34.03915786743164,94.9315185546875,83.7718276977539,91.1093521118164,5.857003211975098,2718.3701171875,7510.2998046875
2018-07-02,44.1025390625,23.364233016967773,51.30861282348633,33.86512756347656,95.04023742675781,84.47930908203125,92.40287017822266,5.989026069641113,2726.7099609375,7567.68994140625
2018-07-03,43.334434509277344,22.951147079467773,50.46824264526367,33.75438690185547,94.84320831298828,83.29747009277344,91.515869140625,5.855521202087402,2713.219970703125,7502.669921875
2018-07-05,43.68314743041992,23.066814422607422,50.850223541259766,33.92978286743164,96.10711669921875,83.83905792236328,92.17184448242188,6.001140594482422,2736.610107421875,7586.43017578125
2018-07-06,44.288673400878906,23.157684326171875,51.293338775634766,34.04936218261719,96.82066345214844,84.11387634277344,93.46538543701172,6.114869117736816,2759.820068359375,7688.39013671875
2018-07-09,44.90364074707031,24.000389099121094,52.668487548828125,34.01746368408203,98.11856842041016,86.7166976928711,94.10289764404297,6.1623382568359375,2784.169921875,7756.2001953125
2018-07-10,44.84943771362305,23.81862449645996,52.12606430053711,34.168941497802734,98.3360366821289,86.1832046508789,94.35235595703125,6.261233329772949,2793.840087890625,7759.2001953125
2018-07-11,44.267478942871094,23.694711685180664,51.881591796875,33.937747955322266,98.49227905273438,85.99727630615234,94.22303009033203,6.119812965393066,2774.02001953125,7716.60986328125
2018-07-12,45.009666442871094,23.769054412841797,52.339996337890625,34.74293518066406,99.5184326171875,86.3691177368164,96.26490783691406,6.21129035949707,2798.2900390625,7823.919921875
2018-07-13,45.08034896850586,23.587303161621094,51.18638229370117,33.30794143676758,99.14464569091797,85.9730453491211,97.41059112548828,6.164068222045898,2801.31005859375,7825.97998046875
2018-07-16,44.98138427734375,24.60349464416504,53.06576919555664,33.88193893432617,98.8456802368164,89.38414764404297,96.93014526367188,6.136378288269043,2798.429931640625,7805.72021484375
2018-07-17,45.10861587524414,24.793516159057617,52.981712341308594,33.75440216064453,97.5069808959961,89.31949615478516,97.89104461669922,6.272110939025879,2809.550048828125,7855.1201171875
2018-07-18,44.86122512817383,24.892654418945312,53.36369705200195,33.6507453918457,98.2069091796875,90.15203857421875,97.12417602539062,6.222910404205322,2815.6201171875,7854.43994140625
2018-07-19,45.20994567871094,24.512615203857422,52.70669174194336,33.80221176147461,101.41431427001953,88.82637023925781,96.45893859863281,6.231067180633545,2804.489990234375,7825.2998046875
2018-07-20,45.10626983642578,24.892654418945312,52.88240432739258,33.491302490234375,99.45047760009766,89.94996643066406,98.18668365478516,6.20288610458374,2801.830078125,7820.2001953125
2018-07-23,45.14631652832031,25.404884338378906,53.63874435424805,33.53115463256836,99.00875091552734,91.62320709228516,99.75740814208984,6.166295051574707,2806.97998046875,7841.8701171875
2018-07-24,45.47383499145508,25.470983505249023,54.295753479003906,33.79425048828125,99.4708480834961,92.26988220214844,99.4709701538086,6.148988723754883,2820.39990234375,7840.77001953125
2018-07-25,45.902645111083984,25.669267654418945,54.79233932495117,34.40809631347656,99.63391876220703,93.1024398803711,102.39984130859375,6.227114677429199,2846.070068359375,7932.240234375
2018-07-26,45.75893020629883,25.56186294555664,54.50203323364258,34.70307922363281,99.69508361816406,92.8356704711914,101.28187561035156,6.300541877746582,2837.43994140625,7852.18017578125
2018-07-27,44.99787902832031,25.661001205444336,54.76942825317383,33.937747955322266,98.63502502441406,93.78950500488281,99.48942565917969,6.23082160949707,2818.820068359375,7737.419921875
2018-07-30,44.745765686035156,25.867544174194336,55.22780990600586,33.618858337402344,98.86604309082031,94.3553466796875,97.35517120361328,6.0357537269592285,2802.60009765625,7630.0
2018-07-31,44.83530044555664,25.512285232543945,54.92221450805664,33.71452331542969,98.48550415039062,92.91650390625,98.01114654541016,6.053802490234375,2816.2900390625,7671.7900390625
2018-08-01,47.476566314697266,25.817974090576172,54.952781677246094,33.37171936035156,97.51377868652344,93.49042510986328,98.19591522216797,6.093606472015381,2813.360107421875,7707.2900390625
2018-08-02,48.864349365234375,25.842756271362305,54.88401794433594,33.905860900878906,97.1468276977539,93.8864974975586,99.3878173828125,6.1962103843688965,2827.219970703125,7802.68994140625
2018-08-03,49.00569534301758,26.032773971557617,55.65280532836914,34.145023345947266,100.36785125732422,94.64630126953125,99.82206726074219,6.2328009605407715,2840.35009765625,7812.009765625
2018-08-06,49.26017379760742,26.041048049926758,55.660484313964844,34.519718170166016,99.2330322265625,94.67057037353516,99.90523529052734,6.280516147613525,2850.39990234375,7859.68017578125
2018-08-07,48.79836654663086,26.032773971557617,55.668182373046875,34.74293518066406,99.89894104003906,95.01813507080078,100.59817504882812,6.352709770202637,2858.449951171875,7883.66015625
2018-08-08,48.83135223388672,26.272367477416992,56.03721618652344,34.95022201538086,99.81741333007812,95.2121353149414,101.16178131103516,6.389052391052246,2857.699951171875,7888.330078125
2018-08-09,49.215396881103516,26.10713005065918,55.337615966796875,34.90239334106445,99.43962860107422,94.47657775878906,101.32805633544922,6.340592861175537,2853.580078125,7891.77978515625
2018-08-10,49.06882095336914,25.768404006958008,54.015296936035156,34.90239334106445,99.24040222167969,93.54698181152344,100.70904541015625,6.299306392669678,2833.280029296875,7839.10986328125
2018-08-13,49.38563919067383,25.181819915771484,53.169612884521484,34.878475189208984,98.0246353149414,92.0596923828125,99.97913360595703,6.332189083099365,2821.929931640625,7819.7099609375
2018-08-14,49.593711853027344,25.437936782836914,53.82308578491211,35.0777702331543,98.47112274169922,92.67401123046875,101.2264633178711,6.463469982147217,2839.9599609375,7870.89013671875
2018-08-15,49.70956039428711,25.08267593383789,52.777523040771484,34.96615219116211,98.84891510009766,91.90612030029297,99.85376739501953,6.405371189117432,2818.3701171875,7774.1201171875
2018-08-16,50.437808990478516,25.380098342895508,53.47713088989258,36.0025520324707,99.83116149902344,92.77100372314453,99.83518981933594,6.364824295043945,2840.68994140625,7806.52001953125
2018-08-17,51.4450569152832,25.396625518798828,53.56168746948242,36.56858444213867,100.32571411132812,92.77100372314453,99.7795639038086,6.052811622619629,2850.1298828125,7816.330078125
2018-08-20,50.94379806518555,25.5040283203125,54.22286605834961,36.84760665893555,100.63481140136719,92.6497802734375,99.12103271484375,6.12747859954834,2857.050048828125,7821.009765625
2018-08-21,50.844486236572266,25.62795639038086,54.76869201660156,36.496826171875,100.2638931274414,93.21559143066406,98.29557800292969,6.2629618644714355,2862.9599609375,7859.169921875
2018-08-22,50.846866607666016,25.594900131225586,54.67644119262695,36.664249420166016,99.76246643066406,92.93267822265625,99.29727172851562,6.497837066650391,2861.820068359375,7889.10009765625
2018-08-23,50.950889587402344,25.4792423248291,54.4381103515625,36.688175201416016,99.85173034667969,92.73868560791016,99.76102447509766,6.597226619720459,2856.97998046875,7878.4599609375
2018-08-24,51.10930633544922,25.520544052124023,54.33049011230469,36.927330017089844,100.31192016601562,92.69827270507812,100.54012298583984,6.730236530303955,2874.68994140625,7945.97998046875
2018-08-27,51.53017044067383,25.867544174194336,55.65280532836914,37.142578125,100.7584228515625,94.33914947509766,101.65309143066406,6.8212199211120605,2896.739990234375,8017.89990234375
2018-08-28,51.94630813598633,25.83449363708496,55.64512252807617,37.4295768737793,100.68975830078125,93.87840270996094,102.26524353027344,6.783641338348389,2897.52001953125,8030.0400390625
2018-08-29,52.721832275390625,25.727092742919922,55.76045227050781,37.852108001708984,101.34228515625,93.57123565673828,103.89763641357422,6.8890204429626465,2914.0400390625,8109.68994140625
2018-08-30,53.206546783447266,25.61968994140625,54.937828063964844,37.58902359008789,100.23639678955078,93.11050415039062,103.83269500732422,6.872199058532715,2901.1298828125,8088.35986328125
2018-08-31,53.8212890625,25.553598403930664,54.76869201660156,38.08330535888672,100.61418914794922,92.61743927001953,104.18512725830078,6.943195819854736,2901.52001953125,8109.5400390625
2018-09-04,53.993900299072266,25.727092742919922,54.891700744628906,38.05141067504883,100.06466674804688,93.07817077636719,103.610107421875,7.017899990081787,2896.719970703125,8091.25
2018-09-05,53.641605377197266,25.76013946533203,54.71488571166992,37.6846809387207,100.7378158569336,92.62549591064453,100.62357330322266,6.887289524078369,2888.60009765625,7995.169921875
2018-09-06,52.75021743774414,25.6107120513916,53.899967193603516,37.692657470703125,100.5523681640625,92.22943878173828,100.85545349121094,6.746286392211914,2878.050048828125,7922.72998046875
2018-09-07,52.32461929321289,25.61901092529297,53.53861999511719,37.509300231933594,99.90670013427734,92.40727233886719,100.36388397216797,6.725013256072998,2871.679931640625,7902.5400390625
2018-09-10,51.62238311767578,25.585803985595703,53.53093719482422,37.525245666503906,100.04405212402344,91.91419982910156,101.44905090332031,6.796008110046387,2877.1298828125,7924.16015625
2018-09-11,52.927547454833984,25.6107120513916,53.377193450927734,37.49335479736328,100.62107849121094,92.49617004394531,103.17417907714844,6.748265743255615,2887.889892578125,7972.47021484375
2018-09-12,52.27023696899414,25.262041091918945,54.20749282836914,37.381744384765625,100.67601776123047,91.40495300292969,103.610107421875,6.634476661682129,2888.919921875,7954.22998046875
2018-09-13,53.532833099365234,25.021289825439453,53.93071365356445,37.6607780456543,102.31078338623047,91.7605972290039,104.72308349609375,6.712149143218994,2904.179931640625,8013.7099609375
2018-09-14,52.9251823425293,25.21222686767578,54.23054122924805,37.78833770751953,101.88494110107422,91.74444580078125,105.14972686767578,6.838062286376953,2904.97998046875,8010.0400390625
2018-09-17,51.515987396240234,25.13751792907715,54.491943359375,37.55712890625,101.61700439453125,92.01927185058594,104.0089340209961,6.776220798492432,2888.800048828125,7895.7900390625
2018-09-18,51.601104736328125,25.07940101623535,54.86095428466797,37.83616256713867,102.04289245605469,92.39112091064453,105.0013198852539,6.704234600067139,2904.31005859375,7956.10986328125
2018-09-19,51.631839752197266,25.73523712158203,56.675315856933594,37.692657470703125,102.3863296508789,95.07472229003906,103.60079193115234,6.727982044219971,2907.949951171875,7950.0400390625
2018-09-20,52.02434539794922,25.892967224121094,57.4979248046875,38.05141067504883,103.8218994140625,95.89114379882812,105.3352279663086,6.586981296539307,2930.75,8028.22998046875
2018-09-21,51.46398162841797,25.76013946533203,57.00587463378906,38.71311569213867,103.95928955078125,95.2606430053711,105.9752197265625,6.516974925994873,2929.669921875,7986.9599609375
2018-09-24,52.20402908325195,25.519392013549805,56.76755142211914,38.6174430847168,103.05261993408203,94.34720611572266,106.35548400878906,6.572633266448975,2919.3701171875,7993.25
2018-09-25,52.5350456237793,25.461278915405273,56.513851165771484,38.641361236572266,102.28329467773438,94.08050537109375,106.15139770507812,6.639671325683594,2915.56005859375,8007.47021484375
2018-09-26,52.11653518676758,25.012983322143555,55.69893264770508,38.593528747558594,104.13789367675781,92.97309875488281,105.71549987792969,6.602811813354492,2905.969970703125,7990.3701171875
2018-09-27,53.1876335144043,24.855260848999023,56.083335876464844,38.529747009277344,104.06231689453125,92.56890106201172,106.11434173583984,6.614686965942383,2914.0,8041.97021484375
2018-09-28,53.37442398071289,24.456775665283203,55.15309524536133,38.78486251831055,103.86309814453125,91.21095275878906,106.0772476196289,6.951603412628174,2913.97998046875,8046.35009765625
2018-10-01,53.73380661010742,24.61450958251953,55.299163818359375,38.96025085449219,105.0926513671875,91.74444580078125,107.22733306884766,7.157911777496338,2924.590087890625,8037.2998046875
2018-10-02,54.21143341064453,24.5564022064209,55.1992301940918,39.07185363769531,105.6078109741211,92.1243667602539,106.80068969726562,7.086670398712158,2923.429931640625,7999.5498046875
2018-10-03,54.871097564697266,24.90506935119629,55.6297492980957,39.175498962402344,105.24374389648438,92.9892578125,106.8192138671875,7.092854022979736,2925.510009765625,8025.08984375
2018-10-04,53.90642166137695,25.262041091918945,55.82963943481445,38.83037567138672,103.93180847167969,93.8276596069336,104.61180114746094,6.908811092376709,2901.610107421875,7879.509765625
2018-10-05,53.031578063964844,25.09600830078125,55.67586135864258,38.629722595214844,102.36573791503906,93.298583984375,103.99964141845703,6.675539016723633,2885.570068359375,7788.4501953125
2018-10-08,52.908626556396484,25.129207611083984,55.80656433105469,38.14012908935547,101.9261245727539,93.86834716796875,102.81246948242188,6.574365139007568,2884.429931640625,7735.9501953125
2018-10-09,53.641605377197266,24.888463973999023,55.26841735839844,38.11604690551758,101.13621520996094,93.21715545654297,104.12020874023438,6.568673610687256,2880.340087890625,7738.02001953125
2018-10-10,51.15660095214844,24.274139404296875,53.77695083618164,36.623191833496094,98.01092529296875,90.7345199584961,98.46253204345703,6.077645301818848,2785.679931640625,7422.0498046875
2018-10-11,50.704986572265625,23.54359245300293,52.56996154785156,35.4112434387207,95.49005889892578,88.0158462524414,98.23067474365234,5.816422462463379,2728.3701171875,7329.06005859375
2018-10-12,52.516143798828125,23.62660789489746,53.692386627197266,36.68739700317383,96.74706268310547,87.05533599853516,101.62528228759766,6.098672389984131,2767.1298828125,7496.89013671875
2018-10-15,51.393035888671875,23.178316116333008,53.20804977416992,35.85266876220703,96.93938446044922,86.55879211425781,99.79811096191406,5.822606563568115,2750.7900390625,7430.740234375
2018-10-16,52.52558898925781,23.68471908569336,53.592430114746094,36.77568817138672,99.68002319335938,88.4146728515625,102.9515609741211,6.081107139587402,2809.919921875,7645.490234375
2018-10-17,52.298606872558594,23.99188232421875,53.692386627197266,36.87200164794922,92.07625579833984,89.39960479736328,102.68260955810547,6.01258659362793,2809.2099609375,7642.7001953125
2018-10-18,51.07620620727539,23.452268600463867,52.75447082519531,36.48675537109375,89.67219543457031,87.98326110839844,100.63284301757812,5.925265312194824,2768.780029296875,7485.14013671875
2018-10-19,51.854095458984375,23.5103816986084,52.93898391723633,36.39043426513672,88.67622375488281,87.83675384521484,100.7812728881836,5.668989658355713,2767.780029296875,7449.02978515625
2018-10-22,52.170936584472656,22.73002052307129,51.193817138671875,36.727542877197266,89.30815887451172,86.57511138916016,101.68089294433594,5.719699859619141,2755.8798828125,7468.6298828125
2018-10-23,52.66273498535156,22.43116569519043,50.53266143798828,36.45463943481445,90.12553405761719,85.67156219482422,100.26185607910156,5.4683732986450195,2740.68994140625,7437.5400390625
2018-10-24,50.85630798339844,21.74212646484375,49.04889678955078,35.371124267578125,87.37799835205078,84.07613372802734,94.90096282958984,4.932814598083496,2656.10009765625,7108.39990234375
2018-10-25,51.969947814941406,22.07419776916504,49.948368072509766,36.494773864746094,86.85596466064453,85.35409545898438,100.44734954833984,5.141347408294678,2705.570068359375,7318.33984375
2018-10-26,51.14240264892578,21.908157348632812,49.364105224609375,35.51557922363281,85.71575164794922,84.18197631835938,99.20452880859375,4.905108451843262,2658.68994140625,7167.2099609375
2018-10-29,50.18246078491211,22.09079933166504,49.47173309326172,35.18650817871094,82.17831420898438,85.34595489501953,96.3200454711914,4.591690540313721,2641.25,7050.2900390625
2018-10-30,50.433074951171875,22.231924057006836,49.610107421875,35.780452728271484,79.26594543457031,86.85184478759766,96.20872497558594,5.02161979675293,2682.6298828125,7161.64990234375
2018-10-31,51.7476921081543,22.82964515686035,50.3250846862793,36.71950912475586,79.28656768798828,88.74027252197266,99.0654067993164,5.215311527252197,2711.739990234375,7305.89990234375
2018-11-01,52.54214096069336,23.08699607849121,50.60954666137695,36.639244079589844,80.24819946289062,88.70772552490234,98.23992156982422,5.3953962326049805,2740.3701171875,7434.06005859375
2018-11-02,49.056983947753906,23.153413772583008,51.02753448486328,36.502784729003906,79.451416015625,88.21929168701172,98.46253204345703,5.3164873123168945,2723.06005859375,7356.990234375
2018-11-05,47.664344787597656,23.294540405273438,52.09577560424805,37.032527923583984,82.46682739257812,88.79725646972656,99.71464538574219,5.238563537597656,2738.31005859375,7328.85009765625
2018-11-06,48.179786682128906,23.419065475463867,51.61585235595703,37.32146072387695,84.56867980957031,89.2123794555664,99.90940856933594,5.221000671386719,2755.449951171875,7375.9599609375
2018-11-07,49.640995025634766,23.693016052246094,52.838890075683594,38.44511795043945,85.75009155273438,90.74267578125,103.84197998046875,5.2885332107543945,2813.889892578125,7570.75
2018-11-08,49.46780776977539,23.96697425842285,52.46733856201172,38.8785285949707,85.82662963867188,91.47523498535156,103.64720153808594,5.095585346221924,2806.830078125,7530.8798828125
2018-11-09,48.51398849487305,23.676420211791992,50.9036865234375,37.81105041503906,85.93792724609375,90.58800506591797,101.62528228759766,5.087669372558594,2781.010009765625,7406.89990234375
2018-11-12,46.07012939453125,23.037189483642578,49.70386505126953,36.61515808105469,84.10147094726562,88.68331146240234,99.12103271484375,4.688658714294434,2726.219970703125,7200.8701171875
2018-11-13,45.609840393066406,23.04549217224121,50.14509201049805,36.21385955810547,84.05973052978516,89.20421600341797,99.18595886230469,4.930340766906738,2722.179931640625,7200.8701171875
2018-11-14,44.321475982666016,22.588897705078125,49.15427017211914,35.57979202270508,83.61454010009766,87.36466217041016,97.7793960571289,4.877898216247559,2701.580078125,7136.39013671875
2018-11-15,45.4152717590332,23.161714553833008,50.005741119384766,37.53816604614258,84.47709655761719,89.59496307373047,99.93118286132812,5.006532192230225,2730.199951171875,7259.02978515625
2018-11-16,45.91828155517578,23.037189483642578,50.276676177978516,37.20106506347656,84.56753540039062,89.52984619140625,100.87198638916016,4.067513465881348,2736.27001953125,7247.8701171875
2018-11-19,44.098453521728516,23.037189483642578,50.021240234375,36.71950912475586,83.6910400390625,90.21356964111328,97.453369140625,3.5794506072998047,2690.72998046875,7028.47998046875
2018-11-20,41.99151611328125,22.73002052307129,48.40339660644531,35.708221435546875,81.52766418457031,88.27630615234375,94.74272918701172,3.687798500061035,2641.889892578125,6908.81982421875
2018-11-21,41.94406509399414,22.638704299926758,48.66659164428711,36.02924728393555,82.48065185546875,87.61697387695312,96.04681396484375,3.579697608947754,2649.929931640625,6972.25
2018-11-23,40.878719329833984,22.389650344848633,47.799625396728516,35.74835205078125,81.52069091796875,86.81111907958984,96.0095443725586,3.586872100830078,2632.56005859375,6938.97998046875
2018-11-26,41.43156051635742,22.879459381103516,49.332298278808594,36.57503128051758,83.16931915283203,88.93560791015625,99.17666625976562,3.7860052585601807,2673.449951171875,7081.85009765625
2018-11-27,41.34140396118164,23.028888702392578,49.12329864501953,37.0164680480957,83.49628448486328,89.31005859375,99.80074310302734,3.802826166152954,2682.169921875,7082.7001953125
2018-11-28,42.931095123291016,23.601701736450195,50.76435852050781,37.95551681518555,85.56229400634766,90.30313110351562,103.50812530517578,3.9596593379974365,2743.7900390625,7291.58984375
2018-11-29,42.60129165649414,23.277936935424805,50.23798370361328,37.99565124511719,84.50492858886719,89.5868148803711,102.64183807373047,3.896516799926758,2737.800048828125,7273.080078125
2018-11-30,42.37114334106445,23.57679557800293,50.1528434753418,38.421043395996094,86.44571685791016,90.50662231445312,103.29389190673828,4.046820640563965,2760.169921875,7330.5400390625
2018-12-03,43.85167694091797,23.693016052246094,50.43925857543945,39.11930847167969,87.16918182373047,91.36128234863281,104.41168212890625,4.210495471954346,2790.3701171875,7441.509765625
2018-12-04,41.92270278930664,22.40626335144043,48.19440460205078,38.00368881225586,84.5884017944336,87.28324890136719,101.08624267578125,3.8903260231018066,2700.06005859375,7158.43017578125
2018-12-06,41.45527648925781,21.938762664794922,46.49141311645508,38.838401794433594,86.1952896118164,85.62273406982422,101.71031951904297,3.9195454120635986,2695.949951171875,7188.259765625
2018-12-07,39.97712326049805,21.22917938232422,45.16774368286133,37.27330017089844,83.01628875732422,84.07613372802734,97.63970184326172,3.6550886631011963,2633.080078125,6969.25
2018-12-10,40.240482330322266,20.669858932495117,44.176910400390625,37.61041259765625,84.26145935058594,82.50518798828125,100.21992492675781,3.7603261470794678,2637.719970703125,7020.52001953125
2018-12-11,40.010337829589844,20.519594192504883,43.51893997192383,37.795005798339844,84.0945053100586,81.69935607910156,101.15143585205078,3.6694509983062744,2636.780029296875,7031.830078125
2018-12-12,40.12185287475586,20.469499588012695,43.333160400390625,38.05986785888672,84.28233337402344,82.22842407226562,101.60786437988281,3.6870319843292236,2651.070068359375,7098.31005859375
2018-12-13,40.560791015625,20.369321823120117,43.17060470581055,38.099998474121094,83.98320770263672,82.309814453125,101.95252227783203,3.686784505844116,2650.5400390625,7070.330078125
2018-12-14,39.262939453125,20.436111450195312,42.59004592895508,36.77568817138672,83.40585327148438,81.63421630859375,98.76681518554688,3.6263656616210938,2599.949951171875,6910.66015625
2018-12-17,38.897552490234375,20.427766799926758,41.993995666503906,35.475460052490234,80.762451171875,80.59232330322266,95.84188842773438,3.5552988052368164,2545.93994140625,6753.72998046875
2018-12-18,39.40292739868164,20.427766799926758,41.74628448486328,35.36308670043945,81.14503479003906,80.20972442626953,96.84790802001953,3.6384987831115723,2546.159912109375,6783.91015625
2018-12-19,38.17389678955078,20.185667037963867,40.88706970214844,34.62469482421875,80.99200439453125,79.19226837158203,96.58708953857422,3.429755687713623,2506.9599609375,6636.830078125
2018-12-20,37.21059036254883,20.12723159790039,40.4613151550293,34.102989196777344,78.61991119384766,78.50850677490234,94.55644226074219,3.3453187942504883,2467.419921875,6528.41015625
2018-12-21,35.76325607299805,19.50947380065918,38.88993835449219,33.58932113647461,77.17300415039062,76.65262603759766,91.50110626220703,3.208385705947876,2416.6201171875,6332.990234375
2018-12-24,34.83790588378906,18.975196838378906,38.13132095336914,32.3292121887207,74.82872772216797,75.0002670288086,87.68195343017578,3.1467294692993164,2351.10009765625,6192.919921875
2018-12-26,37.2912483215332,20.12723159790039,39.818824768066406,34.086936950683594,77.48605346679688,78.10968017578125,93.67150115966797,3.295795440673828,2467.699951171875,6554.35986328125
2018-12-27,37.04924392700195,20.344284057617188,40.07427215576172,34.440086364746094,79.14859771728516,78.98878479003906,94.2490463256836,3.2480056285858154,2488.830078125,6579.490234375
2018-12-28,37.06822967529297,20.36097526550293,40.12070846557617,34.327720642089844,78.62686920166016,78.81782531738281,93.51313781738281,3.3094146251678467,2485.739990234375,6584.52001953125
2018-12-31,37.42649841308594,20.569679260253906,40.29875946044922,34.777183532714844,79.07209014892578,79.46088409423828,94.61231231689453,3.3057000637054443,2506.85009765625,6635.27978515625
2019-01-02,37.46920394897461,20.836814880371094,41.4366569519043,34.47219467163086,80.14334106445312,80.83650970458984,94.1931381225586,3.3730521202087402,2510.030029296875,6665.93994140625
2019-01-03,33.73699951171875,20.502893447875977,40.6858024597168,33.218502044677734,78.54340362548828,79.68768310546875,90.72797393798828,3.1692628860473633,2447.889892578125,6463.5
2019-01-04,35.17719650268555,21.35439682006836,42.675201416015625,34.71483612060547,81.61111450195312,82.62540435791016,94.94767761230469,3.372309446334839,2531.93994140625,6738.85986328125
2019-01-07,35.09890365600586,21.33769989013672,43.046756744384766,34.94939041137695,82.1884994506836,82.6828384399414,95.0687484741211,3.55084228515625,2549.68994140625,6823.47021484375
2019-01-08,35.768001556396484,21.29596519470215,42.93064498901367,35.23248291015625,83.35714721679688,82.52693939208984,95.75807189941406,3.462441921234131,2574.409912109375,6897.0
2019-01-09,36.375396728515625,21.50466537475586,43.64280319213867,35.03836441040039,83.95537567138672,82.38743591308594,97.12736511230469,3.5305373668670654,2584.9599609375,6957.080078125
2019-01-10,36.49166488647461,21.47962188720703,43.689239501953125,34.973655700683594,84.72056579589844,82.37921905517578,96.50324249267578,3.596156358718872,2596.639892578125,6986.06982421875
2019-01-11,36.13338088989258,21.730058670043945,43.88276672363281,35.17586135864258,84.49101257324219,81.98535919189453,95.75807189941406,3.685298204421997,2596.260009765625,6971.47998046875
2019-01-14,35.590049743652344,22.01389503479004,45.61671447753906,34.94939041137695,83.74668884277344,82.8305435180664,95.0594253540039,3.7251646518707275,2582.610107421875,6905.919921875
2019-01-15,36.31846237182617,22.164169311523438,47.51321029663086,35.604549407958984,84.67882537841797,83.43778228759766,97.81665802001953,3.711050510406494,2610.300048828125,7023.830078125
2019-01-16,36.762149810791016,23.750301361083984,48.14022445678711,35.55601501464844,84.60231018066406,84.11067962646484,98.16130065917969,3.6855459213256836,2616.10009765625,7034.68994140625
2019-01-17,36.980430603027344,24.201095581054688,48.356964111328125,35.75821304321289,84.99882507324219,84.45530700683594,98.85064697265625,3.7568602561950684,2635.9599609375,7084.4599609375
2019-01-18,37.20820617675781,24.459882736206055,48.86011505126953,36.42145919799805,86.13270568847656,85.82569122314453,100.33172607421875,3.885868787765503,2670.7099609375,7157.22998046875
2019-01-22,36.373023986816406,24.284576416015625,47.87702560424805,36.2192497253418,85.22835540771484,84.47174072265625,98.4407958984375,3.6838128566741943,2632.89990234375,7020.35986328125
2019-01-23,36.5201301574707,24.142656326293945,48.09378433227539,36.76926803588867,92.44204711914062,84.25836944580078,99.40020751953125,3.6966888904571533,2638.699951171875,7025.77001953125
2019-01-24,36.23067092895508,24.276226043701172,48.54273986816406,36.89057540893555,92.19161224365234,84.3076171875,98.92516326904297,3.9084019660949707,2642.330078125,7073.4599609375
2019-01-25,37.43124008178711,24.69363784790039,49.55678176879883,37.311161041259766,93.1933364868164,84.84099578857422,99.82869720458984,3.965601682662964,2664.760009765625,7164.85986328125
2019-01-28,37.0848388671875,24.735374450683594,49.42518997192383,37.003822326660156,93.40202331542969,85.24310302734375,97.88186645507812,3.4173760414123535,2643.85009765625,7085.68017578125
2019-01-29,36.700469970703125,24.535022735595703,48.929771423339844,37.17367935180664,93.44375610351562,85.4810562133789,95.88845825195312,3.258652925491333,2640.0,7028.2900390625
2019-01-30,39.2083740234375,24.267879486083984,49.711612701416016,37.78028869628906,93.47853088378906,85.67799377441406,99.09281158447266,3.4020237922668457,2681.050048828125,7183.080078125
2019-01-31,39.490718841552734,23.766990661621094,49.89738845825195,38.24940490722656,93.50634765625,84.9312744140625,97.27639770507812,3.559508800506592,2704.10009765625,7281.740234375
2019-02-01,39.50970458984375,23.691865921020508,49.63233947753906,38.28984832763672,93.28375244140625,85.24310302734375,95.73942565917969,3.5837743282318115,2706.530029296875,7263.8701171875
2019-02-04,40.63197708129883,24.10926628112793,49.93635940551758,38.297943115234375,94.04197692871094,85.54669952392578,98.49664306640625,3.6939656734466553,2724.8701171875,7347.5400390625
2019-02-05,41.32716751098633,24.025787353515625,49.741477966308594,38.225135803222656,94.29241180419922,85.16923522949219,99.8752670288086,3.713031530380249,2737.699951171875,7402.080078125
2019-02-06,41.34140396118164,23.984041213989258,49.803836822509766,38.40309524536133,94.82807922363281,85.12820434570312,98.76681518554688,3.78855562210083,2731.610107421875,7375.27978515625
2019-02-07,40.55842590332031,23.574987411499023,48.96196365356445,37.772193908691406,93.730224609375,84.01219940185547,98.05886840820312,3.6503841876983643,2706.050048828125,7288.35009765625
2019-02-08,40.6060791015625,23.616727828979492,48.338348388671875,38.16852951049805,94.09617614746094,83.17520904541016,98.43145751953125,3.6689560413360596,2707.8798828125,7298.2001953125
2019-02-11,40.37255859375,23.716909408569336,48.02651596069336,38.483978271484375,94.29322052001953,82.78131103515625,98.04022979736328,3.6263656616210938,2709.800048828125,7307.89990234375
2019-02-12,40.7204475402832,23.950658798217773,48.85281753540039,38.73470687866211,95.74288940429688,84.19273376464844,99.5678939819336,3.74324107170105,2744.72998046875,7414.6201171875
2019-02-13,40.5512580871582,23.958999633789062,49.14125442504883,38.41926574707031,96.77740478515625,84.59481811523438,99.4933853149414,3.785583972930908,2753.030029296875,7420.3798828125
2019-02-14,40.699005126953125,23.700210571289062,48.65793991088867,39.14720916748047,96.04552459716797,84.04501342773438,99.57720947265625,3.8264410495758057,2745.72998046875,7426.9501953125
2019-02-15,40.60847091674805,24.301273345947266,50.10005569458008,39.98028564453125,97.13628387451172,86.61349487304688,100.80675506591797,3.896021604537964,2775.60009765625,7472.41015625
2019-02-19,40.729984283447266,24.317964553833008,50.18580627441406,40.158241271972656,97.60779571533203,86.30986022949219,100.76020050048828,3.878688097000122,2779.760009765625,7486.77001953125
2019-02-20,40.992095947265625,24.551713943481445,50.38847351074219,40.14207077026367,97.11519622802734,86.72838592529297,100.23634338378906,3.92598295211792,2784.699951171875,7489.06982421875
2019-02-21,40.76095962524414,24.451539993286133,50.139041900634766,39.96411895751953,97.0025863647461,86.54780578613281,102.35050201416016,3.857145309448242,2774.8798828125,7459.7099609375
2019-02-22,41.21609115600586,24.276226043701172,49.99872589111328,40.53030776977539,97.99485778808594,86.1621322631836,103.80984497070312,3.941830635070801,2792.669921875,7527.5400390625
2019-02-25,41.516319274902344,24.434839248657227,50.302734375,41.08030700683594,98.14263153076172,87.06480407714844,104.38983154296875,3.929450273513794,2796.110107421875,7554.4599609375
2019-02-26,41.54015350341797,24.451539993286133,49.983131408691406,41.39574432373047,98.32561492919922,86.40011596679688,105.11015319824219,3.8900790214538574,2793.89990234375,7549.2998046875
2019-02-27,41.6688232421875,24.651893615722656,50.20139694213867,41.72736358642578,97.93856048583984,86.29345703125,104.93244934082031,3.848231077194214,2792.3798828125,7554.509765625
2019-02-28,41.25897979736328,24.400169372558594,49.87399673461914,41.87295150756836,97.20665740966797,85.63697814941406,104.80147552490234,3.8236916065216064,2784.489990234375,7532.52978515625
2019-03-01,41.69266128540039,24.593156814575195,50.25597381591797,41.58176803588867,97.9596939086914,85.69442749023438,105.26917266845703,3.877976417541504,2803.68994140625,7595.35009765625
2019-03-04,41.90235137939453,24.35822105407715,49.69470977783203,41.37956619262695,97.41779327392578,85.4974594116211,105.01661682128906,3.886155843734741,2792.81005859375,7577.56982421875
2019-03-05,41.82609176635742,24.400169372558594,49.055503845214844,41.4927978515625,97.03073120117188,85.43183135986328,104.49275207519531,3.8797109127044678,2789.64990234375,7576.35986328125
2019-03-06,41.58543014526367,24.19879722595215,48.72809982299805,41.792076110839844,96.39737701416016,85.11177825927734,104.5395278930664,3.7689108848571777,2771.449951171875,7505.919921875
2019-03-07,41.10409164428711,23.955467224121094,48.25259017944336,41.484710693359375,95.25733184814453,84.49635314941406,103.26728820800781,3.6997549533843994,2748.929931640625,7421.4599609375
2019-03-08,41.20178985595703,24.039371490478516,48.37731170654297,41.30677032470703,95.06730651855469,84.5291748046875,103.37953186035156,3.7339611053466797,2743.070068359375,7408.14013671875
2019-03-11,42.62910842895508,24.282703399658203,48.57219314575195,41.9942741394043,96.9111099243164,85.6287612915039,105.54984283447266,3.9942288398742676,2783.300048828125,7558.06005859375
2019-03-12,43.10806655883789,24.282703399658203,48.96196365356445,42.1803092956543,97.3122329711914,85.3743667602539,106.28887176513672,4.028435707092285,2791.52001953125,7591.02978515625
2019-03-13,43.29869842529297,24.57637596130371,49.61675262451172,42.53619384765625,97.50928497314453,85.6615982055664,107.11209106445312,4.179637432098389,2810.919921875,7643.41015625
2019-03-14,43.780029296875,24.719017028808594,49.975345611572266,42.65751647949219,97.671142578125,86.441162109375,107.19627380371094,4.103788375854492,2808.47998046875,7630.91015625
2019-03-15,44.34952163696289,24.584760665893555,50.817222595214844,43.02958297729492,98.12152862548828,87.43408203125,108.43111419677734,4.209136009216309,2822.47998046875,7688.52978515625
2019-03-18,44.80227279663086,25.021081924438477,51.394073486328125,43.28031539916992,98.67045593261719,87.95924377441406,109.98400115966797,4.187817573547363,2832.93994140625,7714.47998046875
2019-03-19,44.44721984863281,24.878442764282227,51.160213470458984,43.11853790283203,98.86748504638672,87.63921356201172,110.058837890625,4.355380058288574,2832.570068359375,7723.9501953125
2019-03-20,44.835628509521484,24.030975341796875,50.123443603515625,43.07810974121094,98.24117279052734,85.76826477050781,109.93722534179688,4.322909355163574,2824.22998046875,7728.97021484375
2019-03-21,46.48693084716797,23.64501190185547,49.819435119628906,43.62810516357422,99.53601837158203,84.4142837524414,112.4630355834961,4.5593791007995605,2854.8798828125,7838.9599609375
2019-03-22,45.52427673339844,22.66329574584961,47.535430908203125,42.65751647949219,98.13560485839844,81.86225891113281,109.49757385253906,4.399749279022217,2800.7099609375,7642.669921875
2019-03-25,44.97383117675781,22.52065658569336,47.02873229980469,42.6494255065918,97.94561767578125,81.18115997314453,110.06820678710938,4.307539463043213,2798.360107421875,7637.5400390625
2019-03-26,44.509178161621094,22.83111000061035,47.722511291503906,43.05384826660156,98.67748260498047,81.9935302734375,110.30207061767578,4.384133815765381,2818.4599609375,7691.52001953125
2019-03-27,44.90950393676758,22.680078506469727,47.34054183959961,42.98104476928711,97.98783111572266,81.71456146240234,109.2356185913086,4.37496280670166,2805.3701171875,7643.3798828125
2019-03-28,44.96906661987305,22.931798934936523,48.31494903564453,43.15899658203125,98.46635437011719,82.64180755615234,109.38530731201172,4.393552780151367,2815.43994140625,7669.169921875
2019-03-29,45.26216125488281,23.14995574951172,48.50204086303711,43.66856002807617,99.29676055908203,83.06849670410156,110.33013153076172,4.450809955596924,2834.39990234375,7729.31982421875
2019-04-01,45.56954574584961,23.947071075439453,50.17021560668945,44.46928405761719,100.8449935913086,85.86673736572266,111.3404541015625,4.518231391906738,2867.18994140625,7828.91015625
2019-04-02,46.23197555541992,24.223968505859375,50.21698760986328,44.720027923583984,100.63386535644531,86.27703857421875,111.49948120117188,4.5360798835754395,2867.239990234375,7848.68994140625
2019-04-03,46.54890060424805,24.19879722595215,50.71588897705078,44.995018005371094,101.07720184326172,86.44935607910156,112.22915649414062,4.6753830909729,2873.39990234375,7895.5498046875
2019-04-04,46.629920959472656,24.458908081054688,51.30832290649414,44.881065368652344,100.47906494140625,87.28449249267578,111.65851593017578,4.666459560394287,2879.389892578125,7891.77978515625
2019-04-05,46.94205856323242,24.400169372558594,51.09784698486328,44.938045501708984,100.8309097290039,87.07777404785156,112.15430450439453,4.733138084411621,2892.739990234375,7938.68994140625
2019-04-08,47.680747985839844,24.475688934326172,51.503211975097656,45.16595458984375,100.9083251953125,87.35892486572266,112.19172668457031,4.753958702087402,2895.77001953125,7953.8798828125
2019-04-09,47.53778076171875,24.240751266479492,50.82501983642578,44.913631439208984,100.00753021240234,86.71398162841797,111.58367919921875,4.691248893737793,2878.199951171875,7909.27978515625
2019-04-10,47.80464553833008,24.39177894592285,51.07447052001953,45.43455505371094,100.64791870117188,87.10259246826172,112.43494415283203,4.76164436340332,2888.2099609375,7964.240234375
2019-04-11,47.406715393066406,24.39177894592285,51.37849044799805,45.25547790527344,101.18276977539062,87.83848571777344,112.5658950805664,4.747762203216553,2888.320068359375,7947.35986328125
2019-04-12,47.387657165527344,25.314754486083984,52.555564880371094,45.817108154296875,101.5838851928711,91.95630645751953,113.14591979980469,4.7098388671875,2907.409912109375,7984.16015625
2019-04-15,47.47343826293945,25.037870407104492,52.524383544921875,46.03687286376953,101.26720428466797,90.90621185302734,113.23947143554688,4.57821798324585,2905.580078125,7976.009765625
2019-04-16,47.478206634521484,25.071422576904297,54.028865814208984,46.35432434082031,102.1398696899414,91.86536407470703,112.97753143310547,4.665222644805908,2907.06005859375,8000.22998046875
2019-04-17,48.40275573730469,25.197294235229492,54.83957290649414,45.83338165283203,97.89634704589844,94.51136016845703,113.91299438476562,4.642415523529053,2900.449951171875,7996.080078125
2019-04-18,48.576690673828125,25.197294235229492,54.30948257446289,45.90664291381836,98.7548828125,93.8167953491211,115.40975189208984,4.6178765296936035,2905.030029296875,7998.06005859375
2019-04-22,48.7363395690918,25.21407127380371,53.857357025146484,45.8577995300293,97.74151611328125,93.93254852294922,115.77459716796875,4.671667098999023,2907.969970703125,8015.27001953125
2019-04-23,49.439292907714844,25.23084831237793,53.943115234375,46.142696380615234,98.8322982788086,94.04830932617188,117.34619903564453,4.726197242736816,2933.679931640625,8120.81982421875
2019-04-24,49.36304473876953,25.18889617919922,53.65468978881836,46.2973518371582,98.4874496459961,93.89118957519531,116.94393920898438,4.738591194152832,2927.25,8102.009765625
2019-04-25,48.915061950683594,25.239240646362305,53.576744079589844,45.849674224853516,97.55854034423828,93.94080352783203,120.81681823730469,4.632997989654541,2926.169921875,8118.68017578125
2019-04-26,48.681549072265625,25.465789794921875,54.18477249145508,45.483402252197266,98.12858581542969,94.65193176269531,121.50907135009766,4.414373397827148,2939.8798828125,8146.39990234375
2019-04-29,48.75541305541992,25.818201065063477,55.36964416503906,45.686893463134766,97.85411071777344,96.01626586914062,121.39681243896484,4.445109844207764,2943.030029296875,8161.85009765625
2019-04-30,47.81657028198242,25.658777236938477,55.112396240234375,45.54035949707031,98.71266174316406,95.95836639404297,122.17326354980469,4.486505508422852,2945.830078125,8095.39013671875
2019-05-01,50.163673400878906,25.390275955200195,54.53556442260742,45.23921585083008,98.91673278808594,95.22247314453125,119.62879180908203,4.473366737365723,2923.72998046875,8049.64013671875
2019-05-02,49.83721923828125,25.591655731201172,54.84736251831055,44.71828079223633,98.23413848876953,95.4291763305664,118.06652069091797,4.5407891273498535,2917.52001953125,8036.77001953125
2019-05-03,50.45676040649414,25.767850875854492,55.443607330322266,44.71828079223633,98.69857025146484,96.01626586914062,120.58293151855469,4.536327838897705,2945.639892578125,8164.0
2019-05-06,49.677574157714844,25.566476821899414,55.23965072631836,44.43341064453125,98.79006958007812,95.1645736694336,119.88133239746094,4.458001136779785,2932.469970703125,8123.2900390625
2019-05-07,48.33842086791992,25.104990005493164,53.47442626953125,43.50550842285156,96.86186218261719,93.61006927490234,117.42103576660156,4.290933132171631,2884.050048828125,7963.759765625
2019-05-08,48.347938537597656,25.004297256469727,53.521480560302734,43.52177429199219,97.11519622802734,93.11396026611328,117.41168212890625,4.311008453369141,2879.419921875,7943.31982421875
2019-05-09,47.8284912109375,24.92878532409668,53.05860900878906,43.07411575317383,96.37458038330078,93.03952026367188,117.40232849121094,4.2185540199279785,2870.719970703125,7910.58984375
2019-05-10,47.1658821105957,24.8197078704834,53.27043151855469,43.432247161865234,96.3603515625,93.03125762939453,118.92716217041016,4.184595108032227,2881.39990234375,7916.93994140625
2019-05-13,44.42464065551758,23.7037410736084,50.50884246826172,41.75551223754883,93.58321380615234,90.50101470947266,115.39105987548828,3.927551031112671,2811.8701171875,7647.02001953125
2019-05-14,45.127899169921875,24.014202117919922,51.199249267578125,42.341548919677734,94.92906188964844,91.22040557861328,116.68199920654297,4.016537666320801,2834.409912109375,7734.490234375
2019-05-15,45.66848373413086,23.737306594848633,50.89326858520508,42.683414459228516,95.70526885986328,90.87310791015625,118.32514953613281,3.9555599689483643,2850.9599609375,7822.14990234375
2019-05-16,45.467559814453125,23.989028930664062,51.76411437988281,45.52408218383789,96.75914001464844,92.03899383544922,121.05744171142578,3.9706802368164062,2876.320068359375,7898.0498046875
2019-05-17,45.209228515625,23.829601287841797,51.050174713134766,45.86594772338867,95.64827728271484,91.59248352050781,120.24999237060547,3.879958391189575,2859.530029296875,7816.27978515625
2019-05-20,43.79553985595703,23.829601287841797,50.96388244628906,45.589210510253906,96.21795654296875,92.07208251953125,118.51294708251953,3.7614758014678955,2840.22998046875,7702.3798828125
2019-05-21,44.63513946533203,24.07293701171875,51.842552185058594,46.00432205200195,97.16504669189453,92.38630676269531,119.15144348144531,3.843522071838379,2864.360107421875,7785.72021484375
2019-05-22,43.72138595581055,23.905120849609375,50.7285270690918,45.328739166259766,97.09381103515625,91.63385009765625,119.87442016601562,3.772629976272583,2856.27001953125,7750.83984375
2019-05-23,42.975067138671875,23.2925968170166,50.13227462768555,44.107818603515625,94.27394104003906,89.83125305175781,118.47540283203125,3.651668071746826,2822.239990234375,7628.27978515625
2019-05-24,42.81001281738281,23.64501190185547,50.516693115234375,44.25432586669922,94.19561767578125,90.71599578857422,118.53173828125,3.59787917137146,2826.06005859375,7637.009765625
2019-05-28,42.63301086425781,23.410064697265625,50.04597473144531,43.89619445800781,92.89961242675781,89.73201751708984,118.45662689208984,3.5527660846710205,2802.389892578125,7607.35009765625
2019-05-29,42.429683685302734,23.284208297729492,49.98320007324219,43.285736083984375,92.35128021240234,89.48396301269531,117.31108856201172,3.478652238845825,2783.02001953125,7547.31005859375
2019-05-30,42.64975357055664,22.789148330688477,49.90475082397461,43.603179931640625,92.26583099365234,88.52479553222656,118.05288696289062,3.452099323272705,2788.860107421875,7567.72021484375
2019-05-31,41.877132415771484,22.319272994995117,48.75931930541992,42.34969711303711,90.42864227294922,87.61526489257812,116.1280517578125,3.361522912979126,2752.06005859375,7453.14990234375
2019-06-03,41.453739166259766,22.38640022277832,49.12020492553711,42.14619827270508,91.34010314941406,88.02870178222656,112.52251434326172,3.3198325634002686,2744.449951171875,7333.02001953125
2019-06-04,42.97028732299805,23.42684555053711,51.685665130615234,43.32643508911133,94.48756408691406,90.74081420898438,115.63978576660156,3.548633337020874,2803.27001953125,7527.1201171875
2019-06-05,43.66397476196289,23.41845703125,51.607208251953125,44.56362533569336,93.63306427001953,91.06328582763672,118.14677429199219,3.5059492588043213,2826.14990234375,7575.47998046875
2019-06-06,44.305030822753906,23.519685745239258,52.148529052734375,44.8485107421875,94.15287780761719,91.26175689697266,120.01525115966797,3.567988157272339,2843.489990234375,7615.5498046875
2019-06-07,45.48431396484375,23.224435806274414,51.53659439086914,45.52408218383789,94.92906188964844,90.26123809814453,123.37662506103516,3.6106717586517334,2873.340087890625,7742.10009765625
2019-06-10,46.065555572509766,23.679973602294922,52.65850830078125,45.92292404174805,95.94735717773438,91.23693084716797,124.50338745117188,3.6833810806274414,2886.72998046875,7823.169921875
2019-06-11,46.59897994995117,23.82339096069336,53.25474166870117,46.48454666137695,96.8089828491211,91.51808166503906,124.0339126586914,3.7409536838531494,2885.719970703125,7822.56982421875
2019-06-12,46.45068359375,23.57874298095703,52.415279388427734,45.467105865478516,96.0399169921875,90.35220336914062,123.4611587524414,3.628042221069336,2879.840087890625,7792.72021484375
2019-06-13,46.44111251831055,23.570308685302734,52.627113342285156,45.71944046020508,96.6736831665039,90.57545471191406,124.240478515625,3.6791627407073975,2891.639892578125,7837.1298828125
2019-06-14,46.103843688964844,23.6546688079834,52.940940856933594,44.56362533569336,96.23931884765625,90.80697631835938,124.36255645751953,3.589329481124878,2886.97998046875,7796.66015625
2019-06-17,46.37892150878906,23.561872482299805,52.203460693359375,45.09270095825195,96.09689331054688,90.31084442138672,124.7381362915039,3.5990078449249268,2889.669921875,7845.02001953125
2019-06-18,47.46968460083008,24.14396095275879,53.33319854736328,45.62176513671875,97.11518859863281,91.5428695678711,126.90707397460938,3.7938101291656494,2917.75,7953.8798828125
2019-06-19,47.3309326171875,23.890878677368164,53.0272216796875,45.686893463134766,97.61366271972656,90.88138580322266,127.40469360351562,3.7997665405273438,2926.4599609375,7987.31982421875
2019-06-20,47.711280822753906,23.848697662353516,53.42734146118164,46.728736877441406,98.87405395507812,91.11290740966797,128.5877227783203,3.8240857124328613,2954.179931640625,8051.33984375
2019-06-21,47.548622131347656,23.72216033935547,53.32534408569336,46.41943359375,99.12332153320312,90.49276733398438,128.60655212402344,3.766016960144043,2950.4599609375,8031.7099609375
2019-06-24,47.50077438354492,23.604055404663086,52.886016845703125,46.541526794433594,99.23013305664062,89.8478012084961,129.36709594726562,3.78835129737854,2945.35009765625,8005.7001953125
2019-06-25,46.78077697753906,23.41845703125,52.203460693359375,45.64619064331055,98.52513122558594,89.10362243652344,125.28271484375,3.7590689659118652,2917.3798828125,7884.72021484375
2019-06-26,47.7926025390625,23.544994354248047,52.73694610595703,46.06943130493164,98.63907623291016,89.6989517211914,125.75215148925781,3.952134132385254,2913.780029296875,7909.97021484375
2019-06-27,47.77825927734375,23.798078536987305,53.46657180786133,45.36128616333008,98.63907623291016,89.99662780761719,125.958740234375,4.050652503967285,2924.919921875,7967.759765625
2019-06-28,47.34290313720703,24.464529037475586,54.94149398803711,44.5473518371582,98.19757843017578,92.44416809082031,125.78030395507812,4.075468063354492,2941.760009765625,8006.240234375
2019-07-01,48.21120834350586,24.8188419342041,55.498538970947266,44.55549621582031,99.60749816894531,93.9986801147461,127.39533996582031,4.123610496520996,2964.330078125,8091.16015625
2019-07-02,48.49346160888672,24.5910701751709,55.263179779052734,45.426422119140625,99.84962463378906,94.09793090820312,128.2403564453125,4.025835990905762,2973.010009765625,8109.08984375
2019-07-03,48.895328521728516,24.5067081451416,55.58483123779297,46.26188659667969,100.7895736694336,93.9480209350586,129.06663513183594,4.038740634918213,2995.820068359375,8170.22998046875
2019-07-05,48.85227584838867,24.68386459350586,56.016319274902344,46.36017990112305,100.6756591796875,94.50594329833984,128.6910400390625,3.976205825805664,2990.409912109375,8161.7900390625
2019-07-08,47.84523391723633,24.633249282836914,55.804500579833984,46.02434539794922,100.09883880615234,93.98966217041016,128.59716796875,3.901262044906616,2975.949951171875,8098.3798828125
2019-07-09,48.13705825805664,24.759790420532227,56.14186096191406,46.1472053527832,99.21587371826172,94.38938903808594,128.12770080566406,3.9037439823150635,2979.6298828125,8141.72998046875
2019-07-10,48.61307144165039,24.481401443481445,55.804500579833984,46.794288635253906,100.02765655517578,94.11458587646484,129.43280029296875,3.9719862937927246,2993.070068359375,8202.5302734375
2019-07-11,48.2590446472168,24.768226623535156,56.181087493896484,46.93352508544922,100.57597351074219,95.01392364501953,129.94923400878906,4.126340389251709,2999.909912109375,8196.0400390625
2019-07-12,48.62981414794922,24.844152450561523,56.306610107421875,47.4659309387207,101.64409637451172,96.01318359375,130.41871643066406,4.159344673156738,3013.77001953125,8244.1396484375
2019-07-15,49.086692810058594,24.650121688842773,56.259552001953125,47.54784393310547,102.0571060180664,94.84735870361328,130.41871643066406,4.150908470153809,3014.300048828125,8258.1904296875
2019-07-16,48.9168586730957,24.456096649169922,55.95356750488281,47.19563674926758,102.2066421508789,95.86331939697266,128.70985412597656,4.1461920738220215,3004.0400390625,8222.7998046875
2019-07-17,48.64176559448242,24.624814987182617,55.56129837036133,46.859806060791016,101.87911987304688,94.9223403930664,127.94932556152344,4.211456775665283,2984.419921875,8185.2099609375
2019-07-18,49.19432830810547,24.869455337524414,56.322303771972656,47.293941497802734,106.55042266845703,95.48858642578125,128.09010314941406,4.22312068939209,2995.110107421875,8207.240234375
2019-07-19,48.45997619628906,24.801965713500977,55.63976287841797,46.98268508911133,106.5860366821289,94.54757690429688,128.27792358398438,4.179941654205322,2976.610107421875,8146.490234375
2019-07-22,49.56748962402344,24.94538116455078,55.788814544677734,47.285736083984375,106.62873840332031,95.15547180175781,129.9773712158203,4.251410484313965,2985.030029296875,8204.1396484375
2019-07-23,49.95499801635742,25.5190372467041,56.47921371459961,47.269351959228516,107.0844497680664,96.8958740234375,130.784912109375,4.359109878540039,3005.469970703125,8251.400390625
2019-07-24,49.91432189941406,25.873348236083984,57.27944564819336,46.87619400024414,106.83525848388672,97.28723907470703,132.12754821777344,4.43355655670166,3019.56005859375,8321.5
2019-07-25,49.5196418762207,25.594955444335938,56.00848388671875,46.376556396484375,107.09160614013672,96.3545913696289,131.62991333007812,4.302530765533447,3003.669921875,8238.5400390625
2019-07-26,49.69187545776367,25.95771026611328,56.612606048583984,46.302833557128906,107.78236389160156,96.77931213378906,132.709716796875,4.344467639923096,3025.860107421875,8330.2099609375
2019-07-29,50.15592575073242,25.746807098388672,56.29875946044922,46.6304817199707,107.44052124023438,96.47118377685547,132.41860961914062,4.338263511657715,3020.969970703125,8293.330078125
2019-07-30,49.94063186645508,26.058937072753906,56.259552001953125,46.253700256347656,106.65015411376953,96.25468444824219,131.7801513671875,4.353898048400879,3013.179931640625,8273.6103515625
2019-07-31,50.95962905883789,25.881778717041016,55.82805633544922,45.377281188964844,105.56061553955078,96.59609985351562,127.94932556152344,4.186889171600342,2980.3798828125,8175.419921875
2019-08-01,49.85691452026367,24.877897262573242,53.623470306396484,45.369075775146484,107.04175567626953,94.04795837402344,129.6299591064453,4.092590808868408,2953.56005859375,8111.1201171875
2019-08-02,48.80204391479492,24.78510284423828,53.44167709350586,43.61625289916992,104.85562896728516,94.03963470458984,128.5408172607422,4.000028610229492,2932.050048828125,8004.06982421875
2019-08-05,46.247352600097656,23.688413619995117,51.520912170410156,42.076358795166016,100.2341537475586,91.24166870117188,124.13719177246094,3.74194598197937,2844.739990234375,7726.0400390625
2019-08-06,47.12283706665039,23.97524070739746,52.3666877746582,43.083831787109375,100.21278381347656,91.95780944824219,126.46576690673828,3.780658006668091,2881.77001953125,7833.27001953125
2019-08-07,47.61080551147461,23.528125762939453,51.489295959472656,42.87087631225586,99.0592041015625,89.95927429199219,127.01974487304688,3.8188741207122803,2883.97998046875,7862.830078125
2019-08-08,48.66091537475586,23.941497802734375,52.75399398803711,43.542518615722656,100.93965148925781,91.48316955566406,130.40931701660156,3.927319049835205,2938.090087890625,8039.16015625
2019-08-09,48.25993728637695,23.899311065673828,52.2086067199707,42.9445915222168,98.07933044433594,91.38322448730469,129.3013916015625,3.826070785522461,2918.64990234375,7959.14013671875
2019-08-12,48.13747024536133,23.31722640991211,50.77788162231445,42.21561813354492,96.30696868896484,89.66781616210938,127.49858856201172,3.7583250999450684,2882.699951171875,7863.41015625
2019-08-13,50.17600631713867,23.38471031188965,51.244258880615234,43.182125091552734,97.8343734741211,91.05013275146484,130.1370086669922,3.872476577758789,2926.320068359375,8016.35986328125
2019-08-14,48.682518005371094,22.28803253173828,48.54094696044922,41.453861236572266,94.56339263916016,87.26958465576172,126.21804809570312,3.72407865524292,2840.60009765625,7773.93994140625
2019-08-15,48.44000244140625,22.144617080688477,48.46981430053711,37.882652282714844,95.0461196899414,87.60265350341797,125.93543243408203,3.6918182373046875,2847.60009765625,7766.6201171875
2019-08-16,49.58293533325195,22.802631378173828,50.177154541015625,38.464195251464844,96.3718032836914,89.70114135742188,128.2434539794922,3.9595794677734375,2888.679931640625,7895.990234375
2019-08-19,50.507362365722656,23.005090713500977,50.83322525024414,39.7255859375,97.29402160644531,90.50888061523438,130.391357421875,4.238009452819824,2923.64990234375,8002.81005859375
2019-08-20,50.50975799560547,22.541114807128906,50.129737854003906,39.25872039794922,95.82422637939453,89.35972595214844,129.30796813964844,4.165796756744385,2900.510009765625,7948.56005859375
2019-08-21,51.057220458984375,22.71826934814453,49.99535369873047,39.946746826171875,96.72483825683594,89.60953521728516,130.7493133544922,4.249176025390625,2924.429931640625,8020.2099609375
2019-08-22,51.013999938964844,22.937604904174805,50.51705551147461,39.46348571777344,96.77527618408203,90.53385162353516,129.7978515625,4.255381107330322,2922.949951171875,7991.39013671875
2019-08-23,48.656105041503906,22.3302059173584,48.96778869628906,38.17752456665039,93.35295867919922,88.2854995727539,125.6622085571289,4.031047821044922,2847.110107421875,7751.77001953125
2019-08-26,49.580535888671875,22.591726303100586,49.57643127441406,38.57886505126953,93.65559387207031,88.9933090209961,127.60285186767578,4.105743408203125,2878.3798828125,7853.740234375
2019-08-27,49.021080017089844,22.3302059173584,48.738555908203125,38.3249626159668,94.50574493408203,88.05231475830078,127.87609100341797,4.015165328979492,2869.159912109375,7826.9501953125
2019-08-28,49.35002517700195,22.650781631469727,49.29186248779297,38.39048767089844,95.65132904052734,88.93502044677734,127.70650482177734,4.004733085632324,2887.93994140625,7856.8798828125
2019-08-29,50.18560791015625,23.05571174621582,50.509151458740234,38.718109130859375,97.17871856689453,90.95023345947266,130.1181640625,4.14831018447876,2924.580078125,7973.39013671875
2019-08-30,50.120784759521484,23.207557678222656,50.86484146118164,38.34133529663086,97.64706420898438,91.48316955566406,129.8732147216797,4.160976886749268,2926.4599609375,7962.8798828125
2019-09-03,49.39084243774414,22.819499969482422,50.129737854003906,38.087425231933594,96.61676025390625,90.40062713623047,128.15866088867188,4.078011989593506,2906.27001953125,7874.16015625
2019-09-04,50.22882843017578,23.1906795501709,50.809505462646484,38.759071350097656,98.21624755859375,91.49149322509766,129.6565704345703,4.192028045654297,2937.780029296875,7976.8798828125
2019-09-05,51.21088409423828,23.878509521484375,52.43781280517578,39.66006088256836,101.56647491455078,93.57328033447266,131.93634033203125,4.464773178100586,2976.0,8116.830078125
2019-09-06,51.20608139038086,23.54733657836914,52.14537048339844,40.00407791137695,101.27825927734375,93.77316284179688,131.04141235351562,4.437697887420654,2978.7099609375,8103.06982421875
2019-09-09,51.424591064453125,24.31158447265625,54.374412536621094,39.79112243652344,102.74088287353516,96.09644317626953,129.5529327392578,4.4836506843566895,2978.429931640625,8087.43994140625
2019-09-10,52.03206253051758,24.92298126220703,54.52458572387695,40.30713653564453,104.50605010986328,97.3205795288086,128.19635009765625,4.550222873687744,2979.389892578125,8084.16015625
2019-09-11,53.686431884765625,25.016386032104492,54.46135330200195,40.97879409790039,103.46134948730469,97.58704376220703,128.2340087890625,4.578789234161377,3000.929931640625,8169.68017578125
2019-09-12,53.56637191772461,25.194711685180664,54.777523040771484,40.89687728881836,103.47575378417969,98.18659210205078,129.5529327392578,4.577299118041992,3009.570068359375,8194.4697265625
2019-09-13,52.5243034362793,25.619295120239258,55.639102935791016,40.97879409790039,103.51177215576172,100.11851501464844,129.364501953125,4.5194220542907715,3007.389892578125,8176.7099609375
2019-09-16,52.8004264831543,25.585329055786133,55.19644546508789,40.92145919799805,102.65441131591797,99.22749328613281,128.43191528320312,4.4764485359191895,2997.9599609375,8153.5400390625
2019-09-17,52.99251174926758,25.42399024963379,54.91981506347656,40.47096252441406,102.45267486572266,98.73619842529297,129.43048095703125,4.497809886932373,3005.699951171875,8186.02001953125
2019-09-18,53.48954391479492,25.47494125366211,55.40196990966797,40.41362380981445,102.46708679199219,99.72712707519531,130.49502563476562,4.470734119415283,3006.72998046875,8177.39013671875
2019-09-19,53.05494689941406,25.322092056274414,55.1174201965332,40.290748596191406,103.0074462890625,99.41069030761719,132.89724731445312,4.3952202796936035,3006.7900390625,8182.8798828125
2019-09-20,52.27938461303711,25.12678337097168,54.817047119140625,40.626590728759766,102.22212219238281,99.01100158691406,131.36172485351562,4.289649486541748,2992.070068359375,8117.669921875
2019-09-23,52.51708984375,25.067340850830078,54.97514724731445,40.47914123535156,102.35900115966797,98.99434661865234,131.07913208007812,4.343055248260498,2991.780029296875,8112.4599609375
2019-09-24,52.267372131347656,24.574827194213867,53.6708984375,40.23341369628906,102.07799530029297,97.7036361694336,129.42105102539062,4.285676956176758,2966.60009765625,7993.6298828125
2019-09-25,53.07175064086914,24.838062286376953,54.840755462646484,40.6347770690918,103.14433288574219,98.26154327392578,131.28631591796875,4.42726469039917,2984.8701171875,8077.3798828125
2019-09-26,52.79801940917969,24.73616600036621,54.62734603881836,39.99588394165039,103.4253158569336,97.45378875732422,131.4559326171875,4.40515661239624,2977.6201171875,8030.66015625
2019-09-27,52.541107177734375,24.92298126220703,54.903995513916016,40.00407791137695,103.20199584960938,98.02838134765625,129.75079345703125,4.2665486335754395,2961.7900390625,7939.6298828125
2019-09-30,53.77767562866211,24.770132064819336,54.6036262512207,40.47096252441406,104.77262878417969,98.0033950805664,130.9754638671875,4.323929309844971,2976.739990234375,7999.33984375
2019-10-01,53.92654037475586,24.150239944458008,53.86852264404297,39.10307693481445,103.50458526611328,96.22137451171875,129.12901306152344,4.3221893310546875,2940.25,7908.68017578125
2019-10-02,52.57472610473633,23.64073944091797,52.37458419799805,38.13657760620117,102.085205078125,94.30608367919922,126.84918975830078,4.298344612121582,2887.610107421875,7785.25
2019-10-03,53.02132034301758,23.615262985229492,52.722381591796875,38.83806610107422,102.32298278808594,94.17179870605469,128.38478088378906,4.503773212432861,2910.6298828125,7872.259765625
2019-10-04,54.50761032104492,24.090805053710938,53.8922233581543,39.217689514160156,103.02186584472656,96.21153259277344,130.1181640625,4.520167350769043,2952.010009765625,7982.47021484375
2019-10-07,54.51961135864258,24.039852142333984,53.86852264404297,39.42401885986328,101.78982543945312,96.00167083740234,129.1761016845703,4.578789234161377,2938.7900390625,7956.2900390625
2019-10-08,53.880924224853516,23.462417602539062,52.48525619506836,38.28512191772461,99.70042419433594,93.8612289428711,127.81008911132812,4.402423858642578,2893.06005859375,7823.77978515625
2019-10-09,54.512420654296875,23.68320083618164,53.299407958984375,38.65650177001953,100.62985229492188,94.5411148071289,130.23123168945312,4.48886775970459,2919.39990234375,7903.740234375
2019-10-10,55.24715042114258,24.15873908996582,54.240028381347656,38.0870475769043,101.6817855834961,95.86736297607422,131.04141235351562,4.546497821807861,2938.1298828125,7950.77978515625
2019-10-11,56.71662902832031,24.54935073852539,55.40987777709961,38.425418853759766,102.85615539550781,97.48741912841797,131.5878143310547,4.62002420425415,2970.27001953125,8057.0400390625
2019-10-14,56.63499069213867,24.744653701782227,55.520530700683594,38.0045166015625,102.33739471435547,97.74761199951172,131.46530151367188,4.633437633514404,2966.14990234375,8048.64990234375
2019-10-15,56.5029411315918,25.24566650390625,56.29518127441406,38.2603645324707,103.02906799316406,100.69390869140625,133.36831665039062,4.877864360809326,2995.679931640625,8148.7099609375
2019-10-16,56.27483367919922,25.619295120239258,54.93560791015625,38.615234375,102.38782501220703,100.4588623046875,132.27548217773438,4.824211120605469,2989.68994140625,8124.18017578125
2019-10-17,56.49332046508789,25.695720672607422,55.0146598815918,38.81330490112305,96.73201751708984,101.02125549316406,131.5972137451172,4.826197624206543,2997.949951171875,8156.85009765625
2019-10-18,56.76466369628906,25.77214813232422,55.12530517578125,38.5492057800293,96.60956573486328,101.19754028320312,129.44931030273438,4.731805324554443,2986.199951171875,8089.5400390625
2019-10-21,57.749114990234375,26.341087341308594,56.761531829833984,39.11040496826172,95.52163696289062,103.70734405517578,130.41018676757812,4.868922233581543,3006.719970703125,8162.990234375
2019-10-22,57.61704635620117,26.49393653869629,56.95911407470703,39.24245071411133,96.51588439941406,104.74818420410156,128.4695587158203,4.8589863777160645,2995.989990234375,8104.2998046875
2019-10-23,58.390201568603516,26.680757522583008,57.26741027832031,38.829811096191406,96.8185043334961,105.02518463134766,129.2891387939453,4.846069812774658,3004.52001953125,8119.7900390625
2019-10-24,58.48625183105469,26.62980079650879,57.14885330200195,38.30161666870117,96.59515380859375,104.94963073730469,131.83273315429688,4.890036106109619,3010.2900390625,8185.7998046875
2019-10-25,59.206581115722656,26.93549919128418,57.83652114868164,38.70601272583008,97.58221435546875,105.78902435302734,132.57696533203125,5.080809593200684,3022.550048828125,8243.1201171875
2019-10-28,59.79966354370117,27.037403106689453,58.16850280761719,38.928836822509766,97.96405029296875,106.19195556640625,135.83648681640625,5.13670015335083,3039.419921875,8325.990234375
2019-10-29,58.416622161865234,27.232704162597656,57.7733039855957,38.98661422729492,96.41503143310547,106.12479400634766,134.5553436279297,5.040567398071289,3036.889892578125,8276.849609375
2019-10-30,58.40941619873047,26.850589752197266,57.678443908691406,39.250701904296875,97.44532775878906,105.53720092773438,136.23219299316406,5.042556285858154,3046.77001953125,8303.98046875
2019-10-31,59.73003005981445,26.553373336791992,56.80105209350586,39.209434509277344,96.3501968383789,104.85726928710938,135.06399536132812,4.993371963500977,3037.56005859375,8292.3603515625
2019-11-01,61.42522048950195,27.003435134887695,58.78330612182617,38.81330490112305,97.64706420898438,107.27476501464844,135.3937530517578,5.03237247467041,3066.909912109375,8386.400390625
2019-11-04,61.82859420776367,27.5129337310791,59.82621383666992,39.18468475341797,99.18890380859375,108.13096618652344,136.17567443847656,5.228857040405273,3078.27001953125,8433.2001953125
2019-11-05,61.73975372314453,27.869583129882812,59.57145690917969,39.4157600402832,99.3473892211914,108.36597442626953,136.09083557128906,5.206748962402344,3074.6201171875,8434.6796875
2019-11-06,61.76617431640625,27.8441104888916,59.245052337646484,39.83666229248047,99.98863983154297,108.53385162353516,135.71408081054688,5.157565593719482,3076.780029296875,8410.6298828125
2019-11-07,62.47902297973633,28.217742919921875,60.35161590576172,39.960445404052734,100.37496948242188,109.1214370727539,135.90245056152344,5.175201892852783,3085.179931640625,8434.51953125
2019-11-08,62.6500129699707,28.243213653564453,60.598411560058594,40.29881286621094,100.31666564941406,109.44042205810547,137.50392150878906,5.161290645599365,3093.080078125,8475.3095703125
2019-11-11,63.146148681640625,28.1752872467041,60.1844482421875,39.69636535644531,98.75660705566406,109.05429077148438,137.6453094482422,5.171226978302002,3087.010009765625,8464.2802734375
2019-11-12,63.08832550048828,28.098861694335938,59.762508392333984,39.91917419433594,98.84410858154297,108.41633605957031,138.5496826171875,5.206748962402344,3091.840087890625,8486.08984375
2019-11-13,63.692813873291016,27.8441104888916,58.83905792236328,39.99346160888672,98.03490447998047,107.84555053710938,138.77577209472656,5.180914878845215,3094.0400390625,8482.099609375
2019-11-14,63.252105712890625,27.767681121826172,58.78330612182617,37.06369400024414,97.68500518798828,107.94628143310547,139.48231506347656,5.211221218109131,3096.6298828125,8479.01953125
2019-11-15,64.00350189208984,27.962993621826172,59.2291145324707,37.212242126464844,97.97661590576172,108.7269287109375,141.2816925048828,5.07211446762085,3120.4599609375,8540.830078125
2019-11-18,64.32620239257812,27.988462448120117,59.2291145324707,37.26175308227539,97.91100311279297,109.64186096191406,141.63026428222656,5.273072242736816,3122.030029296875,8549.9404296875
2019-11-19,64.13114166259766,27.971479415893555,59.56349563598633,37.52585983276367,98.06407928466797,109.6082763671875,141.6772918701172,5.16650915145874,3120.179931640625,8570.66015625
2019-11-20,63.38453674316406,27.759191513061523,58.83905792236328,37.2039909362793,97.10182189941406,108.81085205078125,141.4315643310547,5.245748996734619,3108.4599609375,8526.73046875
2019-11-21,63.100372314453125,27.886566162109375,58.831085205078125,37.005916595458984,97.56835174560547,109.06267547607422,141.2991943359375,5.2209086418151855,3103.5400390625,8506.2099609375
2019-11-22,63.044986724853516,28.1752872467041,59.60329818725586,37.0141716003418,97.932861328125,109.78453063964844,141.40325927734375,5.2385454177856445,3110.2900390625,8519.8798828125
2019-11-25,64.150390625,28.421541213989258,60.24811935424805,37.50934600830078,99.1211166381836,110.37213134765625,142.9534454345703,5.494895935058594,3133.639892578125,8632.490234375
2019-11-26,63.64947509765625,28.31964111328125,60.07299041748047,37.39381408691406,98.47959899902344,110.5232162475586,143.7096405029297,5.390318393707275,3140.52001953125,8647.9296875
2019-11-27,64.5044174194336,28.37908172607422,60.27997589111328,37.33603286743164,97.51734924316406,110.8505859375,143.9838104248047,5.425119876861572,3153.6298828125,8705.1796875
2019-11-29,64.36233520507812,28.29416847229004,59.802310943603516,37.39381408691406,98.0130386352539,110.59877014160156,143.09524536132812,5.387831211090088,3140.97998046875,8665.4697265625
2019-12-02,63.61817169189453,28.387571334838867,59.32465362548828,36.890380859375,96.8904037475586,110.3553466796875,141.36541748046875,5.2016425132751465,3113.8701171875,8567.990234375
2019-12-03,62.483848571777344,27.886566162109375,58.3773193359375,36.543758392333984,96.31450653076172,108.93675994873047,141.13853454589844,5.162117958068848,3093.199951171875,8520.6396484375
2019-12-04,63.03535461425781,28.14980697631836,59.09378433227539,36.221893310546875,96.21973419189453,111.08560943603516,141.64898681640625,5.205866813659668,3112.760009765625,8566.669921875
2019-12-05,63.96015167236328,28.252267837524414,59.47593307495117,35.916534423828125,96.16141510009766,111.6899642944336,141.72454833984375,5.188964366912842,3117.429931640625,8570.7001953125
2019-12-06,65.19561767578125,28.747461318969727,60.35161590576172,36.18062973022461,97.11640930175781,113.35196685791016,143.44496154785156,5.274228572845459,3145.909912109375,8656.5302734375
2019-12-09,64.28286743164062,28.610855102539062,59.96949768066406,36.23015594482422,97.62667846679688,112.82318115234375,143.07635498046875,5.274228572845459,3135.9599609375,8621.830078125
2019-12-10,64.6585693359375,28.627939224243164,60.32773208618164,36.395206451416016,97.61937713623047,112.8987045288086,142.85891723632812,5.3192219734191895,3132.52001953125,8616.1796875
2019-12-11,65.21006774902344,28.72185707092285,60.14462661743164,36.543758392333984,97.51004028320312,112.63008880615234,143.397705078125,5.40274715423584,3141.6298828125,8654.0498046875
2019-12-12,65.37625885009766,29.60980987548828,61.338775634765625,37.6909065246582,98.64728546142578,115.85340881347656,144.85345458984375,5.57004451751709,3168.570068359375,8717.3203125
2019-12-13,66.26490783691406,29.404890060424805,60.8133430480957,37.38554763793945,97.83808898925781,114.83772277832031,146.07286071777344,5.568055629730225,3168.800048828125,8734.8798828125
2019-12-16,67.39923095703125,29.626888275146484,61.22732162475586,37.946754455566406,97.77977752685547,115.28260040283203,147.01812744140625,5.5968918800354,3191.449951171875,8814.23046875
2019-12-17,67.53168487548828,29.91717529296875,61.88807678222656,38.326385498046875,97.84536743164062,115.98767852783203,146.22410583496094,5.674948215484619,3192.52001953125,8823.3603515625
2019-12-18,67.3703384399414,29.976945877075195,62.0313720703125,38.49144744873047,97.98388671875,115.87018585205078,145.92160034179688,5.705275535583496,3191.139892578125,8827.740234375
2019-12-19,67.43773651123047,29.840335845947266,62.2542724609375,39.514801025390625,98.09324645996094,115.2909927368164,147.1882781982422,5.853183746337891,3205.3701171875,8887.2197265625
2019-12-20,67.298095703125,29.848867416381836,62.50107192993164,39.15992736816406,98.84410858154297,115.19866180419922,148.79519653320312,5.950380802154541,3221.219970703125,8924.9599609375
2019-12-23,68.3962631225586,30.028169631958008,62.700077056884766,39.69636535644531,98.81494140625,115.16510772705078,148.79519653320312,5.936708927154541,3224.010009765625,8945.650390625
2019-12-24,68.46128845214844,30.07086181640625,62.56475067138672,39.432273864746094,98.3994140625,115.48404693603516,148.766845703125,5.931736469268799,3223.3798828125,8952.8798828125
2019-12-26,69.8196029663086,30.326990127563477,63.5518913269043,39.490028381347656,98.348388671875,116.70957946777344,149.98626708984375,5.945903778076172,3239.909912109375,9022.3896484375
2019-12-27,69.79310607910156,30.18185806274414,63.42452621459961,39.42401885986328,98.61082458496094,116.79353332519531,150.2604217529297,5.8882341384887695,3240.02001953125,9006.6201171875
2019-12-30,70.20732879638672,30.011093139648438,63.29716110229492,39.27546310424805,96.81752014160156,116.36542510986328,148.9654083251953,5.77512788772583,3221.2900390625,8945.990234375
2019-12-31,70.72027587890625,30.07086181640625,63.59966278076172,39.5808219909668,97.71417236328125,117.01174926757812,149.06935119628906,5.84920597076416,3230.780029296875,8972.599609375
2020-01-02,72.33386993408203,30.429452896118164,64.66642761230469,40.254215240478516,98.7201919555664,118.4303207397461,151.82955932617188,5.963804244995117,3257.85009765625,9092.1904296875
2020-01-03,71.63063049316406,29.797643661499023,63.448394775390625,39.597450256347656,97.932861328125,116.86746215820312,149.93902587890625,5.868345737457275,3234.85009765625,9020.76953125
2020-01-06,72.20142364501953,29.75494956970215,63.2493896484375,39.7387809753418,97.7579116821289,116.7745361328125,150.32656860351562,5.892956256866455,3246.280029296875,9071.4697265625
2020-01-07,71.86186218261719,29.558576583862305,62.700077056884766,39.48106384277344,97.8235092163086,114.789306640625,148.9559326171875,5.964301586151123,3237.179931640625,9068.580078125
2020-01-08,73.017822265625,29.85740852355957,63.17774963378906,39.50598907470703,98.63997650146484,115.68478393554688,151.3285675048828,5.97548770904541,3253.050048828125,9129.240234375
2020-01-09,74.56880187988281,29.90863609313965,63.75092697143555,39.33972930908203,99.68245697021484,116.10717010498047,153.21908569335938,6.04111385345459,3274.699951171875,9203.4296875
2020-01-10,74.73735809326172,29.661035537719727,63.090171813964844,39.18177032470703,99.64598846435547,114.9498062133789,152.51011657714844,6.07343053817749,3265.35009765625,9178.8603515625
2020-01-13,76.3340835571289,29.934249877929688,64.2046890258789,39.88011169433594,99.58038330078125,115.90443420410156,154.34397888183594,6.263844966888428,3288.1298828125,9273.9296875
2020-01-14,75.30332946777344,30.15623664855957,65.20777130126953,39.73046112060547,99.01178741455078,117.25611114501953,153.25694274902344,6.147011756896973,3283.14990234375,9251.330078125
2020-01-15,74.98059844970703,29.60126495361328,64.67437744140625,39.913368225097656,99.59496307373047,115.49890899658203,154.24942016601562,6.1045026779174805,3289.2900390625,9258.7001953125
2020-01-16,75.91989135742188,29.643962860107422,64.48332214355469,40.77796936035156,100.58638763427734,115.94666290283203,157.07586669921875,6.1880269050598145,3316.81005859375,9357.1298828125
2020-01-17,76.76036071777344,29.635421752929688,64.578857421875,40.75303649902344,100.82695770263672,116.74923706054688,157.95494079589844,6.196727275848389,3329.6201171875,9388.9404296875
2020-01-21,76.24015045166016,29.2512149810791,63.60762405395508,40.570133209228516,101.45389556884766,115.60032653808594,157.3877410888672,6.163418292999268,3320.7900390625,9370.8095703125
2020-01-22,76.51233673095703,29.336585998535156,63.7668342590332,40.79460144042969,104.89474487304688,115.4651107788086,156.63153076171875,6.217360496520996,3321.75,9383.76953125
2020-01-23,76.88076782226562,29.131675720214844,63.528011322021484,40.73640441894531,104.15119171142578,115.34686279296875,157.5957489013672,6.285719871520996,3325.5400390625,9402.48046875
2020-01-24,76.65922546386719,28.636472702026367,62.42940139770508,40.61170196533203,102.46720123291016,112.48304748535156,156.00762939453125,6.22655725479126,3295.469970703125,9314.91015625
2020-01-27,74.40503692626953,28.04734992980957,61.068092346191406,39.46443557739258,101.05294799804688,111.5368881225586,153.39871215820312,5.971013069152832,3243.6298828125,9139.3095703125
2020-01-28,76.50989532470703,28.380334854125977,61.490028381347656,39.713836669921875,101.73091125488281,113.56439208984375,156.4047088623047,6.164163589477539,3276.239990234375,9269.6796875
2020-01-29,78.11143493652344,28.1839542388916,60.8849983215332,39.115264892578125,100.37496948242188,113.39539337158203,158.8434600830078,6.103757858276367,3273.39990234375,9275.16015625
2020-01-30,77.99823760986328,28.585247039794922,61.641273498535156,39.27322006225586,99.70430755615234,114.79776763916016,163.32403564453125,6.110469341278076,3283.659912109375,9298.9296875
2020-01-31,74.53992462158203,28.030271530151367,59.62983703613281,38.21739959716797,104.77811431884766,111.815673828125,160.91360473632812,5.877295970916748,3225.52001953125,9150.9404296875
2020-02-03,74.335205078125,28.14980697631836,60.20683670043945,38.682960510253906,106.62974548339844,112.66889190673828,164.8364715576172,5.9742431640625,3248.919921875,9273.400390625
2020-02-04,76.78926849365234,28.704776763916016,61.304710388183594,39.589141845703125,108.7000732421875,114.29088592529297,170.26235961914062,6.143282413482666,3297.590087890625,9467.9697265625
2020-02-05,77.41542053222656,29.635421752929688,63.18791580200195,40.2791633605957,113.9634017944336,116.2338638305664,170.05441284179688,6.233518600463867,3334.68994140625,9508.6796875
2020-02-06,78.32093811035156,29.60126495361328,63.284088134765625,40.47868347167969,114.27689361572266,116.25080108642578,173.58023071289062,6.320273399353027,3345.780029296875,9572.150390625
2020-02-07,77.25634765625,29.550045013427734,63.0597038269043,39.88011169433594,113.00257110595703,115.87908935546875,173.8260040283203,6.254150867462158,3327.7099609375,9520.509765625
2020-02-10,77.62329864501953,29.61834144592285,62.89141845703125,40.62833786010742,113.75387573242188,116.360595703125,178.37277221679688,6.5370402336120605,3352.090087890625,9628.3896484375
2020-02-11,77.15499114990234,29.6866455078125,63.38024139404297,40.844482421875,113.0541000366211,116.58025360107422,174.34591674804688,6.65934419631958,3357.75,9638.9404296875
2020-02-12,78.98722839355469,29.814714431762695,63.57258605957031,41.509552001953125,114.40211486816406,116.58025360107422,174.60116577148438,6.774935722351074,3379.449951171875,9725.9599609375
2020-02-13,78.42477416992188,29.806177139282227,63.30811309814453,39.33972930908203,113.66545104980469,116.4789047241211,173.6558837890625,6.731185436248779,3373.93994140625,9711.9697265625
2020-02-14,78.44405364990234,29.75494956970215,63.13984680175781,39.04875564575195,111.0063705444336,116.12406921386719,175.20614624023438,7.203747272491455,3380.159912109375,9731.1796875
2020-02-18,77.00773620605469,29.259740829467773,62.170188903808594,38.73283767700195,111.3010025024414,114.58654022216797,176.98324584960938,7.372286319732666,3370.2900390625,9732.740234375
2020-02-19,78.12300872802734,29.643962860107422,62.54682540893555,38.48343276977539,111.12421417236328,116.14940643310547,177.51406860351562,7.822971820831299,3386.14990234375,9817.1796875
2020-02-20,77.32154083251953,29.75494956970215,62.68305206298828,38.94898986816406,111.38936614990234,116.14940643310547,174.8031463623047,7.673820972442627,3373.22998046875,9750.9697265625
2020-02-21,75.57135772705078,29.336585998535156,61.256629943847656,38.49174499511719,110.37286376953125,114.73017883300781,169.2771759033203,7.3101396560668945,3337.75,9576.58984375
2020-02-24,71.98169708251953,27.944896697998047,58.12327194213867,36.57963180541992,107.8610610961914,111.64672088623047,161.9787139892578,6.793332099914551,3225.889892578125,9221.2802734375
2020-02-25,69.54351806640625,26.53611946105957,55.63903045654297,35.53211975097656,104.38427734375,106.66249084472656,159.3057861328125,6.514171123504639,3128.2099609375,8965.6103515625
2020-02-26,70.64674377441406,26.15190887451172,54.63732147216797,35.04993438720703,102.94050598144531,106.98350524902344,161.2962646484375,6.653378486633301,3116.389892578125,8980.7802734375
2020-02-27,66.02867126464844,24.871213912963867,51.64821243286133,33.28746795654297,98.04946899414062,102.53150177001953,149.93145751953125,6.283014297485352,2978.760009765625,8566.48046875
2020-02-28,65.99005889892578,24.33331871032715,50.854854583740234,33.196006774902344,95.86913299560547,98.08792114257812,153.56179809570312,6.7175517082214355,2954.219970703125,8567.3701171875
2020-03-02,72.1337890625,25.076126098632812,54.16450119018555,34.22690200805664,98.926025390625,102.65819549560547,163.7796173095703,6.875746726989746,3090.22998046875,8952.169921875
2020-03-03,69.84285736083984,23.692970275878906,52.12903594970703,33.28746795654297,94.9483642578125,98.80598449707031,155.93138122558594,6.613581657409668,3003.3701171875,8684.08984375
2020-03-04,73.08248901367188,24.239398956298828,54.00424575805664,34.409786224365234,98.86708068847656,101.24742126464844,161.6564178466797,7.076724052429199,3130.1201171875,9018.08984375
2020-03-05,70.71192932128906,23.010679244995117,50.878902435302734,32.89672088623047,95.42715454101562,96.28010559082031,157.599609375,6.797643184661865,3023.93994140625,8738.58984375
2020-03-06,69.77285766601562,22.091278076171875,49.107872009277344,32.98817825317383,94.08651733398438,91.3042984008789,153.1446990966797,6.617312908172607,2972.3701171875,8575.6201171875
2020-03-09,64.2543716430664,18.843320846557617,41.16630554199219,31.558242797851562,86.77941131591797,78.93666076660156,142.7657012939453,6.104922294616699,2746.56005859375,7950.68017578125
2020-03-10,68.88206481933594,20.286863327026367,44.54008102416992,33.32071304321289,91.90619659423828,85.0698013305664,152.52857971191406,6.493940353393555,2882.22998046875,8344.25
2020-03-11,66.48978424072266,19.479164123535156,40.70152282714844,30.801708221435547,86.89727783203125,81.06551361083984,145.6187744140625,6.130540370941162,2741.3798828125,7952.0498046875
2020-03-12,59.9235954284668,17.623188018798828,34.667205810546875,27.60099220275879,75.73035430908203,74.38327026367188,131.80853271484375,5.380359649658203,2480.639892578125,7201.7998046875
2020-03-13,67.10293579101562,20.759449005126953,40.901859283447266,31.292205810546875,79.5164794921875,87.78153228759766,150.54757690429688,5.99050235748291,2711.02001953125,7874.8798828125
2020-03-16,58.47035598754883,17.56304168701172,33.00836944580078,28.024986267089844,72.98281860351562,74.64514923095703,128.3583526611328,4.885129451751709,2386.1298828125,6904.58984375
2020-03-17,61.04128646850586,18.886281967163086,32.255096435546875,29.513103485107422,78.55889892578125,79.2070083618164,138.92694091796875,5.404237747192383,2529.18994140625,7334.77978515625
2020-03-18,59.5469970703125,17.863779067993164,29.19386100769043,30.859901428222656,76.27544403076172,70.86896514892578,133.07867431640625,5.044816493988037,2398.10009765625,6989.83984375
2020-03-19,59.09074020385742,18.216064453125,31.766258239746094,31.35040283203125,73.91093444824219,72.06013488769531,135.2682342529297,5.297282695770264,2409.389892578125,7150.580078125
2020-03-20,55.3393440246582,16.901418685913086,30.500102996826172,29.596240997314453,70.26476287841797,70.53950500488281,130.187744140625,5.117696285247803,2304.919921875,6879.52001953125
2020-03-23,54.16370391845703,15.535210609436035,28.360435485839844,28.76488494873047,69.80803680419922,66.76331329345703,128.8891143798828,5.290317058563232,2237.39990234375,6860.669921875
2020-03-24,59.59770202636719,18.06999397277832,32.58365249633789,32.09031677246094,77.69707489013672,74.70429229736328,140.60458374023438,6.197947978973389,2447.330078125,7417.85986328125
2020-03-25,59.269386291503906,18.130142211914062,33.54530334472656,31.317140579223633,77.9696273803711,77.49207305908203,139.25865173339844,6.109397888183594,2475.56005859375,7384.2998046875
2020-03-26,62.38833236694336,19.522127151489258,36.878990173339844,33.736392974853516,83.15532684326172,82.89025115966797,147.96942138671875,6.3984270095825195,2630.070068359375,7797.5400390625
2020-03-27,59.8053092956543,18.559770584106445,35.099952697753906,32.27320098876953,79.57543182373047,76.9852066040039,141.8936767578125,6.2862467765808105,2541.469970703125,7502.3798828125
2020-03-30,61.51203155517578,18.93783950805664,35.3243408203125,33.520240783691406,83.18480682373047,78.98735809326172,151.8745880126953,6.606119632720947,2626.64990234375,7774.14990234375
2020-03-31,61.386497497558594,18.241846084594727,33.75365447998047,32.68056869506836,81.71157836914062,76.0559310913086,149.48599243164062,6.556621074676514,2584.590087890625,7700.10009765625
2020-04-01,58.15652847290039,16.98734474182129,30.860706329345703,31.86585235595703,77.44660949707031,71.2660140991211,144.17799377441406,6.045970439910889,2470.5,7360.580078125
2020-04-02,59.126953125,17.674741744995117,31.437694549560547,33.40165328979492,81.02652740478516,73.92709350585938,147.16375732421875,6.354399681091309,2526.89990234375,7487.31005859375
2020-04-03,58.277217864990234,17.210752487182617,30.043312072753906,32.78061294555664,78.33057403564453,71.74195098876953,145.80833435058594,6.066863536834717,2488.64990234375,7373.080078125
2020-04-06,63.36116409301758,18.37932777404785,32.9522819519043,34.76961135864258,84.57697296142578,76.3597412109375,156.65174865722656,6.67601203918457,2663.679931640625,7913.240234375
2020-04-07,62.62731170654297,19.02376365661621,33.056453704833984,34.10660934448242,84.66536712646484,77.36693572998047,154.96456909179688,6.442948341369629,2659.409912109375,7887.259765625
2020-04-08,64.23023986816406,20.14937973022461,35.46858215332031,35.0297737121582,87.86959838867188,80.49099731445312,156.5190887451172,6.639947414398193,2749.97998046875,8090.89990234375
2020-04-09,64.6937255859375,21.36091423034668,37.992897033691406,34.57658386230469,89.49748992919922,87.7121353149414,156.52853393554688,6.540454387664795,2789.820068359375,8153.580078125
2020-04-13,65.96350860595703,20.553224563598633,37.40789031982422,34.59335708618164,89.23968505859375,83.81134033203125,156.87924194335938,6.712079048156738,2761.6298828125,8192.419921875
2020-04-14,69.29486846923828,20.389965057373047,36.39815902709961,35.90258026123047,91.272705078125,81.51526641845703,164.6421661376953,7.062794208526611,2846.06005859375,8515.740234375
2020-04-15,68.66238403320312,19.06671905517578,34.34667205810547,34.845130920410156,87.42762756347656,77.4949722290039,162.9171142578125,6.985438346862793,2783.360107421875,8393.1796875
2020-04-16,69.20800018310547,18.405101776123047,32.471466064453125,34.828346252441406,85.24726867675781,74.54165649414062,167.80801391601562,7.3301825523376465,2799.550048828125,8532.3603515625
2020-04-17,68.26891326904297,20.003305435180664,36.42220687866211,35.65080642700195,88.48097229003906,81.24211883544922,169.28668212890625,7.2709832191467285,2874.56005859375,8650.1396484375
2020-04-20,66.85186004638672,19.333091735839844,35.26823043823242,35.70115661621094,88.69459533691406,78.28025817871094,165.9312744140625,7.139901638031006,2823.159912109375,8560.73046875
2020-04-21,64.78546905517578,18.594141006469727,33.312896728515625,34.031070709228516,86.0059814453125,76.00978088378906,159.06881713867188,6.703621864318848,2736.56005859375,8263.23046875
2020-04-22,66.65150451660156,18.731613159179688,33.849822998046875,35.04654312133789,87.88433074951172,76.25731658935547,164.47157287597656,7.1175150871276855,2799.31005859375,8495.3798828125
2020-04-23,66.39321899414062,18.791765213012695,34.0261116027832,34.92906188964844,89.38699340820312,76.29998779296875,162.4810791015625,7.064286708831787,2797.800048828125,8494.75
2020-04-24,68.30992889404297,19.058130264282227,34.53899002075195,35.68436813354492,91.8693618774414,77.42668914794922,165.44789123535156,7.203080177307129,2836.739990234375,8634.51953125
2020-04-27,68.35823059082031,20.166566848754883,37.31172561645508,36.137577056884766,92.75325775146484,80.76412963867188,164.97396850585938,7.389380931854248,2878.47998046875,8730.16015625
2020-04-28,67.25017547607422,20.527442932128906,37.83262634277344,35.65918731689453,93.0110855102539,81.33601379394531,160.95501708984375,7.247106075286865,2863.389892578125,8607.73046875
2020-04-29,69.45903015136719,21.292179107666016,40.27679443359375,36.372554779052734,94.79366302490234,83.52965545654297,168.1776580810547,7.423707485198975,2939.510009765625,8914.7099609375
2020-04-30,70.9243392944336,20.664926528930664,38.91446304321289,35.56688690185547,92.48811340332031,81.73717498779297,169.86485290527344,7.269990921020508,2912.429931640625,8889.5498046875
2020-05-01,69.78250885009766,19.831451416015625,36.865482330322266,34.341590881347656,89.77002716064453,79.5947494506836,165.46685791015625,7.033691883087158,2830.7099609375,8604.9501953125
2020-05-04,70.76985931396484,19.70256996154785,36.54153060913086,34.70245361328125,89.63007354736328,78.64730072021484,169.51412963867188,7.245364665985107,2842.739990234375,8710.7099609375
2020-05-05,71.83203887939453,19.470569610595703,35.5939826965332,34.79478454589844,90.29302215576172,78.52777862548828,171.33401489257812,7.306304454803467,2868.43994140625,8809.1201171875
2020-05-06,72.57312774658203,19.204200744628906,34.784114837646484,34.53462219238281,90.72762298583984,77.0511245727539,173.021240234375,7.407041549682617,2848.419921875,8854.3896484375
2020-05-07,73.32390594482422,19.6252384185791,36.15278625488281,34.7192497253418,90.49620819091797,77.85344696044922,174.02593994140625,7.583144664764404,2881.18994140625,8979.66015625
2020-05-08,75.06912994384766,20.25248908996582,37.51338195800781,36.078819274902344,91.8100357055664,79.12528228759766,175.0496063232422,7.772928237915039,2929.800048828125,9121.3203125
2020-05-11,76.25035858154297,19.40182876586914,35.691165924072266,36.35576248168945,91.51142120361328,76.7950439453125,177.0021514892578,8.024646759033203,2930.18994140625,9192.33984375
2020-05-12,75.37895965576172,18.791765213012695,34.29817199707031,36.2718391418457,89.77213287353516,74.28556823730469,172.99281311035156,7.762979507446289,2870.1201171875,9002.5498046875
2020-05-13,74.46882629394531,17.932512283325195,32.880897521972656,35.206016540527344,86.39054107666016,71.72489929199219,170.37667846679688,7.740592002868652,2820.0,8863.169921875
2020-05-14,74.92633056640625,18.654285430908203,34.06332015991211,36.80056381225586,87.30126190185547,74.70381164550781,171.1160125732422,7.9898247718811035,2852.5,8943.7197265625
2020-05-15,74.48335266113281,18.422290802001953,33.94993591308594,37.153045654296875,87.32366180419922,73.32106018066406,173.60890197753906,8.447745323181152,2863.699951171875,9014.5595703125
2020-05-18,76.2382583618164,19.70256996154785,36.98696517944336,37.81603240966797,90.7425537109375,77.20475006103516,175.2676239013672,8.70592975616455,2953.909912109375,9234.830078125
2020-05-19,75.79773712158203,19.083904266357422,35.98271942138672,37.43837356567383,89.79451751708984,75.6854248046875,174.05435180664062,8.76089859008789,2922.93994140625,9185.099609375
2020-05-20,77.27186584472656,19.685382843017578,36.82499313354492,38.13494873046875,90.60818481445312,77.95590209960938,176.4686279296875,8.924567222595215,2971.610107421875,9375.7802734375
2020-05-21,76.69575500488281,19.67679214477539,36.4443473815918,37.46355056762695,88.92113494873047,76.96576690673828,174.3489990234375,8.730802536010742,2948.510009765625,9284.8798828125
2020-05-22,77.18955993652344,19.470569610595703,35.7154541015625,37.6817626953125,88.37619018554688,76.36827850341797,174.42506408691406,8.980531692504883,2955.449951171875,9324.58984375
2020-05-26,76.66670989990234,20.8625545501709,39.01165008544922,37.63140869140625,90.89185333251953,81.78838348388672,172.58114624023438,8.67359447479248,2991.77001953125,9340.2197265625
2020-05-27,77.0007553100586,22.32327651977539,42.32402420043945,38.57135772705078,93.71354675292969,86.52570343017578,172.80921936035156,8.482070922851562,3036.1298828125,9412.3603515625
2020-05-28,77.03462219238281,21.36091423034668,39.81342315673828,38.26922607421875,92.95960998535156,85.2367935180664,172.4194793701172,8.444010734558105,3029.72998046875,9368.990234375
2020-05-29,76.9595947265625,20.725074768066406,38.80107498168945,40.132328033447266,93.23579406738281,83.0602035522461,174.1779327392578,8.830544471740723,3044.31005859375,9489.8701171875
2020-06-01,77.90605163574219,21.146108627319336,40.04829025268555,38.856689453125,93.22834014892578,84.16130065917969,173.77871704101562,8.76164436340332,3055.72998046875,9552.0498046875
2020-06-02,78.26669311523438,21.343734741210938,41.174007415771484,39.35183334350586,94.05695343017578,84.44297790527344,175.75576782226562,8.780547142028809,3080.820068359375,9608.3798828125
2020-06-03,78.69754791259766,22.33186912536621,43.19869613647461,39.393795013427734,96.33370208740234,89.00100708007812,176.18348693847656,8.725078582763672,3122.8701171875,9682.91015625
2020-06-04,78.0197982788086,23.17115020751953,45.06950378417969,39.32666778564453,96.21426391601562,90.85324096679688,173.8642578125,8.726078033447266,3112.35009765625,9615.8095703125
2020-06-05,80.24190521240234,24.321924209594727,47.66920471191406,40.14072799682617,98.58063507080078,94.94181060791016,177.93240356445312,8.878868103027344,3193.929931640625,9814.080078125
2020-06-08,80.71630859375,24.693973541259766,49.59670639038086,40.392494201660156,101.33515167236328,96.83672332763672,179.03494262695312,8.76440143585205,3232.389892578125,9924.75
2020-06-09,83.26517486572266,24.417098999023438,48.187522888183594,40.325355529785156,98.43879699707031,94.35284423828125,180.4036407470703,9.004286766052246,3207.179931640625,9953.75
2020-06-10,85.40737915039062,23.015405654907227,45.239585876464844,39.7966423034668,96.94580841064453,90.52889251708984,187.0951385498047,9.323555946350098,3190.139892578125,10020.349609375
2020-06-11,81.30693054199219,20.705219268798828,39.18982696533203,36.64949035644531,88.09252166748047,82.97484588623047,177.04840087890625,8.755688667297363,3002.10009765625,9492.73046875
2020-06-12,82.00892639160156,21.440671920776367,42.315940856933594,37.82442855834961,91.00379943847656,85.24533081054688,178.4456329345703,8.891311645507812,3041.31005859375,9588.8095703125
2020-06-15,83.02310943603516,21.760807037353516,42.907142639160156,38.059425354003906,90.8097152709961,86.42324829101562,179.5862579345703,9.131449699401855,3066.590087890625,9726.01953125
2020-06-16,85.2234115600586,22.32321548461914,44.09766387939453,39.00775146484375,93.42241668701172,87.11463928222656,183.98703002929688,9.026684761047363,3124.739990234375,9895.8701171875
2020-06-17,85.10481262207031,21.631023406982422,42.92334747314453,38.747596740722656,92.67594146728516,84.91243743896484,184.6238555908203,9.193412780761719,3113.489990234375,9910.5302734375
2020-06-18,85.13871002197266,21.665632247924805,42.955726623535156,38.462249755859375,92.68341064453125,84.45153045654297,186.6008758544922,9.175497055053711,3115.340087890625,9943.0498046875
2020-06-19,84.65219116210938,21.84733009338379,42.85855484008789,38.034236907958984,91.42182922363281,83.48699951171875,185.48878479003906,9.218547821044922,3097.739990234375,9946.1201171875
2020-06-22,86.86699676513672,21.302234649658203,42.162052154541016,37.899959564208984,90.37673950195312,82.58219909667969,190.64051818847656,9.482823371887207,3117.860107421875,10056.48046875
2020-06-23,88.72113037109375,21.449323654174805,42.882843017578125,38.160133361816406,89.13761138916016,83.58940887451172,191.91415405273438,9.406423568725586,3131.2900390625,10131.3701171875
2020-06-24,87.155029296875,20.60138702392578,41.14971923828125,37.55587387084961,86.90560913085938,80.79826354980469,188.04559326171875,9.19291877746582,3050.330078125,9909.169921875
2020-06-25,88.31207275390625,21.388757705688477,42.6641845703125,37.950321197509766,88.85395812988281,83.61502838134766,190.421875,9.446240425109863,3083.760009765625,10017.0
2020-06-26,85.59860229492188,20.03032684326172,40.1535758972168,38.865081787109375,87.48042297363281,79.03137969970703,186.6103973388672,9.112786293029785,3009.050048828125,9757.2197265625
2020-06-29,87.57138061523438,20.237987518310547,40.72858810424805,38.73080825805664,89.39141082763672,79.38135528564453,188.61595153808594,9.157578468322754,3053.239990234375,9874.150390625
2020-06-30,88.3023910522461,20.549476623535156,41.384586334228516,39.142032623291016,90.15281677246094,80.28611755371094,193.43495178222656,9.45395565032959,3100.2900390625,10058.76953125
2020-07-01,88.13534545898438,20.125505447387695,40.77717971801758,38.6552734375,88.48816680908203,79.603271484375,194.56602478027344,9.486056327819824,3115.860107421875,10154.6298828125
2020-07-02,88.13534545898438,20.15146255493164,40.939144134521484,38.596073150634766,89.35408020019531,79.86184692382812,196.04881286621094,9.567930221557617,3130.010009765625,10207.6298828125
2020-07-06,90.49299621582031,20.471595764160156,42.08917236328125,39.2642822265625,89.71986389160156,81.87862396240234,200.26898193359375,9.793880462646484,3179.719970703125,10433.650390625
2020-07-07,90.21221160888672,19.90919303894043,40.75288391113281,38.596073150634766,87.77156066894531,79.56881713867188,197.94024658203125,9.82623291015625,3145.320068359375,10343.8896484375
2020-07-08,92.31327819824219,19.9870662689209,41.20640563964844,38.748321533203125,87.86859130859375,80.4134521484375,202.2935333251953,10.16889476776123,3169.93994140625,10492.5
2020-07-09,92.71022033691406,19.701534271240234,40.04829025268555,39.50112533569336,86.3756103515625,78.67243957519531,203.70973205566406,10.460543632507324,3152.050048828125,10547.75
2020-07-10,92.87242889404297,20.783090591430664,42.639888763427734,39.46728515625,88.34632110595703,82.97323608398438,203.09193420410156,10.430929183959961,3185.0400390625,10617.4404296875
2020-07-13,92.4439926147461,20.930179595947266,42.275455474853516,38.84983444213867,88.98081970214844,84.16262817382812,196.81871032714844,10.005897521972656,3155.219970703125,10390.83984375
2020-07-14,93.97377014160156,20.886917114257812,40.61519241333008,39.128944396972656,90.02590942382812,84.645263671875,198.0353546142578,10.329153060913086,3197.52001953125,10488.580078125
2020-07-15,94.62007141113281,21.284927368164062,41.98389434814453,39.247379302978516,91.8174819946289,85.9553451538086,197.74069213867188,10.180091857910156,3226.56005859375,10550.490234375
2020-07-16,93.45579528808594,20.705219268798828,41.67613220214844,38.72294235229492,92.5714111328125,86.1966552734375,193.82464599609375,10.088020324707031,3215.570068359375,10473.830078125
2020-07-17,93.26698303222656,20.090892791748047,40.6718864440918,39.543418884277344,93.392578125,84.60218811035156,192.83612060546875,10.154461860656738,3224.72998046875,10503.1904296875
2020-07-20,95.23249053955078,20.402379989624023,40.60710906982422,39.72949981689453,94.3331298828125,83.8609848022461,201.1243896484375,10.46228313446045,3251.840087890625,10767.08984375
2020-07-21,93.91812133789062,21.129182815551758,41.894805908203125,39.77180099487305,94.1017074584961,85.67955017089844,198.41554260253906,10.280874252319336,3257.300048828125,10680.3603515625
2020-07-22,94.18194580078125,21.034008026123047,41.838111877441406,39.6702995300293,96.0500259399414,85.05897521972656,201.2670135498047,10.390616416931152,3276.02001953125,10706.1298828125
2020-07-23,89.89511108398438,21.233013153076172,42.178260803222656,40.1016845703125,95.04976654052734,85.3089370727539,192.51292419433594,10.083041191101074,3235.659912109375,10461.419921875
2020-07-24,89.67242431640625,21.06861686706543,41.84621047973633,39.247379302978516,93.90019226074219,84.70560455322266,191.33432006835938,10.147492408752441,3215.6298828125,10363.1796875
2020-07-27,91.79766845703125,20.886917114257812,41.538455963134766,39.915592193603516,94.21370697021484,83.5162124633789,193.7581329345703,10.37344741821289,3239.409912109375,10536.26953125
2020-07-28,90.2896728515625,21.077268600463867,41.52226638793945,39.145870208740234,92.9148178100586,83.87821960449219,192.01869201660156,10.16839599609375,3218.43994140625,10402.08984375
2020-07-29,92.02037811279297,21.86463737487793,42.534603118896484,39.509578704833984,93.54930877685547,85.9122314453125,193.95773315429688,10.417243003845215,3258.43994140625,10542.9404296875
2020-07-30,93.13385009765625,21.492589950561523,41.19831085205078,39.28120422363281,91.74283599853516,83.61964416503906,193.8056182861328,10.565061569213867,3246.219970703125,10587.8095703125
2020-07-31,102.88390350341797,21.527198791503906,40.91197967529297,39.83946228027344,91.7726821899414,83.2921142578125,194.86065673828125,10.565807342529297,3271.1201171875,10745.26953125
2020-08-03,105.47632598876953,21.622377395629883,41.22286605834961,39.89021301269531,92.79537963867188,82.82670593261719,205.8198699951172,10.959482192993164,3294.610107421875,10902.7998046875
2020-08-04,106.18070983886719,21.639680862426758,41.01832580566406,40.32160186767578,93.93749237060547,82.3526840209961,202.73072814941406,11.175978660583496,3306.510009765625,10941.169921875
2020-08-05,106.56558227539062,21.968467712402344,41.754608154296875,40.03401184082031,93.64635467529297,83.78340148925781,202.39810180664062,11.234709739685059,3327.77001953125,10998.400390625
2020-08-06,110.2835922241211,22.03768539428711,41.631893157958984,40.406185150146484,94.14651489257812,83.80925750732422,205.63926696777344,11.283232688903809,3349.159912109375,11108.0703125
2020-08-07,107.77618408203125,22.591442108154297,42.63812255859375,40.118595123291016,94.5019302368164,85.65367126464844,201.96084594726562,11.147859573364258,3351.280029296875,11010.98046875
2020-08-10,109.34271240234375,22.98080062866211,43.243507385253906,40.37235641479492,96.12789916992188,86.73966217041016,197.94024658203125,11.113517761230469,3360.469970703125,10968.3603515625
2020-08-11,106.09087371826172,23.292285919189453,43.979766845703125,39.915592193603516,95.85565185546875,89.48042297363281,193.31134033203125,10.799970626831055,3333.68994140625,10782.8203125
2020-08-12,109.61673736572266,23.127893447875977,43.64435577392578,40.68531036376953,95.81783294677734,88.72199249267578,198.83372497558594,11.38750171661377,3380.35009765625,11012.240234375
2020-08-13,111.55667114257812,22.799100875854492,43.26803207397461,36.1346435546875,94.55490112304688,88.23069763183594,198.3679962158203,11.39023494720459,3373.429931640625,11042.5
2020-08-14,111.4572525024414,22.902923583984375,43.30076599121094,35.94855499267578,94.73638153076172,88.26518249511719,198.55812072753906,11.5106782913208,3372.85009765625,11019.2998046875
2020-08-17,111.16624450683594,22.409740447998047,42.06547546386719,35.601768493652344,94.10869598388672,85.93807220458984,199.8697509765625,12.280112266540527,3381.989990234375,11129.73046875
2020-08-18,112.09256744384766,22.0896053314209,41.18193817138672,35.508724212646484,94.4717025756836,84.74008178710938,201.01988220214844,12.204214096069336,3389.780029296875,11210.83984375
2020-08-19,112.23321533203125,22.063648223876953,41.141048431396484,35.41566848754883,93.65496063232422,84.9383544921875,199.80032348632812,12.082527160644531,3374.85009765625,11146.4599609375
2020-08-20,114.72364044189453,21.717546463012695,40.56021499633789,35.78784942626953,93.13311767578125,83.92130279541016,204.44993591308594,12.085016250610352,3385.510009765625,11264.9501953125
2020-08-21,120.63562774658203,21.613718032836914,40.33115005493164,35.73709487915039,93.14069366455078,83.87821960449219,202.9635772705078,12.625014305114746,3397.159912109375,11311.7998046875
2020-08-24,122.07847595214844,22.228042602539062,41.770965576171875,35.67788314819336,95.04644012451172,86.23976135253906,203.60191345214844,12.661598205566406,3431.280029296875,11379.7197265625
2020-08-25,121.07695007324219,22.49626350402832,42.25362777709961,35.49180603027344,94.25995635986328,86.61898040771484,206.25067138671875,12.691207885742188,3443.6201171875,11466.4697265625
2020-08-26,122.72349548339844,22.115554809570312,41.599159240722656,35.73709487915039,93.9045181274414,85.40372467041016,210.70974731445312,12.714103698730469,3478.72998046875,11665.0595703125
2020-08-27,121.25640106201172,22.539525985717773,42.310890197753906,35.770931243896484,94.26751708984375,88.21346282958984,215.88339233398438,12.57002067565918,3484.550048828125,11625.33984375
2020-08-28,121.05998992919922,22.75583839416504,42.769020080566406,35.69480514526367,94.58513641357422,88.575439453125,218.1034393310547,13.087126731872559,3508.010009765625,11695.6298828125
2020-08-31,125.16539001464844,22.271303176879883,41.820045471191406,35.71171569824219,93.25413513183594,86.35179138183594,214.8829803466797,13.31282901763916,3500.31005859375,11775.4599609375
2020-09-01,130.15106201171875,22.245346069335938,41.885501861572266,35.551002502441406,93.32220458984375,86.30870819091797,216.54086303710938,13.76138687133789,3526.64990234375,11939.669921875
2020-09-02,127.45451354980469,22.513568878173828,42.49905014038086,35.880889892578125,96.93711853027344,87.61016082763672,220.7140655517578,14.284618377685547,3580.840087890625,12056.4404296875
2020-09-03,117.25040435791016,22.356740951538086,42.130916595458984,34.63749694824219,94.11626434326172,87.3343505859375,207.04148864746094,12.95936107635498,3455.06005859375,11458.099609375
2020-09-04,117.3280029296875,23.123456954956055,42.96535873413086,34.52754592895508,92.49030303955078,89.22187042236328,204.13551330566406,12.568058013916016,3426.9599609375,11313.1298828125
2020-09-08,109.43243408203125,22.19991683959961,41.754608154296875,33.83394241333008,91.6659927368164,86.1191177368164,193.09263610839844,11.861614227294922,3331.840087890625,10847.6904296875
2020-09-09,113.79731750488281,22.226055145263672,42.04912185668945,33.943904876708984,92.46005249023438,86.93787384033203,201.3152618408203,12.660158157348633,3398.9599609375,11141.5595703125
2020-09-10,110.08229064941406,21.903684616088867,41.68098068237305,33.4702262878418,91.17443084716797,86.04154205322266,195.6746826171875,12.258646965026855,3339.18994140625,10919.58984375
2020-09-11,108.63704681396484,22.21734046936035,41.72187805175781,33.732444763183594,91.85505676269531,87.11026763916016,194.3979949951172,12.112031936645508,3340.969970703125,10853.5498046875
2020-09-14,111.89617919921875,22.435155868530273,39.39036178588867,34.14690399169922,92.33148193359375,88.31688690185547,195.71286010742188,12.816727638244629,3383.5400390625,11056.650390625
2020-09-15,112.07075500488281,22.025657653808594,36.657989501953125,34.34144973754883,92.59618377685547,85.5675048828125,198.92369079589844,12.934966087341309,3401.199951171875,11190.3203125
2020-09-16,108.76315307617188,22.304468154907227,37.64786148071289,34.189186096191406,93.94232177734375,85.92947387695312,195.36984252929688,12.460521697998047,3385.489990234375,11050.4697265625
2020-09-17,107.02688598632812,22.08664894104004,37.247005462646484,34.14690399169922,94.4717025756836,84.94695281982422,193.33087158203125,12.409740447998047,3357.010009765625,10910.2802734375
2020-09-18,103.63199615478516,21.964664459228516,36.69890213012695,33.67322540283203,92.83818817138672,84.76593017578125,190.92982482910156,12.136674880981445,3319.469970703125,10793.2802734375
2020-09-21,106.77470397949219,21.319931030273438,35.93808364868164,33.02192306518555,90.93998718261719,82.14582824707031,192.97828674316406,12.463260650634766,3281.06005859375,10778.7998046875
2020-09-22,108.45274353027344,20.858163833618164,35.41450500488281,33.25876235961914,91.13662719726562,81.24948120117188,197.62799072265625,12.583240509033203,3315.570068359375,10963.6396484375
2020-09-23,103.90357971191406,20.26569938659668,34.23648452758789,32.37907791137695,89.8660888671875,79.93079376220703,191.120361328125,12.071457862854004,3236.919921875,10632.990234375
2020-09-24,104.97055053710938,20.33540153503418,34.51462936401367,32.015357971191406,89.30645751953125,79.86184692382812,193.59767150878906,12.2947416305542,3246.590087890625,10672.26953125
2020-09-25,108.90863800048828,20.466087341308594,34.37555694580078,32.52286911010742,89.95683288574219,80.55998992919922,198.0090789794922,12.818220138549805,3298.4599609375,10913.5595703125
2020-09-28,111.5081558227539,20.988855361938477,35.45542526245117,33.09804916381836,92.0592269897461,82.87841796875,199.5525665283203,12.978778839111328,3351.60009765625,11117.5302734375
2020-09-29,110.66427612304688,20.71004295349121,34.702789306640625,33.03883743286133,91.4617919921875,82.18031311035156,197.4755096435547,13.168704986572266,3335.469970703125,11085.25
2020-09-30,112.33262634277344,20.988855361938477,35.26726531982422,33.317970275878906,92.01387786865234,82.97323608398438,200.40057373046875,13.47214126586914,3363.0,11167.509765625
2020-10-01,113.283203125,20.997568130493164,35.5372200012207,33.12163162231445,91.57523345947266,83.57655334472656,202.4299774169922,13.555779457092285,3380.800048828125,11326.509765625
2020-10-02,109.62641143798828,21.09340476989746,35.71720504760742,32.66919708251953,91.18196868896484,84.36947631835938,196.4560089111328,13.005911827087402,3348.419921875,11075.01953125
2020-10-05,113.00192260742188,21.450626373291016,36.73979187011719,32.925296783447266,92.27098846435547,86.1527328491211,200.4481964111328,13.583656311035156,3408.60009765625,11332.490234375
2020-10-06,109.7622299194336,21.23280906677246,36.33076477050781,32.925296783447266,92.24073791503906,85.26545715332031,196.18923950195312,13.677250862121582,3360.969970703125,11154.599609375
2020-10-07,111.62455749511719,21.677152633666992,36.682533264160156,33.63382339477539,93.82888793945312,86.75296020507812,199.9241943359375,13.903769493103027,3419.43994140625,11364.599609375
2020-10-08,111.51786041259766,21.990812301635742,36.5843620300293,33.96674346923828,99.44032287597656,88.53619384765625,200.6387481689453,13.779064178466797,3446.830078125,11420.98046875
2020-10-09,113.45783996582031,22.09536361694336,36.75614929199219,34.017967224121094,96.64216613769531,88.03166961669922,205.62184143066406,13.703386306762695,3477.139892578125,11579.9404296875
2020-10-12,120.66471862792969,22.37416648864746,37.5333366394043,34.453330993652344,96.2035140991211,89.11031341552734,210.9479522705078,14.164639472961426,3534.219970703125,11876.259765625
2020-10-13,117.46382141113281,21.738142013549805,35.73356628417969,33.98381423950195,94.60783386230469,87.66631317138672,212.3390350341797,14.186795234680176,3511.929931640625,11863.900390625
2020-10-14,117.55110168457031,20.579357147216797,35.20181655883789,34.05210876464844,95.24307250976562,87.17920684814453,210.4334716796875,14.034453392028809,3488.669921875,11768.73046875
2020-10-15,117.08551025390625,21.04112434387207,35.676300048828125,34.12040328979492,94.4489974975586,88.48399353027344,209.29014587402344,13.909744262695312,3483.340087890625,11713.8701171875
2020-10-16,115.44624328613281,21.119543075561523,35.33271026611328,34.28260040283203,95.23551177978516,88.30133819580078,209.29014587402344,13.751928329467773,3483.81005859375,11671.5595703125
2020-10-19,112.4975357055664,20.666479110717773,35.095458984375,33.548458099365234,94.92546844482422,86.81385040283203,204.10691833496094,13.439530372619629,3426.919921875,11478.8798828125
2020-10-20,113.98161315917969,21.032413482666016,35.60267639160156,33.46307373046875,88.76195526123047,87.30968475341797,204.51663208007812,13.58664321899414,3443.1201171875,11516.490234375
2020-10-21,113.36080932617188,20.954004287719727,35.185455322265625,33.34358596801758,87.01498413085938,86.43980407714844,204.6595458984375,13.466413497924805,3435.56005859375,11484.6904296875
2020-10-22,112.27445983886719,21.66843605041504,35.954444885253906,33.138702392578125,87.54439544677734,89.49305725097656,204.74526977539062,13.303370475769043,3453.489990234375,11506.009765625
2020-10-23,111.58576202392578,21.694576263427734,35.954444885253906,33.138702392578125,87.72589111328125,90.30204010009766,206.02200317382812,13.531630516052246,3465.389892578125,11548.2802734375
2020-10-26,111.59546661376953,21.380922317504883,35.38996887207031,32.15700149536133,84.86723327636719,88.06646728515625,200.16238403320312,13.084567070007324,3400.969970703125,11358.9404296875
2020-10-27,113.09891510009766,20.779747009277344,34.26102828979492,31.47408676147461,83.61183166503906,86.4050064086914,203.1827392578125,13.33896541595459,3390.679931640625,11431.349609375
2020-10-28,107.86106872558594,20.448667526245117,33.64747619628906,30.483854293823242,80.65487670898438,83.97802734375,193.11167907714844,12.572535514831543,3271.030029296875,11004.8701171875
2020-10-29,111.85736083984375,20.509658813476562,34.08104705810547,30.466779708862305,82.36402130126953,84.52604675292969,195.05540466308594,12.96782398223877,3310.110107421875,11185.58984375
2020-10-30,105.5913314819336,20.649059295654297,34.304656982421875,30.646045684814453,84.44371795654297,85.28286743164062,192.91165161132812,12.479941368103027,3269.9599609375,10911.58984375
2020-11-02,105.5040283203125,20.98013687133789,34.95895767211914,30.646045684814453,85.38903045654297,87.2052993774414,192.77821350097656,12.526487350463867,3310.239990234375,10957.6103515625
2020-11-03,107.1239013671875,21.511613845825195,36.05219268798828,31.311887741088867,86.3343734741211,89.95411682128906,196.68466186523438,12.963342666625977,3369.159912109375,11160.5703125
2020-11-04,111.49847412109375,20.631629943847656,34.85128402709961,31.217998504638672,84.6252212524414,87.2052993774414,206.17446899414062,13.734753608703613,3443.43994140625,11590.7802734375
2020-11-05,115.45596313476562,21.441911697387695,35.67122268676758,31.781394958496094,86.79569244384766,90.77175903320312,212.7487030029297,14.098925590515137,3510.449951171875,11890.9296875
2020-11-06,115.32479858398438,21.18052864074707,35.37306213378906,32.03750228881836,86.24363708496094,89.56265258789062,213.1584014892578,14.499191284179688,3509.43994140625,11895.23046875
2020-11-09,113.0219955444336,24.186403274536133,39.45616912841797,32.60944747924805,88.63736724853516,101.68877410888672,208.08006286621094,13.5719575881958,3550.5,11713.7802734375
2020-11-10,112.6819076538086,24.099275588989258,39.464447021484375,33.053340911865234,90.46334075927734,101.35816955566406,201.04849243164062,12.714919090270996,3545.530029296875,11553.8603515625
2020-11-11,116.10213470458984,23.820472717285156,40.524559020996094,33.57406997680664,89.91863250732422,99.84461975097656,206.32688903808594,13.360125541687012,3572.659912109375,11786.4296875
2020-11-12,115.8300552368164,23.2541446685791,39.9862174987793,33.01065444946289,87.84711456298828,98.61808776855469,205.2693328857422,13.398707389831543,3537.010009765625,11709.58984375
2020-11-13,115.8786392211914,23.524240493774414,40.300941467285156,35.341121673583984,89.65009307861328,99.2356948852539,206.28883361816406,13.239646911621094,3585.14990234375,11829.2900390625
2020-11-16,116.88916015625,24.029571533203125,41.74203872680664,36.31428909301758,90.80860900878906,102.0367202758789,206.97482299804688,13.456954956054688,3626.909912109375,11924.1298828125
2020-11-17,116.00495910644531,24.003435134887695,42.01534652709961,35.75086975097656,90.30223083496094,101.00155639648438,204.3355712890625,13.36435604095459,3609.530029296875,11899.33984375
2020-11-18,114.68350982666016,23.506816864013672,42.280372619628906,35.272830963134766,89.58871459960938,100.25346374511719,201.6417236328125,13.370829582214355,3567.7900390625,11801.599609375
2020-11-19,115.27621459960938,23.506816864013672,43.183143615722656,35.14478302001953,89.90328216552734,100.52310943603516,202.92178344726562,13.382278442382812,3581.8701171875,11904.7099609375
2020-11-20,114.0130615234375,23.358701705932617,42.777305603027344,34.97405242919922,89.71915435791016,99.66194915771484,200.9825439453125,13.031299591064453,3557.5400390625,11854.9697265625
2020-11-23,110.62203216552734,23.86403465270996,44.14386749267578,35.545989990234375,92.13590240478516,102.53254699707031,200.715087890625,13.083322525024414,3577.590087890625,11880.6298828125
2020-11-24,111.90459442138672,25.249351501464844,47.257957458496094,36.37404251098633,95.4579849243164,107.27336120605469,204.29742431640625,12.901860237121582,3635.409912109375,12036.7900390625
2020-11-25,112.74022674560547,25.29291343688965,47.257957458496094,36.2801399230957,95.28919982910156,106.15122985839844,204.30691528320312,13.177664756774902,3629.64990234375,12094.400390625
2020-11-27,113.28433990478516,25.258058547973633,46.934959411621094,36.45086669921875,95.40428161621094,105.4466323852539,205.60610961914062,13.204050064086914,3638.35009765625,12205.849609375
2020-11-30,115.6745834350586,24.534908294677734,45.60980224609375,36.72403335571289,94.76747131347656,102.5412368774414,204.4980010986328,13.343696594238281,3621.6298828125,12198.740234375
2020-12-01,119.24053955078125,24.996686935424805,45.94108581542969,37.16792678833008,94.49127960205078,104.15921020507812,206.54232788085938,13.332245826721191,3662.449951171875,12355.1103515625
2020-12-02,119.59032440185547,25.319053649902344,47.3739013671875,37.46670913696289,95.61141967773438,106.15992736816406,205.73983764648438,13.486080169677734,3669.010009765625,12349.3701171875
2020-12-03,119.45428466796875,25.34535789489746,46.860408782958984,37.65452194213867,94.83654022216797,105.46401977539062,204.66036987304688,13.342158317565918,3666.719970703125,12377.1796875
2020-12-04,118.78384399414062,25.678499221801758,48.54997253417969,37.885005950927734,97.59087371826172,106.42089080810547,204.77503967285156,13.503759384155273,3699.1201171875,12464.23046875
2020-12-07,120.24131774902344,25.503164291381836,48.14413070678711,37.85938262939453,95.67280578613281,106.020751953125,204.70816040039062,13.552062034606934,3691.9599609375,12519.9501953125
2020-12-08,120.85345458984375,25.362890243530273,48.334632873535156,37.876461029052734,96.44769287109375,106.12513732910156,206.3512420654297,13.296347618103027,3702.25,12582.76953125
2020-12-09,118.32719421386719,25.248920440673828,48.823280334472656,38.14962387084961,97.27631378173828,105.29875946044922,202.32948303222656,12.878778457641602,3672.820068359375,12338.9501953125
2020-12-10,119.74580383300781,25.520694732666016,50.10701370239258,37.83378601074219,95.87227630615234,104.62024688720703,201.10671997070312,12.920114517211914,3668.10009765625,12405.8095703125
2020-12-11,118.9393310546875,25.047277450561523,48.806724548339844,37.83378601074219,95.34288787841797,104.00263214111328,203.72422790527344,12.960948944091797,3663.4599609375,12377.8701171875
2020-12-14,118.32719421386719,24.74043846130371,48.64935302734375,37.76549530029297,94.77515411376953,102.9065933227539,204.62216186523438,13.255263328552246,3647.489990234375,12440.0400390625
2020-12-15,124.25422668457031,25.1086483001709,49.419586181640625,38.17524719238281,96.61648559570312,104.66373443603516,204.55531311035156,13.306802749633789,3694.6201171875,12595.0595703125
2020-12-16,124.18621826171875,25.17877960205078,49.4858512878418,38.17524719238281,96.32493591308594,104.96820831298828,209.4750213623047,13.189276695251465,3701.169921875,12658.1904296875
2020-12-17,125.05097961425781,25.27521514892578,49.73430633544922,38.26060104370117,96.32493591308594,104.09831237792969,209.60879516601562,13.287630081176758,3722.47998046875,12764.75
2020-12-18,123.06881713867188,25.13494110107422,48.91437911987305,38.78986740112305,96.55510711669922,103.5850601196289,208.81588745117188,13.218660354614258,3709.409912109375,12755.6396484375
2020-12-21,124.59430694580078,26.07301139831543,50.71160125732422,38.31183624267578,94.6677474975586,107.47344207763672,212.63699340820312,13.278665542602539,3694.919921875,12742.51953125
2020-12-22,128.1408233642578,25.608356475830078,49.08001708984375,38.14962387084961,94.83654022216797,105.83807373046875,213.92665100097656,13.224883079528809,3687.260009765625,12807.919921875
2020-12-23,127.2469253540039,26.34479331970215,50.33891296386719,37.885005950927734,95.05903625488281,108.79566192626953,211.13717651367188,12.956965446472168,3690.010009765625,12771.1103515625
2020-12-24,128.22830200195312,26.265880584716797,50.16499328613281,38.02157974243164,95.66511535644531,108.31721496582031,212.7898406982422,12.941526412963867,3703.06005859375,12804.73046875
2020-12-28,132.81443786621094,26.41492462158203,50.628787994384766,38.345970153808594,95.76487731933594,109.030517578125,214.9010467529297,12.84815502166748,3735.360107421875,12899.419921875
2020-12-29,131.0460662841797,26.309722900390625,50.44657897949219,38.10694122314453,94.9822998046875,108.74346923828125,214.12725830078125,12.891230583190918,3727.0400390625,12850.2197265625
2020-12-30,129.9286346435547,26.28342056274414,50.4051628112793,37.97037124633789,95.39659881591797,109.04791259765625,211.76771545410156,13.092915534973145,3732.0400390625,12870.0
2020-12-31,128.92787170410156,26.572731018066406,51.0677375793457,38.20083999633789,96.578125,110.5354232788086,212.4746551513672,13.002531051635742,3756.070068359375,12888.2802734375
2021-01-04,125.74085998535156,26.32725715637207,49.80885314941406,37.830810546875,95.08970642089844,109.49156951904297,207.95608520507812,13.060795783996582,3700.64990234375,12698.4501953125
2021-01-05,127.29548645019531,26.52889633178711,51.10087585449219,37.8480224609375,96.77761840820312,110.08734130859375,208.15673828125,13.350874900817871,3726.860107421875,12818.9599609375
2021-01-06,123.01052856445312,28.18585968017578,54.04103088378906,38.2094612121582,99.19436645507812,115.25658416748047,202.75936889648438,12.563802719116211,3748.139892578125,12740.7900390625
2021-01-07,127.2080078125,28.808317184448242,54.67875289916992,38.69137954711914,98.96418762207031,119.0415267944336,208.52932739257812,13.29036808013916,3803.7900390625,13067.48046875
2021-01-08,128.30601501464844,28.51900291442871,54.14041519165039,38.77743911743164,98.61126708984375,119.17294311523438,209.79977416992188,13.223387718200684,3824.679931640625,13201.98046875
2021-01-11,125.3230209350586,28.99241828918457,55.026611328125,39.035606384277344,98.6496353149414,120.9515151977539,207.7650604248047,13.566755294799805,3799.610107421875,13036.4296875
2021-01-12,125.14815521240234,29.509674072265625,55.21708679199219,39.405662536621094,99.13298797607422,122.85275268554688,205.31954956054688,13.430553436279297,3801.18994140625,13072.4296875
2021-01-13,127.17890167236328,29.334331512451172,55.374454498291016,39.035606384277344,97.37604522705078,122.96664428710938,206.66647338867188,13.477363586425781,3809.840087890625,13128.9501953125
2021-01-14,125.25504302978516,29.798988342285156,57.155113220214844,38.854888916015625,98.9488525390625,123.68507385253906,203.4949493408203,13.147196769714355,3795.5400390625,13112.6396484375
2021-01-15,123.53520965576172,28.939817428588867,53.196258544921875,39.09584426879883,98.50386047363281,121.46846771240234,203.14149475097656,12.807816505432129,3768.25,12998.5
2021-01-19,124.20565795898438,28.729412078857422,52.74901580810547,38.88930892944336,98.98719787597656,120.94274139404297,206.76199340820312,12.972901344299316,3798.909912109375,13197.1796875
2021-01-20,128.28656005859375,28.35243034362793,52.38459777832031,39.018394470214844,99.80046844482422,119.12913513183594,214.3087921142578,13.312032699584961,3851.85009765625,13457.25
2021-01-21,132.9893035888672,27.85271453857422,51.24166488647461,38.820465087890625,101.00501251220703,118.13031768798828,214.9105987548828,13.81176471710205,3853.070068359375,13530.91015625
2021-01-22,135.12696838378906,27.659835815429688,50.79443359375,38.52787399291992,91.00043487548828,117.21914672851562,215.8467559814453,13.657387733459473,3841.469970703125,13543.0595703125
2021-01-25,138.8677978515625,27.31792449951172,50.156700134277344,38.751617431640625,90.9773941040039,115.75598907470703,219.2667236328125,13.598376274108887,3855.360107421875,13635.990234375
2021-01-26,139.1009979248047,27.12505340576172,50.44657897949219,38.94955062866211,93.97723388671875,115.2828598022461,221.94149780273438,13.381254196166992,3849.6201171875,13626.0595703125
2021-01-27,138.03221130371094,26.151920318603516,49.19597625732422,39.32820129394531,93.96189880371094,112.02361297607422,222.48602294921875,12.865833282470703,3750.77001953125,13270.599609375
2021-01-28,133.2030792236328,26.581501007080078,49.974491119384766,39.018394470214844,92.12821960449219,113.99494171142578,228.24639892578125,12.998546600341797,3787.3798828125,13337.16015625
2021-01-29,128.21853637695312,25.99411392211914,48.437591552734375,38.36436462402344,91.38401794433594,112.73329162597656,221.58804321289062,12.937543869018555,3714.239990234375,13070.6904296875
2021-02-01,130.33673095703125,26.265880584716797,48.805110931396484,39.070030212402344,92.48114013671875,113.56563568115234,228.9341583251953,13.18380069732666,3773.860107421875,13403.3896484375
2021-02-02,131.1626434326172,27.203950881958008,49.76568603515625,39.44007110595703,91.63720703125,117.0614242553711,228.80044555664062,13.502263069152832,3826.31005859375,13612.7802734375
2021-02-03,130.1423797607422,27.68613624572754,51.03528594970703,39.38844680786133,91.39167785644531,118.40192413330078,232.13438415527344,13.476119995117188,3830.169921875,13610.5400390625
2021-02-04,133.49453735351562,28.49270248413086,52.12950134277344,40.66209030151367,92.84941864013672,121.12672424316406,231.1886749267578,13.609332084655762,3871.739990234375,13777.740234375
2021-02-05,133.0810546875,28.37872886657715,52.27149963378906,41.376373291015625,93.44017028808594,120.89018249511719,231.3701629638672,13.536375999450684,3886.830078125,13856.2998046875
2021-02-08,133.2269744873047,29.00995635986328,53.165252685546875,42.116455078125,94.83654022216797,122.78264617919922,231.62806701660156,14.380718231201172,3915.590087890625,13987.6396484375
2021-02-09,132.35116577148438,28.88721466064453,52.72254943847656,41.73781967163086,94.92981719970703,122.29203033447266,232.86997985839844,14.205925941467285,3911.22998046875,14007.7001953125
2021-02-10,131.7478485107422,28.913516998291016,53.14018630981445,40.653480529785156,95.03865051269531,122.36213684082031,231.9624481201172,14.704911231994629,3909.8798828125,13972.5302734375
2021-02-11,131.49488830566406,28.825847625732422,52.789371490478516,40.94607925415039,94.00463104248047,122.02037811279297,233.55780029296875,15.18945598602295,3916.3798828125,14025.76953125
2021-02-12,131.7284393310547,29.255430221557617,53.14854431152344,40.696529388427734,93.91910552978516,123.75518035888672,234.03541564941406,14.901119232177734,3934.830078125,14095.4697265625
2021-02-16,129.60707092285156,30.044458389282227,53.557823181152344,40.0252685546875,93.35154724121094,126.7340316772461,232.8031463623047,15.268635749816895,3932.590087890625,14047.5
2021-02-17,127.32029724121094,30.167190551757812,54.092403411865234,39.80150604248047,93.27381134033203,127.1282958984375,233.81800842285156,14.846090316772461,3931.330078125,13965.490234375
2021-02-18,126.22067260742188,29.974327087402344,53.02324295043945,39.878971099853516,93.86466979980469,127.5576400756836,233.4254608154297,14.76939868927002,3913.969970703125,13865.3603515625
2021-02-19,126.37638092041016,30.281164169311523,54.94438934326172,39.31099319458008,92.5118637084961,129.68661499023438,230.72535705566406,14.866511344909668,3906.7099609375,13874.4599609375
2021-02-22,122.6104736328125,30.815946578979492,54.727210998535156,39.09584426879883,93.96575164794922,130.90451049804688,224.54000854492188,14.298052787780762,3876.5,13533.0498046875
2021-02-23,122.4742431640625,31.140329360961914,55.74625015258789,39.1646842956543,93.84911346435547,131.95584106445312,223.3527069091797,14.085165977478027,3881.3701171875,13465.2001953125
2021-02-24,121.97795867919922,31.8942928314209,57.29985046386719,39.36262512207031,95.79281616210938,134.2776336669922,224.5782928466797,14.440726280212402,3925.429931640625,13597.9697265625
2021-02-25,117.73526000976562,31.499774932861328,56.30588150024414,39.173301696777344,95.2175064086914,132.4552764892578,219.2546844482422,13.254015922546387,3829.340087890625,13119.4296875
2021-02-26,117.99799346923828,30.430212020874023,55.02790832519531,38.61392593383789,92.4652099609375,128.94195556640625,222.5005645751953,13.659382820129395,3811.14990234375,13192.349609375
2021-03-01,124.3523178100586,31.377042770385742,58.08501052856445,39.51753616333008,93.87244415283203,131.85952758789062,226.86668395996094,13.786120414733887,3901.820068359375,13588.830078125
2021-03-02,121.75416564941406,31.14909553527832,57.55878829956055,39.173301696777344,93.5536880493164,131.43019104003906,223.92723083496094,13.352367401123047,3870.2900390625,13358.7900390625
2021-03-03,118.77647399902344,31.92935562133789,58.78664779663086,38.837677001953125,95.13197326660156,133.97100830078125,217.885498046875,12.753287315368652,3819.719970703125,12997.75
2021-03-04,116.89838409423828,32.15842819213867,58.31053924560547,38.34714889526367,93.38265991210938,131.9120330810547,217.0907440185547,12.320531845092773,3768.469970703125,12723.4697265625
2021-03-05,118.1536865234375,32.53728103637695,58.66135787963867,39.80150604248047,95.49738311767578,132.2186737060547,221.7537078857422,12.411416053771973,3841.93994140625,12920.150390625
2021-03-08,113.22980499267578,32.713497161865234,60.323543548583984,40.885841369628906,97.03678131103516,133.97100830078125,217.7227020263672,11.54665470123291,3821.35009765625,12609.16015625
2021-03-09,117.83255767822266,31.999841690063477,59.296165466308594,41.21286392211914,96.54698181152344,133.02474975585938,223.84103393554688,12.47423267364502,3875.43994140625,13073.8203125
2021-03-10,116.7524185180664,32.92495346069336,61.60151672363281,41.557090759277344,99.41586303710938,135.91603088378906,222.53883361816406,12.422425270080566,3898.81005859375,13068.830078125
2021-03-11,118.67916107177734,32.8104248046875,61.234004974365234,41.99598693847656,98.84832000732422,135.20632934570312,227.0486297607422,12.945744514465332,3939.340087890625,13398.669921875
2021-03-12,117.774169921875,33.427146911621094,62.795963287353516,42.0131950378418,99.21369171142578,136.80970764160156,225.7272491455078,12.80875015258789,3943.340087890625,13319.8603515625
2021-03-15,120.65454864501953,33.25975036621094,61.994102478027344,42.52093505859375,99.9678726196289,136.1262969970703,224.8272247314453,13.142767906188965,3968.93994140625,13459.7099609375
2021-03-16,122.19202423095703,33.162837982177734,61.25069808959961,42.74467849731445,99.70355224609375,134.4967041015625,227.60391235351562,13.242400169372559,3962.7099609375,13471.5703125
2021-03-17,121.4038314819336,33.43596649169922,61.47623825073242,42.529537200927734,100.3177490234375,135.88099670410156,226.9624481201172,13.292218208312988,3974.1201171875,13525.2001953125
2021-03-18,117.28762817382812,34.308204650878906,61.676700592041016,41.99598693847656,101.11853790283203,138.12388610839844,220.91111755371094,12.675743103027344,3915.4599609375,13116.169921875
2021-03-19,116.76214599609375,33.94697189331055,60.98344039916992,42.15088653564453,100.2166748046875,135.92477416992188,220.5568389892578,12.798538208007812,3913.10009765625,13215.240234375
2021-03-22,120.07068634033203,33.180458068847656,60.106388092041016,43.28684616088867,101.4994888305664,132.2712860107422,225.95709228515625,13.137786865234375,3940.590087890625,13377.5400390625
2021-03-23,119.2435531616211,32.510860443115234,59.22935104370117,43.03727340698242,101.42951965332031,130.9482879638672,227.47946166992188,13.022710800170898,3910.52001953125,13227.7001953125
2021-03-24,116.85943603515625,32.510860443115234,58.53607940673828,42.72747039794922,101.55391693115234,131.9646453857422,225.44964599609375,12.596531867980957,3889.139892578125,12961.8896484375
2021-03-25,117.34598541259766,33.180458068847656,59.90591049194336,43.46755599975586,103.458740234375,133.6555938720703,222.4622039794922,12.489177703857422,3909.52001953125,12977.6796875
2021-03-26,117.9493179321289,34.079132080078125,60.991756439208984,45.2403450012207,106.03218078613281,135.88099670410156,226.4262237548828,12.792061805725098,3974.5400390625,13138.73046875
2021-03-29,118.1244888305664,33.753143310546875,59.788978576660156,45.19731521606445,105.62789154052734,133.7694854736328,225.23899841308594,12.900659561157227,3971.090087890625,13059.650390625
2021-03-30,116.67457580566406,34.352264404296875,60.94165802001953,44.551883697509766,104.74156951904297,135.3465576171875,221.9930419921875,12.824440956115723,3958.550048828125,13045.3896484375
2021-03-31,118.86405181884766,34.08793640136719,60.7662353515625,44.50025177001953,103.60645294189453,133.37515258789062,225.74642944335938,13.299189567565918,3972.889892578125,13246.8701171875
2021-04-01,119.69116973876953,34.79277801513672,61.092002868652344,44.732601165771484,103.58313751220703,134.67190551757812,232.04669189453125,13.760991096496582,4019.8701171875,13480.1103515625
2021-04-05,122.5131607055664,35.06591033935547,60.7662353515625,45.426002502441406,105.68231201171875,135.38575744628906,238.4810028076172,13.936092376708984,4077.909912109375,13705.58984375
2021-04-06,122.81483459472656,34.968990325927734,60.64094543457031,45.096622467041016,104.35283660888672,134.4339599609375,237.32241821289062,13.810553550720215,4073.93994140625,13698.3798828125
2021-04-07,124.45936584472656,35.28617477416992,60.71614074707031,44.87127685546875,104.90484619140625,136.54025268554688,239.27566528320312,14.091521263122559,4079.949951171875,13688.83984375
2021-04-08,126.85318756103516,34.97779846191406,60.415435791015625,44.99263381958008,105.05257415771484,136.70773315429688,242.48329162597656,14.264381408691406,4097.169921875,13829.3095703125
2021-04-09,129.4221649169922,35.233306884765625,60.490604400634766,45.148643493652344,105.52682495117188,137.7300262451172,244.97274780273438,14.347073554992676,4128.7998046875,13900.1904296875
2021-04-12,127.70954132080078,35.294986724853516,60.71614074707031,44.697933197021484,104.64048767089844,137.43917846679688,245.0301971435547,15.153100967407227,4127.990234375,13850.0
2021-04-13,130.81370544433594,34.64299392700195,60.18990707397461,44.77593231201172,101.98930358886719,135.79998779296875,247.50047302246094,15.621871948242188,4141.58984375,13996.099609375
2021-04-14,128.47825622558594,35.13639450073242,60.899898529052734,44.52458190917969,103.11665344238281,133.2618408203125,244.72377014160156,15.220853805541992,4124.66015625,13857.83984375
2021-04-15,130.8818359375,34.13199234008789,60.59083557128906,44.758609771728516,103.07776641845703,134.1078643798828,248.4675750732422,16.077943801879883,4170.419921875,14038.759765625
2021-04-16,130.5509796142578,34.49322509765625,60.51565170288086,45.76403045654297,103.86302947998047,135.10374450683594,249.6548309326172,15.854018211364746,4185.47021484375,14052.33984375
2021-04-19,131.212646484375,34.51082992553711,60.248382568359375,45.8073616027832,103.49760437011719,134.53091430664062,247.73988342285156,15.305291175842285,4163.259765625,13914.76953125
2021-04-20,129.52919006347656,33.550498962402344,58.29383087158203,44.88861083984375,107.41609191894531,131.55210876464844,247.28025817871094,15.11549186706543,4134.93994140625,13786.26953125
2021-04-21,129.90872192382812,34.11437225341797,59.012168884277344,45.00995635986328,111.60668182373047,132.6713409423828,249.5016326904297,15.304045677185059,4173.419921875,13950.2197265625
2021-04-22,128.39068603515625,33.79718780517578,58.31053924560547,44.63725280761719,109.84178924560547,129.8776092529297,246.2366485595703,14.795671463012695,4134.97998046875,13818.41015625
2021-04-23,130.7066192626953,34.519657135009766,59.62193298339844,44.99263381958008,110.73590850830078,132.36289978027344,250.0474090576172,15.209145545959473,4180.169921875,14016.8095703125
2021-04-26,131.09593200683594,34.72229766845703,60.306854248046875,44.758609771728516,110.06729125976562,132.68896484375,250.43038940429688,15.421113967895508,4187.6201171875,14138.7802734375
2021-04-27,130.7747802734375,35.13639450073242,60.966712951660156,44.52458190917969,110.40935516357422,133.297119140625,250.83251953125,15.325218200683594,4186.72021484375,14090.2197265625
2021-04-28,129.98660278320312,35.268550872802734,60.899898529052734,44.29922103881836,111.17906188964844,134.16070556640625,243.7375946044922,15.220602989196777,4183.18017578125,14051.0302734375
2021-04-29,129.8892364501953,36.22008514404297,61.676700592041016,44.602596282958984,112.14312744140625,136.76942443847656,241.77471923828125,15.268427848815918,4211.47021484375,14082.5498046875
2021-04-30,127.9236068725586,35.70907974243164,59.918827056884766,44.125877380371094,110.30830383300781,135.55319213867188,241.45875549316406,14.95433521270752,4181.169921875,13962.6796875
2021-05-03,128.9745635986328,35.73550796508789,60.31413650512695,44.35123062133789,112.53965759277344,135.15660095214844,241.1523895263672,14.782222747802734,4192.66015625,13895.1201171875
2021-05-04,124.41069793701172,36.12317657470703,60.83560562133789,43.952537536621094,113.3171157836914,137.02500915527344,237.25540161132812,14.298503875732422,4164.66015625,13633.5
2021-05-05,124.65398406982422,36.46678924560547,61.996299743652344,44.316566467285156,112.90505981445312,138.82281494140625,235.9915313720703,14.405359268188477,4167.58984375,13582.419921875
2021-05-06,126.24984741210938,37.013031005859375,62.896263122558594,45.452003479003906,115.39298248291016,141.61659240722656,239.11294555664062,14.469624519348145,4201.6201171875,13632.83984375
2021-05-07,126.92243957519531,37.16281509399414,63.14858627319336,46.3100700378418,114.35523223876953,142.10130310058594,241.72683715820312,14.757811546325684,4232.60009765625,13752.240234375
2021-05-10,123.64727020263672,37.048274993896484,63.19063949584961,46.07605743408203,114.91342163085938,142.08367919921875,236.67137145996094,14.213319778442383,4188.43017578125,13401.8603515625
2021-05-11,122.73101043701172,36.62537384033203,62.97195053100586,45.79003143310547,113.38040924072266,139.7217559814453,235.76168823242188,14.253669738769531,4152.10009765625,13389.4296875
2021-05-12,119.6702880859375,36.281761169433594,62.43366241455078,44.72393035888672,111.08483123779297,138.76116943359375,228.8391571044922,13.707932472229004,4063.0400390625,13031.6796875
2021-05-13,121.81477355957031,36.86325454711914,63.325225830078125,45.49535369873047,113.34110260009766,142.33045959472656,232.69776916503906,13.615026473999023,4112.5,13124.990234375
2021-05-14,124.23213195800781,37.3214111328125,64.39340209960938,45.8507080078125,113.7420425415039,144.54246520996094,237.6001434326172,14.190653800964355,4173.85009765625,13429.98046875
2021-05-17,123.08192443847656,37.656211853027344,65.11672973632812,45.88536834716797,114.08009338378906,145.12417602539062,234.75634765625,14.113436698913574,4163.2900390625,13379.0498046875
2021-05-18,121.69779968261719,37.14519500732422,64.44385528564453,45.876705169677734,113.13671112060547,143.07955932617188,232.7456512451172,13.964235305786133,4127.830078125,13303.6396484375
2021-05-19,121.54181671142578,36.97779083251953,64.30929565429688,45.47800064086914,112.5706787109375,141.9866943359375,233.32147216796875,14.014054298400879,4115.68017578125,13299.740234375
2021-05-20,124.09564971923828,36.88969039916992,64.0905990600586,45.8073616027832,113.11312103271484,141.739990234375,236.54605102539062,14.558794975280762,4159.1201171875,13535.740234375
2021-05-21,122.26313781738281,37.35664367675781,65.31017303466797,45.44333267211914,113.78923034667969,143.3527374267578,235.288818359375,14.93664836883545,4155.85986328125,13470.990234375
2021-05-24,123.89097595214844,37.55929183959961,65.62979125976562,46.27539825439453,113.77351379394531,144.12831115722656,240.6727294921875,15.554621696472168,4197.0498046875,13661.169921875
2021-05-25,123.6960220336914,37.013031005859375,64.99897766113281,46.2060661315918,113.04237365722656,142.6388702392578,241.57484436035156,15.590241432189941,4188.1298828125,13657.169921875
2021-05-26,123.64727020263672,37.03947067260742,65.20083618164062,45.85936737060547,112.72003936767578,142.6212615966797,241.35411071777344,15.64229679107666,4195.990234375,13738.0
2021-05-27,122.11693572998047,37.48879623413086,66.24378204345703,45.8680419921875,113.0659408569336,144.84213256835938,239.261962890625,15.431076049804688,4200.8798828125,13736.2802734375
2021-05-28,121.46382904052734,37.34782409667969,66.20172882080078,45.8507080078125,113.00305938720703,144.74520874023438,239.61709594726562,16.184797286987305,4204.10986328125,13748.740234375
2021-06-01,121.14217376708984,37.81478500366211,67.08486938476562,45.60801696777344,113.35684204101562,146.3403778076172,237.42897033691406,16.20472526550293,4202.0400390625,13736.48046875
2021-06-02,121.90247344970703,37.8324089050293,67.16897583007812,45.90270233154297,114.55963897705078,146.3491668701172,237.3330078125,16.71658706665039,4208.1201171875,13756.330078125
2021-06-03,120.42084503173828,38.265933990478516,66.97553253173828,46.22339630126953,114.426025390625,146.44615173339844,235.80709838867188,16.907381057739258,4192.85009765625,13614.509765625
2021-06-04,122.7115249633789,38.28364181518555,66.85778045654297,46.86479568481445,115.8961410522461,146.68405151367188,240.68235778808594,17.51364517211914,4229.89013671875,13814.490234375
2021-06-07,122.72126007080078,38.15092849731445,66.70638275146484,46.734779357910156,116.36782836914062,145.9966583251953,243.5806427001953,17.554244995117188,4226.52001953125,13881.7197265625
2021-06-08,123.54004669189453,37.93859100341797,66.51293182373047,46.91680145263672,117.19331359863281,145.41502380371094,242.39060974121094,17.392845153808594,4227.259765625,13924.91015625
2021-06-09,123.92019653320312,37.443119049072266,65.7223129272461,46.821468353271484,118.45113372802734,143.59950256347656,243.3695068359375,17.298418045043945,4219.5498046875,13911.75
2021-06-10,122.92596435546875,36.88572311401367,64.67094421386719,47.69686508178711,118.34896087646484,141.36097717285156,246.8723602294922,17.364938735961914,4239.18017578125,14020.330078125
2021-06-11,124.13465881347656,37.03612518310547,64.32610321044922,47.47151184082031,118.93070220947266,141.26406860351562,247.49618530273438,17.763805389404297,4247.43994140625,14069.419921875
2021-06-14,127.18561553955078,36.59375,63.21587371826172,46.951473236083984,117.94801330566406,138.86691284179688,249.41558837890625,17.956636428833008,4255.14990234375,14174.1396484375
2021-06-15,126.3668441772461,36.62029266357422,62.08882141113281,46.62210464477539,117.42127990722656,136.7605743408203,247.9472198486328,17.72718620300293,4246.58984375,14072.8603515625
2021-06-16,126.86396789550781,36.823787689208984,60.1038703918457,46.344749450683594,116.21846771240234,137.72122192382812,247.00672912597656,17.748855590820312,4223.7001953125,14039.6796875
2021-06-17,128.46253967285156,35.21352005004883,57.917049407958984,46.050048828125,114.46531677246094,133.74655151367188,250.3848114013672,18.592939376831055,4221.85986328125,14161.349609375
2021-06-18,127.16613006591797,34.31106185913086,56.865699768066406,45.13130187988281,112.5156478881836,130.3623504638672,248.97413635253906,18.57450294494629,4166.4501953125,14030.3798828125
2021-06-21,128.95970153808594,35.169281005859375,57.57220458984375,46.09339141845703,115.29077911376953,132.5743865966797,252.04510498046875,18.363731384277344,4224.7900390625,14141.48046875
2021-06-22,130.59725952148438,35.36393356323242,58.001155853271484,46.162723541259766,115.06282043457031,132.38055419921875,254.80908203125,18.821645736694336,4246.43994140625,14253.26953125
2021-06-23,130.32431030273438,35.56742858886719,58.581504821777344,45.72935485839844,113.68701934814453,133.1824951171875,254.5786895751953,18.991561889648438,4241.83984375,14271.73046875
2021-06-24,130.04165649414062,36.12481689453125,59.98611831665039,45.7466926574707,114.33953094482422,134.40750122070312,255.9414520263672,19.139297485351562,4266.490234375,14369.7099609375
2021-06-25,129.74920654296875,36.823787689208984,60.1795654296875,45.989376068115234,115.440185546875,135.7646942138672,254.33885192871094,18.96539878845215,4280.7001953125,14360.3896484375
2021-06-28,131.37701416015625,36.77069854736328,60.14591979980469,45.90270233154297,114.22161865234375,136.0115203857422,257.8896789550781,19.916112899780273,4290.60986328125,14500.509765625
2021-06-29,132.887939453125,36.17790985107422,58.60673904418945,45.85936737060547,114.426025390625,135.84402465820312,260.4617004394531,19.957714080810547,4291.7998046875,14528.330078125
2021-06-30,133.5020294189453,36.47873306274414,59.50670623779297,45.937374114990234,115.2436294555664,137.07785034179688,259.9818420410156,19.933551788330078,4297.5,14503.9501953125
2021-07-01,133.80421447753906,36.75300216674805,59.72538375854492,46.3187370300293,115.440185546875,138.43508911132812,260.6535949707031,20.1423282623291,4319.93994140625,14522.3798828125
2021-07-02,136.42626953125,36.40795135498047,59.220741271972656,46.728946685791016,110.07855224609375,138.30209350585938,266.4598083496094,20.4163818359375,4352.33984375,14639.330078125
2021-07-06,138.4342803955078,35.45240783691406,57.37035369873047,46.24019241333008,109.10370635986328,135.9798126220703,266.46942138671875,20.627151489257812,4343.5400390625,14663.6396484375
2021-07-07,140.91989135742188,35.169281005859375,57.13483810424805,46.48456573486328,109.92130279541016,136.1393585205078,268.64788818359375,20.301530838012695,4358.1298828125,14665.0595703125
2021-07-08,139.6234893798828,34.31106185913086,56.12554168701172,46.48456573486328,110.64456176757812,133.79043579101562,266.23907470703125,19.83414649963379,4320.81982421875,14559.7802734375
2021-07-09,141.44622802734375,35.42586898803711,57.57220458984375,46.90351867675781,111.25779724121094,138.07164001464844,266.738037109375,19.981136322021484,4369.5498046875,14701.919921875
2021-07-12,140.8516387939453,35.94786834716797,58.40486526489258,46.4583854675293,110.78608703613281,140.04830932617188,266.1430969238281,20.441797256469727,4384.6298828125,14733.240234375
2021-07-13,141.96290588378906,35.2666015625,57.50493240356445,46.53694534301758,110.28294372558594,137.96530151367188,269.65557861328125,20.18019676208496,4369.2099609375,14677.650390625
2021-07-14,145.38421630859375,34.38185119628906,57.33670425415039,47.208984375,109.92130279541016,137.4955291748047,271.1239013671875,19.773101806640625,4374.2998046875,14644.9501953125
2021-07-15,144.73118591308594,34.35530471801758,57.57220458984375,46.824954986572266,110.41656494140625,137.79690551757812,269.70361328125,18.900869369506836,4360.02978515625,14543.1298828125
2021-07-16,142.6939239501953,33.550167083740234,56.268524169921875,46.86859893798828,109.19802856445312,134.65020751953125,269.4348449707031,18.098403930664062,4327.16015625,14427.240234375
2021-07-19,138.85340881347656,32.67424392700195,54.737754821777344,46.31001281738281,108.4275894165039,130.27149963378906,265.8455810546875,18.715017318725586,4258.490234375,14274.98046875
2021-07-20,142.45997619628906,33.34667205810547,55.75545883178711,46.76386642456055,110.03923797607422,132.70021057128906,268.0625,18.5478458404541,4323.06005859375,14498.8798828125
2021-07-21,141.7289581298828,34.0279426574707,57.101200103759766,47.02570343017578,111.08483123779297,135.49229431152344,270.0586853027344,19.343093872070312,4358.68994140625,14631.9501953125
2021-07-22,143.09359741210938,33.5855598449707,56.29375457763672,47.60173797607422,110.62098693847656,133.7815704345703,274.607666015625,19.526460647583008,4367.47998046875,14684.599609375
2021-07-23,144.80914306640625,33.35551834106445,56.10872268676758,48.20396041870117,111.11626434326172,133.52450561523438,277.9953918457031,19.490583419799805,4411.7900390625,14836.990234375
2021-07-26,145.22830200195312,33.73596954345703,57.00025939941406,48.413429260253906,112.24048614501953,134.4197540283203,277.40032958984375,19.227495193481445,4422.2998046875,14840.7099609375
2021-07-27,143.06434631347656,33.60325241088867,57.17689895629883,48.24760055541992,112.22477722167969,134.24246215820312,274.99151611328125,19.14179039001465,4401.4599609375,14660.580078125
2021-07-28,141.31951904296875,33.73596954345703,57.27782440185547,47.802486419677734,111.45430755615234,134.46409606933594,274.6844177246094,19.435775756835938,4400.64013671875,14762.580078125
2021-07-29,141.96290588378906,34.22259521484375,57.875003814697266,48.06432342529297,111.580078125,135.6163787841797,274.95306396484375,19.594228744506836,4419.14990234375,14778.259765625
2021-07-30,142.17733764648438,33.939456939697266,57.29879379272461,48.32615280151367,110.81754302978516,134.53497314453125,273.4272155761719,19.431791305541992,4395.259765625,14672.6796875
2021-08-02,141.84588623046875,33.5855598449707,57.39200973510742,48.39598083496094,111.17915344238281,133.9943084716797,273.34088134765625,19.681921005249023,4387.16015625,14681.0703125
2021-08-03,143.63946533203125,34.107574462890625,58.366458892822266,49.09419631958008,113.26248931884766,135.51890563964844,275.548095703125,19.746694564819336,4423.14990234375,14761.2900390625
2021-08-04,143.23980712890625,33.85982894897461,58.06140899658203,48.605438232421875,112.23262786865234,134.0563507080078,274.9627380371094,20.204118728637695,4402.66015625,14780.5302734375
2021-08-05,143.34701538085938,34.523406982421875,59.05283737182617,48.666542053222656,112.24048614501953,135.7493438720703,277.8513488769531,20.56586456298828,4429.10009765625,14895.1201171875
2021-08-06,142.66368103027344,35.523189544677734,60.22219467163086,48.518165588378906,113.2782211303711,139.60507202148438,277.7937927246094,20.29579734802246,4436.52001953125,14835.759765625
2021-08-09,142.6148681640625,35.98325729370117,60.603515625,48.413429260253906,112.32396697998047,139.4543914794922,276.7093811035156,20.225040435791016,4432.35009765625,14860.1796875
2021-08-10,142.13650512695312,36.65568161010742,61.840675354003906,48.535621643066406,112.42733001708984,141.16513061523438,274.8955078125,19.86728286743164,4436.75,14788.08984375
2021-08-11,142.39036560058594,37.11575698852539,62.95918655395508,48.753814697265625,113.0237808227539,142.84925842285156,275.385009765625,19.6310977935791,4442.41015625,14765.1396484375
2021-08-12,145.34825134277344,37.29270553588867,62.81513595581055,49.216392517089844,113.77123260498047,143.40765380859375,278.12969970703125,19.83639144897461,4460.830078125,14816.259765625
2021-08-13,145.55328369140625,36.8326416015625,61.95082473754883,49.28622055053711,113.85871124267578,141.8032989501953,281.0472106933594,20.118412017822266,4468.0,14822.900390625
2021-08-16,147.52520751953125,36.53181076049805,61.09498596191406,49.120384216308594,114.18477630615234,140.8726043701172,282.72662353515625,19.88123321533203,4479.7099609375,14793.759765625
2021-08-17,146.61732482910156,36.3548583984375,60.68825912475586,48.884727478027344,113.25435638427734,139.17076110839844,281.26788330078125,19.390932083129883,4448.080078125,14656.1796875
2021-08-18,142.87843322753906,36.08943176269531,60.26457214355469,48.13414001464844,110.90848541259766,137.90325927734375,279.54681396484375,18.9743709564209,4400.27001953125,14525.91015625
2021-08-19,143.21035766601562,35.55857467651367,59.179935455322266,49.98444747924805,109.75541687011719,136.7509307861328,285.3544006347656,19.729759216308594,4405.7998046875,14541.7900390625
2021-08-20,144.66490173339844,35.71784210205078,59.52735900878906,50.81359100341797,110.6222152709961,137.14093017578125,292.65252685546875,20.74424934387207,4441.669921875,14714.66015625
2021-08-23,146.14877319335938,36.19560241699219,60.06966018676758,51.09288024902344,111.02776336669922,138.8959503173828,292.9313049316406,21.882308959960938,4479.52978515625,14942.650390625
2021-08-24,146.0608673095703,36.699920654296875,61.04414367675781,51.77365493774414,111.20271301269531,139.7557830810547,290.97943115234375,21.717876434326172,4486.22998046875,15019.7998046875
2021-08-25,144.8308563232422,37.29270553588867,62.01013946533203,51.799835205078125,111.2186279296875,142.63653564453125,290.39288330078125,22.136430740356445,4496.18994140625,15041.8603515625
2021-08-26,144.0303497314453,37.19539260864258,61.38308334350586,51.66892623901367,110.35980224609375,143.3722381591797,287.585205078125,21.991933822631836,4470.0,14945.8095703125
2021-08-27,145.06517028808594,37.593528747558594,61.84914016723633,51.51181411743164,110.86077117919922,144.5244903564453,288.19097900390625,22.5579776763916,4509.3701171875,15129.5
2021-08-30,149.47763061523438,36.859169006347656,60.730613708496094,51.60783386230469,110.51087188720703,142.21104431152344,291.9121398925781,22.60979461669922,4528.7900390625,15265.8896484375
2021-08-31,148.21832275390625,36.93881607055664,60.93397521972656,51.51181411743164,111.60032653808594,141.77670288085938,290.2678527832031,22.31177520751953,4522.68017578125,15259.240234375
2021-09-01,148.88214111328125,36.44334030151367,60.425567626953125,51.529266357421875,110.7732925415039,141.57286071777344,290.2198486328125,22.367589950561523,4524.08984375,15309.3798828125
2021-09-02,149.99501037597656,36.47890853881836,60.586570739746094,51.95693588256836,111.33787536621094,142.228759765625,289.56597900390625,22.322736740112305,4536.9501953125,15331.1796875
2021-09-03,150.62954711914062,36.50558853149414,60.30693435668945,51.860939025878906,110.99595642089844,141.36898803710938,289.5563049316406,22.76827621459961,4535.43017578125,15363.51953125
2021-09-07,152.96270751953125,36.74570083618164,60.010345458984375,51.38963317871094,109.78722381591797,141.12083435058594,288.6332702636719,22.587865829467773,4520.02978515625,15374.330078125
2021-09-08,151.42025756835938,36.26547622680664,59.34940719604492,51.2150764465332,110.27230072021484,140.49148559570312,288.6620788574219,22.26592445373535,4514.06982421875,15286.6396484375
2021-09-09,150.40501403808594,36.39887237548828,59.70530700683594,51.14524459838867,109.53276062011719,141.10305786132812,285.81597900390625,22.104455947875977,4493.27978515625,15248.25
2021-09-10,145.4263153076172,35.81193923950195,58.95116424560547,50.52557373046875,108.96021270751953,139.4810028076172,284.33526611328125,22.404468536376953,4458.580078125,15115.490234375
2021-09-13,145.99258422851562,36.40776824951172,59.75613784790039,50.708858489990234,109.85880279541016,141.6969757080078,285.5659484863281,22.07953643798828,4468.72998046875,15105.580078125
2021-09-14,144.59652709960938,35.429542541503906,58.28173828125,50.508113861083984,108.32403564453125,139.22393798828125,288.2583312988281,22.16924285888672,4443.0498046875,15037.759765625
2021-09-15,145.48492431640625,35.696319580078125,59.69681930541992,50.23754119873047,109.10336303710938,140.19009399414062,293.0948486328125,22.267921447753906,4480.7001953125,15161.5302734375
2021-09-16,145.25062561035156,35.97200393676758,59.315513610839844,50.03681182861328,108.49101257324219,140.12803649902344,293.4794006347656,22.16924285888672,4473.75,15181.919921875
2021-09-17,142.58558654785156,36.01647186279297,59.28163146972656,49.61787033081055,107.53678131103516,139.76463317871094,288.3351745605469,21.828359603881836,4432.990234375,15043.9697265625
2021-09-20,139.539794921875,34.78034591674805,57.027645111083984,48.779998779296875,106.80518341064453,135.58091735839844,282.97943115234375,21.043935775756836,4357.72998046875,14713.900390625
2021-09-21,140.01812744140625,34.79814529418945,56.72257995605469,48.23014450073242,105.73958587646484,135.5986328125,283.4601745605469,21.17650032043457,4354.18994140625,14746.400390625
2021-09-22,142.38059997558594,35.696319580078125,57.82414627075195,48.45707321166992,107.05964660644531,138.19578552246094,287.0947570800781,21.869224548339844,4395.64013671875,14896.849609375
2021-09-23,143.33726501464844,37.07474899291992,60.061180114746094,49.478233337402344,108.72958374023438,142.86697387695312,288.0370788574219,22.40845489501953,4448.97998046875,15052.240234375
2021-09-24,143.4250946044922,37.47491455078125,60.31541061401367,49.513145446777344,109.33395385742188,144.515625,287.83514404296875,22.008769989013672,4455.47998046875,15047.7001953125
2021-09-27,141.91197204589844,38.47093200683594,61.23055648803711,49.068016052246094,110.18484497070312,148.0080108642578,282.85443115234375,21.58914566040039,4443.10986328125,14969.9697265625
2021-09-28,138.53431701660156,38.38200759887695,60.476402282714844,48.45707321166992,109.31803894042969,147.21026611328125,272.6141357421875,20.631290435791016,4352.6298828125,14546.6796875
2021-09-29,139.43243408203125,38.301963806152344,60.61198043823242,48.422157287597656,110.6778793334961,147.0950469970703,273.07568359375,20.44988250732422,4359.4599609375,14512.4404296875
2021-09-30,138.13404846191406,37.75060272216797,59.468048095703125,47.50572967529297,110.47906494140625,145.09181213378906,271.07568359375,20.64823341369629,4307.5400390625,14448.580078125
2021-10-01,139.2567138671875,38.31085968017578,60.31541061401367,48.12540817260742,113.97006225585938,148.1409454345703,277.9794921875,20.67414665222168,4357.0400390625,14566.7001953125
2021-10-04,135.8302001953125,38.54207992553711,60.40861892700195,47.650909423828125,114.59825897216797,147.9813690185547,272.2198486328125,19.66745376586914,4300.4599609375,14255.48046875
2021-10-05,137.7533416748047,39.32465744018555,61.45936584472656,48.05512237548828,113.83487701416016,150.39796447753906,277.65252685546875,20.384098052978516,4345.72021484375,14433.830078125
2021-10-06,138.6221466064453,39.34245300292969,61.366127014160156,47.39610290527344,113.20663452148438,150.71900939941406,281.8351745605469,20.632286071777344,4363.5498046875,14501.91015625
2021-10-07,139.8814697265625,39.235721588134766,61.17125701904297,48.34507751464844,112.769287109375,151.6731414794922,283.50830078125,21.006061553955078,4399.759765625,14654.01953125
2021-10-08,139.50071716308594,39.43137741088867,61.30683135986328,48.39780807495117,113.89053344726562,151.78904724121094,283.50830078125,20.762855529785156,4391.33984375,14579.5400390625
2021-10-11,139.41287231445312,38.933353424072266,60.73909378051758,48.2659912109375,113.26229858398438,148.59666442871094,282.9122009277344,20.627300262451172,4361.18994140625,14486.2001953125
2021-10-12,138.14381408691406,38.71993637084961,59.85783004760742,47.69485092163086,111.7037124633789,147.4552764892578,281.6140441894531,20.60338020324707,4350.64990234375,14465.919921875
2021-10-13,137.55812072753906,38.36422348022461,59.535831451416016,47.99360656738281,111.93433380126953,143.56735229492188,284.9121398925781,20.870506286621094,4363.7998046875,14571.6396484375
2021-10-14,140.34027099609375,40.08055877685547,59.9934196472168,48.898651123046875,114.0257339477539,145.76992797851562,291.1044616699219,21.674863815307617,4438.259765625,14823.4296875
2021-10-15,141.3945770263672,41.23664093017578,61.25597381591797,48.54718017578125,114.99588775634766,148.56993103027344,292.5082702636719,21.790485382080078,4471.3701171875,14897.33984375
2021-10-18,143.0639190673828,41.1566047668457,60.679771423339844,48.49445343017578,113.17483520507812,148.51644897460938,295.4697570800781,22.149307250976562,4486.4599609375,15021.8095703125
2021-10-19,145.22132873535156,41.33446502685547,60.80686950683594,48.97773361206055,112.90448760986328,150.31771850585938,296.3736572265625,22.217086791992188,4519.6298828125,15129.08984375
2021-10-20,145.70945739746094,41.87693786621094,60.85771942138672,49.381927490234375,112.84085083007812,152.34190368652344,295.58514404296875,22.03070068359375,4536.18994140625,15121.6796875
2021-10-21,145.9242401123047,41.64571762084961,59.74767303466797,48.93379211425781,102.04979705810547,151.14700317382812,298.8063659667969,22.617765426635742,4549.77978515625,15215.7001953125
2021-10-22,145.15304565429688,42.303794860839844,60.476402282714844,48.42416763305664,101.69194030761719,153.18011474609375,297.2678527832031,22.651653289794922,4544.89990234375,15090.2001953125
2021-10-25,145.10418701171875,42.25043869018555,60.01883316040039,48.450523376464844,101.5011215209961,152.43109130859375,296.2774353027344,23.090219497680664,4566.47998046875,15226.7099609375
2021-10-26,145.76803588867188,42.65062713623047,59.86630630493164,49.039241790771484,101.09555053710938,152.84127807617188,298.18121337890625,24.636138916015625,4574.7900390625,15235.7099609375
2021-10-27,145.30918884277344,41.83246994018555,59.578189849853516,49.364349365234375,99.53691101074219,149.65789794921875,310.73895263671875,24.371013641357422,4551.68017578125,15235.83984375
2021-10-28,148.94073486328125,42.49054718017578,60.061180114746094,49.41707229614258,100.0697250366211,151.91392517089844,311.87353515625,24.85940933227539,4596.419921875,15448.1201171875
2021-10-29,146.23660278320312,42.49054718017578,59.02845764160156,49.17982864379883,99.48126220703125,151.49478149414062,318.8638916015625,25.48336410522461,4605.3798828125,15498.3896484375
2021-11-01,145.4165802001953,42.55279541015625,59.41254425048828,49.2940559387207,100.41960144042969,151.41455078125,316.7004699707031,25.742515563964844,4613.669921875,15595.919921875
2021-11-02,146.45140075683594,42.57948303222656,58.55048370361328,50.62964630126953,100.34010314941406,152.01199340820312,320.31585693359375,26.314634323120117,4630.64990234375,15649.599609375
2021-11-03,147.8864288330078,43.015235900878906,58.89189529418945,50.656009674072266,101.09555053710938,152.06549072265625,321.15228271484375,26.510990142822266,4660.56982421875,15811.580078125
2021-11-04,147.36898803710938,42.09036636352539,57.18488311767578,50.190311431884766,100.52227783203125,150.06797790527344,323.49847412109375,29.70351219177246,4680.06005859375,15940.3095703125
2021-11-05,147.89697265625,41.77022171020508,57.17634201049805,50.14637756347656,102.81804656982422,149.85400390625,323.1331481933594,29.65467643737793,4697.52978515625,15971.58984375
2021-11-08,147.07571411132812,42.09925079345703,58.422462463378906,50.08485794067383,103.59159088134766,150.75462341308594,324.02734375,30.703235626220703,4701.7001953125,15982.3603515625
2021-11-09,147.43743896484375,41.690189361572266,58.02983856201172,50.471500396728516,101.8636703491211,149.6132354736328,323.0273742675781,30.55670928955078,4685.25,15886.5400390625
2021-11-10,144.61209106445312,42.001441955566406,58.217628479003906,50.761451721191406,101.33264923095703,149.47059631347656,318.075439453125,29.36263084411621,4646.7099609375,15622.7099609375
2021-11-11,144.5631866455078,42.23265075683594,58.78093338012695,49.87397766113281,101.37479400634766,149.46168518066406,319.6427001953125,30.290586471557617,4649.27001953125,15704.2802734375
2021-11-12,146.63577270507812,41.71686553955078,59.02845764160156,49.92670822143555,100.27059173583984,148.79286193847656,323.76776123046875,30.290586471557617,4682.85009765625,15860.9599609375
2021-11-15,146.64556884765625,41.84136199951172,58.66998291015625,50.322113037109375,100.19473266601562,148.52537536621094,323.1427307128906,29.926782608032227,4682.7998046875,15853.849609375
2021-11-16,147.62319946289062,41.868045806884766,57.81645965576172,50.08485794067383,99.8491439819336,147.4552764892578,326.4504089355469,30.104198455810547,4700.89990234375,15973.8603515625
2021-11-17,150.05752563476562,41.361148834228516,57.05686950683594,49.87397766113281,99.5119857788086,146.66165161132812,326.67193603515625,29.165283203125,4688.669921875,15921.5703125
2021-11-18,154.33953857421875,41.192169189453125,57.27876663208008,47.12370681762695,98.33195495605469,145.39537048339844,328.7430114746094,31.571380615234375,4704.5400390625,15993.7099609375
2021-11-19,156.95965576171875,40.374027252197266,56.62156677246094,46.789817810058594,97.81777954101562,143.4960479736328,330.51544189453125,32.87709426879883,4697.9599609375,16057.4404296875
2021-11-22,157.41912841796875,41.1566047668457,57.219017028808594,47.976036071777344,98.17176818847656,146.5546417236328,327.3558349609375,31.851465225219727,4682.93994140625,15854.759765625
2021-11-23,157.8004150390625,42.241546630859375,58.09812545776367,48.59111404418945,98.4415283203125,150.05911254882812,325.2847900390625,31.64215087890625,4690.7001953125,15775.1396484375
2021-11-24,158.3185577392578,42.35715866088867,57.423858642578125,48.80199432373047,98.39095306396484,148.8820343017578,325.50640869140625,32.56711959838867,4701.4599609375,15845.23046875
2021-11-26,153.30331420898438,40.69416809082031,55.90462875366211,48.037532806396484,97.61546325683594,144.3966827392578,317.5784606933594,31.399948120117188,4594.6201171875,15491.66015625
2021-11-29,156.65655517578125,40.542999267578125,55.51201629638672,48.995304107666016,99.88285827636719,143.7724609375,324.27337646484375,33.26682662963867,4655.27001953125,15782.830078125
2021-11-30,161.60342407226562,39.5469856262207,54.36832046508789,48.18692398071289,98.70280456542969,141.63232421875,318.45501708984375,32.56911087036133,4567.0,15537.6904296875
2021-12-01,161.0852813720703,38.98672866821289,53.36117935180664,48.35386657714844,98.55108642578125,140.79409790039062,317.9638366699219,31.33600616455078,4513.0400390625,15254.0498046875
2021-12-02,160.0978546142578,40.11262512207031,54.46220016479492,49.337989807128906,98.53423309326172,143.75462341308594,317.39544677734375,32.02482986450195,4577.10009765625,15381.3203125
2021-12-03,158.22079467773438,39.20117950439453,53.56601333618164,49.40828323364258,100.16944122314453,141.15081787109375,311.1532897949219,30.596343994140625,4538.43017578125,15085.4697265625
2021-12-06,161.6229705810547,39.45138931274414,53.36117935180664,50.049720764160156,101.07135772705078,142.81829833984375,314.21661376953125,29.94240379333496,4591.669921875,15225.150390625
2021-12-07,167.35189819335938,39.951786041259766,53.685508728027344,51.033851623535156,102.47896575927734,144.96739196777344,322.6260681152344,32.32487487792969,4686.75,15686.919921875
2021-12-08,171.16473388671875,39.46031951904297,53.30996322631836,50.10244369506836,103.69273376464844,143.30877685546875,322.67425537109375,31.725778579711914,4701.2099609375,15786.990234375
2021-12-09,170.65634155273438,39.75519943237305,53.036842346191406,50.568145751953125,104.15632629394531,143.0858154296875,320.8729553222656,30.393980026245117,4667.4501953125,15517.3701171875
2021-12-10,175.43699645996094,39.782005310058594,51.81632995605469,52.06190872192383,104.59463500976562,142.51513671875,329.9664001464844,30.102907180786133,4712.02001953125,15630.599609375
2021-12-13,171.8099365234375,38.942047119140625,51.36397171020508,51.49955368041992,103.32185363769531,140.8208465576172,326.94171142578125,28.07231330871582,4668.97021484375,15413.2802734375
2021-12-14,170.4314727783203,39.433509826660156,51.75658416748047,50.761451721191406,104.31646728515625,141.89984130859375,316.28765869140625,28.247758865356445,4634.08984375,15237.6396484375
2021-12-15,175.29034423828125,39.26373291015625,51.41518020629883,52.6594123840332,103.76861572265625,140.8386993408203,322.3659973144531,30.363080978393555,4709.85009765625,15565.580078125
2021-12-16,168.4077911376953,40.2109260559082,52.12358856201172,52.993309020996094,106.14555358886719,143.04124450683594,312.9738464355469,28.29759979248047,4668.669921875,15180.4296875
2021-12-17,167.31277465820312,39.21011734008789,50.81772994995117,53.12510681152344,107.38460540771484,139.78643798828125,311.9143371582031,27.71345329284668,4620.64013671875,15169.6796875
2021-12-20,165.9539031982422,38.56674575805664,49.7423095703125,53.0372428894043,107.09801483154297,137.2718048095703,308.1670837402344,27.631710052490234,4568.02001953125,14980.9404296875
2021-12-21,169.1214599609375,39.48712158203125,50.68116760253906,53.625953674316406,108.70796966552734,139.18899536132812,315.2762451171875,28.983436584472656,4649.22998046875,15341.08984375
2021-12-22,171.71217346191406,39.56755447387695,50.86893844604492,54.0652961730957,109.36540985107422,139.7329559326172,320.96923828125,29.30741310119629,4696.56005859375,15521.8896484375
2021-12-23,172.337890625,39.69264602661133,51.38957214355469,54.72431182861328,110.1071548461914,140.23231506347656,322.40460205078125,29.54665756225586,4725.7900390625,15653.3701171875
2021-12-27,176.2973175048828,39.889244079589844,51.76512145996094,55.72600555419922,110.94161224365234,141.0348663330078,329.8797302246094,30.84754753112793,4791.18994140625,15871.259765625
2021-12-28,175.28053283691406,39.942848205566406,51.73952102661133,55.822662353515625,111.79296875,141.46290588378906,328.7237854003906,30.226511001586914,4786.35009765625,15781.7197265625
2021-12-29,175.36854553222656,39.88029479980469,51.67123794555664,56.20050048828125,112.39984130859375,141.39158630371094,329.39813232421875,29.90652084350586,4793.06005859375,15766.2197265625
2021-12-30,174.21490478515625,39.79094696044922,51.57735824584961,55.90174865722656,112.87184143066406,141.3202667236328,326.8645935058594,29.492834091186523,4778.72998046875,15741.5595703125
2021-12-31,173.59902954101562,39.75519943237305,51.543212890625,55.682071685791016,112.6611328125,141.20433044433594,323.97479248046875,29.318378448486328,4766.18017578125,15644.9697265625
2022-01-03,177.93972778320312,41.26533889770508,53.856204986572266,55.497554779052734,114.66720581054688,144.19155883789062,322.4623718261719,30.026142120361328,4796.56005859375,15832.7998046875
2022-01-04,175.68138122558594,42.88271713256836,54.27443313598633,54.13640594482422,116.33614349365234,149.65789794921875,316.9330749511719,29.1977596282959,4793.5400390625,15622.7197265625
2022-01-05,171.00827026367188,42.15891647338867,53.642826080322266,53.27906036376953,116.50472259521484,146.9217987060547,304.7667236328125,27.51706886291504,4700.580078125,15100.169921875
2022-01-06,168.15357971191406,43.0078125,55.401058197021484,53.8447265625,114.0771713256836,148.48269653320312,302.3584899902344,28.089256286621094,4696.0498046875,15080.8603515625
2022-01-07,168.31973266601562,43.946075439453125,56.14360809326172,54.03034973144531,113.64732360839844,149.9539031982422,302.51251220703125,27.161191940307617,4677.02978515625,14935.900390625
2022-01-10,168.33937072753906,43.72267532348633,56.356990814208984,54.64020919799805,113.8158950805664,150.09739685058594,302.73406982421875,27.313711166381836,4670.2900390625,14942.830078125
2022-01-11,171.16473388671875,43.972877502441406,57.27876663208008,55.126319885253906,111.9952392578125,150.2499237060547,303.4180908203125,27.729398727416992,4713.06982421875,15153.4501953125
2022-01-12,171.6046600341797,43.66012954711914,57.423858642578125,54.90536117553711,112.60212707519531,151.10211181640625,306.5872802734375,27.910823822021484,4726.35009765625,15188.3896484375
2022-01-13,168.33937072753906,43.570762634277344,57.850608825683594,54.35737228393555,113.58830261230469,150.91375732421875,293.61175537109375,26.49131202697754,4659.02978515625,14806.8095703125
2022-01-14,169.19964599609375,42.81122970581055,57.12513732910156,54.23363494873047,113.1247329711914,141.6380615234375,298.81353759765625,26.85715675354004,4662.85009765625,14893.75
2022-01-18,166.00277709960938,41.336830139160156,55.73392105102539,52.792938232421875,112.05422973632812,135.69947814941406,291.5407409667969,25.821426391601562,4577.10986328125,14506.900390625
2022-01-19,162.51263427734375,41.4976806640625,54.82920837402344,52.059329986572266,110.90792083740234,133.60031127929688,292.19573974609375,24.988059997558594,4532.759765625,14340.259765625
2022-01-20,160.8310546875,40.881103515625,55.0169792175293,51.33457565307617,110.2673110961914,132.46104431152344,290.5292053222656,24.073944091796875,4482.72998046875,14154.01953125
2022-01-21,158.7780303955078,40.139427185058594,54.00130081176758,50.097164154052734,109.02825927734375,130.14662170410156,285.1636962890625,23.300390243530273,4397.93994140625,13768.919921875
2022-01-24,158.00570678710938,39.80882263183594,53.51479721069336,50.291622161865234,108.58152770996094,130.02999877929688,285.4912109375,23.298398971557617,4410.1298828125,13855.1298828125
2022-01-25,156.2068634033203,40.595157623291016,54.71824645996094,49.59336471557617,114.7177963256836,131.44735717773438,277.9003601074219,22.253698348999023,4356.4501953125,13539.2900390625
2022-01-26,156.11883544921875,41.015140533447266,55.264495849609375,48.90395736694336,113.16687774658203,132.6942901611328,285.81866455078125,22.70028305053711,4349.93017578125,13542.1201171875
2022-01-27,155.65936279296875,40.63090896606445,54.75238037109375,48.27641677856445,111.7002182006836,130.35293579101562,288.8338623046875,21.87489128112793,4326.509765625,13352.7802734375
2022-01-28,166.52093505859375,40.98834228515625,55.21328353881836,49.15144348144531,113.36914825439453,131.51910400390625,296.9447937011719,22.7680721282959,4431.85009765625,13770.5703125
2022-01-31,170.8714141845703,41.22959518432617,55.580291748046875,49.20446014404297,112.58527374267578,133.3043212890625,299.56488037109375,24.408884048461914,4515.5498046875,14239.8798828125
2022-02-01,170.70526123046875,41.9444580078125,56.809329986572266,48.93931198120117,114.23733520507812,135.59181213378906,297.4263916015625,24.560413360595703,4546.5400390625,14346.0
2022-02-02,171.90768432617188,41.899784088134766,56.527687072753906,49.64639663696289,115.68714141845703,134.50636291503906,301.9538879394531,25.162511825561523,4589.3798828125,14417.5498046875
2022-02-03,169.033447265625,41.48873519897461,55.69978332519531,48.789058685302734,116.13383483886719,133.3939971923828,290.1920471191406,23.872583389282227,4477.43994140625,13878.8203125
2022-02-04,168.74957275390625,43.1418571472168,56.843894958496094,48.744869232177734,115.60282897949219,136.85665893554688,294.7099304199219,24.242414474487305,4500.52978515625,14098.009765625
2022-02-07,168.03500366210938,43.347381591796875,57.084747314453125,48.762535095214844,115.6786880493164,137.31419372558594,289.90301513671875,24.650129318237305,4483.8701171875,14015.669921875
2022-02-08,171.13803100585938,44.12479019165039,57.73851776123047,48.91279983520508,115.49324798583984,139.8977813720703,293.38055419921875,25.0289306640625,4521.5400390625,14194.4501953125
2022-02-09,172.55743408203125,44.035430908203125,58.357887268066406,49.752464294433594,116.14228820800781,140.4808349609375,299.7864074707031,26.62090301513672,4587.18017578125,14490.3701171875
2022-02-10,168.4852752685547,43.82990264892578,58.065406799316406,48.497379302978516,113.89875793457031,139.8977813720703,291.280517578125,25.74267578125,4504.080078125,14185.6396484375
2022-02-11,165.07875061035156,42.820159912109375,57.76432800292969,47.64003372192383,113.19071960449219,138.07664489746094,284.2099609375,23.873579025268555,4418.64013671875,13791.150390625
2022-02-14,165.31369018554688,42.373374938964844,57.17076873779297,47.003662109375,111.02398681640625,136.79388427734375,284.1714782714844,24.190582275390625,4401.669921875,13790.919921875
2022-02-15,169.14112854003906,42.70399856567383,57.63529968261719,47.96706771850586,110.84485626220703,138.79434204101562,289.440673828125,26.41156578063965,4471.06982421875,14139.759765625
2022-02-16,168.90621948242188,42.6057014465332,57.592281341552734,47.949398040771484,110.19654846191406,139.04551696777344,289.1028137207031,26.42751121520996,4475.009765625,14124.08984375
2022-02-17,165.31369018554688,41.16704559326172,55.665374755859375,49.2928581237793,106.60521697998047,135.84300231933594,280.6372985839844,24.42982292175293,4380.259765625,13716.7197265625
2022-02-18,163.76705932617188,41.068756103515625,55.175045013427734,50.56561279296875,106.07630920410156,136.4799346923828,277.93450927734375,23.56754493713379,4348.8701171875,13548.0703125
2022-02-22,160.8499755859375,40.711326599121094,54.959983825683594,49.761295318603516,105.70951843261719,136.23768615722656,277.73175048828125,23.316341400146484,4304.759765625,13381.51953125
2022-02-23,156.6897430419922,40.01433181762695,54.383636474609375,48.11732482910156,104.13137817382812,133.3850555419922,270.5404052734375,22.316495895385742,4225.5,13037.490234375
2022-02-24,159.30335998535156,38.95991897583008,52.19004821777344,48.37363815307617,104.04605865478516,129.6711883544922,284.36328125,23.6732120513916,4288.7001953125,13473.58984375
2022-02-25,161.3688201904297,40.22879409790039,53.31694412231445,49.531494140625,105.93130493164062,132.73915100097656,286.9888916015625,24.08092498779297,4384.64990234375,13694.6201171875
2022-02-28,161.6331024169922,39.496055603027344,50.95132064819336,49.2928581237793,104.5067138671875,127.20423889160156,288.41748046875,24.308204650878906,4373.93994140625,13751.400390625
2022-03-01,159.75364685058594,37.950172424316406,50.40077209472656,48.27641677856445,103.51718139648438,122.40489196777344,284.7108154296875,23.40306854248047,4306.259765625,13532.4599609375
2022-03-02,163.04269409179688,38.56674575805664,51.235198974609375,49.62872314453125,105.65830993652344,124.9436264038086,289.7688903808594,24.147842407226562,4386.5400390625,13752.01953125
2022-03-03,162.71966552734375,38.1536865234375,49.56636428833008,49.558006286621094,107.42413330078125,124.05551147460938,285.6471252441406,23.643348693847656,4363.490234375,13537.9404296875
2022-03-04,159.72427368164062,36.770851135253906,48.68031692504883,49.94690704345703,108.01274108886719,120.56591796875,279.7974548339844,22.867664337158203,4328.8701171875,13313.4404296875
2022-03-07,155.9359893798828,34.427207946777344,47.78567886352539,49.13376235961914,107.5435791015625,115.91014862060547,269.2276306152344,21.28838539123535,4201.08984375,12830.9599609375
2022-03-08,154.11529541015625,34.65170669555664,47.20071792602539,48.08197784423828,107.21086120605469,115.09381103515625,266.2738342285156,21.44990348815918,4170.7001953125,12795.5498046875
2022-03-09,159.50889587402344,36.8516731262207,48.12977600097656,49.42543029785156,107.67152404785156,119.70475769042969,278.4847106933594,22.9454345703125,4277.8798828125,13255.5498046875
2022-03-10,155.1724853515625,36.51942825317383,47.20932388305664,48.35596466064453,106.07630920410156,118.28736114501953,275.6757507324219,22.590492248535156,4259.52001953125,13129.9599609375
2022-03-11,151.46249389648438,36.21413040161133,46.589962005615234,48.338287353515625,105.74362182617188,115.62308502197266,270.3473205566406,22.034164428710938,4204.31005859375,12843.8095703125
2022-03-14,147.43930053710938,36.99533462524414,46.65017318725586,47.99358367919922,105.72657775878906,116.77133178710938,266.8433532714844,21.26645278930664,4173.10986328125,12581.2197265625
2022-03-15,151.8148956298828,37.26472473144531,47.40717697143555,49.14259338378906,107.17676544189453,118.84355163574219,277.18157958984375,22.904556274414062,4262.4501953125,12948.6201171875
2022-03-16,156.2198944091797,38.43204879760742,48.8609619140625,49.32821273803711,108.37101745605469,124.15419006347656,284.1702575683594,24.423023223876953,4357.85986328125,13436.5498046875
2022-03-17,157.22813415527344,38.63857650756836,49.28248596191406,49.64639663696289,109.15582275390625,125.72405242919922,284.971435546875,24.692211151123047,4411.669921875,13614.7802734375
2022-03-18,160.5171661376953,38.5218505859375,49.33409118652344,49.469627380371094,109.8382568359375,125.67921447753906,290.00054931640625,26.374187469482422,4463.1201171875,13893.83984375
2022-03-21,161.88763427734375,38.46796417236328,49.015811920166016,49.49613952636719,109.27523803710938,125.27552795410156,288.7745361328125,26.65435028076172,4461.18017578125,13838.4599609375
2022-03-22,165.2550048828125,39.67121505737305,49.4631233215332,49.64639663696289,110.09417724609375,127.93982696533203,293.5044860839844,26.444976806640625,4511.60986328125,14108.8203125
2022-03-23,166.6156005859375,38.69245910644531,48.4738655090332,48.15267562866211,109.44584655761719,125.39212799072266,289.0931701660156,25.55763053894043,4456.240234375,13922.599609375
2022-03-24,170.39413452148438,38.67449188232422,48.5340690612793,48.17036056518555,110.25624084472656,126.20848083496094,293.5431823730469,28.066129684448242,4520.16015625,14191.83984375
2022-03-25,171.0303955078125,39.26713562011719,48.809356689453125,48.58577346801758,112.04765319824219,127.31185913085938,293.1377258300781,27.6094970703125,4543.06005859375,14169.2998046875
2022-03-28,171.8917999267578,39.105506896972656,48.103965759277344,48.736026763916016,112.15001678466797,126.36994934082031,299.91400146484375,28.134923934936523,4575.52001953125,14354.900390625
2022-03-29,175.18084716796875,39.006736755371094,48.577091217041016,49.20446014404297,112.55093383789062,126.64805603027344,304.4605407714844,28.570619583129883,4631.60009765625,14619.6396484375
2022-03-30,174.01597595214844,38.61163330078125,47.2867431640625,49.54033660888672,112.71302795410156,126.07390594482422,302.9642639160156,27.607505798339844,4602.4501953125,14442.26953125
2022-03-31,170.9227294921875,37.0132942199707,45.93619155883789,49.28401565551758,110.91310119628906,122.28831481933594,297.60699462890625,27.20470428466797,4530.41015625,14220.51953125
2022-04-01,170.62904357910156,36.725955963134766,45.015750885009766,49.19562530517578,111.02398681640625,121.38226318359375,298.678466796875,26.632410049438477,4545.85986328125,14261.5
2022-04-04,174.6718292236328,36.6630973815918,45.42005920410156,49.381248474121094,111.12637329101562,121.9205093383789,304.0357666015625,27.27848243713379,4582.64013671875,14532.5498046875
2022-04-05,171.3631591796875,36.04351043701172,44.370574951171875,48.873992919921875,109.94915771484375,120.50164794921875,300.0877685546875,25.853736877441406,4525.1201171875,14204.169921875
2022-04-06,168.201416015625,35.648414611816406,43.46733093261719,48.3845329284668,110.37567138671875,118.82979583740234,289.1028137207031,24.33428192138672,4481.14990234375,13888.8203125
2022-04-07,168.50485229492188,35.37006378173828,43.0372200012207,48.61591339111328,109.65911865234375,118.46829986572266,290.90789794921875,24.135875701904297,4500.2099609375,13897.2998046875
2022-04-08,166.49815368652344,35.62147903442383,43.76841354370117,48.304443359375,108.95962524414062,120.63720703125,286.6606140136719,23.050121307373047,4488.27978515625,13711.0
2022-04-11,162.24978637695312,35.549652099609375,43.48453903198242,47.058570861816406,107.79946899414062,120.19439697265625,275.3571472167969,21.851694107055664,4412.52978515625,13411.9599609375
2022-04-12,164.1194610595703,35.17250442504883,43.303890228271484,46.115257263183594,107.46678924560547,118.8749771118164,272.2682189941406,21.439931869506836,4397.4501953125,13371.5703125
2022-04-13,166.80160522460938,34.85823440551758,43.14045333862305,46.408935546875,107.60328674316406,115.04322052001953,277.63519287109375,22.13684844970703,4446.58984375,13643.58984375
2022-04-14,161.7995147705078,33.73580551147461,43.81142807006836,45.53681182861328,107.96156311035156,113.97683715820312,270.1156311035156,21.194664001464844,4392.58984375,13351.080078125
2022-04-18,161.58416748046875,34.88517379760742,44.99854278564453,45.483421325683594,107.62887573242188,116.0915298461914,270.7817687988281,21.718097686767578,4391.68994140625,13332.3603515625
2022-04-19,163.86495971679688,35.53168869018555,45.52327346801758,46.12416076660156,110.17094421386719,118.49540710449219,275.3957214355469,22.13186264038086,4462.2099609375,13619.66015625
2022-04-20,163.69851684570312,35.61249542236328,45.678123474121094,47.18315124511719,117.9933853149414,118.9111328125,276.4189453125,21.417997360229492,4459.4501953125,13453.0703125
2022-04-21,162.90565490722656,34.93904113769531,45.27381134033203,46.96958541870117,119.2985610961914,117.98931884765625,271.0616455078125,20.122867584228516,4393.66015625,13174.650390625
2022-04-22,158.37342834472656,33.72682571411133,44.069496154785156,45.70589828491211,117.93365478515625,114.60040283203125,264.5170593261719,19.45685577392578,4271.77978515625,12839.2900390625
2022-04-25,159.4403839111328,33.48436737060547,43.98347473144531,46.222049713134766,118.65875244140625,114.56424713134766,270.97479248046875,19.84270477294922,4296.1201171875,13004.849609375
2022-04-26,153.48880004882812,32.7301025390625,43.209266662597656,45.29655075073242,116.17637634277344,111.17529296875,260.8393249511719,18.732025146484375,4175.2001953125,12490.740234375
2022-04-27,153.263671875,32.55051040649414,42.66732406616211,43.8815803527832,115.21244049072266,109.72935485839844,273.3879699707031,18.360136032104492,4183.9599609375,12488.9296875
2022-04-28,160.18435668945312,33.053367614746094,43.028621673583984,45.05626678466797,115.79252624511719,111.46448516845703,279.575439453125,19.723064422607422,4287.5,12871.5302734375
2022-04-29,154.3208465576172,32.03868103027344,41.898799896240234,43.58791732788086,112.7812728881836,107.86770629882812,267.8858337402344,18.491741180419922,4131.93017578125,12334.6396484375
2022-05-02,154.62435913085938,32.45173263549805,42.333343505859375,44.37103271484375,113.48930358886719,108.85274505615234,274.59466552734375,19.474803924560547,4155.3798828125,12536.01953125
2022-05-03,156.11221313476562,33.34070587158203,43.5413818359375,44.4244270324707,113.04570770263672,111.18434143066406,271.9980163574219,19.543598175048828,4175.47998046875,12563.759765625
2022-05-04,162.51409912109375,34.67864990234375,45.392547607421875,45.90167999267578,117.20856475830078,114.86248016357422,279.913330078125,20.273420333862305,4300.169921875,12964.8603515625
2022-05-05,153.45945739746094,33.708858489990234,44.59297561645508,44.148555755615234,115.9460678100586,111.9886474609375,267.7218017578125,18.787860870361328,4146.8701171875,12317.6904296875
2022-05-06,154.1848602294922,33.62803649902344,44.86240005493164,43.89937973022461,117.43891143798828,111.80789184570312,265.1927795410156,18.61935806274414,4123.33984375,12144.66015625
2022-05-09,149.06761169433594,32.65825653076172,43.3588752746582,43.57011413574219,116.07474517822266,110.12698364257812,255.3950653076172,16.899499893188477,3991.239990234375,11623.25
2022-05-10,151.46939086914062,32.11051559448242,42.36811065673828,44.09516906738281,111.49012756347656,107.44296264648438,260.14422607421875,17.54257583618164,4001.050048828125,11737.669921875
2022-05-11,143.61703491210938,31.939905166625977,41.420806884765625,43.29423522949219,112.88883209228516,106.76516723632812,251.50498962402344,16.58045196533203,3935.179931640625,11364.240234375
2022-05-12,139.7545623779297,31.490936279296875,40.46480178833008,42.97386932373047,114.74510955810547,106.67479705810547,246.4855194091797,16.126802444458008,3930.080078125,11370.9599609375
2022-05-13,144.21499633789062,31.580726623535156,41.403419494628906,44.104061126708984,115.3495101928711,107.6236801147461,252.05519104003906,17.65324592590332,4023.889892578125,11805.0
2022-05-16,142.67588806152344,31.25747299194336,41.246986389160156,43.6057014465332,116.58413696289062,106.87360382080078,252.42196655273438,17.21256446838379,4008.010009765625,11662.7900390625
2022-05-17,146.30313110351562,32.31705093383789,44.36701202392578,45.02956771850586,119.46785736083984,110.41617584228516,257.55731201171875,18.122844696044922,4088.85009765625,11984.51953125
2022-05-18,138.04879760742188,31.320327758789062,42.86349105834961,43.03616714477539,114.77964782714844,108.52741241455078,245.83084106445312,16.88753318786621,3923.679931640625,11418.150390625
2022-05-19,134.64706420898438,30.934207916259766,43.26327133178711,37.12715148925781,111.94772338867188,106.91877746582031,244.92132568359375,17.072982788085938,3900.7900390625,11388.5
2022-05-20,134.88232421875,30.404417037963867,43.237205505371094,38.21284103393555,110.92890930175781,106.04219055175781,244.3601837158203,16.644262313842773,3901.360107421875,11354.6201171875
2022-05-23,140.29373168945312,32.20928192138672,45.86185073852539,38.57770538330078,113.2514419555664,112.6031723022461,252.18753051757812,16.847652435302734,3973.75,11535.26953125
2022-05-24,137.59783935546875,32.011749267578125,45.783626556396484,38.95146560668945,115.52215576171875,114.19371032714844,251.19094848632812,16.10586929321289,3941.47998046875,11264.4501953125
2022-05-25,137.7547149658203,32.182350158691406,45.8010139465332,39.1561393737793,116.03157043457031,114.98899841308594,253.99679565429688,16.92443084716797,3978.72998046875,11434.740234375
2022-05-26,140.9505157470703,32.92763900756836,47.0090446472168,40.03715515136719,118.1900863647461,116.97718048095703,257.2670593261719,17.797809600830078,4057.840087890625,11740.650390625
2022-05-27,146.6952362060547,33.2419319152832,46.600582122802734,40.59780502319336,120.24492645263672,118.6309814453125,264.3687438964844,18.75495719909668,4158.240234375,12131.1298828125
2022-05-31,145.91094970703125,33.40355682373047,46.418060302734375,40.090553283691406,119.87367248535156,119.49855041503906,263.0432434082031,18.61637306213379,4132.14990234375,12081.3896484375
2022-06-01,145.78350830078125,32.92763900756836,45.531593322753906,40.250736236572266,120.3830795288086,117.40190887451172,263.5753479003906,18.265419006347656,4101.22998046875,11994.4599609375
2022-06-02,148.23434448242188,33.14439392089844,45.56636428833008,40.74909210205078,121.00473022460938,119.29068756103516,265.66522216796875,19.533626556396484,4176.81982421875,12316.900390625
2022-06-03,142.51905822753906,32.683807373046875,44.61036682128906,40.26853561401367,121.89400482177734,117.62784576416016,261.2532653808594,18.664226531982422,4108.5400390625,12012.73046875
2022-06-06,143.26409912109375,32.64768600463867,44.67119598388672,40.3397331237793,123.36178588867188,117.2392578125,260.0245361328125,18.73002815246582,4121.43017578125,12061.3701171875
2022-06-07,145.78350830078125,32.82829666137695,45.27956008911133,40.55331039428711,123.27544403076172,117.54651641845703,263.65277099609375,18.869611740112305,4160.68017578125,12175.23046875
2022-06-08,145.04830932617188,32.412879943847656,44.67988967895508,39.9748649597168,121.59183502197266,115.6758041381836,261.63067626953125,18.596376419067383,4115.77001953125,12086.26953125
2022-06-09,139.83299255371094,31.166576385498047,43.42840576171875,39.38751983642578,119.11389923095703,113.24481201171875,256.1930847167969,17.998035430908203,4017.820068359375,11754.23046875
2022-06-10,134.43142700195312,29.956396102905273,41.46424865722656,38.702293395996094,117.58564758300781,108.0394058227539,244.77622985839844,16.927011489868164,3900.860107421875,11340.01953125
2022-06-13,129.28469848632812,28.917810440063477,39.70869827270508,38.47982406616211,116.65320587158203,104.82217407226562,234.3945770263672,15.603680610656738,3749.6298828125,10809.23046875
2022-06-14,130.1474151611328,28.412059783935547,39.9433479309082,38.18614196777344,117.17987823486328,103.07799530029297,236.55218505859375,15.792157173156738,3735.47998046875,10828.349609375
2022-06-15,132.7648162841797,28.944900512695312,41.35127639770508,38.97815704345703,118.33683013916016,104.29803466796875,243.58616638183594,16.481246948242188,3789.989990234375,11099.150390625
2022-06-16,127.50054168701172,28.764280319213867,40.7515983581543,38.55101013183594,117.13668823242188,102.50865173339844,237.01658630371094,15.557807922363281,3666.77001953125,10646.099609375
2022-06-17,128.9709930419922,28.827495574951172,40.4300422668457,38.61329650878906,116.57551574707031,102.14716339111328,239.60955810546875,15.836034774780273,3674.840087890625,10798.349609375
2022-06-21,133.19622802734375,29.667390823364258,41.68152618408203,39.28073501586914,119.01891326904297,104.6775894165039,245.5018768310547,16.520137786865234,3764.7900390625,11069.2998046875
2022-06-22,132.6864471435547,29.441612243652344,41.02102279663086,38.77348327636719,118.3541030883789,104.09015655517578,244.91165161132812,16.31470489501953,3759.889892578125,11053.080078125
2022-06-23,135.54896545410156,28.971996307373047,40.282283782958984,38.20394515991211,119.52832794189453,102.95146942138672,250.45562744140625,16.180078506469727,3795.72998046875,11232.1904296875
2022-06-24,138.8722381591797,29.17971420288086,41.594627380371094,39.245140075683594,122.6538314819336,106.02410888671875,259.0086669921875,17.078584671020508,3911.739990234375,11607.6201171875
2022-06-27,138.8722381591797,29.215835571289062,41.56855392456055,38.95146560668945,123.29271697998047,105.17462921142578,256.2898254394531,16.822294235229492,3900.110107421875,11524.5498046875
2022-06-28,134.73529052734375,29.13455581665039,41.02971649169922,38.31962585449219,122.48110961914062,104.66854858398438,248.15292358398438,15.937753677368164,3821.550048828125,11181.5400390625
2022-06-29,136.49008178710938,28.77330780029297,40.934112548828125,38.15944290161133,121.48821258544922,104.19861602783203,251.81024169921875,15.498970985412598,3818.830078125,11177.8896484375
2022-06-30,134.02944946289062,28.11403465270996,39.96942901611328,37.945858001708984,121.90264129638672,101.7676010131836,248.4915008544922,15.117033958435059,3785.3798828125,11028.740234375
2022-07-01,136.19598388671875,28.50237274169922,40.73421859741211,37.91026306152344,121.84221649169922,103.06896209716797,251.1522216796875,14.482792854309082,3825.330078125,11127.849609375
2022-07-05,138.77423095703125,28.213375091552734,40.508262634277344,37.67680358886719,118.82034301757812,102.67691802978516,254.3161163330078,14.92257022857666,3831.389892578125,11322.240234375
2022-07-06,140.10740661621094,27.978565216064453,40.108482360839844,38.3322868347168,119.21749877929688,102.0113754272461,257.5669250488281,15.088112831115723,3845.080078125,11361.849609375
2022-07-07,143.469970703125,28.77330780029297,40.78636169433594,38.80819320678711,121.59183502197266,104.5915298461914,259.6858825683594,15.814093589782715,3902.6201171875,11621.349609375
2022-07-08,144.14634704589844,28.710094451904297,40.69076919555664,38.96083450317383,121.28099060058594,104.26332092285156,258.9698791503906,15.794150352478027,3899.3798828125,11635.3095703125
2022-07-11,142.01905822753906,28.412059783935547,40.14323806762695,38.83512496948242,121.73859405517578,102.8957290649414,255.9222412109375,15.1100492477417,3854.429931640625,11372.599609375
2022-07-12,142.98959350585938,28.321748733520508,40.09109878540039,38.48493957519531,120.16722869873047,102.99601745605469,245.43414306640625,15.040242195129395,3818.800048828125,11264.73046875
2022-07-13,142.6268768310547,27.852128982543945,39.5435676574707,38.34127426147461,118.44042205810547,102.02960968017578,244.51498413085938,15.122014999389648,3801.780029296875,11247.580078125
2022-07-14,145.54823303222656,27.210914611816406,38.36160659790039,38.00904846191406,120.06361389160156,98.4648208618164,245.83084106445312,15.32944107055664,3790.3798828125,11251.1904296875
2022-07-15,147.2147674560547,29.125524520874023,43.43709182739258,38.673500061035156,120.80613708496094,102.97777557373047,248.38511657714844,15.718361854553223,3863.159912109375,11452.419921875
2022-07-18,144.17579650878906,29.13455581665039,43.51531219482422,38.251468658447266,119.26065826416016,101.92020416259766,245.99530029296875,16.056425094604492,3830.85009765625,11360.0498046875
2022-07-19,148.02845764160156,30.11894989013672,45.305633544921875,39.5355110168457,113.0010757446289,104.4456558227539,251.10386657714844,16.94495964050293,3936.68994140625,11713.150390625
2022-07-20,150.02830505371094,30.12798309326172,45.583740234375,39.62530517578125,111.53327178955078,104.42740631103516,253.75486755371094,17.75769805908203,3959.89990234375,11897.650390625
2022-07-21,152.2928924560547,30.389892578125,45.705413818359375,40.02937316894531,109.78058624267578,105.13853454589844,256.24151611328125,18.000028610229492,3998.949951171875,12059.6103515625
2022-07-22,151.05763244628906,30.191200256347656,45.11442565917969,39.92161178588867,110.73033905029297,104.62797546386719,251.90699768066406,17.27105140686035,3961.6298828125,11834.1103515625
2022-07-25,149.94009399414062,30.462135314941406,45.331703186035156,39.813865661621094,110.98069763183594,105.04737854003906,250.42660522460938,16.97686767578125,3966.840087890625,11782.669921875
2022-07-26,148.6166229248047,29.84801483154297,44.67119598388672,39.355934143066406,110.58354949951172,103.40628814697266,243.72158813476562,16.487228393554688,3921.050048828125,11562.5703125
2022-07-27,153.70452880859375,30.33570098876953,45.496826171875,40.0832405090332,111.48148345947266,105.06561279296875,260.0147705078125,17.740747451782227,4023.610107421875,12032.419921875
2022-07-28,154.25350952148438,30.09186363220215,45.392547607421875,40.96320343017578,111.56781768798828,104.67356872558594,267.43585205078125,17.934207916259766,4072.429931640625,12162.58984375
2022-07-29,159.31195068359375,30.534378051757812,45.55052185058594,40.73872375488281,112.92333984375,105.17499542236328,271.62530517578125,18.112714767456055,4130.2900390625,12390.6904296875
2022-08-01,158.33163452148438,30.444072723388672,45.56807327270508,40.65790557861328,114.00259399414062,104.12653350830078,268.98394775390625,18.389944076538086,4118.6298828125,12368.98046875
2022-08-02,156.86114501953125,29.838993072509766,44.54121398925781,40.33465576171875,113.80400848388672,102.50370025634766,265.89752197265625,18.47471046447754,4091.18994140625,12348.759765625
2022-08-03,162.86073303222656,30.380855560302734,45.29599380493164,41.04401779174805,114.26161193847656,103.57952880859375,273.2991027832031,18.840694427490234,4155.169921875,12668.16015625
2022-08-04,162.54701232910156,30.164113998413086,44.98881530761719,40.74769973754883,113.6572265625,102.43990325927734,274.4408264160156,19.161802291870117,4151.93994140625,12720.580078125
2022-08-05,162.32122802734375,30.669857025146484,45.33987808227539,40.415462493896484,114.38247680664062,105.53970336914062,273.724853515625,18.936429977416992,4145.18994140625,12657.5498046875
2022-08-08,161.84999084472656,30.245391845703125,45.17313003540039,40.42445373535156,114.49473571777344,104.25418090820312,271.21893310546875,17.74374008178711,4140.06005859375,12644.4599609375
2022-08-09,161.8991241455078,30.633726119995117,45.717281341552734,40.33465576171875,113.19206237792969,105.1932373046875,273.13458251953125,17.038694381713867,4122.47021484375,12493.9296875
2022-08-10,166.13998413085938,31.672311782836914,46.68270492553711,41.3223762512207,114.96685791015625,107.93748474121094,279.7719421386719,18.04689598083496,4210.240234375,12854.7998046875
2022-08-11,165.4036865234375,32.43093490600586,47.39360427856445,41.214622497558594,115.8760757446289,109.53298950195312,277.701416015625,17.89232635498047,4207.27001953125,12779.91015625
2022-08-12,168.94757080078125,32.78315353393555,47.72711944580078,41.852149963378906,117.1612548828125,111.34729766845703,282.4326171875,18.657201766967773,4280.14990234375,13047.1904296875
2022-08-15,170.01759338378906,32.73799514770508,47.455039978027344,41.83418655395508,117.96559143066406,111.64816284179688,283.9419860839844,18.979305267333984,4297.14013671875,13128.0498046875
2022-08-16,169.86053466796875,33.0902099609375,47.55158996582031,41.99582290649414,119.39064025878906,112.7148666381836,283.2066955566406,18.82673454284668,4305.2001953125,13102.5498046875
2022-08-17,171.35269165039062,32.88249206542969,47.182960510253906,41.897037506103516,120.46601104736328,111.76668548583984,282.46002197265625,18.28423500061035,4274.0400390625,12938.1201171875
2022-08-18,170.9600372314453,32.76508712768555,46.998661041259766,44.33041000366211,121.58511352539062,110.90054321289062,281.3450927734375,18.721023559570312,4283.740234375,12965.33984375
2022-08-19,168.37820434570312,32.04259490966797,46.17365264892578,43.72880172729492,120.97306823730469,108.15629577636719,277.44732666015625,17.799579620361328,4228.47998046875,12705.2197265625
2022-08-22,164.5005645751953,31.356218338012695,44.98004150390625,42.83985900878906,118.50764465332031,106.36933898925781,269.30279541015625,16.98683738708496,4137.990234375,12381.5703125
2022-08-23,164.16677856445312,31.07625961303711,44.71674728393555,42.57048797607422,117.79949188232422,105.32088470458984,268.0325927734375,17.13343048095703,4128.72998046875,12381.2998046875
2022-08-24,164.46124267578125,31.175601959228516,44.7693977355957,42.265193939208984,116.47931671142578,105.57616424560547,267.40240478515625,17.174318313598633,4140.77001953125,12431.5302734375
2022-08-25,166.91552734375,31.73553466796875,45.690948486328125,42.44477462768555,117.135009765625,108.08336639404297,270.36932373046875,17.8634033203125,4199.1201171875,12639.26953125
2022-08-26,160.6229248046875,30.73306655883789,43.68988037109375,41.20564270019531,113.98766326904297,104.54593658447266,259.9365539550781,16.214982986450195,4057.659912109375,12141.7099609375
2022-08-29,158.42393493652344,30.61566162109375,43.330039978027344,41.04401779174805,113.92643737792969,104.29065704345703,257.16351318359375,15.757253646850586,4030.610107421875,12017.669921875
2022-08-30,155.9991912841797,30.787260055541992,43.075523376464844,40.62199020385742,113.28824615478516,104.30889129638672,254.97227478027344,15.425175666809082,3986.159912109375,11883.1396484375
2022-08-31,154.34011840820312,30.353763580322266,42.83855056762695,40.15507507324219,112.30030059814453,103.68893432617188,253.5178985595703,15.052210807800293,3955.0,11816.2001953125
2022-09-01,155.0666046142578,30.42649269104004,42.785888671875,40.66688919067383,113.35818481445312,104.4000473022461,252.48036193847656,13.898415565490723,3966.85009765625,11785.1298828125
2022-09-02,152.95596313476562,30.390125274658203,42.864891052246094,40.03834915161133,111.72328186035156,103.67068481445312,248.27244567871094,13.609217643737793,3924.260009765625,11630.8603515625
2022-09-06,151.6994171142578,30.05377197265625,42.320743560791016,39.930606842041016,110.78781127929688,103.69802856445312,245.5478515625,13.42772102355957,3908.18994140625,11544.91015625
2022-09-07,153.1031951904297,30.517396926879883,42.68057632446289,40.42445373535156,111.65333557128906,105.6673355102539,250.2406768798828,13.680097579956055,3979.8701171875,11791.900390625
2022-09-08,151.63067626953125,31.499187469482422,43.795196533203125,40.73872375488281,112.31779479980469,108.12895965576172,250.65757751464844,13.955412864685059,4006.179931640625,11862.1298828125
2022-09-09,154.48741149902344,31.7628116607666,44.47099685668945,41.09789276123047,112.94725799560547,108.64864349365234,256.4169006347656,14.351431846618652,4067.360107421875,12112.3095703125
2022-09-12,160.43638610839844,32.062808990478516,44.64652633666992,41.66358184814453,114.23246002197266,109.93415069580078,258.5403747558594,14.46914005279541,4110.41015625,12266.41015625
2022-09-13,151.02200317382812,30.908302307128906,43.005306243896484,39.60734176635742,111.25119018554688,106.11406707763672,244.32618713378906,13.09853744506836,3932.68994140625,11633.5703125
2022-09-14,152.46511840820312,30.79011344909668,42.505043029785156,39.47264862060547,111.6358642578125,105.86792755126953,244.5491943359375,13.095542907714844,3946.010009765625,11719.6796875
2022-09-15,149.57896423339844,31.371923446655273,42.51382064819336,38.87105178833008,109.71246337890625,107.46340942382812,237.91722106933594,12.8970365524292,3901.35009765625,11552.3603515625
2022-09-16,147.93959045410156,31.017379760742188,42.22418975830078,38.880027770996094,111.26866912841797,106.74315643310547,237.2967071533203,13.16537094116211,3873.330078125,11448.400390625
2022-09-19,151.6503143310547,31.535545349121094,42.338287353515625,38.880027770996094,111.67082977294922,107.72782135009766,237.08334350585938,13.348915100097656,3899.889892578125,11535.01953125
2022-09-20,154.02598571777344,31.06283187866211,41.46940231323242,38.2335205078125,110.42062377929688,105.60350036621094,235.07632446289062,13.143426895141602,3855.929931640625,11425.0498046875
2022-09-21,150.9042510986328,30.135587692260742,40.66196060180664,37.344573974609375,109.22286987304688,102.55838775634766,231.68276977539062,13.228216171264648,3789.929931640625,11220.1904296875
2022-09-22,149.94219970703125,29.544692993164062,40.00371551513672,36.949485778808594,109.55509185791016,101.39138793945312,233.6510467529297,12.52994441986084,3757.989990234375,11066.8095703125
2022-09-23,147.67449951171875,28.84471321105957,38.84519958496094,36.5095100402832,107.28199005126953,99.5041732788086,230.68409729003906,12.485057830810547,3693.22998046875,10867.9296875
2022-09-26,148.00831604003906,28.208362579345703,37.73057556152344,36.43767166137695,106.67000579833984,97.36165618896484,230.22837829589844,12.197770118713379,3655.0400390625,10802.919921875
2022-09-27,148.9801483154297,27.79018783569336,37.379512786865234,36.38380432128906,106.43392944335938,96.50463104248047,229.22003173828125,12.382312774658203,3647.2900390625,10829.5
2022-09-28,147.09530639648438,28.244728088378906,38.09041976928711,37.12009811401367,107.32569122314453,98.4556884765625,233.73831176757812,12.704513549804688,3719.0400390625,11051.6396484375
2022-09-29,139.87013244628906,27.872007369995117,37.20398712158203,36.4286994934082,106.33776092529297,96.78726959228516,230.27688598632812,12.189788818359375,3640.469970703125,10737.509765625
2022-09-30,135.6685333251953,27.453840255737305,36.57206726074219,35.9168815612793,103.872314453125,95.2738265991211,225.8167724609375,12.108988761901855,3585.6201171875,10575.6201171875
2022-10-03,139.84063720703125,28.262908935546875,37.35319137573242,37.07520294189453,106.23285675048828,98.21866607666016,233.4183807373047,12.48106861114502,3678.429931640625,10815.4296875
2022-10-04,143.423828125,29.435606002807617,38.97684860229492,37.899898529052734,109.72120666503906,102.81369018554688,241.310791015625,13.134448051452637,3790.929931640625,11176.41015625
2022-10-05,143.7183074951172,29.01743507385254,38.47658920288086,38.05397033691406,109.93102264404297,101.54427337646484,241.6210174560547,13.176342964172363,3783.280029296875,11148.6396484375
2022-10-06,142.76609802246094,28.599260330200195,37.79201126098633,37.62802505493164,106.86234283447266,99.47456359863281,239.28431701660156,13.097539901733398,3744.52001953125,11073.3095703125
2022-10-07,137.52392578125,27.95382308959961,37.028446197509766,36.495201110839844,103.88106536865234,97.4876480102539,227.1160430908203,12.046146392822266,3639.659912109375,10652.400390625
2022-10-10,137.84788513183594,27.872007369995117,36.510623931884766,36.15081024169922,102.94560241699219,96.57697296142578,222.2777862548828,11.641149520874023,3612.389892578125,10542.099609375
2022-10-11,136.43426513671875,27.062938690185547,35.501319885253906,35.86988067626953,102.98931121826172,93.78976440429688,218.55455017089844,11.557356834411621,3588.840087890625,10426.1904296875
2022-10-12,135.8059539794922,27.144756317138672,35.843605041503906,35.58893585205078,102.78822326660156,95.30754852294922,218.88424682617188,11.471570014953613,3577.030029296875,10417.099609375
2022-10-13,140.3708038330078,28.808351516723633,37.695472717285156,36.803321838378906,106.47764587402344,100.60600280761719,227.1160430908203,11.930431365966797,3669.909912109375,10649.150390625
2022-10-14,135.84523010253906,28.81743812561035,37.94121551513672,36.4317512512207,104.94767761230469,102.28015899658203,221.60873413085938,11.199244499206543,3583.070068359375,10321.3896484375
2022-10-17,139.8014373779297,30.56284523010254,38.25716781616211,37.42864227294922,106.24159240722656,106.5759506225586,230.30596923828125,11.85860824584961,3677.949951171875,10675.7998046875
2022-10-18,141.11685180664062,31.708280563354492,38.748661041259766,37.872711181640625,107.4830551147461,109.3171615600586,231.2464599609375,11.937416076660156,3719.97998046875,10772.400390625
2022-10-19,141.2248992919922,30.83556365966797,38.037757873535156,37.95427322387695,107.10712432861328,107.17385864257812,229.28790283203125,12.02120590209961,3695.159912109375,10680.509765625
2022-10-20,140.7634735107422,30.63557243347168,37.66914367675781,37.80021286010742,112.16915130615234,106.82429504394531,228.96792602539062,12.16385555267334,3665.780029296875,10614.83984375
2022-10-21,144.57237243652344,31.77191162109375,38.84519958496094,38.78803634643555,113.56800079345703,112.43550872802734,234.75636291503906,12.4351806640625,3752.75,10859.7197265625
2022-10-24,146.7124481201172,31.88100242614746,38.97684860229492,39.458675384521484,116.0072021484375,112.57347869873047,239.73037719726562,12.567852020263672,3797.340087890625,10952.6103515625
2022-10-25,149.5495147705078,32.17189407348633,39.7755241394043,40.201812744140625,116.21703338623047,112.86784362792969,243.03663635253906,13.228216171264648,3859.110107421875,11199.1201171875
2022-10-26,146.61428833007812,32.453704833984375,39.85451126098633,40.21992874145508,118.03551483154297,114.16484832763672,224.2848358154297,12.864117622375488,3830.60009765625,10970.990234375
2022-10-27,142.14764404296875,32.60824203491211,39.88084030151367,40.25618362426758,117.82569885253906,114.61559295654297,219.85385131835938,13.143426895141602,3807.300048828125,10792.669921875
2022-10-28,152.88726806640625,32.89006805419922,40.486419677734375,41.3618278503418,121.09548950195312,115.97698974609375,228.69647216796875,13.799799919128418,3901.06005859375,11102.4501953125
2022-10-31,150.53118896484375,32.762794494628906,40.24946212768555,41.171504974365234,120.90314483642578,115.79301452636719,225.07020568847656,13.46363353729248,3871.97998046875,10988.150390625
2022-11-01,147.89047241210938,32.90824508666992,40.5654182434082,41.19869613647461,120.82444763183594,117.8811264038086,221.23062133789062,13.509517669677734,3856.10009765625,10890.849609375
2022-11-02,142.37342834472656,32.808250427246094,39.977378845214844,40.39211654663086,119.6267318725586,116.79566955566406,213.40606689453125,13.186319351196289,3759.68994140625,10524.7998046875
2022-11-03,136.33609008789062,32.62643814086914,39.12605667114258,39.73961639404297,117.56343841552734,117.00724792480469,207.7339630126953,13.387819290161133,3719.889892578125,10342.9404296875
2022-11-04,136.07057189941406,33.44458770751953,40.067138671875,40.34680938720703,119.74037170410156,120.20838928222656,214.65682983398438,14.121003150939941,3770.550048828125,10475.25
2022-11-07,136.60159301757812,33.64458084106445,40.599822998046875,40.374000549316406,120.94684600830078,120.84307861328125,220.9397430419922,14.265644073486328,3806.800048828125,10564.51953125
2022-11-08,137.17185974121094,33.73549270629883,40.94607162475586,40.428375244140625,122.43315124511719,120.91668701171875,221.9093475341797,14.565898895263672,3828.110107421875,10616.2001953125
2022-11-09,132.61917114257812,33.19913864135742,40.271339416503906,39.79398727416992,121.54841613769531,119.3437271118164,217.68194580078125,13.741942405700684,3748.570068359375,10353.169921875
2022-11-10,144.4188995361328,34.662742614746094,42.9880485534668,41.37995147705078,124.94563293457031,124.25580596923828,235.5902099609375,15.711060523986816,3956.3701171875,11114.150390625
2022-11-11,147.20167541503906,34.91728591918945,44.55948257446289,40.59149932861328,126.6619644165039,124.45819854736328,239.5946044921875,16.28663444519043,3992.929931640625,11323.330078125
2022-11-14,145.80532836914062,34.32638168334961,43.52074432373047,40.54618453979492,127.57319641113281,123.17957305908203,234.2037353515625,16.254714965820312,3957.25,11196.2197265625
2022-11-15,147.53599548339844,34.27184295654297,43.52961349487305,40.69118881225586,127.69707489013672,122.28730773925781,234.6109161376953,16.624797821044922,3991.72998046875,11358.41015625
2022-11-16,146.3068389892578,33.9627571105957,42.94366455078125,40.2289924621582,127.85630798339844,122.45286560058594,235.03872680664062,15.87066650390625,3958.7900390625,11183.66015625
2022-11-17,148.2046356201172,33.790035247802734,42.837120056152344,42.2227668762207,129.2453155517578,121.91934967041016,234.99014282226562,15.638242721557617,3946.56005859375,11144.9599609375
2022-11-18,148.76513671875,33.8082160949707,43.20112991333008,43.31029510498047,130.6165313720703,123.11515808105469,234.54287719726562,15.370904922485352,3965.340087890625,11146.0595703125
2022-11-21,145.5398712158203,33.91730499267578,43.39645004272461,43.15621566772461,129.76724243164062,122.38849639892578,235.34986877441406,15.279132843017578,3949.93994140625,11024.509765625
2022-11-22,147.6736602783203,34.0809440612793,43.79596710205078,43.84498977661133,131.90821838378906,124.21902465820312,238.2473907470703,15.998348236083984,4003.580078125,11174.41015625
2022-11-23,148.54881286621094,34.19002914428711,42.82825469970703,44.01717758178711,131.5985870361328,125.54364013671875,240.72682189941406,16.478160858154297,4027.260009765625,11285.3203125
2022-11-25,145.63819885253906,34.27184295654297,42.872642517089844,43.86310958862305,131.26239013671875,125.78278350830078,240.6392822265625,16.229774475097656,4026.1201171875,11226.3603515625
2022-11-28,141.81312561035156,33.508235931396484,41.93155288696289,43.57311248779297,129.32492065429688,123.58431243896484,235.06788635253906,15.787871360778809,3963.93994140625,11049.5
2022-11-29,138.8140106201172,33.635494232177734,42.23340606689453,43.754356384277344,129.59918212890625,125.61719512939453,233.677490234375,15.600337028503418,3957.6298828125,10983.7802734375
2022-11-30,145.55955505371094,34.40819549560547,42.97916793823242,45.05937576293945,131.7312774658203,127.1073989868164,248.07757568359375,16.885482788085938,4080.110107421875,11468.0
2022-12-01,145.8348846435547,33.42067337036133,42.41984939575195,45.28594207763672,131.96131896972656,125.32286834716797,247.63998413085938,17.097013473510742,4076.570068359375,11482.4501953125
2022-12-02,145.34320068359375,32.99091339111328,41.940433502197266,45.04125213623047,131.52777099609375,124.32939147949219,247.9608612060547,16.838586807250977,4071.699951171875,11461.5
2022-12-05,144.1829376220703,31.51875877380371,40.519927978515625,44.7059326171875,130.41310119628906,120.84307861328125,243.27427673339844,16.57317543029785,3998.840087890625,11239.9404296875
2022-12-06,140.52496337890625,30.174610137939453,39.933963775634766,44.03529739379883,130.4927215576172,121.04548645019531,238.33493041992188,15.951556205749512,3941.260009765625,11014.8896484375
2022-12-07,138.58787536621094,29.936872482299805,39.65873718261719,43.663726806640625,130.2892303466797,120.96268463134766,237.6056671142578,16.084264755249023,3933.919921875,10958.5498046875
2022-12-08,140.26931762695312,29.662555694580078,39.67649841308594,44.39781188964844,130.7404327392578,122.23210906982422,240.5518035888672,17.130937576293945,3963.510009765625,11082.0
2022-12-09,139.7874755859375,29.607698440551758,39.827430725097656,43.91748809814453,130.0946044921875,121.56980895996094,238.62660217285156,16.96331024169922,3934.3798828125,11004.6201171875
2022-12-12,142.07864379882812,29.9277286529541,40.635337829589844,44.67874526977539,132.0055694580078,123.45552062988281,245.5203399658203,17.496124267578125,3990.56005859375,11143.740234375
2022-12-13,143.04226684570312,29.94601821899414,41.36335754394531,44.986873626708984,133.20875549316406,123.33592987060547,249.80828857421875,18.031936645507812,4019.64990234375,11256.8095703125
2022-12-14,140.81996154785156,29.516260147094727,40.82178497314453,44.67874526977539,132.5806121826172,122.71964263916016,250.10000610351562,17.634815216064453,3995.320068359375,11170.8896484375
2022-12-15,134.22195434570312,29.049924850463867,39.61435317993164,43.63655090332031,125.94535827636719,119.67488098144531,242.1172332763672,16.914411544799805,3895.75,10810.5302734375
2022-12-16,132.26519775390625,28.985916137695312,39.374637603759766,43.32841110229492,123.9990234375,118.92976379394531,237.9168243408203,16.534257888793945,3852.360107421875,10705.41015625
2022-12-19,130.16087341308594,29.315092086791992,39.00176239013672,42.95684814453125,122.8577651977539,119.63806915283203,233.79415893554688,16.21796226501465,3817.659912109375,10546.0302734375
2022-12-20,130.092041015625,29.4339656829834,38.89521789550781,42.92966079711914,124.98991394042969,120.21759033203125,235.10682678222656,16.04933738708496,3821.6201171875,10547.1103515625
2022-12-21,133.18948364257812,29.882015228271484,39.783042907714844,43.19246292114258,125.750732421875,121.56980895996094,237.6640167236328,16.464414596557617,3878.43994140625,10709.3701171875
2022-12-22,130.0232391357422,29.616844177246094,39.05503845214844,42.88434982299805,124.63601684570312,120.19001007080078,231.5967254638672,15.304993629455566,3822.389892578125,10476.1201171875
2022-12-23,129.659423828125,29.68999481201172,39.29473876953125,43.02935028076172,125.31723022460938,120.76033020019531,232.1217803955078,15.172289848327637,3844.820068359375,10497.8603515625
2022-12-27,127.85997009277344,29.74485206604004,39.41015625,43.07465744018555,125.99842071533203,121.1834487915039,230.40081787109375,14.089693069458008,3829.25,10353.23046875
2022-12-28,123.93653106689453,29.964309692382812,39.61435317993164,42.65777587890625,123.87522888183594,121.84574890136719,228.0380401611328,14.0048828125,3783.219970703125,10213.2900390625
2022-12-29,127.4469223022461,30.30262565612793,40.09377670288086,43.0474739074707,124.7952880859375,122.54485321044922,234.3386688232422,14.570625305175781,3849.280029296875,10478.08984375
2022-12-30,127.76160430908203,30.284334182739258,40.155921936035156,43.17435073852539,124.64488983154297,123.35431671142578,233.181640625,14.5816011428833,3839.5,10466.48046875
2023-01-03,122.98271942138672,30.640945434570312,40.64421463012695,43.44622802734375,125.22876739501953,124.29259490966797,232.94827270507812,14.283262252807617,3824.139892578125,10386.98046875
2023-01-04,124.25119018554688,31.217010498046875,41.691837310791016,43.437095642089844,126.15770721435547,125.45166778564453,222.7583465576172,14.716300010681152,3852.969970703125,10458.759765625
2023-01-05,122.93354034423828,31.152999877929688,41.50539779663086,42.82505416870117,124.83948516845703,125.4238510131836,216.15628051757812,14.233373641967773,3808.10009765625,10305.240234375
2023-01-06,127.4567642211914,31.463891983032227,42.00257110595703,44.14049530029297,127.13087463378906,127.82392120361328,218.7037811279297,14.826058387756348,3895.080078125,10569.2900390625
2023-01-09,127.97793579101562,30.988414764404297,42.20677947998047,44.37800216674805,126.99816131591797,127.29570770263672,220.83316040039062,15.593351364135742,3892.090087890625,10635.650390625
2023-01-10,128.5482635498047,31.19872283935547,42.78385543823242,44.588111877441406,128.1040496826172,128.43551635742188,222.51527404785156,15.873732566833496,3919.25,10742.6298828125
2023-01-11,131.26219177246094,31.436460494995117,43.24551773071289,44.95350646972656,128.5110321044922,129.3899688720703,229.24371337890625,15.965523719787598,3969.610107421875,10931.669921875
2023-01-12,131.1835174560547,31.51875877380371,43.582889556884766,44.76166915893555,128.76754760742188,129.26022338867188,231.90786743164062,16.47439193725586,3983.169921875,11001.099609375
2023-01-13,132.510986328125,32.21368408203125,44.31978225708008,44.65205383300781,129.06834411621094,132.52207946777344,232.6079559326172,16.861536026000977,3999.090087890625,11079.16015625
2023-01-17,133.67127990722656,31.56447410583496,44.6660270690918,43.9212532043457,128.44903564453125,130.47415161132812,233.6969451904297,17.662752151489258,3990.969970703125,11095.1103515625
2023-01-18,132.95347595214844,30.832963943481445,43.88475036621094,42.84332275390625,124.22023010253906,126.55437469482422,229.28260803222656,17.338478088378906,3928.860107421875,10957.009765625
2023-01-19,133.01248168945312,30.38492202758789,43.83148193359375,42.441375732421875,124.40599060058594,124.86783599853516,225.510009765625,16.72783088684082,3898.85009765625,10852.26953125
2023-01-20,135.56912231445312,30.95183563232422,45.358516693115234,42.733699798583984,124.91911315917969,125.17363739013672,233.57054138183594,17.79944610595703,3972.610107421875,11140.4296875
2023-01-23,138.75503540039062,31.381593704223633,46.148681640625,43.39141845703125,125.50301361083984,127.20305633544922,235.86521911621094,19.150449752807617,4019.81005859375,11364.41015625
2023-01-24,140.1513214111328,31.610198974609375,45.6515007019043,43.67460250854492,125.17571258544922,128.29649353027344,235.3401641845703,19.222288131713867,4016.949951171875,11334.26953125
2023-01-25,139.4925079345703,31.884504318237305,46.077659606933594,43.82990264892578,124.52985382080078,128.9173583984375,233.9497528076172,19.28015899658203,4016.219970703125,11313.3603515625
2023-01-26,141.5574493408203,32.31427001953125,46.335121154785156,44.15875244140625,118.9474105834961,129.71429443359375,241.13516235351562,19.758098602294922,4060.429931640625,11512.41015625
2023-01-27,143.4945526123047,32.41485595703125,46.04214096069336,44.314048767089844,118.89433288574219,130.02935791015625,241.290771484375,20.31985092163086,4070.56005859375,11621.7099609375
2023-01-30,140.6134796142578,32.27769470214844,45.944480895996094,44.04914093017578,119.69939422607422,128.92665100097656,235.99160766601562,19.119518280029297,4017.77001953125,11393.8095703125
2023-01-31,141.8819580078125,32.442283630371094,46.36175537109375,44.460208892822266,119.19512939453125,129.69577026367188,240.95042419433594,19.49368667602539,4076.60009765625,11584.5498046875
2023-02-01,143.0029296875,32.8446044921875,46.29960632324219,44.368873596191406,119.51361083984375,129.35287475585938,245.75372314453125,20.896570205688477,4119.2099609375,11816.3203125
2023-02-02,148.30294799804688,33.03663635253906,46.36175537109375,45.05399703979492,120.66373443603516,128.7505645751953,257.27569580078125,21.660871505737305,4179.759765625,12200.8203125
2023-02-03,151.92156982421875,33.310935974121094,45.68035888671875,44.423675537109375,121.15030670166016,130.74288940429688,251.19874572753906,21.053220748901367,4136.47998046875,12006.9501953125
2023-02-06,149.1977996826172,33.256080627441406,45.599666595458984,43.45537185668945,120.47793579101562,131.51199340820312,249.6623992919922,21.042245864868164,4111.080078125,11887.4501953125
2023-02-07,152.06906127929688,33.62183380126953,45.84175109863281,43.702003479003906,120.17716979980469,133.1151580810547,260.15374755859375,22.123842239379883,4164.0,12113.7900390625
2023-02-08,149.3845977783203,33.37495040893555,45.85967254638672,42.89812469482422,120.30098724365234,132.17921447753906,259.3467712402344,22.1557674407959,4117.85986328125,11910.51953125
2023-02-09,148.35214233398438,32.66173553466797,44.81068801879883,42.68802261352539,119.78157806396484,130.1220245361328,256.32281494140625,22.287479400634766,4081.5,11789.580078125
2023-02-10,148.71652221679688,32.53372573852539,44.927242279052734,43.17217254638672,121.43836975097656,130.69651794433594,255.81719970703125,21.21785545349121,4090.4599609375,11718.1201171875
2023-02-13,151.513427734375,32.59772491455078,45.725189208984375,43.72028350830078,123.00560760498047,132.11434936523438,263.8097229003906,21.739686965942383,4137.2900390625,11891.7900390625
2023-02-14,150.873291015625,32.57029342651367,46.272098541259766,43.57412338256836,121.80554962158203,132.6981201171875,264.63616943359375,22.92007064819336,4136.1298828125,11960.150390625
2023-02-15,152.9709014892578,32.51542282104492,46.460384368896484,44.259246826171875,122.1548080444336,133.254150390625,262.52093505859375,22.713531494140625,4147.60009765625,12070.58984375
2023-02-16,151.37551879882812,32.25940704345703,46.137611389160156,46.579551696777344,120.90104675292969,131.41934204101562,255.5319366455078,21.953224182128906,4090.409912109375,11855.830078125
2023-02-17,150.23312377929688,32.32340621948242,46.10174560546875,46.378570556640625,120.9189453125,131.8085479736328,251.5452117919922,21.3405818939209,4079.090087890625,11787.26953125
2023-02-21,146.22494506835938,31.56447410583496,44.6851692199707,45.39198684692383,117.95464324951172,129.3899688720703,246.29124450683594,20.609207153320312,3997.340087890625,11492.2998046875
2023-02-22,146.64842224121094,31.35416603088379,44.864479064941406,45.044864654541016,117.29190826416016,128.39845275878906,245.16053771972656,20.707988739013672,3991.050048828125,11507.0703125
2023-02-23,147.13096618652344,31.326736450195312,45.1693115234375,44.95350646972656,117.13069915771484,129.42703247070312,248.3382568359375,23.61153793334961,4012.320068359375,11590.400390625
2023-02-24,144.4818572998047,31.281009674072266,44.9900016784668,44.286651611328125,116.93370819091797,130.59461975097656,242.92835998535156,23.234371185302734,3970.0400390625,11394.9404296875
2023-02-27,145.6734619140625,31.281009674072266,45.25000762939453,44.51503372192383,116.86204528808594,131.7344207763672,243.84463500976562,23.44890022277832,3982.239990234375,11466.98046875
2023-02-28,145.1711883544922,31.363309860229492,45.44725036621094,44.231842041015625,115.79632568359375,132.83714294433594,243.12330627441406,23.164527893066406,3970.14990234375,11455.5400390625
2023-03-01,143.1030731201172,31.217010498046875,46.17347717285156,44.15875244140625,114.80224609375,132.09580993652344,240.05282592773438,22.647676467895508,3951.389892578125,11379.48046875
2023-03-02,143.69398498535156,30.821273803710938,46.08381271362305,44.33232498168945,115.4649429321289,130.72433471679688,244.77066040039062,23.262313842773438,3981.35009765625,11462.98046875
2023-03-03,148.73623657226562,31.437881469726562,46.9355583190918,45.017452239990234,116.10082244873047,133.12442016601562,248.84510803222656,23.8370361328125,4045.639892578125,11689.009765625
2023-03-06,151.49368286132812,31.373464584350586,46.783145904541016,45.14533996582031,116.59336853027344,132.34600830078125,250.38526916503906,23.501779556274414,4048.419921875,11675.740234375
2023-03-07,149.2975616455078,30.370325088500977,45.79691696166992,44.67946243286133,114.85597229003906,128.45404052734375,247.73390197753906,23.24031639099121,3986.3701171875,11530.330078125
2023-03-08,150.5482635498047,29.96538734436035,45.43828582763672,44.862159729003906,114.67687225341797,127.69418334960938,247.2952423095703,24.131486892700195,3992.010009765625,11576.0
2023-03-09,148.3029022216797,28.10634994506836,43.57341766357422,44.588111877441406,112.98426818847656,120.78125,245.95010375976562,23.388010025024414,3918.320068359375,11338.349609375
2023-03-10,146.24465942382812,27.857866287231445,43.340309143066406,44.3597297668457,112.34840393066406,123.8485107421875,242.31427001953125,22.9179744720459,3861.590087890625,11138.8896484375
2023-03-13,148.18470764160156,26.238115310668945,40.11265563964844,44.22270202636719,112.46483612060547,121.62451171875,247.5097198486328,22.918973922729492,3855.760009765625,11188.83984375
2023-03-14,150.27252197265625,26.46819305419922,42.497528076171875,44.807350158691406,111.63195037841797,124.74736785888672,254.2062530517578,24.013729095458984,3919.2900390625,11428.150390625
2023-03-15,150.6664581298828,26.219711303710938,40.18437194824219,44.81647872924805,110.405029296875,118.8537826538086,258.7389221191406,24.17839241027832,3891.929931640625,11434.0498046875
2023-03-16,153.4830322265625,26.661455154418945,40.901634216308594,45.78479766845703,111.67674255371094,121.16117858886719,269.2272644042969,25.488704681396484,3960.280029296875,11717.2802734375
2023-03-17,152.64593505859375,25.60310173034668,39.67332077026367,45.8487434387207,110.77222442626953,116.5834732055664,272.3757019042969,25.672327041625977,3916.639892578125,11630.509765625
2023-03-20,155.0094451904297,25.538681030273438,39.529869079589844,46.53386306762695,112.78723907470703,117.8159408569336,265.35748291015625,25.846969604492188,3951.570068359375,11675.5400390625
2023-03-21,156.8609161376953,26.31174087524414,40.40851974487305,46.287227630615234,113.35143280029297,120.97586059570312,266.86834716796875,26.145353317260742,4002.8701171875,11860.1103515625
2023-03-22,155.4329376220703,25.43744659423828,39.18917465209961,45.181880950927734,111.0946273803711,117.85299682617188,265.41595458984375,26.413806915283203,3936.969970703125,11669.9599609375
2023-03-23,156.5162353515625,24.82083511352539,38.95606994628906,45.428531646728516,110.48563385009766,117.53793334960938,270.6503601074219,27.135324478149414,3948.719970703125,11787.400390625
2023-03-24,157.8162078857422,24.9772891998291,38.6512336730957,46.141056060791016,112.20511627197266,115.74948120117188,273.4869384765625,26.724163055419922,3970.989990234375,11823.9599609375
2023-03-27,155.87611389160156,26.219711303710938,40.14850997924805,46.1684684753418,115.80526733398438,119.06694030761719,269.4027099609375,26.47667694091797,3977.530029296875,11768.83984375
2023-03-28,155.25564575195312,25.879196166992188,40.543006896972656,46.03144836425781,115.83212280273438,119.4283218383789,268.28173828125,26.355920791625977,3971.27001953125,11716.080078125
2023-03-29,158.3282928466797,26.385364532470703,41.197505950927734,46.74397659301758,116.16351318359375,119.66925811767578,273.4284973144531,26.92874526977539,4027.81005859375,11926.240234375
2023-03-30,159.8941650390625,26.04485321044922,41.305091857910156,46.98148727416992,115.72466278076172,119.307861328125,276.8790588378906,27.32693099975586,4050.830078125,12013.4697265625
2023-03-31,162.39556884765625,26.320941925048828,42.0402717590332,47.757965087890625,117.3993911743164,120.75347137451172,281.0218200683594,27.720121383666992,4109.31005859375,12221.91015625
2023-04-03,163.64630126953125,26.31174087524414,41.87888717651367,47.785369873046875,118.26808166503906,120.61446380615234,279.9787902832031,27.907739639282227,4124.509765625,12189.4501953125
2023-04-04,163.11448669433594,25.75035285949707,41.32301712036133,47.69333267211914,117.85611724853516,119.00206756591797,279.9300231933594,27.396787643432617,4100.60009765625,12126.330078125
2023-04-05,161.27288818359375,25.43744659423828,41.03611755371094,47.69333267211914,118.33972930908203,119.17951202392578,277.1617126464844,26.82596206665039,4090.3798828125,11996.8603515625
2023-04-06,162.1592559814453,25.62150764465332,41.1168098449707,47.187129974365234,116.87100219726562,119.04875946044922,284.238525390625,26.981637954711914,4105.02001953125,12087.9599609375
2023-04-10,159.5691375732422,25.713542938232422,41.70854949951172,47.24235534667969,117.34564208984375,119.44100189208984,282.0842590332031,27.522531509399414,4109.10986328125,12084.3603515625
2023-04-11,158.3578643798828,26.422178268432617,42.31821060180664,46.58889389038086,116.79936218261719,120.02938079833984,275.6898193359375,27.113372802734375,4108.93994140625,12031.8798828125
2023-04-12,157.66845703125,26.21050453186035,42.067176818847656,46.1195068359375,115.11570739746094,120.01072692871094,276.3332214355469,26.440750122070312,4091.949951171875,11929.33984375
2023-04-13,163.04554748535156,26.284130096435547,42.407875061035156,46.75455856323242,114.54253387451172,120.46834564208984,282.52288818359375,26.408815383911133,4146.22021484375,12166.26953125
2023-04-14,162.70089721679688,27.167631149291992,44.43412780761719,46.51526641845703,114.7574691772461,129.5648651123047,278.91632080078125,26.703205108642578,4137.64013671875,12123.4697265625
2023-04-17,162.7205352783203,27.94989776611328,44.55067825317383,46.275962829589844,114.47088623046875,130.5922088623047,281.5091552734375,26.946712493896484,4151.31982421875,12157.7197265625
2023-04-18,163.94174194335938,28.124757766723633,44.90034484863281,46.3035888671875,114.43507385253906,132.05848693847656,281.0899353027344,27.6103515625,4154.8701171875,12153.41015625
2023-04-19,165.0841064453125,27.664600372314453,45.187252044677734,44.214359283447266,113.12754821777344,131.89035034179688,281.1680603027344,27.873811721801758,4154.52001953125,12157.23046875
2023-04-20,164.11898803710938,27.517349243164062,44.290672302246094,42.87062072753906,113.16336822509766,131.5074462890625,278.8870544433594,27.048498153686523,4129.7900390625,12059.5595703125
2023-04-21,162.51376342773438,27.489744186401367,43.95894241333008,43.2847785949707,112.59916687011719,131.2552947998047,278.5458984375,27.063474655151367,4133.52001953125,12072.4599609375
2023-04-24,162.81903076171875,27.388505935668945,43.95894241333008,43.616111755371094,112.30363464355469,131.4327392578125,274.6566467285156,26.986629486083984,4137.0400390625,12037.2001953125
2023-04-25,161.28274536132812,26.541818618774414,42.9458122253418,43.34000778198242,112.74243927001953,128.5749053955078,268.46697998046875,26.187265396118164,4071.6298828125,11799.16015625
2023-04-26,161.27288818359375,26.173694610595703,42.01338195800781,42.833805084228516,112.70663452148438,126.29610443115234,287.91326904296875,26.900800704956055,4055.989990234375,11854.349609375
2023-04-27,165.85227966308594,26.587839126586914,42.165794372558594,42.85221481323242,113.70967102050781,127.99586486816406,297.13446044921875,27.170249938964844,4135.35009765625,12142.240234375
2023-04-28,167.10301208496094,26.946758270263672,42.6643180847168,43.48727035522461,113.2081527709961,129.1072235107422,299.5031433105469,27.69218635559082,4169.47998046875,12226.580078125
2023-05-01,167.01431274414062,26.72588539123535,42.82746887207031,43.57009506225586,112.92156982421875,131.8717041015625,297.84600830078125,28.850805282592773,4167.8701171875,12212.599609375
2023-05-02,165.98028564453125,25.916004180908203,41.6944694519043,42.66814041137695,112.08870697021484,129.74232482910156,297.6998291015625,28.152236938476562,4119.580078125,12080.509765625
2023-05-03,164.9068145751953,25.639915466308594,41.39535903930664,42.299983978271484,110.5572738647461,126.99653625488281,296.7153015136719,27.74506950378418,4090.75,12025.330078125
2023-05-04,163.27206420898438,24.83924102783203,40.69742965698242,42.06069564819336,109.7691879272461,125.2594223022461,297.6998291015625,27.505565643310547,4061.219970703125,11966.400390625
2023-05-05,170.93392944335938,25.50186538696289,41.98451614379883,42.56689453125,110.73639678955078,127.70635223388672,302.8074645996094,28.621274948120117,4136.25,12235.41015625
2023-05-08,170.864990234375,25.483463287353516,42.02076721191406,42.64973449707031,110.51250457763672,128.01454162597656,300.8580017089844,29.09130859375,4138.1201171875,12256.919921875
2023-05-09,169.1612548828125,25.45585060119629,42.165802001953125,42.76938247680664,109.99506378173828,127.39813995361328,299.2496643066406,28.512496948242188,4119.169921875,12179.5498046875
2023-05-10,170.9240264892578,25.1429443359375,42.029850006103516,42.990257263183594,110.76668548583984,127.4635238647461,304.42559814453125,28.825857162475586,4137.64013671875,12306.4404296875
2023-05-11,171.1111602783203,25.207365036010742,41.721656799316406,42.677337646484375,109.7499771118164,127.06194305419922,302.2811279296875,28.51948356628418,4130.6201171875,12328.509765625
2023-05-12,170.18417358398438,24.9312744140625,41.195953369140625,42.990257263183594,111.51103973388672,125.24073791503906,301.169921875,28.281967163085938,4124.080078125,12284.740234375
2023-05-15,169.6910858154297,25.4466495513916,41.73978805541992,43.34920883178711,111.98308563232422,126.29610443115234,301.6475524902344,28.89371681213379,4136.27978515625,12365.2099609375
2023-05-16,169.6910858154297,25.179758071899414,41.04185485839844,43.18353271484375,112.0738754272461,125.44622802734375,303.8700256347656,29.153182983398438,4109.89990234375,12343.0498046875
2023-05-17,170.30252075195312,26.293338775634766,42.67338562011719,43.837005615234375,114.11636352539062,129.30337524414062,306.74212646484375,30.116207122802734,4158.77001953125,12500.5703125
2023-05-18,172.62989807128906,26.201303482055664,42.047969818115234,44.361610412597656,114.51579284667969,130.2840118408203,311.1575622558594,31.61313819885254,4198.0498046875,12688.83984375
2023-05-19,172.73834228515625,25.869993209838867,41.43161392211914,45.21754837036133,115.52340698242188,129.98512268066406,310.9817199707031,31.19998550415039,4191.97998046875,12657.900390625
2023-05-22,171.79161071777344,26.081666946411133,41.50412368774414,44.93223190307617,115.74127197265625,128.91111755371094,313.756103515625,31.112165451049805,4192.6298828125,12720.7802734375
2023-05-23,169.1881103515625,26.302539825439453,41.612892150878906,45.01506805419922,116.35855865478516,127.56622314453125,307.9729309082031,30.625160217285156,4145.580078125,12560.25
2023-05-24,169.46424865722656,25.860790252685547,40.3258056640625,44.55488586425781,114.0891342163086,126.39884948730469,306.5955810546875,30.47547149658203,4115.240234375,12484.16015625
2023-05-25,170.59832763671875,25.925212860107422,40.09013748168945,45.12550735473633,115.06951904296875,126.70702362060547,318.38653564453125,37.90224075317383,4151.27978515625,12698.08984375
2023-05-26,173.00460815429688,26.054052352905273,40.425514221191406,45.88941955566406,117.00308990478516,127.89311218261719,325.1954345703125,38.86626052856445,4205.4501953125,12975.6904296875
2023-05-30,174.8487548828125,26.008039474487305,40.51614761352539,46.17472839355469,117.53868865966797,128.3787841796875,323.55426025390625,40.02886962890625,4205.52001953125,13017.4296875
2023-05-31,174.7994842529297,25.57549285888672,40.171714782714844,45.71454620361328,116.73075103759766,126.744384765625,320.7994689941406,37.75653839111328,4179.830078125,12935.2900390625
2023-06-01,177.60015869140625,25.770301818847656,40.643043518066406,45.77897644042969,117.84734344482422,128.49085998535156,324.892578125,39.688568115234375,4221.02001953125,13100.98046875
2023-06-02,178.44827270507812,26.63301658630371,41.98451614379883,46.03667449951172,120.20751953125,131.18991088867188,327.64739990234375,39.2464714050293,4282.3701171875,13240.76953125
2023-06-05,177.09722900390625,26.475318908691406,41.912017822265625,46.211544036865234,120.40724182128906,129.90106201171875,328.1749572753906,39.09079360961914,4273.7900390625,13229.4296875
2023-06-06,176.73233032226562,27.115402221679688,42.80028533935547,45.84339904785156,120.45262908935547,130.13455200195312,325.9671630859375,38.57485580444336,4283.85009765625,13276.419921875
2023-06-07,175.36155700683594,27.347312927246094,43.51633834838867,45.81578826904297,121.98676300048828,131.39537048339844,315.9052429199219,37.40213394165039,4267.52001953125,13104.900390625
2023-06-08,178.0735626220703,27.115402221679688,43.59790802001953,45.723751068115234,122.0140151977539,131.4327392578125,317.7418212890625,38.43511962890625,4293.93017578125,13238.51953125
2023-06-09,178.45814514160156,27.152509689331055,43.77919387817383,45.70534133911133,122.82190704345703,131.6942596435547,319.2364501953125,38.69462203979492,4298.85986328125,13259.1396484375
2023-06-12,181.24900817871094,27.02263641357422,43.91515350341797,46.46004104614258,123.83863067626953,131.68492126464844,324.1794738769531,39.40523910522461,4338.93017578125,13461.919921875
2023-06-13,180.77565002441406,27.273101806640625,44.1326904296875,46.75455856323242,124.9098129272461,132.6375274658203,326.5630798339844,40.94223403930664,4369.009765625,13573.3203125
2023-06-14,181.4068145751953,27.01335906982422,43.724815368652344,46.901817321777344,124.54666900634766,132.14254760742188,329.5425720214844,42.91341018676758,4372.58984375,13626.48046875
2023-06-15,183.4383544921875,27.24527359008789,44.01485824584961,47.7945671081543,125.6360092163086,133.63682556152344,340.0538635253906,42.57007598876953,4425.83984375,13782.8203125
2023-06-16,182.36338806152344,27.07829475402832,43.67948532104492,47.923431396484375,124.80084991455078,133.79559326171875,334.4172058105469,42.60899353027344,4409.58984375,13689.5703125
2023-06-20,182.45216369628906,26.78144645690918,43.15377426147461,47.44483184814453,123.42107391357422,133.1138153076172,330.23614501953125,43.72282028198242,4388.7099609375,13667.2900390625
2023-06-21,181.41668701171875,26.503150939941406,42.972496032714844,46.80057144165039,121.36041259765625,132.91769409179688,325.8499450683594,42.96131134033203,4365.68994140625,13502.2001953125
2023-06-22,184.41464233398438,25.93727684020996,42.265499114990234,47.049072265625,119.07281494140625,130.35873413085938,331.8577880859375,42.941341400146484,4381.89013671875,13630.6103515625
2023-06-23,184.0990753173828,25.742467880249023,41.71260070800781,46.32198715209961,117.49327087402344,129.67694091796875,327.2762145996094,42.12693786621094,4348.330078125,13492.51953125
2023-06-26,182.7085723876953,26.057872772216797,41.912017822265625,46.211544036865234,119.22714233398438,129.9944610595703,321.0046081542969,40.55299758911133,4328.81982421875,13335.7802734375
2023-06-27,185.45999145507812,26.197021484375,42.05702590942383,46.809783935546875,120.13491821289062,130.00381469726562,326.8366394042969,41.794578552246094,4378.41015625,13555.669921875
2023-06-28,186.63352966308594,26.03931999206543,41.90293884277344,46.81898498535156,119.6083984375,129.43409729003906,328.0870056152344,41.037052154541016,4376.85986328125,13591.75
2023-06-29,186.96885681152344,26.586639404296875,41.957332611083984,47.13191223144531,121.69628143310547,133.95437622070312,327.30548095703125,40.74262237548828,4396.43994140625,13591.330078125
2023-06-30,191.288330078125,26.614465713500977,41.73073196411133,47.61970520019531,121.46934509277344,135.83160400390625,332.6686096191406,42.219757080078125,4450.3798828125,13787.919921875
2023-07-03,189.79916381835938,27.087570190429688,42.36520767211914,47.69333267211914,121.34225463867188,136.92430114746094,330.1775207519531,42.330528259277344,4455.58984375,13816.76953125
2023-07-05,188.68478393554688,26.97625160217285,42.41958999633789,47.76751708984375,121.8597183227539,136.01214599609375,330.3338623046875,42.23472213745117,4446.81982421875,13791.650390625
2023-07-06,189.1581573486328,26.234128952026367,41.13249969482422,47.39657974243164,119.97150421142578,134.66741943359375,333.38177490234375,42.02113723754883,4411.58984375,13679.0400390625
2023-07-07,188.0437469482422,26.46604347229004,41.45880889892578,47.28530502319336,119.89888763427734,135.7300567626953,329.42535400390625,42.420352935791016,4398.9501953125,13660.7197265625
2023-07-10,186.00242614746094,26.586639404296875,41.39535903930664,47.66551971435547,120.64328002929688,136.49169921875,324.1598815917969,42.09798812866211,4409.52978515625,13685.48046875
2023-07-11,185.47972106933594,26.920595169067383,42.174861907958984,48.333194732666016,122.0412368774414,138.6262969970703,324.78515625,42.32254409790039,4439.259765625,13760.7001953125
2023-07-12,187.1463623046875,27.23599624633789,42.9453010559082,47.05345916748047,120.58879852294922,139.31277465820312,329.40582275390625,43.8166389465332,4472.16015625,13918.9599609375
2023-07-13,187.90570068359375,27.523571014404297,43.21722412109375,47.78606414794922,121.56918334960938,139.98983764648438,334.7396240234375,45.88760757446289,4510.0400390625,14138.5703125
2023-07-14,188.05364990234375,27.00408363342285,41.46787643432617,46.71962356567383,121.09715270996094,140.8361053466797,337.25994873046875,45.38059616088867,4505.419921875,14113.7001953125
2023-07-17,191.30799865722656,27.273101806640625,41.93013381958008,47.11837387084961,121.8597183227539,144.23081970214844,337.73870849609375,46.37065887451172,4522.7900390625,14244.9501953125
2023-07-18,191.0515899658203,28.47905731201172,42.618995666503906,47.51714324951172,122.87638092041016,144.49411010742188,351.1805725097656,47.401649475097656,4554.97998046875,14353.6396484375
2023-07-19,192.4026641845703,29.249013900756836,43.07220458984375,48.62068176269531,122.98531341552734,145.04891967773438,346.87249755859375,46.9854736328125,4565.72021484375,14358.01953125
2023-07-20,190.45989990234375,29.397438049316406,42.972496032714844,48.56503677368164,125.61788940429688,146.83555603027344,338.8522644042969,45.431495666503906,4534.8701171875,14063.3095703125
2023-07-21,189.28634643554688,29.66645622253418,42.64619064331055,48.806148529052734,126.12623596191406,145.7071533203125,335.8239440917969,44.222843170166016,4536.33984375,14032.8095703125
2023-07-24,190.0851593017578,30.287988662719727,43.19908905029297,49.25126647949219,126.6708984375,148.5752410888672,337.13299560546875,44.5252571105957,4554.64013671875,14058.8701171875
2023-07-25,190.94314575195312,29.824159622192383,42.68244552612305,49.705665588378906,127.3880386352539,147.4656219482422,342.8672790527344,45.59018325805664,4567.4599609375,14144.5595703125
2023-07-26,191.8109588623047,30.06534767150879,43.04500961303711,49.353271484375,128.05979919433594,148.34951782226562,329.96258544921875,45.36362838745117,4566.75,14127.2802734375
2023-07-27,190.54867553710938,29.638626098632812,43.39849853515625,49.149261474609375,129.78456115722656,146.71331787109375,323.0755920410156,45.810760498046875,4537.41015625,14050.1103515625
2023-07-28,193.12257385253906,29.59224510192871,42.972496032714844,48.30537414550781,130.2202911376953,147.5502471923828,330.5487365722656,46.65909957885742,4582.22998046875,14316.66015625
2023-07-31,193.7340087890625,29.685012817382812,43.19908905029297,48.25901794433594,130.8829803466797,148.53759765625,328.1553955078125,46.638145446777344,4588.9599609375,14346.01953125
2023-08-01,192.9055938720703,29.332504272460938,42.6643180847168,48.83396530151367,130.11135864257812,147.80413818359375,328.5657043457031,46.41657257080078,4576.72998046875,14283.91015625
2023-08-02,189.91751098632812,28.93360710144043,41.97545623779297,48.7597770690918,130.8739013671875,146.1302947998047,319.9300537109375,44.18292999267578,4513.39013671875,13973.4501953125
2023-08-03,188.52699279785156,29.137691497802734,41.88481521606445,49.28836441040039,131.1280517578125,147.0236358642578,319.1094055175781,44.42844772338867,4501.89013671875,13959.7197265625
2023-08-04,179.4739227294922,29.0356502532959,41.912315368652344,48.806148529052734,130.9374237060547,146.71331787109375,320.2034912109375,44.5931282043457,4478.02978515625,13909.240234375
2023-08-07,176.37733459472656,29.573692321777344,42.02234649658203,49.15853500366211,132.69850158691406,147.40916442871094,322.4797058105469,45.32870101928711,4518.43994140625,13994.400390625
2023-08-08,177.31422424316406,29.007822036743164,41.40801239013672,49.20489501953125,132.45339965820312,146.58168029785156,318.51348876953125,44.57716369628906,4499.3798828125,13884.3203125
2023-08-09,175.7264404296875,28.62748146057129,40.747833251953125,49.13998794555664,130.8373565673828,144.61631774902344,314.7818603515625,42.47126770019531,4467.7099609375,13722.01953125
2023-08-10,175.50949096679688,28.70169448852539,40.65614700317383,49.49237823486328,131.53517150878906,144.40008544921875,315.4656982421875,42.30559158325195,4468.830078125,13737.990234375
2023-08-11,175.56875610351562,29.0263729095459,40.86703109741211,49.88186264038086,131.4158172607422,145.2369842529297,313.5900573730469,40.77556610107422,4464.0498046875,13644.849609375
2023-08-14,177.21788024902344,28.69241714477539,40.43607711791992,49.96533203125,130.30477905273438,145.53787231445312,316.54998779296875,43.66792678833008,4489.72021484375,13788.330078125
2023-08-15,175.2329864501953,27.774038314819336,39.62002182006836,49.473838806152344,130.26805114746094,141.83291625976562,314.42041015625,43.85456848144531,4437.85986328125,13631.0498046875
2023-08-16,174.3639678955078,27.171062469482422,39.097373962402344,49.11216735839844,129.13865661621094,141.23109436035156,313.6568298339844,43.40144348144531,4404.330078125,13474.6298828125
2023-08-17,171.82611083984375,27.161785125732422,38.93233871459961,50.75356674194336,129.15701293945312,139.76414489746094,310.2109069824219,43.259735107421875,4370.35986328125,13316.9296875
2023-08-18,172.30996704101562,27.00408363342285,38.73978805541992,51.04104232788086,129.84567260742188,140.0838623046875,309.8193664550781,43.214813232421875,4369.7099609375,13290.7802734375
2023-08-21,173.64309692382812,27.041189193725586,38.57474136352539,51.411983489990234,130.64453125,140.56346130371094,315.10565185546875,46.87568283081055,4399.77001953125,13497.58984375
2023-08-22,175.01573181152344,26.382551193237305,37.61197280883789,51.43052673339844,129.9191436767578,137.64837646484375,315.6734619140625,45.579200744628906,4387.5498046875,13505.8701171875
2023-08-23,178.85714721679688,26.391830444335938,37.666988372802734,51.91274642944336,131.68211364746094,138.57928466796875,320.11785888671875,47.02439880371094,4436.009765625,13721.0302734375
2023-08-24,174.17636108398438,26.549531936645508,37.666988372802734,51.22651672363281,131.81065368652344,138.44766235351562,313.23590087890625,47.07129669189453,4376.31005859375,13463.9697265625
2023-08-25,176.37850952148438,26.43821144104004,37.81370162963867,51.65309524536133,133.4634552001953,138.2783966064453,316.1824645996094,45.928531646728516,4405.7099609375,13590.650390625
2023-08-28,177.93875122070312,26.679401397705078,37.88705062866211,52.11677169799805,134.0786895751953,138.7579803466797,316.8873291015625,46.743934631347656,4433.31005859375,13705.1298828125
2023-08-29,181.8196563720703,27.059741973876953,38.25381851196289,52.45061111450195,134.47349548339844,139.88636779785156,321.4981994628906,48.689144134521484,4497.6298828125,13943.759765625
2023-08-30,185.30555725097656,26.93914794921875,37.932899475097656,52.68244552612305,134.84999084472656,139.32215881347656,321.87017822265625,49.168216705322266,4514.8701171875,14019.3095703125
2023-08-31,185.52281188964844,26.81754493713379,37.85954666137695,53.18320846557617,134.82241821289062,137.60134887695312,320.8619384765625,49.25904083251953,4507.66015625,14034.9697265625
2023-09-01,187.0929718017578,27.107515335083008,38.134620666503906,53.637611389160156,135.84164428710938,138.0621337890625,321.7429504394531,48.41468811035156,4515.77001953125,14031.8095703125
2023-09-05,187.32992553710938,26.798843383789062,37.923728942871094,53.099754333496094,136.01611328125,136.5387420654297,326.5299987792969,48.45361328125,4496.830078125,14020.9501953125
2023-09-06,180.62478637695312,26.555635452270508,37.932899475097656,53.00701141357422,135.95179748535156,136.31304931640625,325.8741760253906,46.97336959838867,4465.47998046875,13872.4697265625
2023-09-07,175.3416290283203,26.312435150146484,37.346065521240234,52.66389846801758,135.4560089111328,135.1470184326172,322.9666442871094,46.1548957824707,4451.14013671875,13748.830078125
2023-09-08,175.95387268066406,26.52757453918457,37.21769714355469,52.55261993408203,135.60292053222656,135.25048828125,327.2348327636719,45.48714065551758,4457.490234375,13761.5302734375
2023-09-11,177.11915588378906,26.639822006225586,37.21769714355469,52.71025848388672,136.24566650390625,135.8428955078125,330.82769775390625,45.0938720703125,4487.4599609375,13917.8896484375
2023-09-12,174.09735107421875,27.098163604736328,38.21713638305664,52.2929573059082,134.33580017089844,137.61074829101562,324.7874755859375,44.78644943237305,4461.89990234375,13773.6103515625
2023-09-13,172.03346252441406,27.013975143432617,38.849815368652344,52.190948486328125,134.56532287597656,137.67654418945312,328.9872131347656,45.400306701660156,4467.43994140625,13813.58984375
2023-09-14,173.5443572998047,27.31330108642578,39.555843353271484,52.274417877197266,135.29989624023438,140.34716796875,331.5716552734375,45.49612808227539,4505.10009765625,13926.0498046875
2023-09-15,172.823486328125,26.9765625,39.161563873291016,51.96839141845703,134.05111694335938,139.93338012695312,323.2701416015625,43.81825256347656,4450.31982421875,13708.330078125
2023-09-18,175.74649047851562,26.901731491088867,39.097373962402344,52.03330993652344,133.22470092773438,140.2248992919922,322.1344909667969,43.884124755859375,4453.52978515625,13710.240234375
2023-09-19,176.83273315429688,26.798843383789062,39.13405227661133,51.78292465209961,134.5377655029297,140.04620361328125,321.7331848144531,43.43895721435547,4443.9501953125,13678.1904296875
2023-09-20,173.29745483398438,26.705297470092773,38.78562927246094,51.467620849609375,137.57708740234375,139.45384216308594,314.01904296875,42.16035079956055,4402.2001953125,13469.1298828125
2023-09-21,171.75698852539062,26.237607955932617,38.24464416503906,49.464561462402344,135.32745361328125,138.36302185058594,312.80511474609375,40.940616607666016,4330.0,13223.98046875
2023-09-22,172.60621643066406,25.854101181030273,37.52027893066406,49.67784881591797,134.89588928222656,137.03712463378906,310.33819580078125,41.53251647949219,4320.06005859375,13211.8095703125
2023-09-25,173.88009643554688,25.816682815551758,37.61197280883789,49.59438705444336,134.50103759765625,137.7141571044922,310.8570251464844,42.143375396728516,4337.43994140625,13271.3203125
2023-09-26,169.81161499023438,25.41446876525879,36.878440856933594,48.88032913208008,131.5260467529297,136.28485107421875,305.5705871582031,41.83296203613281,4273.52978515625,13063.6103515625
2023-09-27,168.3006591796875,25.508007049560547,37.0984992980957,49.33473205566406,131.4617156982422,137.0841522216797,306.20697021484375,42.388919830322266,4274.509765625,13092.849609375
2023-09-28,168.55747985839844,25.779264450073242,37.77702331542969,49.96533203125,130.0017852783203,138.78616333007812,307.0390930175781,43.008766174316406,4299.7001953125,13201.2802734375
2023-09-29,169.07095336914062,25.610897064208984,37.712833404541016,49.854042053222656,128.82643127441406,136.36949157714844,309.1047058105469,43.41800308227539,4288.0498046875,13219.3203125
2023-10-02,171.57920837402344,24.974830627441406,37.13518142700195,50.43826675415039,129.28555297851562,135.19407653808594,315.0273742675781,44.698604583740234,4288.39013671875,13307.76953125
2023-10-03,170.24609375,24.235876083374023,36.5483512878418,50.111358642578125,128.90907287597656,134.19729614257812,306.7944030761719,43.43596267700195,4229.4501953125,13059.4697265625
2023-10-04,171.49034118652344,24.26394271850586,36.502506256103516,49.92454528808594,129.53347778320312,134.79908752441406,312.2470703125,43.95899200439453,4263.75,13236.009765625
2023-10-05,172.7247314453125,24.376184463500977,36.56669235229492,49.569618225097656,129.9467010498047,135.36746215820312,312.638671875,44.60478591918945,4258.18994140625,13219.830078125
2023-10-06,175.2725067138672,24.385540008544922,37.19936752319336,49.92454528808594,130.4149627685547,137.45150756835938,320.3724365234375,45.67678451538086,4308.5,13431.33984375
2023-10-09,176.75375366210938,24.610031127929688,37.35523986816406,50.36354446411133,130.57106018066406,137.13890075683594,322.8785705566406,45.18869400024414,4335.66015625,13484.240234375
2023-10-10,176.16123962402344,25.264806747436523,37.9970817565918,50.31684494018555,130.48843383789062,137.9724884033203,321.4786682128906,45.71272277832031,4358.240234375,13562.83984375
2023-10-11,177.55364990234375,25.274158477783203,38.0796012878418,50.120697021484375,131.51683044433594,138.44615173339844,325.4237976074219,46.718841552734375,4376.9501953125,13659.6796875
2023-10-12,178.4522705078125,25.161911010742188,38.0796012878418,50.29816436767578,129.6895751953125,138.12408447265625,324.1903381347656,46.85758972167969,4349.60986328125,13574.2197265625
2023-10-13,176.61550903320312,25.030960083007812,37.987911224365234,50.223445892333984,127.13691711425781,140.1986541748047,320.8326110839844,45.3763427734375,4327.77978515625,13407.23046875
2023-10-16,176.48712158203125,25.246095657348633,37.54779052734375,50.58771896362305,127.82560729980469,140.05654907226562,325.63922119140625,46.0091667175293,4373.6298828125,13567.98046875
2023-10-17,174.93673706054688,25.835390090942383,37.77702331542969,50.38222885131836,128.84481811523438,139.75338745117188,325.0714111328125,43.8561897277832,4373.2001953125,13533.75
2023-10-18,173.64309692382812,25.545419692993164,37.10767364501953,50.223445892333984,128.5234375,138.2188262939453,323.1623840332031,42.11742401123047,4314.60009765625,13314.2998046875
2023-10-19,173.26788330078125,25.218034744262695,36.73173522949219,49.80312728881836,126.72369384765625,137.6314697265625,324.3469543457031,42.022605895996094,4278.0,13186.1796875
2023-10-20,170.7200927734375,24.610031127929688,36.38330078125,49.438846588134766,125.94322204589844,135.41482543945312,319.79486083984375,41.3099365234375,4224.16015625,12983.8095703125
2023-10-23,170.83860778808594,23.917844772338867,35.6589469909668,48.75699234008789,125.2270278930664,133.56764221191406,322.38909912109375,42.89497756958008,4217.0400390625,13018.330078125
2023-10-24,171.27310180664062,23.824310302734375,35.69561767578125,49.51356506347656,126.52172088623047,133.72865295410156,323.5736083984375,43.581695556640625,4247.68017578125,13139.8701171875
2023-10-25,168.96234130859375,23.899141311645508,35.40220260620117,48.94380569458008,125.8697509765625,132.99925231933594,333.5002746582031,41.70120620727539,4186.77001953125,12821.2197265625
2023-10-26,164.80494689941406,24.432310104370117,36.071556091308594,47.98173522949219,132.00344848632812,133.3402862548828,320.98919677734375,40.25090789794922,4137.22998046875,12595.6103515625
2023-10-27,166.11831665039062,23.543691635131836,35.06294250488281,48.159210205078125,130.86492919921875,128.53750610351562,322.8687744140625,40.42458724975586,4117.3701171875,12643.009765625
2023-10-30,168.16244506835938,24.03009605407715,35.69561767578125,48.168548583984375,130.9658966064453,130.17630004882812,330.2109069824219,41.084354400634766,4166.81982421875,12789.48046875
2023-10-31,168.636474609375,24.63809585571289,36.20908737182617,48.69160842895508,132.81150817871094,131.7298583984375,330.99407958984375,40.70406723022461,4193.7998046875,12851.240234375
2023-11-01,171.79647827148438,24.694217681884766,36.3099479675293,48.747650146484375,133.50936889648438,131.61619567871094,338.78656005859375,42.246192932128906,4237.85986328125,13061.4697265625
2023-11-02,175.35150146484375,25.835390090942383,37.9145622253418,49.27071762084961,134.98770141601562,133.96548461914062,340.9891662597656,43.424991607666016,4317.77978515625,13294.1904296875
2023-11-03,174.44297790527344,26.583703994750977,39.2520637512207,49.51356506347656,135.80490112304688,135.46221923828125,345.37493896484375,44.92119216918945,4358.33984375,13478.2802734375
2023-11-06,176.99075317382812,26.49951934814453,39.04772186279297,49.77510452270508,136.7874298095703,136.4852752685547,349.02642822265625,45.665802001953125,4365.97998046875,13518.7802734375
2023-11-07,179.54840087890625,26.340497970581055,38.973411560058594,49.62565612792969,136.65887451171875,136.4189453125,352.9422912597656,45.86942672729492,4378.3798828125,13639.8603515625
2023-11-08,180.60501098632812,26.08794593811035,38.8433837890625,49.50422286987305,135.92428588867188,137.09152221679688,355.5560302734375,46.487281799316406,4382.77978515625,13650.41015625
2023-11-09,180.13104248046875,25.751205444335938,38.54615783691406,48.570186614990234,136.1564483642578,136.68418884277344,353.09881591796875,46.862571716308594,4347.35009765625,13521.4501953125
2023-11-10,184.3136444091797,25.89151382446289,39.08487319946289,49.12126922607422,138.3851776123047,138.7113800048828,361.8898620605469,48.24500274658203,4415.240234375,13798.1103515625
2023-11-13,182.73159790039062,25.910221099853516,39.66074752807617,48.78501892089844,137.53082275390625,138.0956573486328,358.96282958984375,48.52946090698242,4411.5498046875,13767.740234375
2023-11-14,185.34202575683594,27.33201026916504,41.20259475708008,49.66301345825195,139.67596435546875,140.615478515625,362.4772644042969,49.56352996826172,4495.7001953125,14094.3798828125
2023-11-15,185.90567016601562,27.706161499023438,41.685577392578125,49.7657585144043,141.6911163330078,141.84693908691406,362.6244201660156,48.796974182128906,4502.8798828125,14103.83984375
2023-11-16,187.58665466308594,27.63133430480957,41.49052047729492,44.87138748168945,142.13685607910156,143.46678161621094,369.0005187988281,49.38786697387695,4508.240234375,14113.669921875
2023-11-17,187.5668487548828,28.04290199279785,42.131412506103516,44.60984420776367,141.97898864746094,144.7645721435547,362.80096435546875,49.206207275390625,4514.02001953125,14125.48046875
2023-11-20,189.30714416503906,28.070964813232422,42.03853225708008,45.08620834350586,143.3347930908203,145.2097930908203,370.2462463378906,50.31513214111328,4547.3798828125,14284.5302734375
2023-11-21,188.5062255859375,27.743576049804688,41.88063430786133,44.64720916748047,142.9261932373047,144.90664672851562,365.9596252441406,49.85099792480469,4538.18994140625,14199.98046875
2023-11-22,189.16873168945312,27.71552085876465,41.815608978271484,44.90873718261719,144.0591278076172,145.2476806640625,370.64849853515625,48.62528610229492,4556.6201171875,14265.8603515625
2023-11-24,187.84373474121094,27.809053421020508,42.01066589355469,45.17027282714844,144.1055450439453,145.44659423828125,370.2364807128906,47.687042236328125,4559.33984375,14250.849609375
2023-11-27,187.6657257080078,27.650039672851562,41.8713493347168,44.768638610839844,144.46774291992188,145.1150665283203,371.3939514160156,48.15216827392578,4550.43017578125,14241.01953125
2023-11-28,188.2689208984375,27.621978759765625,41.66699981689453,44.693912506103516,144.54202270507812,145.44659423828125,375.40606689453125,47.73195266723633,4554.89013671875,14281.759765625
2023-11-29,187.2504119873047,28.351581573486328,42.49365997314453,44.88072204589844,145.247802734375,146.18551635742188,371.62945556640625,48.050357818603516,4550.580078125,14258.490234375
2023-11-30,187.82394409179688,28.747577667236328,42.81874084472656,45.18895721435547,147.2443389892578,147.85275268554688,371.68829345703125,46.68290710449219,4567.7998046875,14226.2197265625
2023-12-01,189.09951782226562,29.190717697143555,43.86831283569336,45.27302169799805,149.0923614501953,148.57269287109375,367.3721618652344,46.677921295166016,4594.6298828125,14305.0302734375
2023-12-04,187.3097686767578,29.05872344970703,43.99834442138672,44.88072204589844,149.60308837890625,149.66204833984375,362.1044921875,45.42525100708008,4569.77978515625,14185.490234375
2023-12-05,191.25511169433594,28.832439422607422,43.376041412353516,44.768638610839844,149.8723907470703,149.64312744140625,365.42010498046875,46.48337936401367,4567.18017578125,14229.91015625
2023-12-06,190.1674346923828,28.785295486450195,44.453468322753906,44.553810119628906,148.84161376953125,148.07061767578125,361.77093505859375,45.42226028442383,4549.33984375,14146.7099609375
2023-12-07,192.09559631347656,28.907865524291992,45.04791259765625,45.07686233520508,148.78590393066406,148.52528381347656,363.8800048828125,46.51332092285156,4585.58984375,14339.990234375
2023-12-08,193.51947021484375,29.190717697143555,45.41016387939453,45.18895721435547,150.40171813964844,150.1641082763672,367.0974426269531,47.42170715332031,4604.3701171875,14403.9697265625
2023-12-11,191.0177764892578,29.087003707885742,44.72283172607422,46.13233947753906,151.84109497070312,150.71351623535156,364.2232971191406,46.54426956176758,4622.43994140625,14432.490234375
2023-12-12,192.53067016601562,28.983293533325195,44.63923645019531,46.07630157470703,152.9554443359375,152.0586700439453,367.2445983886719,47.57244110107422,4643.7001953125,14533.400390625
2023-12-13,195.74427795410156,30.209003448486328,45.828128814697266,46.41254425048828,151.9432373046875,152.57022094726562,367.23480224609375,48.00267791748047,4707.08984375,14733.9599609375
2023-12-14,195.8926239013672,32.00041961669922,46.66407775878906,46.179039001464844,151.28392028808594,155.3457794189453,358.95562744140625,48.26420593261719,4719.5498046875,14761.5595703125
2023-12-15,195.35867309570312,31.679847717285156,46.28325653076172,46.5806770324707,150.6524658203125,156.52041625976562,363.6641845703125,48.80325698852539,4719.18994140625,14813.919921875
2023-12-18,193.69744873046875,31.519563674926758,46.12534713745117,46.926273345947266,151.1260528564453,157.4676971435547,365.5475769042969,49.98814392089844,4740.56005859375,14904.8095703125
2023-12-19,194.7357177734375,31.594995498657227,47.304962158203125,46.870235443115234,150.03024291992188,159.57066345214844,366.1459655761719,49.515987396240234,4768.3701171875,15003.2197265625
2023-12-20,192.64932250976562,31.095279693603516,46.50617218017578,46.515296936035156,148.62802124023438,157.77084350585938,363.5562744140625,48.025634765625,4698.35009765625,14777.9404296875
2023-12-21,192.50100708007812,31.302711486816406,46.99843978881836,46.42189407348633,149.30592346191406,158.67076110839844,366.4206237792969,48.903079986572266,4746.75,14963.8701171875
2023-12-22,191.43310546875,31.519563674926758,47.23993682861328,46.786163330078125,150.56886291503906,158.57603454589844,367.4407958984375,48.74336242675781,4754.6298828125,14992.9697265625
2023-12-26,190.88926696777344,31.92499542236328,47.68577575683594,46.96363067626953,151.56253051757812,159.5138397216797,367.5192565917969,49.191558837890625,4774.75,15074.5703125
2023-12-27,190.9881591796875,31.906137466430664,47.79723358154297,47.11307907104492,151.79466247558594,160.47059631347656,366.9405517578125,49.32931900024414,4781.580078125,15099.1796875
2023-12-28,191.413330078125,31.9438533782959,47.85296630859375,47.150447845458984,152.06396484375,161.32318115234375,368.12744140625,49.43413543701172,4783.35009765625,15095.1396484375
2023-12-29,190.37509155273438,31.745849609375,47.77865219116211,47.187801361083984,151.87823486328125,161.1337127685547,368.87298583984375,49.43413543701172,4769.830078125,15011.349609375
2024-01-02,183.56216430664062,31.96270179748535,49.26477813720703,47.17845916748047,149.9745330810547,163.00936889648438,363.801513671875,48.0825309753418,4742.830078125,14765.9404296875
2024-01-03,182.18777465820312,31.613847732543945,49.82206344604492,47.54557418823242,148.6744384765625,162.29888916015625,363.53668212890625,47.48460006713867,4704.81005859375,14592.2099609375
2024-01-04,179.87393188476562,31.868417739868164,49.94282150268555,47.14080810546875,149.3802032470703,163.37591552734375,360.9273681640625,47.912837982177734,4688.68017578125,14510.2998046875
2024-01-05,179.152099609375,32.462425231933594,50.462955474853516,47.15021896362305,147.801513671875,164.1956024169922,360.7409362792969,49.009883880615234,4697.240234375,14524.0703125
2024-01-08,183.4830780029297,32.20784378051758,50.165733337402344,47.49850845336914,149.64022827148438,163.9573211669922,367.5487060546875,52.160282135009766,4763.5400390625,14843.76953125
2024-01-09,183.0677947998047,31.708139419555664,49.67345428466797,46.98078918457031,148.6558380126953,162.66107177734375,368.62774658203125,53.045711517333984,4756.5,14857.7099609375
2024-01-10,184.10601806640625,31.679847717285156,49.24620056152344,47.291419982910156,149.72381591796875,163.0041961669922,375.47467041015625,54.25355911254883,4783.4501953125,14969.650390625
2024-01-11,183.5127410888672,31.255571365356445,48.37310791015625,47.479679107666016,150.5874481201172,162.31793212890625,377.29925537109375,54.7247314453125,4780.240234375,14970.1904296875
2024-01-12,183.83901977539062,30.925567626953125,48.874671936035156,47.38555145263672,153.96766662597656,161.1265106201172,381.06610107421875,54.61292266845703,4783.830078125,14972.759765625
2024-01-16,181.5746612548828,30.2844295501709,48.17805480957031,47.62088394165039,155.04490661621094,160.1162109375,382.8317565917969,56.281959533691406,4765.97998046875,14944.349609375
2024-01-17,180.6352996826172,29.982715606689453,47.70435333251953,47.347904205322266,154.2277069091797,159.25839233398438,382.0469970703125,55.95354461669922,4739.2099609375,14855.6201171875
2024-01-18,186.51873779296875,29.916717529296875,47.47214126586914,47.77149200439453,154.93344116210938,159.57293701171875,386.3631286621094,57.00567626953125,4780.93994140625,15055.650390625
2024-01-19,189.41590881347656,30.378713607788086,47.85296630859375,48.26097106933594,159.2423095703125,162.32748413085938,391.0716552734375,59.385440826416016,4839.81005859375,15310.9697265625
2024-01-22,191.7198486328125,30.689857482910156,49.079010009765625,48.54336166381836,160.49598693847656,162.13685607910156,388.9528503417969,59.54814910888672,4850.43017578125,15360.2900390625
2024-01-23,192.99542236328125,30.89728355407715,49.50627136230469,48.72221374511719,161.52676391601562,161.0693359375,391.2972412109375,59.76676940917969,4864.60009765625,15425.9404296875
2024-01-24,192.32302856445312,31.095279693603516,49.469120025634766,48.29862594604492,161.51748657226562,162.50856018066406,394.8874816894531,61.25312042236328,4868.5498046875,15481.919921875
2024-01-25,191.99671936035156,31.481855392456055,49.90565872192383,49.25876235961914,176.83995056152344,164.83419799804688,397.15350341796875,61.50767135620117,4894.16015625,15510.5
2024-01-26,190.2663116455078,31.519563674926758,49.84992980957031,49.07991027832031,174.04473876953125,164.2051239013672,396.2314147949219,60.92271041870117,4890.97021484375,15455.3603515625
2024-01-29,189.58401489257812,31.689281463623047,50.25861358642578,49.22110366821289,173.78472900390625,164.63404846191406,401.9110412597656,62.354164123535156,4927.93017578125,15628.0400390625
2024-01-30,185.93531799316406,32.80185317993164,53.02650833129883,49.174041748046875,174.46263122558594,168.0081329345703,400.8025817871094,62.66261672973633,4924.97021484375,15509.900390625
2024-01-31,182.33609008789062,32.06642150878906,52.1719856262207,47.23494338989258,170.5531005859375,166.18763732910156,390.0024108886719,61.4178352355957,4845.64990234375,15164.009765625
2024-02-01,184.76853942871094,31.632713317871094,52.069820404052734,47.23494338989258,173.56185913085938,165.587158203125,396.08428955078125,62.91516876220703,4906.18994140625,15361.6396484375
2024-02-02,183.7698516845703,31.557283401489258,52.079200744628906,47.23494338989258,172.5310821533203,166.54029846191406,403.3824462890625,66.04261016845703,4958.60986328125,15628.9501953125
2024-02-05,185.579345703125,31.104717254638672,51.10399627685547,46.60426330566406,170.33023071289062,166.3210906982422,397.9185791015625,69.208984375,4942.81005859375,15597.6796875
2024-02-06,187.18121337890625,31.15185546875,50.96334457397461,47.04667663574219,170.32093811035156,166.89295959472656,397.76171875,68.10194396972656,4954.22998046875,15609.0
2024-02-07,187.29000854492188,31.283851623535156,51.14150619506836,46.8490104675293,170.62738037109375,167.20750427246094,406.1585693359375,69.97461700439453,4995.06005859375,15756.6396484375
2024-02-08,186.2122039794922,31.227279663085938,50.90708923339844,47.01844024658203,172.76397705078125,166.60702514648438,406.2173156738281,69.51742553710938,4997.91015625,15793.7099609375
2024-02-09,186.97454833984375,31.180137634277344,50.62577819824219,47.1878776550293,174.6194305419922,166.80715942382812,412.5346374511719,72.00502014160156,5026.60986328125,15990.66015625
2024-02-12,185.29141235351562,31.698707580566406,50.56013870239258,47.056095123291016,174.4507598876953,167.5506134033203,407.345458984375,72.11981201171875,5021.83984375,15942.5498046875
2024-02-13,183.20236206054688,30.878429412841797,49.4724235534668,46.72663116455078,172.1454620361328,166.09231567382812,398.5758056640625,72.00003051757812,4953.169921875,15655.599609375
2024-02-14,182.32122802734375,31.236709594726562,50.61640167236328,47.329071044921875,172.023681640625,167.7793731689453,402.4281921386719,73.7688980102539,5000.6201171875,15859.150390625
2024-02-15,182.03408813476562,32.12299346923828,51.76976013183594,46.18067169189453,175.11605834960938,171.4393768310547,399.5487976074219,72.5290756225586,5029.72998046875,15906.169921875
2024-02-16,180.49948120117188,32.141849517822266,51.432193756103516,45.59706115722656,175.83767700195312,170.6387481689453,397.0919189453125,72.4841537475586,5005.56982421875,15775.650390625
2024-02-20,179.75694274902344,32.0192756652832,51.9666748046875,45.44645690917969,171.90184020996094,171.30593872070312,395.8437805175781,69.32877349853516,4975.509765625,15630.7802734375
2024-02-21,180.50938415527344,31.774133682250977,51.88228225708008,45.63471603393555,168.39707946777344,172.4210968017578,395.2443542480469,67.35228729248047,4981.7998046875,15580.8701171875
2024-02-22,182.5390167236328,31.689281463623047,52.41676712036133,45.71943664550781,172.62342834472656,174.48941040039062,404.5509948730469,78.39866638183594,5087.02978515625,16041.6201171875
2024-02-23,180.7073974609375,31.981565475463867,52.44489288330078,45.99241638183594,174.03842163085938,175.3662872314453,403.2636413574219,78.6771469116211,5088.7998046875,15996.8203125
2024-02-26,179.36090087890625,31.689281463623047,51.91041564941406,45.559410095214844,172.54844665527344,174.76583862304688,400.5119323730469,78.95166778564453,5069.52978515625,15976.25
2024-02-27,180.8163299560547,32.32099151611328,52.23860168457031,45.474700927734375,173.2418975830078,174.8516082763672,400.45294189453125,78.56135559082031,5078.18017578125,16035.2998046875
2024-02-28,179.6183319091797,32.34927749633789,51.61973190307617,45.2393684387207,173.64483642578125,175.73800659179688,400.6887512207031,77.52518463134766,5069.759765625,15947.740234375
2024-02-29,178.95497131347656,32.77654266357422,52.03231430053711,45.53116989135742,173.391845703125,177.33926391601562,406.5067138671875,78.97163391113281,5096.27001953125,16091.919921875
2024-03-01,177.8758087158203,32.615135192871094,52.13545227050781,45.559410095214844,176.36245727539062,176.60533142089844,408.3345947265625,82.13301086425781,5137.080078125,16274.9404296875
2024-03-04,173.36109924316406,33.37473678588867,52.64180374145508,46.2465705871582,180.91673278808594,177.93019104003906,407.7646179199219,85.08576965332031,5130.9501953125,16207.509765625
2024-03-05,168.43052673339844,33.60260772705078,52.754329681396484,46.07713317871094,179.87655639648438,179.71253967285156,395.70623779296875,85.81549835205078,5078.64990234375,15939.58984375
2024-03-06,167.44046020507812,33.6310920715332,53.72014617919922,46.28421401977539,183.82179260253906,180.64662170410156,395.1558837890625,88.54676818847656,5104.759765625,16031.5400390625
2024-03-07,167.32168579101562,33.83049392700195,54.12335968017578,46.030067443847656,184.1778564453125,179.06442260742188,402.0843505859375,92.5089111328125,5157.35986328125,16273.3798828125
2024-03-08,169.03448486328125,33.802001953125,53.92644119262695,46.594852447509766,183.62496948242188,179.39801025390625,399.2146301269531,87.37679290771484,5123.68994140625,16085.1103515625
2024-03-11,171.03443908691406,34.07735061645508,53.83266830444336,47.27260208129883,179.67037963867188,179.46473693847656,397.5439453125,85.62581634521484,5117.93994140625,16019.26953125
2024-03-12,171.50967407226562,34.14382553100586,53.870182037353516,47.131404876708984,185.33984375,180.9420928955078,408.1184387207031,91.75421905517578,5175.27001953125,16265.6396484375
2024-03-13,169.43051147460938,34.25777053833008,54.16086196899414,47.1690559387207,184.32778930664062,182.40989685058594,407.9415588378906,90.73099517822266,5165.31005859375,16177.76953125
2024-03-14,171.2819366455078,33.88745880126953,53.53260803222656,46.86783218383789,181.2634735107422,179.1597442626953,417.8869934082031,87.79206848144531,5150.47998046875,16128.5302734375
2024-03-15,170.90573120117188,33.62159729003906,54.02021408081055,46.05830383300781,179.0519256591797,181.3805389404297,409.23870849609375,87.68526458740234,5117.08984375,15973.169921875
2024-03-18,171.99481201171875,34.191287994384766,54.97665786743164,46.37834930419922,179.63291931152344,183.62991333007812,410.12322998046875,88.30219268798828,5149.419921875,16103.4501953125
2024-03-19,174.33132934570312,34.21028137207031,55.192317962646484,46.2559814453125,181.1791229248047,184.7069549560547,414.1426696777344,89.24357604980469,5178.509765625,16166.7900390625
2024-03-20,176.89564514160156,34.8939208984375,56.383182525634766,46.64191436767578,181.7601318359375,187.12789916992188,417.8968505859375,90.21588134765625,5224.6201171875,16369.41015625
2024-03-21,169.66812133789062,35.615535736083984,57.508419036865234,46.952552795410156,179.8297119140625,189.72994995117188,421.9653625488281,91.27703857421875,5241.52978515625,16401.83984375
2024-03-22,170.569091796875,35.178768157958984,57.03019332885742,46.858421325683594,178.83639526367188,187.404296875,421.3462829589844,94.12611389160156,5234.18017578125,16428.8203125
2024-03-25,169.15328979492188,34.99836730957031,57.15209197998047,46.76428985595703,176.9153289794922,185.68865966796875,415.5677185058594,94.83788299560547,5218.18994140625,16384.470703125
2024-03-26,168.02462768554688,35.21674728393555,57.817848205566406,46.64191436767578,176.64358520507812,186.55599975585938,414.3785705566406,92.4011001586914,5203.580078125,16315.7001953125
2024-03-27,171.58888244628906,35.90038299560547,58.839927673339844,46.8490104675293,178.79888916015625,190.1684112548828,414.1623229980469,90.09408569335938,5248.490234375,16399.51953125
2024-03-28,169.77703857421875,36.00482940673828,59.29939270019531,46.98078918457031,178.9488525390625,190.9118194580078,413.4646301269531,90.19991302490234,5254.35009765625,16379.4599609375
2024-04-01,168.34146118164062,35.625030517578125,59.50568389892578,47.1031608581543,177.8899383544922,189.61557006835938,417.2481384277344,90.20689392089844,5243.77001953125,16396.830078125
2024-04-02,167.16323852539062,35.416141510009766,58.92431640625,46.46306610107422,176.9996795654297,189.53932189941406,414.17218017578125,89.29747009277344,5205.81005859375,16240.4501953125
2024-04-03,167.96519470214844,35.549068450927734,57.845977783203125,46.25429153442383,178.892578125,189.0055694580078,413.1992492675781,88.8103256225586,5211.490234375,16277.4599609375
2024-04-04,167.14346313476562,35.055335998535156,57.11457443237305,45.65642166137695,176.11878967285156,187.56752014160156,410.673583984375,85.75658416748047,5147.2099609375,16049.080078125
2024-04-05,167.89588928222656,35.23573684692383,57.76158142089844,46.07398223876953,177.24331665039062,189.2931671142578,418.1818542480469,87.85596466064453,5204.33984375,16248.51953125
2024-04-08,166.77713012695312,35.606040954589844,57.88348388671875,45.779788970947266,177.88055419921875,190.28060913085938,417.2678527832031,86.98246765136719,5202.39013671875,16253.9599609375
2024-04-09,167.98501586914062,35.824432373046875,57.817848205566406,47.45951843261719,177.4026336669922,189.0055389404297,418.9286804199219,85.20653533935547,5209.91015625,16306.6396484375
2024-04-10,166.11375427246094,34.798973083496094,56.43006896972656,46.700321197509766,174.33828735351562,187.39495849609375,415.9608459472656,86.88864135742188,5160.64013671875,16170.3603515625
2024-04-11,173.30169677734375,34.514122009277344,56.927040100097656,47.003997802734375,174.20709228515625,187.3566131591797,420.5502014160156,90.45946502685547,5199.06005859375,16442.19921875
2024-04-12,174.7967071533203,33.98240661621094,55.96122360229492,46.01704025268555,170.80543518066406,175.23876953125,414.62420654296875,88.03366088867188,5123.41015625,16175.08984375
2024-04-15,170.9750213623047,34.13432693481445,54.911014556884766,45.779788970947266,169.84959411621094,175.3346710205078,406.5067138671875,85.85243225097656,5061.81982421875,15885.01953125
2024-04-16,167.69790649414062,32.928470611572266,53.466976165771484,45.476104736328125,172.19232177734375,173.3309783935547,407.43048095703125,87.26399230957031,5051.41015625,15865.25
2024-04-17,166.3316192626953,33.450687408447266,54.545310974121094,45.35274124145508,171.58323669433594,172.64071655273438,404.7377624511719,83.88983154296875,5022.2099609375,15683.3701171875
2024-04-18,165.38113403320312,33.963417053222656,54.68596267700195,45.65642166137695,170.0557403564453,173.76239013671875,397.2983093261719,84.52473449707031,5011.1201171875,15601.5
2024-04-19,163.36138916015625,35.10280990600586,55.45487976074219,45.855709075927734,170.15882873535156,178.1244354248047,392.23712158203125,76.06837463378906,4967.22998046875,15282.009765625
2024-04-22,164.1930389404297,35.824432373046875,57.15209197998047,45.68488693237305,170.45867919921875,181.58529663085938,394.04534912109375,79.3806381225586,5010.60009765625,15451.3095703125
2024-04-23,165.24253845214844,36.432106018066406,58.76491165161133,45.855709075927734,170.73045349121094,184.20252990722656,400.5414123535156,82.28062438964844,5070.5498046875,15696.6396484375
2024-04-24,167.3414764404297,36.38462829589844,58.577369689941406,45.884178161621094,172.52032470703125,185.1036834716797,402.005615234375,79.53936004638672,5071.6298828125,15712.75
2024-04-25,168.2028350830078,35.99533462524414,57.93974304199219,45.64692687988281,158.2857666015625,185.3817138671875,392.15850830078125,82.4892578125,5048.419921875,15611.759765625
2024-04-26,167.6186981201172,35.919376373291016,58.75553894042969,45.41917037963867,156.6177215576172,185.4967498779297,399.31292724609375,87.58344268798828,5099.9599609375,15927.900390625
2024-04-29,171.7769775390625,35.65351486206055,58.38045883178711,45.34324645996094,156.8988494873047,185.29542541503906,395.3130187988281,87.60540771484375,5116.169921875,15983.080078125
2024-04-30,168.63848876953125,35.140785217285156,57.508419036865234,44.584041595458984,155.74623107910156,183.8190460205078,382.61590576171875,86.25274658203125,5035.68994140625,15657.8203125
2024-05-01,167.6186981201172,35.083824157714844,57.52716064453125,44.45119094848633,154.08753967285156,183.93411254882812,388.12921142578125,82.89753723144531,5018.39013671875,15605.48046875
2024-05-02,171.3116455078125,35.017356872558594,57.70532989501953,44.40373611450195,154.3311767578125,183.7423553466797,390.9791564941406,85.66875457763672,5064.2001953125,15840.9599609375
2024-05-03,181.55885314941406,35.3686637878418,58.18769836425781,44.7169075012207,155.28701782226562,182.63987731933594,399.6470642089844,88.63561248779297,5127.7900390625,16156.330078125
2024-05-06,179.90545654296875,35.78644561767578,59.40782928466797,44.707420349121094,158.00462341308594,184.0683135986328,406.408447265625,91.9808349609375,5180.740234375,16349.25
2024-05-07,180.58859252929688,35.928871154785156,58.641693115234375,44.868743896484375,157.78909301757812,183.82862854003906,402.28082275390625,90.39756774902344,5187.7001953125,16332.5595703125
2024-05-08,180.92523193359375,35.8054313659668,59.35108184814453,45.552024841308594,159.21348571777344,187.56752014160156,403.4601745605469,90.25580596923828,5187.669921875,16302.759765625
2024-05-09,182.73704528808594,36.34664535522461,59.890193939208984,45.35274124145508,157.3585205078125,189.34109497070312,405.2094421386719,88.59369659423828,5214.080078125,16346.259765625
2024-05-10,181.47796630859375,36.50806427001953,60.08882141113281,45.608970642089844,158.19134521484375,190.55865478515625,407.5877380371094,89.72273254394531,5222.68017578125,16340.8701171875
2024-05-13,184.68020629882812,36.280181884765625,59.96586608886719,46.19735336303711,158.57940673828125,190.52027893066406,406.58526611328125,90.24284362792969,5221.419921875,16388.240234375
2024-05-14,185.82032775878906,36.54604721069336,60.14557647705078,46.453582763671875,158.3900909423828,193.1854248046875,409.37628173828125,91.19818115234375,5246.68017578125,16511.1796875
2024-05-15,188.09068298339844,36.94482421875,60.7603645324707,47.13685607910156,159.24188232421875,193.76065063476562,416.5338134765625,94.46652221679688,5308.14990234375,16742.390625
2024-05-16,188.20962524414062,37.23917770385742,60.6657829284668,45.874691009521484,159.91383361816406,194.10577392578125,414.47613525390625,94.19599151611328,5297.10009765625,16698.3203125
2024-05-17,188.2393798828125,37.305641174316406,60.599578857421875,45.713356018066406,159.97061157226562,196.32994079589844,413.7082824707031,92.31924438476562,5303.27001953125,16685.970703125
2024-05-20,189.39932250976562,36.859371185302734,59.738868713378906,44.72639846801758,160.8129119873047,187.50042724609375,418.7588806152344,94.61626434326172,5308.1298828125,16794.869140625
2024-05-21,190.69810485839844,37.6474609375,61.23328399658203,44.546085357666016,164.17263793945312,191.27767944335938,422.4016418457031,95.22122955322266,5321.41015625,16832.619140625
2024-05-22,189.26052856445312,37.751895904541016,60.36310958862305,45.011104583740234,164.380859375,190.11766052246094,423.85870361328125,94.78597259521484,5307.009765625,16801.5390625
2024-05-23,185.27503967285156,37.19169616699219,59.606449127197266,44.22342300415039,161.52268981933594,188.7850799560547,420.3931884765625,103.61969757080078,5267.83984375,16736.029296875
2024-05-24,188.3484344482422,37.69493103027344,60.1361198425293,44.052608489990234,161.7309112548828,192.41851806640625,423.50433349609375,106.28506469726562,5304.72021484375,16920.7890625
2024-05-28,188.35833740234375,37.33412170410156,59.06732177734375,43.91974639892578,160.56686401367188,191.2584686279297,423.6618347167969,113.7042236328125,5306.0400390625,17019.880859375
2024-05-29,188.65577697753906,36.76442337036133,58.651153564453125,43.72994613647461,158.0967254638672,189.92591857910156,422.52960205078125,114.62663269042969,5266.9501953125,16920.580078125
2024-05-30,189.64715576171875,36.67897415161133,58.575496673583984,43.76791000366211,156.75283813476562,191.0955047607422,408.2540283203125,110.30912017822266,5235.47998046875,16737.080078125
2024-05-31,190.5989227294922,37.97028350830078,58.93490982055664,44.1285285949707,157.90745544433594,194.25918579101562,408.7068786621094,109.44361877441406,5277.509765625,16735.01953125
2024-06-03,192.36366271972656,37.8658447265625,58.56603240966797,44.27088165283203,156.42160034179688,193.4826202392578,407.12176513671875,114.80134582519531,5283.39990234375,16828.669921875
2024-06-04,192.68092346191406,37.67594528198242,57.724239349365234,45.00160598754883,156.92318725585938,190.9325408935547,409.63232421875,116.23585510253906,5291.33984375,16857.05078125
2024-06-05,194.18783569335938,37.941795349121094,58.424156188964844,43.673011779785156,158.40904235839844,189.1110076904297,417.449462890625,122.22848510742188,5354.02978515625,17187.900390625
2024-06-06,192.80979919433594,37.69493103027344,58.58494567871094,43.87229919433594,159.18507385253906,188.77549743652344,417.9515380859375,120.78897857666016,5352.9599609375,17173.119140625
2024-06-07,195.1990966796875,38.00061798095703,58.43361282348633,43.5021858215332,160.89810180664062,191.6898956298828,417.29193115234375,120.67916870117188,5346.990234375,17133.130859375
2024-06-10,191.46148681640625,37.895538330078125,58.10258102416992,43.51167297363281,161.2482452392578,191.3639373779297,421.24969482421875,121.57959747314453,5360.7900390625,17192.529296875
2024-06-11,205.37095642089844,37.121768951416016,55.936614990234375,43.43575668334961,160.2450714111328,186.330810546875,425.9853210449219,120.7110595703125,5375.31982421875,17343.55078125
2024-06-12,211.24014282226562,37.64716720581055,56.75948715209961,43.293399810791016,159.9422149658203,183.61770629882812,434.2356872558594,124.99396514892578,5421.02978515625,17608.439453125
2024-06-13,212.40008544921875,37.50387954711914,56.96757888793945,43.198509216308594,160.0557861328125,185.65975952148438,434.74761962890625,129.39671325683594,5433.740234375,17667.560546875
2024-06-14,210.66513061523438,37.48477554321289,56.11632537841797,43.35034942626953,160.14097595214844,185.7747802734375,435.7222900390625,131.66299438476562,5431.60009765625,17688.880859375
2024-06-17,214.80921936035156,37.74269104003906,56.806785583496094,43.35983657836914,160.41542053222656,186.92520141601562,441.4325256347656,130.7644805908203,5473.22998046875,17857.01953125
2024-06-18,212.44967651367188,38.20122146606445,57.48777389526367,43.62556838989258,161.4091339111328,188.86175537109375,439.4339599609375,135.3568878173828,5487.02978515625,17862.23046875
2024-06-20,207.87924194335938,38.20122146606445,57.336448669433594,44.337310791015625,164.5985107421875,190.46278381347656,438.80389404296875,130.56480407714844,5473.169921875,17721.58984375
2024-06-21,205.70806884765625,37.723594665527344,56.74057388305664,44.878238677978516,163.21678161621094,188.190673828125,442.8207092285156,126.36173248291016,5464.6201171875,17689.359375
2024-06-24,206.35247802734375,38.229881286621094,58.017452239990234,44.868743896484375,165.63009643554688,190.66409301757812,440.743408203125,117.9156494140625,5447.8701171875,17496.8203125
2024-06-25,207.27452087402344,37.61851119995117,58.24445343017578,44.96364974975586,163.3492431640625,189.88754272460938,443.97259521484375,125.88250732421875,5469.2998046875,17717.650390625
2024-06-26,211.4185791015625,37.2555046081543,57.93231964111328,44.47016906738281,162.6583709716797,189.2739715576172,445.1639099121094,126.1920166015625,5477.89990234375,17805.16015625
2024-06-27,212.2613067626953,37.49432373046875,58.21607208251953,45.03007888793945,161.69308471679688,190.94210815429688,445.8432312011719,123.78597259521484,5482.8701171875,17858.6796875
2024-06-28,208.8111572265625,37.99106979370117,60.02261734008789,45.087013244628906,163.6804962158203,193.9044647216797,440.0345458984375,123.33671569824219,5460.47998046875,17732.599609375
2024-07-01,214.88853454589844,38.2203254699707,59.99423599243164,45.09650802612305,165.71527099609375,196.9626922607422,449.6632080078125,124.0954818725586,5475.08984375,17879.30078125
2024-07-02,218.3782958984375,39.09917449951172,61.17653274536133,44.868743896484375,167.79734802246094,200.20306396484375,452.1737060546875,122.46814727783203,5509.009765625,18028.759765625
2024-07-03,219.64730834960938,39.07051467895508,60.96844482421875,44.688438415527344,166.31149291992188,200.06883239746094,453.64068603515625,128.06890869140625,5537.02001953125,18188.30078125
2024-07-05,224.39617919921875,38.60243606567383,60.561744689941406,44.65015411376953,166.5859832763672,197.41781616210938,460.32562255859375,125.6229476928711,5567.18994140625,18352.759765625
2024-07-08,225.8634796142578,38.80304718017578,61.23328399658203,44.085445404052734,168.11915588378906,197.7841339111328,459.0260314941406,127.98902893066406,5572.85009765625,18403.740234375
2024-07-09,226.716064453125,39.56725311279297,62.94524383544922,43.83659744262695,167.0212860107422,200.1555938720703,452.42974853515625,131.163818359375,5576.97998046875,18429.2890625
2024-07-10,230.97915649414062,39.87294387817383,63.351959228515625,44.28644561767578,168.3083953857422,200.3194580078125,459.0359191894531,134.68801879882812,5633.91015625,18647.44921875
2024-07-11,225.61563110351562,39.939815521240234,62.150733947753906,44.75543212890625,168.75323486328125,199.98207092285156,447.66461181640625,127.19037628173828,5584.5400390625,18283.41015625
2024-07-12,228.5601043701172,39.72965621948242,61.02518844604492,45.34886169433594,173.03097534179688,197.56243896484375,446.5323791503906,129.02734375,5615.35009765625,18398.44921875
2024-07-15,232.386962890625,40.01622772216797,61.61162185668945,45.368003845214844,173.07830810546875,202.48846435546875,446.93603515625,128.22865295410156,5631.22021484375,18472.5703125
2024-07-16,232.80337524414062,42.156044006347656,63.626243591308594,45.387142181396484,175.8512725830078,205.92996215820312,442.56475830078125,126.15206909179688,5667.2001953125,18509.33984375
2024-07-17,226.9143829345703,42.01274490356445,63.94782257080078,46.43998718261719,177.40335083007812,209.06295776367188,436.6575927734375,117.79583740234375,5588.27001953125,17996.919921875
2024-07-18,222.25474548339844,41.08613204956055,61.37515640258789,45.980567932128906,175.2928924560547,202.4209747314453,433.55633544921875,120.89073944091797,5544.58984375,17871.220703125
2024-07-19,222.3835906982422,40.981056213378906,61.61162185668945,45.29143142700195,173.428466796875,202.22821044921875,430.34674072265625,117.73594665527344,5505.0,17726.939453125
2024-07-22,222.03660583496094,40.407894134521484,61.00627899169922,44.8128662109375,174.28021240234375,202.71018981933594,436.0865478515625,123.33671569824219,5564.41015625,18007.5703125
2024-07-23,223.07757568359375,40.512969970703125,61.15761947631836,44.37258529663086,174.23291015625,202.75839233398438,437.967041015625,122.3882827758789,5555.740234375,17997.349609375
2024-07-24,216.6631622314453,40.30282211303711,60.21178436279297,44.841575622558594,174.15719604492188,201.08103942871094,422.2637939453125,114.06199645996094,5427.1298828125,17342.41015625
2024-07-25,215.62217712402344,39.81563186645508,60.883331298828125,45.21486282348633,181.6905517578125,201.15817260742188,411.9262390136719,112.0952377319336,5399.22021484375,17181.720703125
2024-07-26,216.08815002441406,39.80607604980469,61.64944839477539,45.827423095703125,181.472900390625,204.5996551513672,418.68994140625,112.87395477294922,5459.10009765625,17357.880859375
2024-07-29,216.36573791503906,39.25202178955078,60.81711959838867,45.93270492553711,181.23629760742188,203.25970458984375,420.12738037109375,111.4063720703125,5463.5400390625,17370.19921875
2024-07-30,216.92095947265625,39.43351745605469,62.302085876464844,46.07627487182617,180.8009490966797,207.44342041015625,416.3763732910156,103.55931091308594,5436.43994140625,17147.419921875
2024-07-31,220.17276000976562,38.50690841674805,61.365699768066406,46.372989654541016,181.8419952392578,205.13949584960938,411.87701416015625,116.82743072509766,5522.2998046875,17599.400390625
2024-08-01,216.48471069335938,37.7331428527832,59.85236358642578,45.358428955078125,179.49488830566406,200.47372436523438,410.65618896484375,109.0302963256836,5446.68017578125,17194.150390625
2024-08-02,217.97183227539062,35.89902114868164,55.57719039916992,44.65972137451172,178.98385620117188,191.97122192382812,402.1695861816406,107.09346771240234,5346.56005859375,16776.16015625
2024-08-05,207.47276306152344,35.01062774658203,53.67687225341797,42.8220329284668,173.48526000976562,187.88385009765625,389.0359802246094,100.28470611572266,5186.330078125,16200.080078125
2024-08-06,205.45028686523438,35.26854705810547,54.011104583740234,43.224029541015625,176.7882080078125,193.12802124023438,393.42694091796875,104.0784683227539,5240.02978515625,16366.849609375
2024-08-07,208.01806640625,35.63154602050781,53.581382751464844,43.18574142456055,176.7882080078125,193.1858367919922,392.2652587890625,98.74724578857422,5199.5,16195.8095703125
2024-08-08,211.47808837890625,36.50084686279297,55.38621139526367,43.86530303955078,182.28680419921875,196.71409606933594,396.4593505859375,104.79727172851562,5319.31005859375,16660.01953125
2024-08-09,214.38291931152344,36.567710876464844,55.233421325683594,43.5207405090332,182.773681640625,198.3914794921875,399.73785400390625,104.57763671875,5344.16015625,16745.30078125
2024-08-12,215.9114532470703,36.46263122558594,55.233421325683594,42.936893463134766,180.89295959472656,198.7674560546875,400.5155944824219,108.8405990600586,5344.39013671875,16780.609375
2024-08-13,219.62362670898438,36.739654541015625,55.529457092285156,43.425025939941406,182.3345489501953,200.45445251464844,407.60418701171875,115.94888305664062,5434.43017578125,17187.609375
2024-08-14,220.07029724121094,37.07400894165039,56.60852813720703,43.49202346801758,183.60426330566406,202.67164611816406,410.41009521484375,117.88569641113281,5455.2099609375,17192.599609375
2024-08-15,223.04795837402344,37.28416061401367,57.79264831542969,46.449562072753906,185.160400390625,203.93447875976562,415.2626953125,122.6578369140625,5543.22021484375,17594.5
2024-08-16,224.36807250976562,37.58030319213867,58.63298797607422,47.33968734741211,184.9980926513672,206.26734924316406,412.73779296875,124.37500762939453,5554.25,17631.720703125
2024-08-19,224.20925903320312,37.895538330078125,59.234596252441406,47.83739471435547,185.90505981445312,207.69407653808594,415.755859375,129.78610229492188,5608.25,17876.76953125
2024-08-20,224.82464599609375,36.959373474121094,58.54704284667969,48.08625030517578,187.1461181640625,206.79757690429688,418.9810485839844,127.04060363769531,5597.1201171875,17816.939453125
2024-08-21,224.71546936035156,37.01668930053711,57.80219650268555,48.287254333496094,188.2726593017578,206.8747100830078,418.330078125,128.28854370117188,5620.85009765625,17918.990234375
2024-08-22,222.85939025878906,37.48477554321289,57.6971549987793,48.06711196899414,187.07933044433594,208.8316192626953,409.8577575683594,123.53639221191406,5570.64013671875,17619.349609375
2024-08-23,225.15219116210938,37.99106979370117,59.339637756347656,48.564815521240234,187.2129669189453,210.45114135742188,411.0807800292969,129.1571044921875,5634.60986328125,17877.7890625
2024-08-26,225.48965454101562,38.13435363769531,59.00541687011719,48.612674713134766,189.0077667236328,211.28016662597656,407.8259582519531,126.25189971923828,5616.83984375,17725.76953125
2024-08-27,226.33335876464844,37.895538330078125,58.90037155151367,48.53610610961914,189.72377014160156,212.25379943847656,408.1711730957031,128.08888244628906,5625.7998046875,17754.8203125
2024-08-28,224.80479431152344,38.16301727294922,58.80488204956055,47.71296691894531,189.4660186767578,213.3238525390625,404.9756164550781,125.40330505371094,5592.18017578125,17556.029296875
2024-08-29,228.08023071289062,38.373172760009766,59.09136199951172,48.229820251464844,189.88604736328125,214.21075439453125,407.4610290527344,117.39649963378906,5591.9599609375,17516.4296875
2024-08-30,227.29612731933594,38.92722702026367,59.817108154296875,48.37339401245117,192.9696807861328,216.70748901367188,411.426025390625,119.173583984375,5648.39990234375,17713.619140625
2024-09-03,221.1125030517578,38.87946319580078,58.69028091430664,47.91396713256836,192.15821838378906,212.3695068359375,403.83148193359375,107.82228088378906,5528.93017578125,17136.30078125
2024-09-04,219.20677185058594,38.688411712646484,58.21281814575195,47.56940460205078,194.85997009277344,211.43441772460938,403.29888916015625,106.03523254394531,5520.06982421875,17084.30078125
2024-09-05,220.7253875732422,38.344512939453125,57.89768981933594,47.02383804321289,193.40884399414062,209.7956085205078,402.7958679199219,107.0335922241211,5503.41015625,17127.66015625
2024-09-06,219.177001953125,37.26763153076172,56.427093505859375,46.42084503173828,191.64268493652344,204.81170654296875,396.1974792480469,102.6607894897461,5408.419921875,16690.830078125
2024-09-09,219.2663116455078,37.95029830932617,56.856815338134766,46.61227035522461,194.3062286376953,209.005126953125,400.1624450683594,106.2947998046875,5471.0498046875,16884.599609375
2024-09-10,218.47227478027344,37.767616271972656,55.338470458984375,46.698421478271484,196.01515197753906,198.16009521484375,408.52630615234375,107.92210388183594,5495.52001953125,17025.880859375
2024-09-11,221.0032958984375,37.49839782714844,54.71775436401367,47.004695892333984,200.3780059814453,199.7699737548828,417.24517822265625,116.71762084960938,5554.1298828125,17395.529296875
2024-09-12,221.1125030517578,37.286865234375,54.74640655517578,47.48325729370117,202.0200653076172,199.16265869140625,421.1509094238281,118.95413208007812,5595.759765625,17569.6796875
2024-09-13,220.844482421875,37.16187286376953,55.071083068847656,47.66511154174805,205.05593872070312,196.96475219726562,424.6917419433594,118.9141845703125,5626.02001953125,17683.98046875
2024-09-16,214.71046447753906,37.594547271728516,55.758636474609375,48.84238815307617,207.3185577392578,200.3773193359375,425.4314880371094,116.59780883789062,5633.08984375,17592.130859375
2024-09-17,215.1769561767578,38.027217864990234,56.618080139160156,48.44039535522461,204.42587280273438,201.71728515625,429.1893005371094,115.40966796875,5634.580078125,17628.060546875
2024-09-18,219.04794311523438,38.09452438354492,57.200584411621094,48.402103424072266,205.19915771484375,200.0592041015625,424.9087219238281,113.19313049316406,5618.259765625,17573.30078125
2024-09-19,227.16709899902344,39.29639434814453,60.17998504638672,49.23480987548828,204.1967315673828,202.9029998779297,432.6807861328125,117.68611145019531,5713.64013671875,18013.98046875
2024-09-20,226.5020751953125,38.7194938659668,59.339637756347656,49.742088317871094,207.83407592773438,203.4910430908203,429.3076171875,115.81903076171875,5702.5498046875,17948.3203125
2024-09-23,224.78497314453125,38.33489990234375,59.75981140136719,49.95265579223633,210.50718688964844,203.82843017578125,427.5718078613281,116.07862854003906,5718.56982421875,17974.26953125
2024-09-24,225.67823791503906,37.931068420410156,58.60434341430664,50.26850891113281,210.95587158203125,203.97303771972656,423.2911682128906,120.68142700195312,5732.93017578125,18074.51953125
2024-09-25,224.68568420410156,37.738773345947266,57.65895462036133,50.392940521240234,211.20408630371094,202.6234588623047,426.1908874511719,123.31731414794922,5722.259765625,18082.2109375
2024-09-26,225.8271484375,37.99837112426758,58.92901611328125,50.58435821533203,213.3043670654297,202.22821044921875,425.4018859863281,123.84648132324219,5745.3701171875,18190.2890625
2024-09-27,226.09512329101562,37.88299560546875,59.081809997558594,50.74707794189453,210.83177185058594,202.92227172851562,422.1569519042969,121.21060180664062,5738.169921875,18119.58984375
2024-09-30,231.266357421875,38.152217864990234,59.778907775878906,50.93850326538086,211.06089782714844,203.2693328857422,424.4057312011719,121.25054168701172,5762.47998046875,18189.169921875
2024-10-01,224.52688598632812,37.709930419921875,59.024513244628906,50.47908020019531,209.40931701660156,199.58680725097656,414.9273681640625,116.81745910644531,5708.75,17910.359375
2024-10-02,225.09263610839844,37.719539642333984,59.234596252441406,50.74912643432617,209.77206420898438,199.82781982421875,411.41607666015625,118.66458892822266,5709.5400390625,17925.119140625
2024-10-03,223.9908905029297,37.738773345947266,58.54704284667969,50.56587600708008,212.62655639648438,197.84197998046875,410.8342590332031,122.65834045410156,5699.93994140625,17918.48046875
2024-10-04,225.11248779296875,38.56565856933594,59.817108154296875,50.87450408935547,215.75791931152344,204.8641357421875,410.3608093261719,124.72510528564453,5751.06982421875,18137.849609375
2024-10-07,220.04051208496094,38.42143630981445,59.778907775878906,50.64303207397461,216.82717895507812,204.58285522460938,403.9300537109375,127.52074432373047,5695.93994140625,17923.900390625
2024-10-08,224.0901641845703,38.39259338378906,60.390071868896484,50.85521697998047,218.25918579101562,204.4082794189453,409.0292663574219,132.6826629638672,5751.1298828125,18182.919921875
2024-10-09,227.8321075439453,38.642581939697266,61.23041534423828,51.655704498291016,223.68177795410156,206.99790954589844,411.7416076660156,132.4430694580078,5792.0400390625,18291.619140625
2024-10-10,227.3358154296875,38.43104934692383,60.6192512512207,51.636417388916016,222.4597930908203,206.4353790283203,410.1437683105469,134.5996856689453,5780.0498046875,18282.05078125
2024-10-11,225.85693359375,40.334815979003906,62.77741241455078,52.321170806884766,222.6888885498047,215.6009979248047,410.6172180175781,134.58970642089844,5815.02978515625,18342.939453125
2024-10-14,229.57899475097656,40.29635238647461,63.035240173339844,52.34046173095703,224.5982666015625,214.8153839111328,413.3985900878906,137.85459899902344,5859.85009765625,18502.689453125
2024-10-15,232.1100616455078,40.51749801635742,59.817108154296875,52.1572151184082,222.40252685546875,215.697998046875,413.00408935546875,131.3946990966797,5815.259765625,18315.58984375
2024-10-16,230.055419921875,41.1520881652832,61.35455322265625,54.37544250488281,223.080322265625,216.910400390625,410.419921875,135.50828552246094,5842.47021484375,18367.080078125
2024-10-17,230.42266845703125,40.95978546142578,61.08717346191406,54.39472961425781,222.32614135742188,217.66690063476562,411.0117492675781,136.7163543701172,5841.47021484375,18373.609375
2024-10-18,233.25148010253906,40.6905632019043,60.01764678955078,54.74192428588867,221.67694091796875,218.5883331298828,412.4320068359375,137.7847137451172,5864.669921875,18489.55078125
2024-10-21,234.720458984375,40.15212631225586,59.04361343383789,54.57797622680664,221.24732971191406,216.28964233398438,413.0434875488281,143.4857940673828,5853.97998046875,18540.009765625
2024-10-22,234.10507202148438,40.67133712768555,60.69565200805664,54.587615966796875,221.72470092773438,217.37594604492188,421.6539611816406,143.36598205566406,5851.2001953125,18579.76953125
2024-10-23,229.0430145263672,40.70979309082031,60.256378173828125,54.278995513916016,222.2020263671875,216.68731689453125,418.7838134765625,139.34226989746094,5797.419921875,18276.650390625
2024-10-24,228.85446166992188,41.00786209106445,60.160884857177734,53.97037124633789,208.49281311035156,218.21005249023438,418.9120178222656,140.19094848632812,5809.85986328125,18415.490234375
2024-10-25,229.6881866455078,40.277122497558594,58.97676086425781,53.7581901550293,204.94137573242188,215.6204071044922,422.28515625,141.31918334960938,5808.1201171875,18518.609375
2024-10-28,231.6633758544922,40.97901916503906,61.268611907958984,53.31454849243164,203.26113891601562,218.71441650390625,420.74652099609375,140.30078125,5823.52001953125,18567.189453125
2024-10-29,231.93136596679688,40.892486572265625,61.77472686767578,53.70033264160156,200.89353942871094,216.19265747070312,426.03314208984375,141.02963256835938,5832.919921875,18712.75
2024-10-30,228.387939453125,40.68095397949219,61.593284606933594,53.613525390625,195.61415100097656,217.65724182128906,426.60516357421875,139.12261962890625,5813.669921875,18607.9296875
2024-10-31,224.2291259765625,40.20981979370117,61.27815628051758,52.822689056396484,197.3516845703125,215.24212646484375,400.7837829589844,132.55287170410156,5705.4501953125,18095.150390625
2024-11-01,221.25143432617188,40.15212631225586,60.83888626098633,53.5267333984375,198.81234741210938,216.2314453125,404.74871826171875,135.1887664794922,5728.7998046875,18239.919921875
2024-11-04,220.35812377929688,39.73868942260742,60.06816101074219,53.84499740600586,196.96978759765625,213.16651916503906,402.8648986816406,135.83775329589844,5712.68994140625,18179.98046875
2024-11-05,221.78741455078125,40.267513275146484,61.33985137939453,54.163265228271484,198.16317749023438,214.82508850097656,405.8238220214844,139.6917266845703,5782.759765625,18439.169921875
2024-11-06,221.06283569335938,43.66159439086914,66.50370788574219,55.812461853027344,203.9198760986328,239.6256561279297,414.42437744140625,145.3828582763672,5929.0400390625,18983.470703125
2024-11-07,225.7874298095703,43.04623794555664,65.61735534667969,56.0150032043457,204.00579833984375,229.2670440673828,419.6024475097656,148.6477508544922,5973.10009765625,19269.4609375
2024-11-08,225.51914978027344,43.39237976074219,66.11833953857422,55.995704650878906,204.03443908691406,229.84896850585938,416.7520446777344,147.39967346191406,5995.5400390625,19286.779296875
2024-11-11,222.8064727783203,44.30580139160156,67.24552154541016,56.545440673828125,203.89125061035156,232.08946228027344,412.2840881347656,145.0333709716797,6001.35009765625,19298.759765625
2024-11-12,222.8064727783203,44.094276428222656,66.49406433105469,56.62260055541992,202.89056396484375,232.351318359375,417.2353210449219,148.05862426757812,5983.990234375,19281.400390625
2024-11-13,223.69082641601562,44.1038818359375,66.36882019042969,57.075889587402344,202.94830322265625,233.9031982421875,419.3756103515625,146.0418243408203,5985.3798828125,19230.720703125
2024-11-14,226.7711639404297,44.13273239135742,65.6559066772461,55.86068344116211,201.0912322998047,234.59182739257812,421.0424499511719,146.5310516357422,5949.169921875,19107.650390625
2024-11-15,223.57159423828125,44.94999694824219,66.24356842041016,55.41704177856445,197.24241638183594,237.9282989501953,409.3152770996094,141.75848388671875,5870.6201171875,18680.119140625
2024-11-18,226.57241821289062,44.9211540222168,66.47479248046875,55.272377014160156,200.22523498535156,237.65673828125,410.0649108886719,139.93133544921875,5893.6201171875,18791.810546875
2024-11-19,226.8307647705078,44.62309265136719,66.08943176269531,54.98303985595703,202.3035888671875,235.7751007080078,412.06707763671875,146.78065490722656,5916.97998046875,18987.470703125
2024-11-20,227.5461883544922,44.28656768798828,65.7811508178711,55.45561981201172,206.4892120361328,233.5346221923828,409.798583984375,145.6623992919922,5917.10986328125,18966.140625
2024-11-21,227.0692596435547,44.671165466308594,66.42662048339844,55.513492584228516,213.99436950683594,237.39486694335938,408.0295715332031,146.44119262695312,5948.7099609375,18972.419921875
2024-11-22,228.41065979003906,45.190372467041016,67.28404998779297,56.46828079223633,214.54286193847656,241.07081604003906,412.11114501953125,141.7285614013672,5969.33984375,19003.650390625
2024-11-25,231.3916015625,45.67112350463867,68.1607437133789,56.65153121948242,217.5834197998047,242.7584686279297,413.88018798828125,135.80780029296875,5987.3701171875,19054.83984375
2024-11-26,233.56771850585938,45.911502838134766,67.19734954833984,57.4713134765625,220.18138122558594,242.44808959960938,422.9723205566406,136.70639038085938,6021.6298828125,19174.30078125
2024-11-27,233.43853759765625,45.93073272705078,67.59235382080078,57.181976318359375,218.34356689453125,242.2734832763672,418.03094482421875,135.12884521484375,5998.740234375,19060.48046875
2024-11-29,235.82330322265625,45.68073272705078,68.27635955810547,57.104820251464844,218.81504821777344,242.20562744140625,418.4953918457031,138.03433227539062,6032.3798828125,19218.169921875
2024-12-02,238.06895446777344,45.22883605957031,68.77732849121094,57.31699752807617,218.79579162597656,238.84002685546875,425.9272766113281,138.41372680664062,6047.14990234375,19403.94921875
2024-12-03,241.10952758789062,45.01730728149414,68.80622863769531,57.36521911621094,220.34494018554688,237.45306396484375,426.1446838378906,140.0411834716797,6049.8798828125,19480.91015625
2024-12-04,241.46725463867188,44.58463668823242,68.88330078125,57.500247955322266,224.66525268554688,236.07577514648438,432.291748046875,144.91355895996094,6086.490234375,19735.119140625
2024-12-05,241.4970703125,45.190372467041016,69.58658599853516,57.88602066040039,225.8776397705078,238.09320068359375,437.4307861328125,144.84368896484375,6075.10986328125,19700.259765625
2024-12-06,241.29833984375,45.20003890991211,69.509521484375,57.76064682006836,229.04327392578125,239.91661071777344,438.3696594238281,142.2275848388672,6090.27001953125,19859.76953125
2024-12-09,245.18350219726562,44.38789367675781,69.23011779785156,56.85406494140625,221.30715942382812,236.4734649658203,440.7909240722656,138.6029815673828,6052.85009765625,19736.689453125
2024-12-10,246.197021484375,44.23320007324219,69.84671020507812,56.63224792480469,222.96214294433594,235.5520477294922,438.1324768066406,134.86856079101562,6034.91015625,19687.240234375
2024-12-11,244.92515563964844,44.55226135253906,69.32646179199219,56.50686264038086,221.42262268066406,236.20188903808594,443.72613525390625,139.10223388671875,6084.18994140625,20034.890625
2024-12-12,246.38583374023438,44.55226135253906,68.81587219238281,56.75761413574219,223.48171997070312,234.26205444335938,444.2894287109375,137.1351776123047,6051.25,19902.83984375
2024-12-13,246.55474853515625,44.15584945678711,68.41123962402344,56.53580093383789,222.09617614746094,232.7198944091797,442.0262756347656,134.04978942871094,6051.08984375,19926.720703125
2024-12-16,249.44625854492188,43.96248245239258,68.87367248535156,56.27539825439453,220.66249084472656,232.37074279785156,446.2956237792969,131.80313110351562,6074.080078125,20173.890625
2024-12-17,251.8707733154297,43.556400299072266,68.5172119140625,56.43935012817383,220.3160858154297,231.18743896484375,449.1319274902344,130.19554138183594,6050.60986328125,20109.060546875
2024-12-18,246.47525024414062,42.057796478271484,65.62700653076172,55.484554290771484,211.8486785888672,223.43788146972656,432.2621154785156,128.71775817871094,5872.16015625,19392.689453125
2024-12-19,248.2041778564453,41.941776275634766,65.91602325439453,55.580997467041016,215.4569549560547,225.949951171875,431.90631103515625,130.48509216308594,5867.080078125,19372.76953125
2024-12-20,252.87435913085938,42.70558166503906,66.6578369140625,56.43935012817383,214.91810607910156,230.4503173828125,431.4814147949219,134.49911499023438,5930.85009765625,19572.599609375
2024-12-23,253.6494140625,42.43486404418945,67.21660614013672,56.882999420166016,213.5421600341797,231.21653747558594,430.14715576171875,139.4617156982422,5974.06982421875,19764.880859375
2024-12-24,256.5608215332031,42.90862274169922,68.40159606933594,57.722068786621094,215.9284210205078,235.01858520507812,434.1793518066406,140.01089477539062,6040.0400390625,20031.130859375
2024-12-26,257.37554931640625,43.07298278808594,68.7387924194336,57.847442626953125,216.39027404785156,235.8236083984375,432.9736328125,139.7213134765625,6037.58984375,20020.359375
2024-12-27,253.9673614501953,42.86994934082031,68.40159606933594,57.4906005859375,214.36004638671875,233.91287231445312,425.4825134277344,136.80567932128906,5970.83984375,19722.029296875
2024-12-30,250.59889221191406,42.454200744628906,67.81392669677734,57.085533142089844,211.9256591796875,232.1185760498047,419.8493347167969,137.28494262695312,5906.93994140625,19486.7890625
2024-12-31,248.8302001953125,42.49287414550781,67.81392669677734,57.095176696777344,211.52154541015625,232.496826171875,416.55841064453125,134.08973693847656,5881.6298828125,19310.7890625
2025-01-02,242.30194091796875,42.82160186767578,67.38040161132812,56.99873352050781,211.6273651123047,232.77809143066406,413.6726379394531,138.10372924804688,5868.5498046875,19280.7890625
2025-01-03,241.81503295898438,43.324363708496094,68.40159606933594,57.15409469604492,214.2349395751953,235.95941162109375,418.38671875,144.2545623779297,5942.47021484375,19621.6796875
2025-01-06,243.4446258544922,43.89480209350586,70.07791900634766,57.06670379638672,214.25418090820312,234.8090057373047,422.8339538574219,149.20713806152344,5975.3798828125,19864.98046875
2025-01-07,240.67233276367188,44.55226135253906,70.9835205078125,57.222068786621094,215.49545288085938,237.07080078125,417.418212890625,139.93099975585938,5909.02978515625,19489.6796875
2025-01-08,241.15921020507812,44.67794418334961,70.57889556884766,57.4842414855957,214.74490356445312,237.0317840576172,419.5825500488281,139.90106201171875,5918.25,19478.880859375
2025-01-10,235.3463592529297,43.61441421508789,68.78695678710938,57.03757095336914,211.44454956054688,233.8535614013672,414.0382995605469,135.7073211669922,5827.0400390625,19161.630859375
2025-01-13,232.91192626953125,43.566078186035156,70.10681915283203,57.05699157714844,209.18336486816406,238.084716796875,412.2989501953125,133.0313262939453,5836.22021484375,19088.099609375
2025-01-14,231.79901123046875,44.26220703125,70.81011199951172,57.6104736328125,209.52015686035156,241.26295471191406,410.7967834472656,131.56350708007812,5842.91015625,19044.390625
2025-01-15,236.35989379882812,45.5384407043457,75.4055404663086,58.24163055419922,211.71395874023438,246.02053833007812,421.31201171875,136.03683471679688,5949.91015625,19511.23046875
2025-01-16,226.8108673095703,45.093692779541016,75.63675689697266,58.08626937866211,214.24456787109375,247.89239501953125,419.602294921875,133.3708038330078,5937.33984375,19338.2890625
2025-01-17,228.51995849609375,44.98733901977539,77.06259155273438,58.48439025878906,216.2940673828125,252.65975952148438,424.0001525878906,137.504638671875,5996.66015625,19630.19921875
2025-01-21,221.22657775878906,45.11302947998047,78.68111419677734,59.261199951171875,215.7841033935547,256.4326477050781,423.476318359375,140.61997985839844,6049.240234375,19756.779296875
2025-01-22,222.4090118408203,44.271873474121094,78.70039367675781,59.843814849853516,214.82188415527344,256.2474365234375,440.9688415527344,146.85069274902344,6086.3701171875,20009.33984375
2025-01-23,222.2401123046875,44.85197830200195,78.9797592163086,60.426422119140625,217.496826171875,259.27947998046875,441.4728698730469,147.00045776367188,6118.7099609375,20053.6796875
2025-01-24,221.36566162109375,44.97766876220703,78.49805450439453,60.426422119140625,216.30369567871094,258.197265625,438.8538818359375,142.4073028564453,6101.240234375,19954.30078125
2025-01-27,228.40074157714844,45.528770446777344,78.10307312011719,57.36771774291992,215.65902709960938,259.1819763183594,429.4653015136719,118.24340057373047,6012.27978515625,19341.830078125
2025-01-28,236.74740600585938,45.28705978393555,77.0144271850586,57.70757293701172,217.13119506835938,260.4396057128906,441.9571228027344,128.79763793945312,6067.7001953125,19733.58984375
2025-01-29,237.84042358398438,45.20003890991211,77.67916870117188,57.824100494384766,219.9889373779297,259.8936462402344,437.1441955566406,123.51551818847656,6039.31005859375,19632.3203125
2025-01-30,236.08168029785156,45.17103576660156,78.86415100097656,58.71743392944336,248.5086669921875,261.5022277832031,410.1246643066406,124.464111328125,6071.169921875,19681.75
2025-01-31,234.5017547607422,44.76496124267578,78.44989013671875,58.843658447265625,246.0358123779297,260.5955810546875,410.19390869140625,119.89093780517578,6040.52978515625,19627.439453125
2025-02-03,226.56246948242188,44.67794418334961,77.22760009765625,59.270912170410156,250.87571716308594,260.11785888671875,406.10247802734375,116.48603057861328,5994.56982421875,19391.9609375
2025-02-04,231.3220672607422,45.16136932373047,76.13142395019531,59.562217712402344,254.46473693847656,261.2195129394531,407.5354309082031,118.47306060791016,6037.8798828125,19654.01953125
2025-02-05,230.99417114257812,45.5481071472168,77.08208465576172,60.756568908691406,253.34857177734375,263.6470947265625,408.4447021484375,124.64383697509766,6061.47998046875,19692.330078125
2025-02-06,231.73941040039062,46.15721893310547,79.86620330810547,60.46526336669922,243.86123657226562,269.95477294921875,410.94500732421875,128.4881134033203,6083.56982421875,19791.990234375
2025-02-07,226.1848907470703,45.828495025634766,79.27445983886719,60.46526336669922,242.8028106689453,268.8823547363281,404.9461669921875,129.64634704589844,6025.990234375,19523.400390625
2025-02-10,226.45346069335938,45.12269592285156,78.3140869140625,60.98961639404297,241.44674682617188,264.2417907714844,407.3871765136719,133.3708038330078,6066.43994140625,19714.26953125
2025-02-11,231.39735412597656,45.23871994018555,78.68270874023438,60.620628356933594,246.70632934570312,268.09271240234375,406.6163330078125,132.60195922851562,6068.5,19643.859375
2025-02-12,235.625,44.67794418334961,78.8379135131836,60.71772766113281,247.781494140625,268.5411682128906,404.2445068359375,130.94442749023438,6051.97021484375,19649.94921875
2025-02-13,240.2605438232422,44.793968200683594,79.64307403564453,61.98976135253906,251.055419921875,269.38934326171875,405.72686767578125,135.08822631835938,6115.06982421875,19945.640625
2025-02-14,243.31439208984375,45.403079986572266,82.07796478271484,62.98991012573242,253.07981872558594,269.6525573730469,403.6416015625,138.64292907714844,6114.6298828125,20026.76953125
2025-02-18,243.18507385253906,44.98733901977539,82.09737396240234,62.718021392822266,254.8136444091797,272.9283142089844,404.8374328613281,139.19210815429688,6129.580078125,20041.259765625
2025-02-19,243.5829620361328,44.48456954956055,81.42801666259766,62.960777282714844,256.0244445800781,272.245849609375,409.9073181152344,139.02236938476562,6144.14990234375,20056.25
2025-02-20,244.53793334960938,43.798118591308594,78.90583038330078,62.79570388793945,256.43121337890625,260.10809326171875,412.0759582519531,139.90106201171875,6117.52001953125,19962.359375
2025-02-21,244.2593994140625,43.324363708496094,77.26640319824219,62.12570571899414,253.27357482910156,257.6123352050781,404.2331237792969,134.22950744628906,6013.1298828125,19524.009765625
2025-02-24,245.80125427246094,42.98596954345703,76.18962097167969,61.40715408325195,253.6512908935547,254.78504943847656,400.06414794921875,130.08572387695312,5983.25,19286.9296875
2025-02-25,245.74154663085938,42.48320007324219,75.80158996582031,62.40729904174805,249.66062927246094,250.9438934326172,394.0235595703125,126.44115447998047,5955.25,19026.390625
2025-02-26,239.0966796875,42.48320007324219,76.7037582397461,62.222808837890625,247.81056213378906,252.29904174804688,395.83575439453125,131.084228515625,5956.06005859375,19075.259765625
2025-02-27,236.05274963378906,42.65723419189453,76.50975036621094,61.96063232421875,245.282470703125,252.55250549316406,388.70587158203125,119.9708251953125,5861.56982421875,18544.419921875
2025-02-28,240.5688934326172,44.571590423583984,77.55741882324219,62.25193786621094,244.5172576904297,258.01202392578125,393.1224365234375,124.73369598388672,5954.5,18847.279296875
2025-03-03,236.77891540527344,44.049495697021484,74.8606185913086,61.640193939208984,242.33787536621094,254.0831298828125,384.70526123046875,113.88990020751953,5849.72021484375,18350.189453125
2025-03-04,234.68995666503906,41.25531005859375,70.18486022949219,61.426570892333984,245.2631072998047,243.9732208251953,384.8240661621094,115.81702423095703,5778.14990234375,18285.16015625
2025-03-05,234.50096130371094,40.88791275024414,70.77660369873047,62.106285095214844,243.46148681640625,245.22109985351562,397.1131591796875,117.12507629394531,5842.6298828125,18552.73046875
2025-03-06,234.09312438964844,40.08543395996094,68.46783447265625,61.57221984863281,240.8849639892578,240.35626220703125,393.0234069824219,110.40510559082031,5738.52001953125,18069.259765625
2025-03-07,237.8134765625,40.28002166748047,68.3514175415039,62.08686065673828,253.33169555664062,236.20310974121094,389.478271484375,112.52195739746094,5770.2001953125,18196.220703125
2025-03-10,226.28436279296875,38.75249481201172,65.3927001953125,60.261348724365234,248.8372802734375,226.3954620361328,376.4563903808594,106.82046508789062,5614.56005859375,17468.3203125
2025-03-11,219.67926025390625,38.5384407043457,65.4800033569336,58.9116325378418,241.1367950439453,223.3927001953125,376.74359130859375,108.5978012084961,5572.06982421875,17436.099609375
2025-03-12,215.83953857421875,38.83032989501953,65.9165267944336,58.707725524902344,241.79547119140625,222.18380737304688,379.5361022949219,115.5780258178711,5599.2998046875,17648.44921875
2025-03-13,208.57791137695312,38.59682083129883,65.21807861328125,57.94061279296875,238.08567810058594,219.54177856445312,375.0799560546875,115.41825103759766,5521.52001953125,17303.009765625
2025-03-14,212.36788940429688,39.783817291259766,66.7217025756836,58.746559143066406,240.55563354492188,226.6099395751953,384.7745361328125,121.49972534179688,5638.93994140625,17754.08984375
2025-03-17,212.87521362304688,40.31893539428711,67.84699249267578,59.12525939941406,245.0306396484375,228.0625457763672,384.9132080078125,119.36272430419922,5675.1201171875,17808.66015625
2025-03-18,211.57211303710938,40.52325439453125,68.11859893798828,58.55236053466797,239.19956970214844,229.0764617919922,379.7836608886719,115.26846313476562,5614.66015625,17504.119140625
2025-03-19,214.1086883544922,41.06810760498047,69.3021011352539,59.34858703613281,244.37196350097656,233.1126251220703,384.0417785644531,117.35552978515625,5675.2900390625,17750.7890625
2025-03-20,212.97471618652344,41.33080291748047,69.67072296142578,58.86308288574219,235.6835174560547,233.01513671875,383.0713195800781,118.3641128540039,5662.89013671875,17691.630859375
2025-03-21,217.12277221679688,41.321075439453125,69.825927734375,58.55236053466797,236.21621704101562,235.56942749023438,387.4482727050781,117.5352783203125,5667.56005859375,17784.05078125
2025-03-24,219.56982421875,41.90483856201172,71.82427978515625,59.20294189453125,240.65249633789062,241.83815002441406,389.2505187988281,121.24009704589844,5767.56982421875,18188.58984375
2025-03-25,222.573974609375,42.109161376953125,72.24142456054688,59.22236251831055,242.05699157714844,244.83116149902344,391.31024169921875,120.52110290527344,5776.64990234375,18271.859375
2025-03-26,220.3656463623047,41.66160583496094,71.04822540283203,60.00888442993164,242.48316955566406,244.73365783691406,386.17083740234375,113.60079956054688,5712.2001953125,17899.01953125
2025-03-27,222.6734619140625,41.40863800048828,69.69981384277344,59.6204833984375,238.4827880859375,241.89662170410156,386.7748718261719,111.27406311035156,5693.31005859375,17804.029296875
2025-03-28,216.75473022460938,40.13407516479492,68.2253189086914,59.096126556396484,236.34214782714844,236.7588348388672,375.1096496582031,109.51652526855469,5580.93994140625,17322.990234375
2025-03-31,220.96249389648438,40.60109329223633,68.86556243896484,59.92149353027344,240.8559112548828,239.1473846435547,371.7328796386719,108.22832489013672,5611.85009765625,17299.2890625
2025-04-01,222.0169219970703,40.367584228515625,68.42902374267578,60.00888442993164,242.48316955566406,237.54852294921875,378.4666442871094,109.99585723876953,5633.06982421875,17449.890625
2025-04-02,222.71324157714844,40.71784591674805,69.61251831054688,60.0283088684082,242.1344757080078,239.65432739257812,378.4171142578125,110.26546478271484,5670.97021484375,17601.05078125
2025-04-03,202.12200927734375,36.213104248046875,61.16317367553711,56.02055740356445,235.84815979003906,222.95399475097656,369.4750671386719,101.65753936767578,5396.52001953125,16550.609375
2025-04-04,187.389892578125,33.45965576171875,56.39040756225586,53.3128776550293,220.34063720703125,206.2684783935547,356.3343505859375,94.17801666259766,5074.080078125,15587.7900390625
2025-04-07,180.5062713623047,34.617469787597656,57.08885955810547,53.1858024597168,218.69398498535156,210.34912109375,354.3736267089844,97.50334930419922,5062.25,15603.259765625
2025-04-08,171.5137481689453,34.082340240478516,57.01124954223633,51.99325180053711,214.09304809570312,212.73275756835938,351.1058044433594,96.16522979736328,4982.77001953125,15267.91015625
2025-04-09,197.80487060546875,36.144996643066406,62.230255126953125,56.822105407714844,227.9248809814453,229.8695068359375,386.68572998046875,114.17000579833984,5456.89990234375,17124.970703125
2025-04-10,189.4191436767578,34.88016128540039,59.746864318847656,55.31675338745117,222.3456573486328,222.7774200439453,377.63482666015625,107.4194564819336,5268.0498046875,16387.310546875
2025-04-11,197.10853576660156,34.977455139160156,59.79536819458008,56.04010772705078,228.0895538330078,231.69400024414062,384.6656494140625,110.7747573852539,5363.35986328125,16724.4609375
2025-04-14,201.45556640625,35.677974700927734,61.32808303833008,56.11830520629883,231.55718994140625,230.24224853515625,384.0318603515625,110.55506134033203,5405.97021484375,16831.48046875
2025-04-15,201.07754516601562,36.96227264404297,62.404869079589844,55.91302490234375,233.1457061767578,228.68258666992188,381.9721374511719,112.04297637939453,5396.6298828125,16823.169921875
2025-04-16,193.24891662597656,36.320125579833984,60.241600036621094,54.50542449951172,231.0825653076172,225.22972106933594,367.98968505859375,104.3437728881836,5275.7001953125,16307.16015625
2025-04-17,195.94467163085938,36.3979606628418,61.3571891784668,54.50542449951172,231.3150177001953,227.534912109375,364.19696044921875,101.34796142578125,5282.7001953125,16286.4501953125
2025-04-21,192.14474487304688,35.92121505737305,60.813941955566406,53.146697998046875,228.80633544921875,224.62155151367188,355.6213684082031,96.77438354492188,5158.2001953125,15870.900390625
2025-04-22,198.69017028808594,37.28334045410156,62.618289947509766,53.801631927490234,233.33944702148438,231.09564208984375,363.2463684082031,98.75160217285156,5287.759765625,16300.419921875
2025-04-23,203.52464294433594,37.70170974731445,64.31591033935547,54.378353118896484,237.7757110595703,236.2847137451172,370.7426452636719,102.56626892089844,5375.85986328125,16708.05078125
2025-04-24,207.27481079101562,38.509254455566406,66.12025451660156,55.02350616455078,222.132568359375,239.97300720214844,383.52679443359375,106.28104400634766,5484.77001953125,17166.0390625
2025-04-25,208.18002319335938,38.61627960205078,66.38217163085938,55.43404769897461,225.11590576171875,238.90379333496094,388.03253173828125,110.85465240478516,5525.2099609375,17382.939453125
2025-04-28,209.03550720214844,38.70384216308594,66.23666381835938,55.56113052368164,228.7482147216797,238.58010864257812,387.3492126464844,108.57783508300781,5528.75,17366.130859375
2025-04-29,210.0998992919922,38.90816879272461,66.81871032714844,56.04988098144531,231.87684631347656,239.953369140625,390.201171875,108.86742401123047,5560.830078125,17461.3203125
2025-04-30,211.3831024169922,38.801143646240234,66.33367156982422,56.43110275268555,234.23057556152344,239.953369140625,391.4092712402344,108.76756286621094,5569.06005859375,17446.33984375
2025-05-01,212.19879150390625,39.08329391479492,66.10084533691406,56.81232833862305,232.1383819580078,242.18008422851562,421.25567626953125,111.45380401611328,5604.14013671875,17710.740234375
2025-05-02,204.2706756591797,39.958946228027344,68.47752380371094,57.9951057434082,237.843505859375,247.69287109375,431.0393981933594,114.33976745605469,5686.669921875,17977.73046875
2025-05-05,197.84463500976562,40.007591247558594,68.68287658691406,57.985328674316406,241.35958862304688,247.7418975830078,431.9207458496094,113.66071319580078,5650.3798828125,17844.240234375
2025-05-06,197.4666290283203,39.73516845703125,67.92994689941406,57.88758087158203,241.3014678955078,244.49505615234375,429.0885925292969,113.38111114501953,5606.91015625,17689.66015625
2025-05-07,195.218505859375,39.82273864746094,68.6926498413086,58.22970199584961,245.41806030273438,244.6324005126953,429.12823486328125,116.89617919921875,5631.27978515625,17738.16015625
2025-05-08,196.45201110839844,40.474605560302734,70.05184936523438,58.366554260253906,246.16392517089844,248.63455200195312,433.9012145996094,117.20575714111328,5663.93994140625,17928.140625
2025-05-09,197.48654174804688,40.65946960449219,69.86605072021484,58.42520523071289,242.98521423339844,248.25198364257812,434.455810546875,116.48675537109375,5659.91015625,17928.919921875
2025-05-12,209.95706176757812,42.18699645996094,73.24935150146484,60.28245162963867,247.36325073242188,255.08900451660156,444.88323974609375,122.82786560058594,5844.18994140625,18708.33984375
2025-05-13,212.08859252929688,43.08210754394531,73.89471435546875,60.38998031616211,252.14105224609375,257.9925842285156,444.764404296875,129.7481689453125,5886.5498046875,19010.08984375
2025-05-14,211.490966796875,43.5296630859375,73.62092590332031,59.911006927490234,251.39024353027344,260.5723876953125,448.52734375,135.1505889892578,5892.580078125,19146.810546875
2025-05-15,210.6144561767578,43.17940139770508,74.27606964111328,62.814186096191406,260.02923583984375,262.3870849609375,449.5392761230469,134.6413116455078,5916.93017578125,19112.3203125
2025-05-16,210.42520141601562,43.481014251708984,74.04139709472656,62.18857955932617,260.1072692871094,262.45574951171875,450.67022705078125,135.21051025390625,5958.3798828125,19211.099609375
2025-05-19,207.9550018310547,43.55885696411133,74.44229888916016,62.48183059692383,261.7161560058594,259.82684326171875,455.2337646484375,135.38026428222656,5963.60009765625,19215.4609375
2025-05-20,206.0426025390625,43.481014251708984,74.21739959716797,61.993080139160156,260.2925720214844,260.6116027832031,454.53936767578125,134.1919403076172,5940.4599609375,19142.7109375
2025-05-21,201.2914276123047,42.07997131347656,71.79237365722656,61.77803421020508,254.36416625976562,256.06011962890625,448.9837341308594,131.6155548095703,5844.60986328125,18872.640625
2025-05-22,200.56431579589844,42.13835144042969,71.79237365722656,61.93442916870117,251.92652893066406,255.69720458984375,451.25555419921875,132.64410400390625,5842.009765625,18925.740234375
2025-05-23,194.49839782714844,42.03132247924805,71.46969604492188,61.69005584716797,252.1800537109375,255.73641967773438,446.6126403808594,131.10626220703125,5802.81982421875,18737.2109375
2025-05-27,199.4188690185547,43.02373123168945,73.79694366455078,62.31565475463867,256.6653137207031,260.22906494140625,457.03936767578125,135.31036376953125,5921.5400390625,19199.16015625
2025-05-28,199.62802124023438,42.868064880371094,73.36668395996094,61.91488265991211,253.7498779296875,258.4634094238281,453.7357482910156,134.621337890625,5888.5498046875,19100.939453125
2025-05-29,199.15989685058594,43.04319381713867,73.85559844970703,61.63140869140625,252.23855590820312,259.32659912109375,455.0453186035156,138.99520874023438,5912.169921875,19175.869140625
2025-05-30,200.05633544921875,42.9361686706543,73.65026092529297,61.62163162231445,252.59930419921875,258.9636535644531,456.71197509765625,134.94090270996094,5911.68994140625,19113.76953125
2025-06-02,200.90296936035156,42.88751983642578,74.11962127685547,62.41340255737305,257.318603515625,259.611083984375,458.3092346191406,137.187744140625,5935.93994140625,19242.609375
2025-06-03,202.46676635742188,43.442100524902344,74.83343505859375,62.91193389892578,258.586181640625,261.19036865234375,459.3013000488281,141.02235412597656,5970.3701171875,19398.9609375
2025-06-04,202.01856994628906,43.159942626953125,74.70631408691406,62.941253662109375,258.8982238769531,259.1794738769531,460.19415283203125,141.7213897705078,5970.81005859375,19460.490234375
2025-06-05,199.83721923828125,43.17940139770508,74.97032928466797,63.16608428955078,260.2048034667969,256.9527587890625,463.9739685058594,139.79409790039062,5939.2998046875,19298.44921875
2025-06-06,203.11419677734375,44.01128387451172,76.52507781982422,64.57367706298828,262.1646728515625,260.6606750488281,466.652587890625,141.5216522216797,6000.35986328125,19529.94921875
2025-06-09,200.65396118164062,43.91341018676758,76.43707275390625,64.41728210449219,265.29461669921875,261.6513977050781,469.0038146972656,142.43040466308594,6005.8798828125,19591.240234375
2025-06-10,201.869140625,44.12872314453125,76.30017852783203,63.68415832519531,269.350830078125,263.4759216308594,467.1883239746094,143.75852966308594,6038.81005859375,19714.990234375
2025-06-11,197.9945068359375,43.776397705078125,76.64241790771484,62.745758056640625,274.4991760253906,263.03448486328125,468.87481689453125,142.6400146484375,6022.240234375,19615.880859375
2025-06-12,198.41285705566406,43.668739318847656,76.4957504272461,63.63528060913086,274.0213623046875,263.1227722167969,475.0752868652344,144.80712890625,6045.259765625,19662.490234375
2025-06-13,195.67372131347656,43.15004348754883,74.66719818115234,62.64799880981445,270.3064270019531,259.8955383300781,471.1962585449219,141.78115844726562,5976.97021484375,19406.830078125
2025-06-16,197.6359405517578,43.46321487426758,76.33929443359375,64.03606414794922,274.80145263671875,265.20233154296875,475.34320068359375,144.49754333496094,6033.10986328125,19701.2109375
2025-06-17,194.86691284179688,43.28705596923828,75.64503479003906,63.860107421875,275.9910583496094,264.37835693359375,474.2519226074219,143.92828369140625,5982.72021484375,19521.08984375
2025-06-18,195.80319213867188,44.099365234375,76.61308288574219,64.3586196899414,276.14703369140625,268.733642578125,476.4344482421875,145.28648376464844,5980.8701171875,19546.26953125
2025-06-20,200.2057342529297,44.52998352050781,76.71086883544922,64.82782745361328,273.962890625,269.7538146972656,473.616943359375,143.65866088867188,5967.83984375,19447.41015625
2025-06-23,200.70376586914062,45.312931060791016,77.60069274902344,65.86398315429688,281.9681701660156,272.9613952636719,482.1488037109375,143.97824096679688,6025.169921875,19630.970703125
2025-06-24,199.50851440429688,45.665252685546875,79.34123992919922,66.36251068115234,286.46319580078125,275.8944396972656,486.2262268066406,147.7032470703125,6092.18017578125,19912.529296875
2025-06-25,200.7635498046875,45.8511962890625,80.79820251464844,66.65576171875,283.8013000488281,278.6409912109375,488.369140625,154.10475158691406,6092.16015625,19973.55078125
2025-06-26,200.2057342529297,46.44819641113281,82.4996337890625,67.3986587524414,284.6495666503906,283.24151611328125,493.5080871582031,154.8137969970703,6141.02001953125,20167.91015625
2025-06-27,200.28541564941406,46.11544418334961,82.50940704345703,67.10540771484375,282.4751892089844,281.6327819824219,492.0100402832031,157.54017639160156,6173.06982421875,20273.4609375
2025-06-30,204.3592529296875,46.311180114746094,83.2330093383789,67.8189926147461,287.4284973144531,284.3793640136719,493.4683837890625,157.7798614501953,6204.9501953125,20369.73046875
2025-07-01,206.99879455566406,47.12348937988281,84.35750579833984,67.5452880859375,283.93780517578125,284.869873046875,488.15081787109375,153.09609985351562,6198.009765625,20202.890625
2025-07-02,211.6005401611328,47.671546936035156,84.83665466308594,67.0467529296875,280.476318359375,286.42950439453125,487.198486328125,157.04083251953125,6227.419921875,20393.130859375
2025-07-03,212.70616149902344,47.88685989379883,86.75318908691406,68.21697998046875,284.6885681152344,291.75201416015625,494.8870849609375,159.1280517578125,6279.35009765625,20601.099609375
2025-07-07,209.12037658691406,47.62261199951172,85.65802764892578,67.7843017578125,285.17608642578125,287.7798767089844,493.77593994140625,158.02952575683594,6229.97998046875,20412.51953125
2025-07-08,209.1801300048828,46.144805908203125,83.67303466796875,67.44993591308594,283.17724609375,278.7217712402344,492.68463134765625,159.7871856689453,6225.52001953125,20418.4609375
2025-07-09,210.3056640625,45.8414192199707,83.8881607055664,68.11863708496094,282.90423583984375,279.0963134765625,499.52008056640625,162.66334533691406,6263.259765625,20611.33984375
2025-07-10,211.57064819335938,45.96864318847656,85.1495590209961,67.61711883544922,280.26177978515625,284.0540771484375,497.5061340332031,163.88172912597656,6280.4599609375,20630.66015625
2025-07-11,210.32559204101562,45.73375701904297,84.80731964111328,66.82058715820312,276.5175476074219,282.7431640625,499.3315734863281,164.7006378173828,6259.75,20585.529296875
2025-07-14,207.79562377929688,46.06650924682617,85.56024169921875,66.69274139404297,276.71258544921875,284.5567932128906,499.033935546875,163.85177612304688,6268.56005859375,20640.330078125
2025-07-15,208.28369140625,45.16613006591797,88.7088623046875,66.0633773803711,275.6497497558594,282.4376220703125,501.811767578125,170.4729461669922,6243.759765625,20677.80078125
2025-07-16,209.32955932617188,45.048683166503906,88.02437591552734,66.25022888183594,274.8892517089844,281.7181396484375,501.6133728027344,171.14205932617188,6263.7001953125,20730.490234375
2025-07-17,209.19009399414062,46.017578125,91.02631378173828,67.16476440429688,274.96722412109375,285.73956298828125,507.6451721191406,172.7698974609375,6297.35986328125,20885.650390625
2025-07-18,210.3455047607422,46.311180114746094,91.37834167480469,66.91893005371094,278.7406921386719,287.0898742675781,506.0082092285156,172.18069458007812,6296.7900390625,20895.650390625
2025-07-21,211.64036560058594,46.467769622802734,90.59607696533203,67.2041015625,277.609619140625,286.794189453125,506.0181579589844,171.1520538330078,6305.60009765625,20974.1796875
2025-07-22,213.55279541015625,46.751590728759766,91.91614532470703,67.02709197998047,274.92822265625,287.2475891113281,501.2660827636719,166.80784606933594,6309.6201171875,20892.689453125
2025-07-23,213.3037872314453,47.11369323730469,93.86203002929688,67.47944641113281,274.9770202636719,292.5011291503906,501.861328125,170.55284118652344,6358.91015625,21020.01953125
2025-07-24,212.91529846191406,47.35837173461914,93.27532958984375,67.1549301147461,254.01318359375,292.29412841796875,506.8316650390625,173.5089111328125,6363.35009765625,21057.9609375
2025-07-25,213.03485107421875,47.417091369628906,93.94025421142578,67.54827880859375,253.2428436279297,294.33441162109375,509.6392517089844,173.26922607421875,6388.64013671875,21108.3203125
2025-07-28,213.20419311523438,47.20177459716797,93.43179321289062,66.79107666015625,256.64581298828125,293.9992980957031,508.43878173828125,176.514892578125,6389.77001953125,21178.580078125
2025-07-29,210.43515014648438,46.92774963378906,92.38550567626953,66.8304214477539,255.8657684326172,292.777099609375,508.50823974609375,175.27655029296875,6370.85986328125,21098.2890625
2025-07-30,208.22393798828125,46.93753433227539,93.68601989746094,67.14509582519531,253.7694091796875,295.3299560546875,509.1729431152344,179.03155517578125,6362.89990234375,21129.669921875
2025-07-31,206.74978637695312,46.262245178222656,91.62278747558594,66.94842529296875,246.83670043945312,291.98858642578125,529.2723999023438,177.63340759277344,6339.39013671875,21122.44921875
2025-08-01,201.58030700683594,44.68657302856445,89.79425811767578,65.99454498291016,243.81402587890625,285.2171630859375,519.956787109375,173.4889373779297,6238.009765625,20650.130859375
2025-08-04,202.5464630126953,44.87251663208008,90.63087463378906,67.35160827636719,245.6958770751953,290.0370178222656,531.3953857421875,179.76058959960938,6329.93994140625,21053.580078125
2025-08-05,202.1181640625,44.58870315551758,90.0796890258789,66.3977279663086,244.41856384277344,287.1884765625,523.5679931640625,178.02288818359375,6299.18994140625,20916.55078125
2025-08-06,212.4073486328125,44.45168685913086,90.77851867675781,68.05963897705078,245.9884033203125,287.16876220703125,520.7802734375,179.1813507080078,6345.06005859375,21169.419921875
2025-08-07,219.16053771972656,43.96234130859375,89.79425811767578,68.73817443847656,243.9212646484375,282.8220520019531,516.7127075195312,180.52955627441406,6340.0,21242.69921875
2025-08-08,228.4437255859375,45.02910614013672,91.2706527709961,70.59675598144531,237.82521057128906,284.61590576171875,517.9032592773438,182.4569854736328,6389.4501953125,21450.01953125
2025-08-11,226.53909301757812,45.17591094970703,90.85724639892578,69.49537658691406,231.96473693847656,285.4044494628906,517.6353759765625,181.8178253173828,6373.4501953125,21385.400390625
2025-08-12,229.0021209716797,46.48735046386719,94.2332763671875,70.19356536865234,230.4628143310547,288.6472473144531,525.046142578125,182.9163818359375,6445.759765625,21681.900390625
2025-08-13,232.6717529296875,46.23289108276367,93.16043090820312,69.2298583984375,235.6655731201172,286.36053466796875,516.4547729492188,181.34844970703125,6466.580078125,21713.140625
2025-08-14,232.12330627441406,46.692867279052734,93.95767974853516,68.14814758300781,232.75987243652344,289.9384460449219,518.3396606445312,181.7778778076172,6468.5400390625,21710.669921875
2025-08-15,230.9366455078125,45.93927764892578,92.21553802490234,65.09967041015625,235.32200622558594,286.3210754394531,516.0480346679688,180.20997619628906,6449.7998046875,21622.98046875
2025-08-18,230.23863220214844,46.89838790893555,92.73719787597656,65.83720397949219,235.0569305419922,287.3461608886719,513.0023803710938,181.7678985595703,6449.14990234375,21629.76953125
2025-08-19,229.90956115722656,47.05498123168945,92.26475524902344,65.6503677368164,236.85336303710938,286.4886779785156,505.73040771484375,175.4063720703125,6411.3701171875,21314.94921875
2025-08-20,225.3723907470703,47.319217681884766,91.70372009277344,65.99454498291016,238.10008239746094,288.04595947265625,501.7125244140625,175.16668701171875,6395.77978515625,21172.859375
2025-08-21,224.26551818847656,47.23114013671875,91.13285064697266,65.90603637695312,235.00784301757812,287.28704833984375,501.06658935546875,174.7472381591797,6370.169921875,21100.310546875
2025-08-22,227.11744689941406,48.425132751464844,93.76083374023438,66.2010498046875,237.6485137939453,291.98858642578125,504.037841796875,177.75326538085938,6466.91015625,21496.5390625
2025-08-25,226.51914978027344,48.425132751464844,93.50492095947266,66.0240478515625,235.03729248046875,290.6678161621094,501.0865173339844,179.57083129882812,6439.31982421875,21449.2890625
2025-08-26,228.6630859375,49.178714752197266,94.21359252929688,67.25326538085938,238.1785888671875,294.2851257324219,498.8804931640625,181.52822875976562,6465.93994140625,21544.26953125
2025-08-27,229.8397674560547,49.305946350097656,95.34548950195312,67.30244445800781,240.34803771972656,294.9849548339844,503.5508728027344,181.3584442138672,6481.39990234375,21590.140625
2025-08-28,231.9039306640625,49.413597106933594,95.29627990722656,68.27598571777344,241.22174072265625,296.749267578125,506.4326477050781,179.93035888671875,6501.85986328125,21705.16015625
2025-08-29,231.485107421875,49.65827178955078,95.05021667480469,67.94163513183594,239.0228271484375,297.09423828125,503.501220703125,173.94830322265625,6460.259765625,21455.55078125
2025-09-02,229.0719451904297,49.3450927734375,93.28837585449219,66.67308044433594,237.06932067871094,295.3989562988281,501.9410705566406,170.55284118652344,6415.5400390625,21279.630859375
2025-09-03,237.79725646972656,48.992767333984375,93.5344467163086,66.54523468017578,239.62164306640625,295.211669921875,502.1696472167969,170.39306640625,6448.259765625,21497.73046875
2025-09-04,239.10353088378906,49.540828704833984,95.55219268798828,66.85991668701172,242.64511108398438,299.4598083496094,504.7731628417969,171.4316864013672,6502.080078125,21707.689453125
2025-09-05,239.01380920410156,48.979881286621094,93.89863586425781,65.78804016113281,243.97035217285156,290.1553039550781,491.8847961425781,166.79786682128906,6481.5,21700.390625
2025-09-08,237.20892333984375,48.674800872802734,94.36123657226562,65.76836395263672,251.39166259765625,288.7063903808594,495.06463623046875,168.08612060546875,6495.14990234375,21798.69921875
2025-09-09,233.6888885498047,49.49162292480469,95.80809020996094,66.22071838378906,254.3562469482422,293.57550048828125,495.2733459472656,170.53285217285156,6512.60986328125,21879.490234375
2025-09-10,226.1501922607422,49.334163665771484,95.64076232910156,66.99758911132812,252.16717529296875,296.22686767578125,497.2209777832031,177.09413146972656,6532.0400390625,21886.060546875
2025-09-11,229.3810577392578,49.94432067871094,97.26480865478516,66.56490325927734,252.2947998046875,301.1748046875,497.8569641113281,176.9443359375,6587.47021484375,22043.0703125
2025-09-12,233.40968322753906,49.77701950073242,97.87504577636719,65.42418670654297,248.790283203125,302.5054626464844,506.6910095214844,177.59349060058594,6584.2900390625,22141.099609375
2025-09-15,236.03224182128906,49.786861419677734,98.21954345703125,65.90603637695312,251.53890991210938,304.4668884277344,512.1166381835938,177.52357482910156,6615.27978515625,22348.75
2025-09-16,237.4781494140625,49.855751037597656,99.05615997314453,65.81753540039062,252.79541015625,304.75274658203125,505.83642578125,174.65724182128906,6606.759765625,22333.9609375
2025-09-17,238.3157958984375,50.58400344848633,100.15853881835938,66.59439849853516,254.3267822265625,307.2759704589844,506.81024169921875,170.0730743408203,6600.35009765625,22261.330078125
2025-09-18,237.20892333984375,51.30241394042969,100.7983169555664,67.53844451904297,260.1382141113281,308.7347717285156,505.2501525878906,176.01551818847656,6631.9599609375,22470.720703125
2025-09-19,244.8074188232422,51.42050552368164,101.06405639648438,67.07625579833984,261.51251220703125,310.26251220703125,514.67041015625,176.4449462890625,6664.35986328125,22631.48046875
2025-09-22,255.35755920410156,51.09574508666992,101.8613052368164,66.62390899658203,266.3913269042969,307.9560852050781,511.21234130859375,183.37611389160156,6693.75,22788.98046875
2025-09-23,253.7122344970703,50.87923812866211,101.3790283203125,66.41740417480469,267.245361328125,308.25177001953125,506.0252685546875,178.2027130126953,6656.919921875,22573.470703125
2025-09-24,251.5981903076172,50.87923812866211,100.0502700805664,66.2010498046875,262.6217956542969,308.92205810546875,506.9394226074219,176.74456787109375,6637.97021484375,22497.859375
2025-09-25,256.14532470703125,51.026851654052734,100.5030288696289,66.72224426269531,276.2765808105469,308.95159912109375,503.8390808105469,177.4636688232422,6604.72021484375,22384.69921875
2025-09-26,254.73931884765625,51.381141662597656,101.79241180419922,66.10271453857422,279.0939025878906,311.52410888671875,508.2411804199219,177.96302795410156,6643.7001953125,22484.0703125
2025-09-29,253.7122344970703,51.587806701660156,101.53650665283203,66.59439849853516,274.6666564941406,311.1594543457031,511.36138916015625,181.61837768554688,6661.2099609375,22591.150390625
2025-09-30,253.9116668701172,50.7709846496582,99.90262603759766,67.28277587890625,276.9833679199219,310.9031677246094,514.6903686523438,186.3423309326172,6688.4599609375,22660.009765625
2025-10-01,254.72933959960938,49.87543487548828,97.15653991699219,67.60728454589844,281.23388671875,306.25091552734375,516.4393310546875,187.00149536132812,6711.2001953125,22755.16015625
2025-10-02,256.40460205078125,49.67860794067383,95.80809020996094,67.17459869384766,281.459716796875,303.1362609863281,512.4942626953125,188.64939880371094,6715.35009765625,22844.05078125
2025-10-03,257.2920837402344,49.83606719970703,96.20179748535156,67.19438934326172,283.0794372558594,305.5806579589844,514.0940551757812,187.38099670410156,6715.7900390625,22780.509765625
2025-10-06,255.96583557128906,49.59003829956055,96.50692749023438,68.17382049560547,284.1101989746094,306.22442626953125,525.2435302734375,185.30364990234375,6740.27978515625,22941.669921875
2025-10-07,255.75645446777344,49.49162292480469,96.26085662841797,68.2529525756836,288.4784851074219,304.74871826171875,520.682373046875,184.80429077148438,6714.58984375,22788.359375
2025-10-08,257.3320007324219,49.04876708984375,95.17816162109375,69.5786361694336,284.1494445800781,301.1236572265625,521.546875,188.86911010742188,6753.72021484375,23043.380859375
2025-10-09,253.32330322265625,48.99956130981445,94.41044616699219,69.21259307861328,282.9420166015625,302.6093444824219,519.1123657226562,192.32470703125,6735.10986328125,23024.630859375
2025-10-10,244.5780792236328,47.87765884399414,92.45176696777344,67.21417999267578,272.7229919433594,298.0137023925781,507.74432373046875,182.92669677734375,6552.509765625,22204.4296875
2025-10-13,246.96133422851562,48.084327697753906,94.58761596679688,66.73930358886719,272.1340026855469,305.0260314941406,510.81488037109375,188.0801239013672,6654.72021484375,22694.609375
2025-10-14,247.07101440429688,49.294795989990234,98.26875305175781,67.92648315429688,271.0836181640625,299.19232177734375,510.337890625,179.8006591796875,6644.31005859375,22521.69921875
2025-10-15,248.63658142089844,51.45003128051758,98.2096939086914,68.77729034423828,275.5992431640625,302.767822265625,510.1987609863281,179.60093688964844,6671.06005859375,22670.080078125
2025-10-16,246.7519073486328,49.63924026489258,94.7450942993164,68.35188293457031,270.9069519042969,295.6861572265625,508.3902282714844,181.5784149169922,6629.06982421875,22562.5390625
2025-10-17,251.5782470703125,50.46590805053711,95.54235076904297,69.38077545166016,276.1194763183594,294.7155456542969,510.347900390625,182.9866180419922,6664.009765625,22679.970703125
2025-10-20,261.50018310546875,51.213844299316406,97.73725891113281,69.89521789550781,278.4460144042969,299.4696350097656,513.53759765625,182.4073486328125,6735.1298828125,22990.5390625
2025-10-21,262.0286865234375,50.70209503173828,96.70377349853516,69.9644775390625,276.8753662109375,294.25,514.4021606445312,180.92922973632812,6735.35009765625,22953.669921875
2025-10-22,257.72088623046875,50.28876495361328,94.78446197509766,69.90511322021484,282.2351989746094,291.29852294921875,517.2640380859375,180.05035400390625,6699.39990234375,22740.400390625
2025-10-23,258.84765625,50.93828201293945,95.16832733154297,69.51927947998047,279.7712707519531,291.72442626953125,517.283935546875,181.92796325683594,6738.43994140625,22941.80078125
2025-10-24,262.07855224609375,51.73542785644531,97.2254409790039,69.87543487548828,301.8191833496094,297.5679931640625,520.314697265625,186.02272033691406,6791.68994140625,23204.869140625
2025-10-27,268.0516357421875,52.17828369140625,99.4006576538086,70.6273193359375,307.3459167480469,301.2425231933594,528.1749877929688,191.24607849121094,6875.16015625,23637.4609375
2025-10-28,268.2410888671875,52.030662536621094,99.79435729980469,71.84417724609375,306.8354797363281,302.44097900390625,538.6585693359375,200.77394104003906,6890.89013671875,23827.490234375
2025-10-29,268.93914794921875,51.745269775390625,97.56008911132812,70.56795501708984,302.5554504394531,302.5895690917969,538.141845703125,206.77627563476562,6890.58984375,23958.470703125
2025-10-30,270.63433837890625,52.18811798095703,98.64276885986328,72.1310806274414,304.3714904785156,306.4819641113281,522.451171875,202.63156127929688,6822.33984375,23581.140625
2025-10-31,269.60723876953125,52.60145568847656,99.63687896728516,72.32894134521484,301.7701110839844,308.1459045410156,514.5512084960938,202.23207092285156,6840.2001953125,23724.9609375
2025-11-03,268.2909851074219,52.70970916748047,100.6072006225586,73.65462493896484,299.1392822265625,306.3928527832031,513.776123046875,206.61647033691406,6851.97021484375,23834.720703125
2025-11-04,269.2781982421875,52.69002914428711,100.01313018798828,71.5473861694336,295.33050537109375,306.2937927246094,511.0931701660156,198.43690490722656,6771.5498046875,23348.640625
2025-11-05,269.3778991699219,51.617332458496094,100.68641662597656,71.32972717285156,301.1418762207031,308.7005615234375,503.9682312011719,194.9613494873047,6796.2900390625,23499.80078125
2025-11-06,269.0089416503906,52.44399642944336,99.85469818115234,70.28105926513672,306.688232421875,310.4239501953125,493.9715576171875,187.84042358398438,6720.31982421875,23053.990234375
2025-11-07,267.7126159667969,52.35542678833008,99.79529571533203,70.31073760986328,300.759033203125,311.20635986328125,493.6933288574219,187.91033935546875,6728.7998046875,23004.5390625
2025-11-10,268.9303283691406,52.57193374633789,100.4883804321289,71.31983184814453,305.1317443847656,313.86077880859375,502.8155212402344,198.7964630126953,6832.43017578125,23527.169921875
2025-11-11,274.73956298828125,52.77859878540039,99.76559448242188,70.94390106201172,309.662353515625,312.6029052734375,505.4786682128906,192.91395568847656,6846.60986328125,23468.30078125
2025-11-12,272.962890625,53.250980377197266,101.85477447509766,73.16986083984375,310.90606689453125,317.34710693359375,507.9232177734375,193.5531463623047,6850.919921875,23406.4609375
2025-11-13,272.4438171386719,52.030662536621094,99.67647552490234,76.5533218383789,300.91693115234375,306.5216064453125,500.1225891113281,186.62196350097656,6737.490234375,22870.359375
2025-11-14,271.90484619140625,51.7747917175293,99.31013488769531,77.16669464111328,301.7362365722656,300.70770263671875,506.96923828125,189.92776489257812,6734.10986328125,22900.58984375
2025-11-17,266.9639892578125,50.66273498535156,97.22096252441406,76.94905090332031,293.326416015625,297.4986572265625,504.296142578125,186.3623046875,6672.41015625,22708.0703125
2025-11-18,266.94403076171875,50.8201904296875,97.34967803955078,76.54342651367188,286.1998291015625,296.5478515625,490.6824035644531,181.1289825439453,6617.31982421875,22432.849609375
2025-11-19,268.0619812011719,51.19416046142578,98.84477233886719,77.55253601074219,284.79815673828125,300.3709411621094,484.0543518066406,186.2823944091797,6642.16015625,22564.23046875
2025-11-20,265.7562561035156,50.19034957885742,96.6664810180664,74.6340560913086,286.6439514160156,295.5277099609375,476.3088684082031,180.40989685058594,6538.759765625,22078.05078125
2025-11-21,270.98651123046875,50.741458892822266,97.72592163085938,75.28699493408203,293.5929260253906,295.1711120605469,470.0268249511719,178.6521453857422,6602.990234375,22273.080078125
2025-11-24,275.4083557128906,51.105587005615234,98.7061538696289,75.42550659179688,300.1864929199219,295.1513366699219,471.8985290527344,182.31747436523438,6705.1201171875,22872.009765625
2025-11-25,276.45635986328125,51.64685821533203,100.17154693603516,75.50464630126953,300.5418701171875,300.103515625,474.8752136230469,177.59349060058594,6765.8798828125,23025.58984375
2025-11-26,277.0353088378906,52.14876174926758,101.48841857910156,75.25731658935547,299.28826904296875,304.6991882324219,483.3475036621094,180.03038024902344,6812.60986328125,23214.689453125
2025-11-28,278.3328857421875,52.798282623291016,102.57756042480469,76.11802673339844,304.5888366699219,310.0871887207031,489.82867431640625,176.7745361328125,6849.08984375,23365.689453125
2025-12-01,282.57501220703125,52.39479446411133,101.66664123535156,75.2276382446289,301.7164611816406,305.96697998046875,484.5820007324219,179.69082641601562,6812.6298828125,23275.919921875
2025-12-02,285.6592712402344,52.345584869384766,102.1716079711914,76.04877471923828,297.87677001953125,304.9368896484375,487.82757568359375,181.22885131835938,6829.3701171875,23413.669921875
2025-12-03,283.623046875,53.231292724609375,105.66677856445312,76.91937255859375,298.7059020996094,309.1462707519531,475.6119689941406,179.36123657226562,6849.72021484375,23454.08984375
2025-12-04,280.179443359375,53.30018615722656,106.7262191772461,76.92926788330078,304.0064392089844,313.07830810546875,478.7081604003906,183.1566162109375,6857.1201171875,23505.140625
2025-12-05,278.26300048828125,53.36943435668945,107.80545043945312,77.13702392578125,303.9571228027344,312.0284729003906,481.01788330078125,182.1877899169922,6870.39990234375,23578.130859375
2025-12-08,277.3746643066406,53.319969177246094,107.84505462646484,78.01751708984375,305.1810607910156,312.1968078613281,488.8430480957031,185.323974609375,6846.509765625,23545.900390625
2025-12-09,276.6659851074219,52.963844299316406,108.35002899169922,78.66057586669922,306.4642639160156,297.6373596191406,489.8385925292969,184.7446746826172,6840.509765625,23576.490234375
2025-12-10,278.26300048828125,53.4980354309082,109.99363708496094,79.39266204833984,308.6259460449219,307.1455383300781,476.4382629394531,183.55612182617188,6886.68017578125,23654.150390625
2025-12-11,277.514404296875,53.97286605834961,110.6372299194336,78.42312622070312,306.72088623046875,314.3460693359375,481.3265075683594,180.70957946777344,6901.0,23593.859375
2025-12-12,277.763916015625,54.54662322998047,110.69664001464844,76.96884155273438,305.24029541015625,315.47515869140625,476.4084167480469,174.80679321289062,6827.41015625,23195.169921875
2025-12-15,273.6016540527344,54.73458480834961,111.68677520751953,77.41403198242188,304.6678161621094,316.9608459472656,472.7148742675781,176.0752410888672,6816.509765625,23057.41015625
2025-12-16,274.1007385253906,54.220176696777344,110.18177032470703,76.72151184082031,299.2586669921875,312.5335388183594,474.2779235839844,177.50350952148438,6800.259765625,23111.4609375
2025-12-17,271.33587646484375,53.962974548339844,110.35999298095703,75.18806457519531,299.3968811035156,311.9690246582031,474.00909423828125,170.7317657470703,6721.43017578125,22693.3203125
2025-12-18,271.68524169921875,53.67609405517578,111.71646881103516,76.12791442871094,296.5639953613281,310.0079345703125,481.8342590332031,173.9278564453125,6774.759765625,23006.359375
2025-12-19,273.1625061035156,54.675228118896484,113.7264404296875,77.58221435546875,297.087158203125,314.17767333984375,483.7656555175781,180.76951599121094,6834.5,23307.619140625
2025-12-22,270.4674987792969,55.278663635253906,116.92455291748047,77.27552795410156,298.87371826171875,320.00146484375,482.7701110839844,183.4662322998047,6878.490234375,23428.830078125
2025-12-23,271.85491943359375,55.36769485473633,118.22163391113281,77.18647766113281,299.8509216308594,322.8143310546875,484.6915588378906,188.97950744628906,6909.7900390625,23561.83984375
2025-12-24,273.3022155761719,55.64468002319336,120.36031341552734,77.18647766113281,300.620849609375,326.02337646484375,485.8563232421875,188.38023376464844,6932.0498046875,23613.310546875
2025-12-26,272.89300537109375,55.5655403137207,119.2315673828125,77.32498931884766,301.1439514160156,324.7754211425781,485.5477294921875,190.2978973388672,6929.93994140625,23593.099609375
2025-12-29,273.2523498535156,54.754364013671875,116.96416473388672,76.95894622802734,301.7855529785156,320.6551818847656,484.9404296875,187.99070739746094,6905.740234375,23474.349609375
2025-12-30,272.57354736328125,54.68511962890625,116.05325317382812,76.5830078125,298.1432800292969,320.3283386230469,485.3187561035156,187.31153869628906,6896.240234375,23419.080078125
