,GARCH_sigma,EGARCH_sigma,GJR-GARCH_sigma,Hybrid_sigma,actual_next_ret,realised_vol_abs,GARCH_var_95,GARCH_var_99,EGARCH_var_95,EGARCH_var_99,GJR-GARCH_var_95,GJR-GARCH_var_99,Hybrid_var_95,Hybrid_var_99
2022-10-14,0.02356453803668432,0.021634030448078052,0.020595029614122618,0.022935374,0.033987345839908006,0.033987345839908006,0.03860905454078504,0.06172055924374739,0.03558948231886336,0.05668224653208075,0.03395620147499064,0.05398573932503247,0.03580657353545248,0.06199988683606207
2022-10-17,0.023465212388698083,0.02132639605584987,0.020416210852414136,0.01761042,0.014803731001556675,0.014803731001556675,0.03835987674180801,0.06137396535382111,0.03500929758948607,0.055802124178287206,0.03358044158622917,0.05343607062317166,0.02768787288602446,0.047799828588329304
2022-10-18,0.023367101580347147,0.021105659775325265,0.02024122033784052,0.01668054,-0.008540657090431777,0.008540657090431777,0.03815014911551237,0.06106801312065712,0.03460463775279542,0.055182250707244765,0.03324828767952988,0.05293373103571729,0.02623202187452095,0.0452820109340884
2022-10-19,0.02327019405551448,0.020757452618615682,0.020069995405666514,0.021422183,0.0037158492924412746,0.0037158492924412746,0.03805367772690064,0.06087649727530976,0.03410889098623919,0.05434700865008805,0.033033464581441664,0.05255238444511134,0.03343701507652269,0.05790219228470789
2022-10-20,0.02317447831888913,0.0204337630232919,0.019902473974069457,0.022302859,0.02878444488800791,0.02878444488800791,0.03790059378217138,0.060629537749666486,0.03359357731725117,0.05351610384199988,0.03276602308945224,0.052122021271641755,0.034763314865723226,0.06023426830042896
2022-10-21,0.023079942935926707,0.020337695668995504,0.01973859453938612,0.017472416,0.011587925475883701,0.011587925475883701,0.03758541168006166,0.06022163772775155,0.033275776816926214,0.05310463951617442,0.03234039801584097,0.05153701651267268,0.027316459316155475,0.04727081102444844
2022-10-24,0.022986576532824154,0.02017680984233146,0.01957829617196097,0.016897926,0.017062991722723575,0.017062991722723575,0.037400373390160314,0.059945028024014545,0.03298332872632058,0.052655330834324915,0.03204875255943548,0.05108947411036329,0.026413500840641646,0.045711754421569495
2022-10-25,0.02289436779650833,0.019998452117505495,0.01942151851257894,0.015838293,-0.011240025610184914,0.011240025610184914,0.03718661184877315,0.05964083047918442,0.03263257431942644,0.05213068107102047,0.03173214169582702,0.05062039033841388,0.024748658134716866,0.042836760475415105
2022-10-26,0.02280330547463797,0.01973972809213281,0.019268201769464338,0.020930387,-0.00261746504791645,0.00261746504791645,0.0371331178443656,0.05949802484571402,0.032312640562724315,0.051558496358280456,0.031579479058041544,0.05031862067981824,0.03251564278992824,0.05641916543039493
2022-10-27,0.022713378375618497,0.019667877983991798,0.019118286715825918,0.02289715,0.03136894208634053,0.03136894208634053,0.036987529755286554,0.059264238525518514,0.032195583820473626,0.05137138714044738,0.031338326670339464,0.049931669558275896,0.035477473600927435,0.06162713394981965
2022-10-28,0.022624575368629267,0.019478547730103102,0.01897171468792684,0.01743361,-0.009214007542803776,0.009214007542803776,0.036768438533749774,0.05895805155398342,0.031816672516799746,0.05080788247525045,0.031027199929087156,0.04947799531718661,0.02716325690872946,0.04707328883834162
2022-10-31,0.022536885383662674,0.0193079429176787,0.018828427583656937,0.021204816,-0.0001715350562106749,0.0001715350562106749,0.03666483174720524,0.05876844064137441,0.031581217854737845,0.050406091397477905,0.030835011641797833,0.04914645425730263,0.032883617764080914,0.057100549077357204
2022-11-01,0.022450297411574664,0.01920323563393396,0.018688367861583323,0.022467604,-0.0193590579174809,0.0193590579174809,0.03653651397402026,0.05855519956856792,0.03142395516806571,0.05014674112001982,0.030621492421223955,0.0487967210298979,0.034796221529363555,0.06045531702530281
2022-11-02,0.02236480050414615,0.018922874598193126,0.01855147854045435,0.024775047,-0.014257500313111725,0.014257500313111725,0.03650566065124431,0.05844049303487619,0.031083473245203184,0.04953291257154135,0.030508744532236586,0.04855084248316487,0.03837931389726894,0.06667362759627597
2022-11-03,0.02228038377415478,0.01879354106367126,0.018417703199130806,0.024616955,0.024148528678673037,0.024148528678673037,0.03645024850010085,0.058302287083609544,0.030956563739154605,0.04927990535313727,0.03037467231709398,0.04828666808741628,0.03821948279226871,0.06633324657167049
2022-11-04,0.02219703639545657,0.018780382910602144,0.01828698597691724,0.018906739,0.009758685117433037,0.009758685117433037,0.03624116276496053,0.05801145634112963,0.030858780930301664,0.04916929359773947,0.03009008943481182,0.047874957174777535,0.02953476912458268,0.05112718499381867
2022-11-07,0.022114747603076898,0.01865082429849492,0.018159271574265605,0.017424235,0.006841671283989825,0.006841671283989825,0.03607851256404697,0.05776809936764436,0.03062090076131005,0.04880509627006917,0.029855034212842618,0.047515694291550475,0.027267848595818347,0.04716717590375787
2022-11-08,0.022033506693310275,0.01850653361935022,0.018034505253822455,0.017347302,-0.022502783233848276,0.022502783233848276,0.03595901763357384,0.057568925401443004,0.030401118014418096,0.04844463288206097,0.029666156392718492,0.047205475944874606,0.02716123972867443,0.046972706064924735
2022-11-09,0.0219533030238284,0.01826042434670791,0.017912632841790597,0.022533683,0.0642015647567677,0.0642015647567677,0.035901926870441234,0.057433172901698394,0.03008039764278783,0.047883960696043205,0.029542635674739644,0.046963429148739785,0.035049539192894004,0.0607841016196995
2022-11-10,0.021874126013795972,0.01810501973756753,0.017793600729575344,0.015313299,0.013896504673186549,0.013896504673186549,0.035489608946383464,0.056943200162728386,0.029546868435732312,0.04719891497956461,0.029066772334554215,0.046371802042167204,0.02387848538220414,0.04136701901317128
2022-11-11,0.021795965143993744,0.017997724282705106,0.017677355875685388,0.014041421,-0.00989752960244859,0.00989752960244859,0.03532712254748934,0.05670405555363683,0.02933796046633625,0.04688539600224773,0.028843557465503655,0.04603553413340337,0.021922687754650342,0.0379586748188927
2022-11-14,0.021718809956948214,0.017759086376136327,0.017563845807857945,0.018559555,0.003991681913836526,0.003991681913836526,0.03524629836717884,0.05654755951141734,0.029000536575301585,0.04631530473526241,0.028704754974770322,0.04578633829813454,0.028775070234554813,0.04997098669351916
2022-11-15,0.021642650057067482,0.017464748644831846,0.017453018625377802,0.019385867,-0.010550454228177875,0.010550454228177875,0.03510384196826932,0.05633040740315293,0.028511445750504794,0.04553924027509245,0.02850700444891299,0.045480803647277586,0.029999032533768392,0.05213863766849396
2022-11-16,0.021567475110782757,0.01748937395994973,0.01734482300155988,0.021739723,0.005644471640626275,0.005644471640626275,0.035023153762794156,0.05617598950597323,0.028589101354918767,0.04564090508882617,0.028373641137405495,0.04524221551293304,0.03358588652137371,0.05841370956424328
2022-11-17,0.021493274846694894,0.017408469155459218,0.017239208186365124,0.02073517,0.004921371910275863,0.004921371910275863,0.034856746908708255,0.05593680890390391,0.028411901523779794,0.04538482462705619,0.028157113853266295,0.044922973351558704,0.032022862258261835,0.055703437450236475
2022-11-18,0.021420039055725544,0.01731857212111262,0.017136124009119853,0.019882862,-0.004093364128226524,0.004093364128226524,0.034739009090696715,0.05574724326882341,0.02826756052856965,0.04515283574979785,0.02799174675794807,0.04465735253150397,0.030736479354999294,0.053443675307533973
2022-11-21,0.021347757591272262,0.0173581735098052,0.017035520881308993,0.02117725,0.016726206553807826,0.016726206553807826,0.03464339896030218,0.05558074130074259,0.02834948807077435,0.045273373885447596,0.027850935805657305,0.04441870078004589,0.032706736031939194,0.05689218864219348
2022-11-22,0.02127642036936717,0.017305197784564443,0.016937349799414293,0.017614013,0.004855107206241813,0.004855107206241813,0.03448424154313047,0.05535161813516583,0.02821935029689301,0.04509158579683599,0.027648944154817827,0.044121233597613045,0.027289347625912307,0.04740540859812605
2022-11-23,0.021206017368838592,0.017047953811140267,0.016841562347769203,0.017149255,-0.004509452551761375,0.004509452551761375,0.03438796031687583,0.055186287421274904,0.02782621154217109,0.044447639108302114,0.027512134250375832,0.04389126634286703,0.026604137498161835,0.04618942283394102
2022-11-25,0.02113653863147513,0.01684748866194787,0.016748110701402776,0.01962166,-0.020188770936815124,0.020188770936815124,0.03430546144786466,0.055035645558633564,0.027535558760056096,0.04396153665558456,0.027391352064602,0.04367959847627042,0.03035884997250446,0.0527677395790995
2022-11-28,0.021067974262191706,0.016714274887605313,0.016656947628845963,0.022674667,-0.0007135810355313244,0.0007135810355313244,0.0341704243850483,0.05483336229134324,0.027297718396962913,0.043593815420829296,0.0272202176952799,0.043419804161004334,0.03493480110609992,0.06083037430489524
2022-11-29,0.021000314429197055,0.016662567941817502,0.016568026494874488,0.021510005,0.03551616068954962,0.03551616068954962,0.03412935998870536,0.054725938836909564,0.02728185578264665,0.04352753952738294,0.02714518349850075,0.04325829039843087,0.033245391264680235,0.05781086446357092
2022-11-30,0.020933549364162158,0.016620931791783564,0.01648130126316357,0.016272264,-0.004628016042146061,0.004628016042146061,0.0338342002998727,0.05436529765583863,0.02702647194548674,0.043231561243547004,0.026818123862045327,0.042846886804056766,0.025160530993126314,0.043744247817777075
2022-12-01,0.02086766936238911,0.016719996926898684,0.016396726498830935,0.01845822,-0.0072861473380365,0.0072861473380365,0.0337082236661482,0.05417470757760533,0.02716231297278641,0.043463988875074154,0.026662260334959505,0.04260877073958216,0.02843425181638549,0.04951443654429267
2022-12-02,0.020802664782979995,0.016964419766828016,0.016314257370845613,0.020668903,-0.020939350013200353,0.020939350013200353,0.03368536379807724,0.05408809285720546,0.027630722657895596,0.044170706135063006,0.02661147068750018,0.04247777637518913,0.03184697799512265,0.055451873914684036
2022-12-05,0.0207385260490052,0.01684986971936374,0.016233849654281443,0.022933777,-0.019427363585042424,0.019427363585042424,0.03360855987906785,0.053948383285235976,0.027473735425081792,0.043902034805863396,0.026508639024364084,0.0422967448049622,0.03528607495122729,0.06147756658488093
2022-12-06,0.020675243647670795,0.016745608261305257,0.01615545973239534,0.023354746,-0.0042755713734270746,0.0042755713734270746,0.033607900285723566,0.053885657908392004,0.027407873425598514,0.04373451988707634,0.02648379950805728,0.04219566777227897,0.03602037733138575,0.06269263630450739
2022-12-07,0.02061280813048443,0.016602995329214908,0.01607904459851188,0.021882812,0.0136548587316391,0.0136548587316391,0.033627377922348343,0.053843900364134466,0.027299899985354467,0.04348750157687351,0.026480891696131343,0.04211844300887921,0.03392002797033513,0.05891126459743703
2022-12-08,0.020551210113419354,0.016477667484143938,0.016004561857697042,0.018890861,-0.005078337850676037,0.005078337850676037,0.03345883305713644,0.053614941717040815,0.027030025855941962,0.043095435205392336,0.02629170337977254,0.04185681707508175,0.02933898921098012,0.050913272229688354
2022-12-09,0.02049044027707612,0.016264098623196502,0.015931969728205424,0.019893352,0.01920710836435359,0.01920710836435359,0.0333642469841512,0.05346075412094239,0.026692662670928874,0.04254984648246753,0.026178164247823547,0.041672679025213724,0.030851989110375348,0.05357116559650988
2022-12-12,0.02043048936684148,0.01616954289879979,0.015861227042686672,0.0162323,0.010947974842669562,0.010947974842669562,0.03321905892704108,0.053256767722796354,0.026492401585000658,0.04225739538116069,0.026015662792164423,0.041441377314164834,0.025283062983558802,0.04382114127676311
2022-12-13,0.020371348193044116,0.016018018517247448,0.015792293249138282,0.014346173,-0.010125456240357912,0.010125456240357912,0.03299990960830552,0.05297961423210424,0.02612642381457347,0.041743684248690405,0.025780789878245294,0.04113946336884666,0.02231448787814164,0.0386985176390984
2022-12-14,0.02031300763110677,0.016051596354315283,0.01572512841159342,0.017925784,-0.03351927940933431,0.03351927940933431,0.032941591607493145,0.052864077279259396,0.02621396558703786,0.04186396376744584,0.02570828910413617,0.04100164194791147,0.02774476583009512,0.04821688446110041
2022-12-15,0.020255458621694387,0.015973449517602555,0.015659693210533877,0.023617823,-0.011512548433896614,0.011512548433896614,0.033048980640381656,0.05291502369487213,0.02628853059264508,0.04186233710803962,0.025802988080128035,0.04103270242175481,0.03652386042469227,0.06349656778567517
2022-12-16,0.020198692170857846,0.015817146210072398,0.015595948943019597,0.022169843,-0.0078720567010117,0.0078720567010117,0.0329758242418338,0.05278619219276667,0.02605718979807953,0.04147860359038014,0.025718587111566577,0.04088630745547533,0.034357994430799815,0.05967703797771487
2022-12-19,0.02014269935017295,0.015634993122488637,0.01553385752252777,0.021438919,0.0021667902612843752,0.0021667902612843752,0.03287347061532722,0.052628922219647385,0.02575437304985429,0.0409981910799443,0.025606388047906017,0.040713721857772056,0.0332426269187919,0.057726918591498505
2022-12-20,0.020087471296874316,0.015534522136476594,0.01547338147849578,0.020259554,0.015114531910791639,0.015114531910791639,0.03273580068045823,0.052437086002733745,0.02554474511472543,0.04069060586296231,0.025460226329274197,0.04050874462706499,0.031414729592495076,0.05455212579398643
2022-12-21,0.02003299921398374,0.0156890300377281,0.015414483955563676,0.01707085,-0.02222530179766085,0.02222530179766085,0.03267453536558522,0.05232239584252976,0.025815250934683752,0.041111753919373,0.025391778277708835,0.040383016241994626,0.02663307320033301,0.046128815595853224
2022-12-22,0.019979274370432794,0.015596002699696371,0.01535712871251314,0.020592514,0.0016124844887900878,0.0016124844887900878,0.032711265242089345,0.05230643374720483,0.025789459682562348,0.04099526279922673,0.025422590729537852,0.040358048292770406,0.03206372732558542,0.055581382534292276
2022-12-23,0.019926288101179298,0.015539901081157093,0.015301280120901232,0.019531978,-0.010086804189278938,0.010086804189278938,0.03264662285656875,0.052189823764902235,0.025719765887355677,0.040870871003355375,0.02535325336521801,0.04023439580968058,0.030484428662110766,0.05279090072517534
2022-12-27,0.019874031807317304,0.015629690522096267,0.015246903163388385,0.020502394,-0.007032767887550449,0.007032767887550449,0.03266940978487018,0.05216135903787859,0.025968031007563983,0.04120667910410594,0.025372525760535437,0.040200784312666694,0.032052947494458646,0.055467682245444745
2022-12-28,0.019822496956180387,0.015536439643337108,0.01519396343176128,0.020693991,0.017532355828743625,0.017532355828743625,0.03260745394885957,0.052048859119375755,0.025839725443866937,0.0409874557244678,0.02530819470007097,0.04008496712286599,0.032361554028034,0.055995101155280856
2022-12-29,0.01977167508143789,0.015667610256367533,0.015142427124652422,0.017271647,0.0009419118801407749,0.0009419118801407749,0.0324576066113361,0.0518491669686293,0.02597879796004325,0.04125441706926503,0.025157071168338103,0.03988372235153169,0.02713332767607669,0.046858387766499324
2022-12-30,0.01972155778318386,0.01551952460809284,0.015092261044959174,0.017217081,-0.002184252012253688,0.002184252012253688,0.03235753343496865,0.05169994000989214,0.02572304435685044,0.04085428280293521,0.025056781404477615,0.03973464395221737,0.02703049042678746,0.046693235723742565
2023-01-03,0.019672136728018465,0.015441787772308788,0.015043432596966175,0.018331952,0.006992143347013962,0.006992143347013962,0.03227464746944519,0.05156858311966384,0.02559509354526945,0.04065054006937233,0.02497469988470549,0.03960507470042645,0.02870659744710647,0.04964257991285049
2023-01-04,0.0196234036491216,0.015331723411952443,0.014995909783175772,0.016970197,-0.013195526210957001,0.013195526210957001,0.032249125841620346,0.05149526531691033,0.02547207699308154,0.04042021287958286,0.02495096600730775,0.039535122875524395,0.026705603411730804,0.046086396387156524
2023-01-05,0.019575350346318465,0.01515919291455348,0.014949661200852235,0.019340903,0.022235202079016723,0.022235202079016723,0.03223269296291747,0.05143170297053027,0.025257869433787068,0.04003779139870963,0.02493726729444754,0.03947644545918493,0.030339093492809707,0.05242734550077098
2023-01-06,0.01952796868613691,0.01493991236590598,0.014904656038286073,0.015338885,0.006753997782045938,0.006753997782045938,0.03197650488783292,0.05112904415791565,0.02472859830581917,0.039294725947013324,0.024684723744642843,0.039180132484234666,0.024125243355698493,0.04164299816376677
2023-01-09,0.019481250601856362,0.014795919881202123,0.01486086407078569,0.013863991,0.009063419136991175,0.009063419136991175,0.031899447982785205,0.05100616733384884,0.02449696969496461,0.03892270742889562,0.024612186495169202,0.03906500569315748,0.02189896863599291,0.037732320397095585
2023-01-10,0.019435188093548085,0.01476203152949932,0.01481825565640421,0.0128193805,0.011688693003774961,0.011688693003774961,0.03179653253357041,0.05085807493799755,0.02441329745987831,0.038805994701712504,0.024514631422661595,0.03892601213454064,0.020294422605663203,0.034934779951005836
2023-01-11,0.019389773228106685,0.014662711194724195,0.014776801731409916,0.011956432,0.006178780700348812,0.006178780700348812,0.031687444719079055,0.050704445368662567,0.024218514054352238,0.038514375877191476,0.024411711109584365,0.03878277612513945,0.018956523058649217,0.03261135113024346
2023-01-12,0.019344998139272627,0.01460321520028768,0.014736473805509308,0.011936176,0.012461056609187513,0.012461056609187513,0.03161655113524848,0.05058963750675224,0.024124154560580972,0.03836200893144346,0.024347759360557795,0.0386796037615581,0.01892611206851787,0.032557806087358664
2023-01-13,0.019300855027645662,0.014610441079315183,0.014697243956832255,0.011452113,0.0012936018017250242,0.0012936018017250242,0.03150795662350422,0.05043774854423699,0.024097051765067747,0.038341951229211683,0.02424684902281009,0.03854054073582447,0.018157837136318314,0.03123670925073825
2023-01-17,0.012090803300679564,0.0110094010099771,0.010595622740883609,0.00988034,-0.02161325090958525,0.02161325090958525,0.020012293894700658,0.03186777488766178,0.01832250614948526,0.029042001394200673,0.017672014141511004,0.027968130711585524,0.015727861353829947,0.02701169023074254
2023-01-18,0.012169360599116977,0.011115024820894492,0.010688805387114588,0.013671248,-0.011150229634707725,0.011150229634707725,0.020191104511031253,0.03212361384820758,0.01854449478984765,0.029366832499637383,0.017874299537204968,0.02826096476226323,0.02149664352597878,0.03710987347128079
2023-01-19,0.012246169829109055,0.011198415974484793,0.010778595166332436,0.01542067,0.02280117375665906,0.02280117375665906,0.02024706329032122,0.03225488692577944,0.018611087278278197,0.029514620238704405,0.017951114060181142,0.028425030979286708,0.02406792066090308,0.04167907780997954
2023-01-20,0.012321283457452812,0.011338403356861015,0.010865148404674906,0.012221996,0.021655416517130106,0.021655416517130106,0.020224061569857,0.03230553690330387,0.018691313302720832,0.029731147418708744,0.017946514252873035,0.028504537812360668,0.019103953190839656,0.033062066458857425
2023-01-23,0.01239475165433687,0.011403851522675389,0.01094861150449517,0.009768919,0.00255096595392905,0.00255096595392905,0.020208375146720463,0.032361888771593114,0.018663057284161223,0.029766616147897603,0.017946928989857103,0.02858605640006352,0.015273858100065178,0.026430438510962908
2023-01-24,0.01246662243480007,0.011449455744058331,0.01102912181060053,0.008932616,0.0016881138192768996,0.0016881138192768996,0.020235657778377658,0.03245964336863931,0.0186487815682554,0.02979674377726101,0.017988154130656506,0.028705516064403917,0.013926458839653398,0.024127940941928293
2023-01-25,0.012536941788908719,0.011562535775119733,0.011106808379073449,0.008725771,0.007020913038256138,0.007020913038256138,0.020329456975809738,0.03262239330038905,0.01881067023724895,0.030068734790072944,0.018093869328168668,0.028886721866337086,0.013596910372803302,0.02356216436667213
2023-01-26,0.012605753801745395,0.011661512217721862,0.011181792661933587,0.008315127,0.005565795759416212,0.005565795759416212,0.020415387946065528,0.03277579700094944,0.018944677742288318,0.03029911243412813,0.018189812868932852,0.029055530111341113,0.012954669252390865,0.022450950175876623
2023-01-27,0.012673100764178684,0.011684179197069391,0.011254189118803989,0.00811877,-0.014688143677337886,0.014688143677337886,0.020524659969405303,0.032951105218345614,0.018983130759590364,0.030359635551075712,0.018307308846609686,0.029243376117272714,0.012661117632797004,0.021933148187508824
2023-01-30,0.012739023275275466,0.011713473334454293,0.011324105765023582,0.010861831,0.009287345411722575,0.009287345411722575,0.02064189002565003,0.03313297474128916,0.019042328680000144,0.030447356219100094,0.018431081496925444,0.029435089081930536,0.0168087890843454,0.02921352894106537
2023-01-31,0.012803560337123312,0.011838620267080345,0.011391644664227056,0.009535035,0.0132563518314322,0.0132563518314322,0.020803637975681803,0.0333580036736553,0.019300506560971382,0.030827385592987245,0.018597791011556036,0.029667428375595287,0.014868099750915848,0.025757574984768713
2023-02-01,0.012866749442748033,0.011893195531582518,0.011456902372234616,0.00848276,0.0181921934311117,0.0181921934311117,0.0209129105524965,0.033529235511742084,0.01939624241760287,0.03097625960743313,0.018710538095139086,0.029843588529384128,0.01329089611979375,0.022978620643040036
2023-02-02,0.012928626657739256,0.011924493241733173,0.011519970338111295,0.008085302,-0.0036871634747547375,0.0036871634747547375,0.02097026399114008,0.03364726185424347,0.019405163110072846,0.031015653861073817,0.01876996710308523,0.029964302762784573,0.012650954692079127,0.021884762837006154
2023-02-03,0.012989226696133116,0.011985710864546514,0.011580935267433137,0.008797996,-0.006237745673671075,0.006237745673671075,0.021110399113465534,0.033846817561412175,0.019546419847229896,0.03121651620402592,0.018910861583259973,0.030164438878334084,0.013769310620173888,0.023817050923153834
2023-02-06,0.01304858299104512,0.012064743633867147,0.01163987945210576,0.010687311,0.017732265898904538,0.017732265898904538,0.02115207098060454,0.03394669047678942,0.019619485947477755,0.0313665339380767,0.018952054340553665,0.030262909646685644,0.01656486692925889,0.0287702981670757
2023-02-07,0.013106727760496682,0.012107268928539238,0.011696881070497142,0.009451031,-0.006380815155660962,0.006380815155660962,0.021227844664434937,0.03407947726321776,0.019670582593473002,0.03145903607866738,0.019026183580895528,0.03039242924227072,0.014684789019479238,0.02547832685227581
2023-02-08,0.013163692068834859,0.012085935921297556,0.0117520144611516,0.010819191,-0.010300015217209649,0.010300015217209649,0.021348148595486754,0.03425563681097144,0.01966664149711811,0.03143432372786591,0.019143746596712405,0.030563567194734916,0.016777160002135607,0.029133202864074084
2023-02-09,0.013219505884105991,0.012186353088547005,0.011805350372931274,0.013404349,-0.0025765727869037996,0.0025765727869037996,0.02152455196376531,0.03448676769483652,0.019914027823482637,0.03177948297991847,0.01931637747426195,0.03078802633934193,0.020762010868199416,0.03607043011070068
2023-02-10,0.013274198131709235,0.012312549026147578,0.01185695619407216,0.014178182,0.01618660313092315,0.01618660313092315,0.02168450099521389,0.034700344503182774,0.020187689042707912,0.03217601707404273,0.019471583648997908,0.03099337959492013,0.022001716282252465,0.03819389173019329
2023-02-13,0.013327796744625229,0.012336915071182035,0.011906896162334212,0.011719729,0.006758953567445863,0.006758953567445863,0.021633297753579913,0.03470169668908098,0.020090173493566763,0.03210222594947679,0.019414724961726814,0.030985049224229042,0.018159514430752605,0.03154401681183895
2023-02-14,0.013380328710487619,0.012312736512482821,0.011955231558160723,0.009812299,0.002718799225201949,0.002718799225201949,0.02159751219717239,0.03471742067321568,0.019932653284078936,0.03192116386475294,0.019372425947662714,0.030989719310713437,0.01516506133840851,0.02637118531630806
2023-02-15,0.013431820115740583,0.01239872555968181,0.012002020882534417,0.009273563,-0.007434379871835963,0.007434379871835963,0.021644366880246988,0.03481476458856842,0.020034427736583527,0.032106663052300956,0.019411960750412294,0.03107472084531708,0.014318124982096371,0.0249089856022374
2023-02-16,0.013482296187103542,0.012457692549898708,0.012047320021020783,0.011294501,-0.0064522749804435,0.0064522749804435,0.02184230527251449,0.03506219664058385,0.020245971240572237,0.032375620794416915,0.019601821636403907,0.031308600400318104,0.01748244728355805,0.030381318958691755
2023-02-17,0.01353178133054447,0.012520230890503642,0.012091182395318473,0.0133385295,-0.025354125105647163,0.025354125105647163,0.021941724663096723,0.035210138049340416,0.02036624073270245,0.03255678183224697,0.019692452077862677,0.031441853359570636,0.020584631510076782,0.03581788184493567
2023-02-21,0.013580299167945547,0.012628880185620922,0.012133659103488218,0.017264204,-0.002576489062832475,0.002576489062832475,0.022006695785269793,0.03532268271024566,0.02052684465718846,0.032823174037248506,0.019747966542241525,0.03153864384420087,0.02649037509939915,0.046206937802650984
2023-02-22,0.013627872571628957,0.012600540735809664,0.012174799049902303,0.016212033,0.019731146932598538,0.019731146932598538,0.022072017597273414,0.03543465200869938,0.020471687433880822,0.03274042361452754,0.01980320542477686,0.031633859771438975,0.024894146860211436,0.04340907806214625
2023-02-23,0.013674523696896257,0.01252362514009059,0.012214649065843661,0.013153042,-0.008672927261323325,0.008672927261323325,0.02203629888856935,0.035444676458258065,0.02023978824063054,0.0324336342104649,0.019756816794784922,0.03162619471810558,0.02017317433201413,0.03519458975934129
2023-02-24,0.013720274012721849,0.012506444266160197,0.01225325402158462,0.0142670795,0.005019036151175224,0.005019036151175224,0.022047116246601113,0.03550035369749075,0.020150744018325294,0.032327861530704965,0.019756414491847125,0.031663306125707676,0.021790772030143662,0.03808447095194332
2023-02-27,0.013765144330729312,0.012594107528527685,0.012290656930688296,0.012968512,-0.0023560305677409873,0.0023560305677409873,0.02211512432248928,0.035612358784086695,0.020286833792017435,0.03254930616822966,0.019812688511295216,0.03175592578727696,0.01983008949457065,0.03464076152442352
2023-02-28,0.013809154832568851,0.012655449514106746,0.012326899047199254,0.013147511,-0.006789679278521499,0.006789679278521499,0.02227243603767006,0.03581282442833851,0.020471779070526996,0.03279397814050942,0.01995778532187574,0.031936240259477625,0.020187421786607398,0.035202519121588366
2023-03-01,0.013852325095804464,0.012690737049129005,0.012362019956322317,0.014593717,0.004362647564007588,0.004362647564007588,0.02231392211644746,0.03589664055107768,0.020500843384000576,0.032857400777703424,0.019986607501343553,0.03199919058631546,0.022340504415754803,0.039007239006881245
2023-03-02,0.013894674118410777,0.012670689468433754,0.01239605765912896,0.013570596,0.019068400710816488,0.019068400710816488,0.022273418060563807,0.03589766128226516,0.020361319061564624,0.03269835677878952,0.019933020806787917,0.03197867945177599,0.02069052989484263,0.0361888122826953
2023-03-03,0.013936220341971577,0.012710055377734954,0.012429048651777666,0.010754711,0.0007846705913716629,0.0007846705913716629,0.022348214628752434,0.03601319546329103,0.020432748518495886,0.03280811553966526,0.019994344743281826,0.0320720618254548,0.0164546380434289,0.02873704122939253
2023-03-06,0.013976981673664872,0.012629712074058263,0.012461027999687789,0.010134484,-0.018184206846283028,0.018184206846283028,0.022373402408314542,0.036078351240108573,0.020265653233584913,0.032562792596326134,0.020005697218460742,0.03211448968921348,0.015480212494187165,0.027054286188833526
2023-03-07,0.014016975507112811,0.01264619467290732,0.012492029407064705,0.013995118,0.0024376870171513624,0.0024376870171513624,0.022438149610801858,0.03618231387936105,0.020293145046025158,0.03260633297851354,0.020056272415619962,0.032195189977836894,0.021301209854688242,0.03728431828578909
2023-03-08,0.014056218742168784,0.012674833234697761,0.012522085282136847,0.013388308,-0.029298085797835313,0.029298085797835313,0.022352514718004743,0.03613515843377173,0.020190755403920357,0.03253182777141569,0.019956153511988886,0.03212427736070036,0.02023859331430486,0.03552869344176343
2023-03-09,0.014094727803708615,0.012696499010446578,0.012551226798432017,0.017804027,-0.0061395281319921256,0.0061395281319921256,0.022503649619830965,0.03632405289844822,0.020315223668032456,0.032677391295833226,0.020092515884181324,0.03228895750676427,0.026985092400180512,0.04731815712021511
2023-03-10,0.014132518659487765,0.012695397558080012,0.01257948395239066,0.017085616,-0.01537944704695042,0.01537944704695042,0.02273617484765167,0.03659363346173801,0.02048605519206261,0.032847150371562606,0.020310002404773375,0.03253390243713663,0.02607470936617255,0.045587312425583594
2023-03-13,0.014169606837121925,0.01270514822423144,0.012606885617587235,0.018204227,0.023110623949811337,0.023110623949811337,0.022791366351366565,0.036685191298943806,0.02049790643332493,0.0328684955189283,0.020349910278600693,0.032600437414059026,0.02775731478107596,0.0485474297798934
2023-03-14,0.014206007440244202,0.012763562386226899,0.01263345959580691,0.014633954,-0.012189910513041113,0.012189910513041113,0.022699588012818836,0.03662910510158113,0.0204411815947639,0.03286864664765804,0.020242623611714146,0.03251897355949523,0.02222581301084689,0.03893849905780486
2023-03-15,0.014241735163888306,0.012747486135369319,0.012659232665203392,0.015955864,0.024686233020376477,0.024686233020376477,0.022779715280314517,0.03674426472698148,0.02043909988158028,0.03285091201253392,0.020307037098029116,0.03260843158857697,0.024241973153988943,0.042464346132914645
2023-03-16,0.014276804309143604,0.012745537795332978,0.012684230625744364,0.012851905,-0.012863946590440989,0.012863946590440989,0.022846352158395936,0.03684528820243565,0.020447014943631003,0.032856930039338525,0.02035777305807337,0.03268345889251279,0.019573940354890094,0.034251442569798694
2023-03-17,0.014311228797124724,0.012861038860524192,0.012708478342133631,0.015012681,0.004159280253849662,0.004159280253849662,0.023069717630749734,0.03710240816179939,0.02079925235151681,0.03332162707313448,0.020565067907946873,0.03291431604925653,0.022999948242217398,0.04014516284456859
2023-03-20,0.014345022182295409,0.012849712406739627,0.012731999784383344,0.013923445,0.01337216367752995,0.01337216367752995,0.02313676132281762,0.03720258752116875,0.02079470048545055,0.03330604700786164,0.020615887865274175,0.032987992568885245,0.02137142790468677,0.03727268053205951
2023-03-21,0.014378197665183615,0.012853721495111492,0.012754818066195429,0.011183225,-0.0174066947366227,0.0174066947366227,0.023188118262073405,0.03728647425162471,0.02079980286190491,0.03331505290310861,0.020650883750307186,0.03304516173199842,0.01723943506807616,0.030011222189968136
2023-03-22,0.014410768104522317,0.012788632197704352,0.012776955481298558,0.014570146,0.0025237496987065627,0.0025237496987065627,0.023308428665469304,0.03743872117858399,0.02076505398434564,0.033216928696282524,0.02075471081185915,0.033170500450961746,0.022413674408911972,0.03905349005234173
2023-03-23,0.014442746028848196,0.012835466889439314,0.012798433537875242,0.013881223,0.002191227066521825,0.002191227066521825,0.023398926176668274,0.03756057423040436,0.020879226002071778,0.033376702128189654,0.02082861700084947,0.033265277576905956,0.021414936182002534,0.037267968651751984
2023-03-24,0.014474143647588228,0.012796583557967124,0.012819272991203117,0.012738333,0.013783017276479752,0.013783017276479752,0.023369186678434312,0.037561621261645715,0.020737916360612996,0.03319753305310346,0.02078219181698085,0.03323910277812253,0.019612551189020385,0.03416034997160743
2023-03-27,0.014504972861662229,0.012756456334605117,0.012839493874624778,0.010529475,-0.0019666634581094245,0.0019666634581094245,0.023435982200449665,0.03765864597128351,0.02069206739330384,0.03311261351514084,0.02083222024895489,0.03330878051037376,0.01630071747845879,0.028325891231958774
2023-03-28,0.014535245273627593,0.012762661111760002,0.01285911552895182,0.010833873,0.014464842110484597,0.014464842110484597,0.02351175177501727,0.03776409876835845,0.020729675173057877,0.0331562626843534,0.020891153660810836,0.03338678093180427,0.016787331453596958,0.02916014370981396
2023-03-29,0.014564972197390775,0.012880793905739405,0.012878156630400747,0.0096963085,0.0031172392498238248,0.0031172392498238248,0.02351371783320779,0.03779521317764602,0.02087214502785494,0.03341375459368,0.02087622621706299,0.0333903563552248,0.015027331012616822,0.02610098832411594
2023-03-30,0.014594164667508463,0.01297663989632858,0.012896635217151049,0.009434533,0.014456415433070125,0.014456415433070125,0.023583346327504504,0.03789346597142153,0.02104772195045808,0.033682653636116416,0.020928915032797257,0.03346100142401602,0.014656042664028883,0.02543073890981841
2023-03-31,0.01462283344810005,0.013132118335579,0.012914568714609187,0.008902586,0.0016621875786757623,0.0016621875786757623,0.02353212177662997,0.037870352223025754,0.021198004079531006,0.03398432005836662,0.02086071524450948,0.03341022820751677,0.013757463655679007,0.023924650735466263
2023-04-03,0.014650989041391498,0.013189832730842763,0.01293197395945606,0.009129541,-0.009464035871780324,0.009464035871780324,0.02348412495353292,0.03784996300322943,0.021197027430774232,0.034039538036821713,0.02079571772275542,0.03336214393704171,0.01400692765544103,0.02443330739567922
2023-04-04,0.014678641695909645,0.01324830597396118,0.012948867222549983,0.011706152,-0.0069945744895226,0.0069945744895226,0.02353793740054908,0.03793088990342889,0.0212998632638005,0.0341993073625042,0.02083251361071038,0.03341535556669657,0.017900973039802915,0.03126996890002191
2023-04-05,0.014705801414344657,0.013434658451363619,0.012965264230752064,0.013982819,0.0026746720088660376,0.0026746720088660376,0.02364920349048706,0.038068787104441386,0.021664073863770176,0.03474496330119359,0.020926756407467814,0.03352553187788518,0.02140110430505723,0.03737016466644258
2023-04-06,0.014732477961097385,0.013521883903103578,0.012981180187736242,0.01381243,0.0028157121237190373,0.0028157121237190373,0.023602065021561487,0.03804780597883865,0.02171318065932658,0.03487899867863173,0.020862596584071365,0.03347683811556328,0.021054800065780397,0.03682926616313529
2023-04-10,0.014758680869527328,0.013492988112247238,0.012996629793841825,0.01279416,-0.0021888427258980126,0.0021888427258980126,0.023549003180488772,0.03802043706114962,0.021572653994680564,0.034710337123413905,0.020792523566662915,0.033421777990677984,0.019425189678644338,0.034036744942044415
2023-04-11,0.014784419448915983,0.013442023654773086,0.013011627265022514,0.013312603,-0.008243403174504713,0.008243403174504713,0.023587239710561567,0.03808391122276265,0.02148910561641464,0.03457716631255164,0.020813766923624872,0.033457594885723446,0.020204124488213637,0.03540776621578036
2023-04-12,0.01480970279115946,0.013314727269095095,0.013026186350942189,0.01512263,0.00973002512032535,0.00973002512032535,0.023638493402425267,0.03815995616926443,0.021298041402812225,0.0342621577535931,0.020848052874498008,0.033506028381242954,0.02294378428030792,0.04021456351745907
2023-04-13,0.01483453977720353,0.013153481952469143,0.013040320352264382,0.013187858,0.018174334827798642,0.018174334827798642,0.023555693551819433,0.03810150990449117,0.020919702968927124,0.03372682000582724,0.020748317764991468,0.033420027747639684,0.01990503017972846,0.03496620749305625
2023-04-14,0.014858939083233378,0.013176109781781025,0.013054042137179271,0.010615049,0.006212252423685875,0.006212252423685875,0.023488518595362353,0.038058259372382476,0.020849770575637094,0.03367891959306795,0.020664246719213224,0.03334929061346704,0.015920788598118178,0.028043691617308013
2023-04-17,0.014882909186629757,0.013116506200324144,0.013067364157209148,0.00972844,0.006977515646807338,0.006977515646807338,0.023516677827886964,0.03810992218015747,0.02074522660878502,0.033516341559928706,0.020675555372675854,0.033373544713793044,0.014574414192219477,0.025684767475803595
2023-04-18,0.010670233782392886,0.009853142889820686,0.009321956545846461,0.008264932,-0.006542995141881514,0.006542995141881514,0.016755969337149533,0.02715824936496339,0.01548069382013294,0.02501873178415193,0.0146414834960563,0.023648148285130965,0.012269312306377149,0.021708267531427596
2023-04-19,0.01078050049212834,0.009971621750915463,0.009464363836495258,0.009173803,-0.012862091699021225,0.012862091699021225,0.01700659833970887,0.027516376030254974,0.015744633540649963,0.02539736139475704,0.014943563904033048,0.024087819414978815,0.013714897307861934,0.024191826443482528
2023-04-20,0.0108878858148446,0.010120679267094748,0.009600715264914404,0.012256792,-0.0020405448425032625,0.0020405448425032625,0.01729641779759608,0.027910884122014007,0.01610097154946552,0.02589799003896054,0.015279775963150678,0.024555771158061176,0.018481607341551295,0.0324794601438279
2023-04-21,0.010992502603930707,0.010250745849995664,0.009731375618874818,0.012671928,-0.0015461261624688876,0.0015461261624688876,0.01750556486163441,0.028222020810448403,0.016350831009689037,0.026273756534069423,0.015530657971554854,0.02493289426226488,0.019150403661920605,0.03362236298461157
2023-04-24,0.01109445686865789,0.010333482315687783,0.00985667696949826,0.012524594,-0.0176869513914227,0.0176869513914227,0.017616025276164897,0.028431875187037343,0.016430959078352216,0.02643397514436023,0.015678555638487555,0.025201855276482388,0.018876850758188776,0.03318054616867881
2023-04-25,0.011193848358861919,0.010422269946142718,0.009976922744193473,0.015052644,0.0038608480120554305,0.0038608480120554305,0.017736661810453865,0.02864940726593847,0.016534956936699877,0.026623921191979497,0.015832656067128702,0.025472134468632675,0.02265053578490127,0.039841387056053765
2023-04-26,0.011290771085831677,0.010545086036353872,0.010092391157465054,0.01310265,0.013933814014446674,0.013933814014446674,0.01790420713441124,0.028911441367514053,0.016743902643044584,0.026951755312318137,0.01602998526144599,0.02578102664728149,0.01972465103775581,0.03468851445526203
2023-04-27,0.011385313787769937,0.010667097905693304,0.010203338120181338,0.010125277,0.009822422695513061,0.009822422695513061,0.01787718213209141,0.028976584885603843,0.016760778758449467,0.027086741339944296,0.016029330329089576,0.025887566175405243,0.015059259853924777,0.026622818916703726
2023-04-28,0.011477560346921677,0.010817850390696309,0.0103099997219042,0.008491266,0.006381130950545138,0.006381130950545138,0.0179619761547294,0.02915130894721456,0.01693882910427055,0.02741072308463044,0.01613732302132784,0.026098612908697975,0.012534375966191445,0.022231815115213546
2023-05-01,0.011567590164412526,0.010827167175287745,0.010412594361166923,0.007927462,-0.016674518615930087,0.016674518615930087,0.018183324561284755,0.029460426318489146,0.017032016965407733,0.02751292977824873,0.01637892006754294,0.02643933458829351,0.011762845779341584,0.020816394577306635
2023-05-02,0.01165547849796384,0.010911704293555268,0.010511324583474676,0.010854572,-0.010761632181301025,0.010761632181301025,0.01824297026059889,0.029605753276098417,0.01708653238636461,0.027649278808280477,0.016456067105287332,0.0266118725466567,0.016095366337121098,0.028491815560281842
2023-05-03,0.01174129676691837,0.010992443089956038,0.010606378675111319,0.013261006,-0.011331121094585013,0.011331121094585013,0.018488820034373216,0.02993526622758496,0.017324498588540013,0.027965401768543223,0.016716857054567328,0.02696450162176728,0.01983248960925319,0.03497720469487884
2023-05-04,0.011825112828395521,0.011086155351457452,0.010697932051713495,0.015094453,0.025022228660724462,0.025022228660724462,0.01870520950317863,0.030233366946593017,0.017556817037291877,0.028288435547204487,0.016945796854485568,0.027281898235371388,0.02267958650626934,0.03991818482317722
2023-05-05,0.01190699122787686,0.011197859236497316,0.010786148473395693,0.012593752,0.0014873578181682002,0.0014873578181682002,0.01887877483700778,0.03048675452771346,0.01777800220418727,0.02861775229284105,0.01712968070907928,0.027551014812846355,0.018953453457715187,0.03333613247311321
2023-05-08,0.011986993427083757,0.011213184182371633,0.010871181112520627,0.010497555,-0.004979436053911225,0.004979436053911225,0.018851510622543217,0.03053748347590709,0.017648057762626002,0.028502642703182396,0.017110649291498223,0.02761414001903436,0.015639239039789282,0.027627958965073668
2023-05-09,0.012065178011636458,0.01136088643530882,0.01095317349566677,0.011493465,0.004437815201687338,0.004437815201687338,0.01899313306273509,0.030755327108526586,0.017900417532547237,0.028897981186762747,0.017258554112451183,0.027841264036796782,0.017157972351139264,0.030284069970672803
2023-05-10,0.012141600880666332,0.011529004879733238,0.0110322603376938,0.010357688,-0.005142921343580662,0.005142921343580662,0.018964933126765594,0.030801630890131628,0.018018222354095625,0.029178528000719312,0.017234811696029202,0.027893933548692722,0.0152962857309918,0.027125269864891013
2023-05-11,0.012216315420281301,0.011640124503837985,0.011108568282853459,0.011504981,-0.004048039508072301,0.004048039508072301,0.019093447268893313,0.031002983320442552,0.01820480417213283,0.029472675821311252,0.01736607520216242,0.028098924075480456,0.017035622618554534,0.030174872375486793
2023-05-12,0.012289372662551479,0.011626604693359015,0.01118221656549011,0.012655672,0.009323659653556861,0.009323659653556861,0.019134490300947563,0.031115248961827838,0.018108322089441145,0.029363106293622907,0.017408268097790957,0.028212274285642377,0.01869524358255622,0.03314863605839965
2023-05-15,0.012360821431481352,0.011674650258548394,0.011253317600908745,0.010758988,-0.0026120202061162626,0.0026120202061162626,0.019159058092243293,0.031209471281525517,0.01809583190054808,0.029397125165838908,0.01743248756502077,0.028305189974424213,0.015747198874627933,0.028034487778817997
2023-05-16,0.012430708477261703,0.011682725531980576,0.011321977515370214,0.010808063,0.023890676442058847,0.023890676442058847,0.019384601719607056,0.031503146932549665,0.018223229566250256,0.02953233985656825,0.017656279281156064,0.028595319355936902,0.015935732418509062,0.028279066452594336
2023-05-17,0.012499078599944475,0.011632675689936377,0.01138829662283554,0.009391345,0.0101312147877929,0.0101312147877929,0.019370430271145905,0.03155562867802845,0.018020879855328333,0.029281540904744333,0.01763904078455086,0.02864215688962782,0.013677358944455204,0.02440273327801567
2023-05-18,0.012565974763553629,0.01159610832921349,0.011452369854969528,0.008341485,-0.0018762929048747375,0.0018762929048747375,0.019581410852077506,0.03183182550827945,0.01806746533751873,0.029292728455663563,0.017845721983346798,0.028910744204478388,0.0121994958004769,0.02172587706957423
2023-05-19,0.012631438201531705,0.011690552043171452,0.011514287149985968,0.008716173,-0.00028472380451424994,0.00028472380451424994,0.019522364345627333,0.0318365985045055,0.018054657204185087,0.029371343712741176,0.01778122136755556,0.028906066686779985,0.012601306801552824,0.022555600991363577
2023-05-22,0.012695508514322908,0.011759466811796043,0.011574133805138689,0.009053662,-0.005241057551167412,0.005241057551167412,0.01952184046403274,0.03189853598493125,0.018061983271575727,0.029445380644550722,0.017774161465897397,0.02895682927754141,0.013007778871492473,0.023347501840130416
2023-05-23,0.012758223759806989,0.011819970884064807,0.011631990797007913,0.010668646,-0.011909051870627185,0.011909051870627185,0.01962616154399866,0.03206399738842176,0.018162930054061607,0.029604896570378004,0.01787093300720788,0.029109500943349093,0.01544699574915088,0.027631109013234744
2023-05-24,0.012819620537222324,0.011881089052631792,0.011687935073177648,0.013378263,0.03535484412919367,0.03535484412919367,0.019914708050332526,0.03241239885993301,0.018451172793585432,0.02995230291065357,0.018150980754847373,0.02944360079258873,0.019722633439109523,0.03500125967244883
2023-05-25,0.012879734065149877,0.011871506983233375,0.011742039818430328,0.011668083,0.014542391743553474,0.014542391743553474,0.019853643721904925,0.032409938472498165,0.018279402001959058,0.029771256485585366,0.018080528952325602,0.029425423778261107,0.016988102226692125,0.030313620223837778
2023-05-26,0.012938598254070998,0.011893381902706076,0.01179437469818486,0.009245905,0.006255677010179075,0.006255677010179075,0.01993113430196664,0.03254481502828029,0.0182981989591153,0.029811228799145505,0.018147800325694564,0.02954325993557938,0.013320812905301302,0.02388008678900167
2023-05-30,0.012996245773960077,0.0118396969020332,0.011845006081562592,0.008503612,-0.015288716509938263,0.015288716509938263,0.02009349482175762,0.03276337540807665,0.018283628653161615,0.02974469034655657,0.018299163614706987,0.029743542128648867,0.012272657939918588,0.021984196381397796
2023-05-31,0.013052708117327233,0.011943592580786202,0.011893997246172659,0.011499682,0.015293093309689,0.015293093309689,0.020325933962440083,0.033050858994711274,0.018591633222025086,0.030153267995433667,0.018519878160440588,0.030011590835950282,0.016931833362716517,0.030065031385558924
2023-06-01,0.013108015658085496,0.012002405322765978,0.011941408566456235,0.009846636,0.014204880807542163,0.014204880807542163,0.020340553680621966,0.03311939735594731,0.018611953072336145,0.030230519747782878,0.018522093736986326,0.030059614164001994,0.014366745512821556,0.025612083759047867
2023-06-02,0.013162197706580794,0.01199684830641114,0.011987297687211788,0.008684647,-0.002756761167516475,0.002756761167516475,0.020339979543075454,0.03317164463285365,0.018516493737840294,0.030129681111113922,0.018508481074848905,0.030090338538416708,0.012528491547889882,0.022446781738288575
2023-06-05,0.013215282561090941,0.012027926809806104,0.012031719683735313,0.009244733,0.0021170395943380755,0.0021170395943380755,0.02050091735391208,0.033384334217185764,0.01864255342936615,0.03028582541102928,0.018655788661116057,0.03028056565879466,0.013449421431996175,0.02400735607383425
2023-06-06,0.013267297556071108,0.012033854330443319,0.012074727209846335,0.009225612,-0.0029012723188614003,0.0029012723188614003,0.020498053878149795,0.03343217952198665,0.018566511132950027,0.030215521072288434,0.018638743621913274,0.03030507352419772,0.0133351276579678,0.02387122651072144
2023-06-07,0.013318269107397689,0.012213040998286816,0.012116370634928424,0.010150384,0.005030097950276688,0.005030097950276688,0.020597808755954152,0.03358162593993571,0.01887029316635109,0.030692759358140986,0.01872380378282178,0.030430368625972842,0.014747976526361778,0.026340210079890562
2023-06-08,0.013368222754839523,0.012194257553494878,0.01215669817098903,0.009561698,0.0034101099783272505,0.0034101099783272505,0.02068940051581409,0.03372191689792925,0.01885267979980012,0.03065696324406226,0.018800223816755265,0.030545752218391165,0.01387282443484782,0.02479275019160031
2023-06-09,0.01341718320196498,0.012231275526163718,0.01219575599063519,0.00911201,0.008992224585331568,0.008992224585331568,0.020705226012524298,0.033785473333967746,0.01884962326291802,0.030689740839762482,0.018800434806262666,0.030583699994936243,0.013133016075984305,0.023539374243513413
2023-06-12,0.01346517435367491,0.012247062582918826,0.012233588336766481,0.00855367,0.009910154894251138,0.009910154894251138,0.020639322047362612,0.033766355353923624,0.0187326112734712,0.030588011034726678,0.018718505978618655,0.03053832392937742,0.012149230564572866,0.021917938242294842
2023-06-13,0.013512219351534965,0.012242692618885614,0.012270237624703317,0.008223235,0.004653744818192325,0.004653744818192325,0.020521068945539338,0.03369396584343569,0.01853269531259813,0.03038386486189827,0.018583848389645635,0.030439076058265874,0.011458152240814264,0.0208494861486569
2023-06-14,0.013558340607065827,0.0123438094860105,0.01230574453739495,0.008247719,0.011058852975506999,0.011058852975506999,0.020433842094073396,0.03365170203823946,0.018533037357888374,0.030482090042369292,0.01847986656019557,0.03036940020940429,0.011334588713772208,0.020753885581917673
2023-06-15,0.013603559833136523,0.012286692891834731,0.012340148114286737,0.008076486,-0.0047830324200008,0.0047830324200008,0.020459852586801382,0.03372179619978121,0.01839639704447272,0.030290159731668934,0.01848879921268924,0.030411572824247664,0.01103066138025607,0.020254401928151502
2023-06-16,0.013647898073593722,0.012306030716261459,0.012373485834368769,0.009149496,-0.004460583437653662,0.004460583437653662,0.02064213646138118,0.03394730488110679,0.01853902123294679,0.030451503318165152,0.01865370859319415,0.030608692360220915,0.012760033390857477,0.023209204457141655
2023-06-20,0.013691375731249102,0.01222711802312312,0.012405793693877058,0.01075147,-0.010408970906169712,0.010408970906169712,0.020637195435309886,0.03398474969016416,0.01833953101039933,0.03017562404174799,0.018631121286616644,0.03061732018098418,0.015100928831015393,0.0273796309410675
2023-06-21,0.013734012594336775,0.012325827846513038,0.012437106279073257,0.013345235,-0.004643819422206324,0.004643819422206324,0.020759916430352902,0.0341490368400254,0.01855152639496556,0.03048317249536463,0.018735947814904914,0.03075240022495389,0.019065892327379142,0.03430679999644653
2023-06-22,0.013775827861543882,0.01233318020723312,0.01246745683448866,0.014523049,-0.011205212937281439,0.011205212937281439,0.020954065649410054,0.03438395125015492,0.01869096119319149,0.030629724524758067,0.018911976782738746,0.030957753216928403,0.02096912043117883,0.03755515033327939
2023-06-23,0.013816840165709148,0.012271151981931828,0.012496877326982327,0.016017603,-0.004169169568584662,0.004169169568584662,0.021030630171950827,0.03450049816494814,0.018603744603301022,0.03048246338112671,0.018970216537244188,0.031044418389694132,0.02323350763211544,0.04152639104316528
2023-06-26,0.013857067596276897,0.012332994172829483,0.012525398505931182,0.016154604,0.011550987565772086,0.011550987565772086,0.021103751264066568,0.03461283648567378,0.018711332789447175,0.03064991603601708,0.019024828538147662,0.03112658691233403,0.023449265527123526,0.041898611130708766
2023-06-27,0.013896527720587115,0.012406085787054457,0.012553049959841214,0.013902573,-0.0033076750018282124,0.0033076750018282124,0.021236235671070032,0.03478379008382885,0.018897393783849404,0.030906731164315967,0.019138638706631947,0.03126711329377997,0.020124274044860762,0.03600169040225879
2023-06-28,0.0139352376040761,0.012423179518738742,0.012579860169643211,0.013836325,0.009075286259398439,0.009075286259398439,0.021293266195887558,0.03487855839922421,0.01892013413539407,0.030946018587548783,0.019176848056440043,0.03133122606540985,0.02001996305067392,0.03582172062475534
2023-06-29,0.013973213829456503,0.012485855458697084,0.012605856558913435,0.0116964495,0.011585423922375663,0.011585423922375663,0.021238131363733734,0.034860446123357605,0.018904367555627445,0.030990923562172267,0.019102762407990012,0.03128225754368442,0.016678775645683663,0.03003669062990989
2023-06-30,0.014010472514940524,0.012476855741729256,0.012631065541238837,0.009796212,0.0035635765920686868,0.0035635765920686868,0.02123546322512089,0.0348941010201887,0.01882821526800967,0.030906059369828813,0.019081030237801236,0.0312848817253368,0.013752437733971001,0.02494018858011854
2023-07-03,0.01404702933156524,0.012507639267006878,0.012655512564927751,0.009300913,-0.001423838734398775,0.001423838734398775,0.02121526463522305,0.03490954122239335,0.018798917877220538,0.030906561042754434,0.01904167000147775,0.03126914165355427,0.012927546014003432,0.02354964226197449
2023-07-05,0.014082899519674789,0.012508586121543958,0.012679222155250166,0.009843496,-0.01067941494439345,0.01067941494439345,0.021291655248788222,0.03502090124234414,0.018819848322046678,0.030928408061573466,0.0190988161696485,0.031349195494730156,0.013764884156993984,0.025006635879985452
2023-07-06,0.0141180979046102,0.012582193296040298,0.012702217954376418,0.012784451,0.0016519001042027126,0.0016519001042027126,0.02139505687839686,0.0351586173456646,0.018984414616756276,0.0311642275627595,0.01918290462485038,0.03145550197393466,0.018245710284781745,0.03284617722160845
2023-07-07,0.014152638911653982,0.012585487573932193,0.012724522759169389,0.012908686,-0.0014809632284996503,0.0014809632284996503,0.021457791915759326,0.03525502598709608,0.01899753368806178,0.031180535560476435,0.019226271119218742,0.031520418869119424,0.01844086611494752,0.0331832163207266
2023-07-10,0.014186536580273336,0.012752262978109311,0.012746158556972803,0.013148069,0.00956505374719735,0.00956505374719735,0.021607140425143247,0.035437420917810554,0.019358285969545714,0.03170272974474139,0.01935620840223349,0.03167126017344141,0.018897238877514676,0.03391297323713668
2023-07-11,0.014219804577702761,0.012742203416997399,0.012767146559526949,0.011181103,0.006706187597642162,0.006706187597642162,0.0216192184153596,0.035481931470638294,0.01930153192680334,0.03163623784709732,0.019348844525093792,0.03168417443240627,0.01589139262034094,0.028660758303538914
2023-07-12,0.014252456211904026,0.012811290793971503,0.012787507235132766,0.009825461,0.013937924252786725,0.013937924252786725,0.021591069703642496,0.035485614436582054,0.019331404195450118,0.03173298806847268,0.019301234735188473,0.03165623666941491,0.013767835686085129,0.0249889902790164
2023-07-13,0.014284504443938867,0.012762654895368425,0.012807260339175994,0.008942784,-0.010453784664587724,0.010453784664587724,0.02155430360200657,0.035480091763236604,0.019166391935577634,0.031520895293024855,0.019244999191367587,0.031619086130526844,0.012349588043825114,0.022562681875960316
2023-07-14,0.014315961899787476,0.012799520646475906,0.012826424943114511,0.011348757,0.012468873597519437,0.012468873597519437,0.021616487438501815,0.03557294308756513,0.01923724843431494,0.031627438570850534,0.019287715512546478,0.031680318861071165,0.015988681908766282,0.028949514474789155
2023-07-17,0.01434684088164352,0.012812343434908693,0.012845019462024205,0.010112524,0.017224989167534312,0.017224989167534312,0.021593713012434186,0.035580272202131294,0.019185827771005543,0.03158843062135684,0.01924548525881368,0.031656054213368603,0.014053316740284382,0.025602311780641495
2023-07-18,0.014377153378714494,0.012841858905415197,0.012863061680791694,0.009067176,0.0063520809711753515,0.0063520809711753515,0.021725949577565306,0.035742060048828045,0.019316865545149362,0.03174803995701812,0.01935828693915056,0.03178628787975807,0.01256161107999085,0.022916766995012744
2023-07-19,0.011179696931849737,0.009226099957544157,0.009171115540386864,0.007956824,-0.004019218106978562,0.004019218106978562,0.0166215507181522,0.02746248336297081,0.013539976350052635,0.022411228817508306,0.013458529624241178,0.022257614311718778,0.010842120998639735,0.019929202065903817
2023-07-20,0.011274603042007624,0.00932731805125658,0.00932191504416301,0.008369397,-0.004919795556695987,0.004919795556695987,0.01687663653837192,0.02780959947292694,0.013805364064844824,0.02277394164992652,0.013802974945254877,0.022746741879806198,0.0115682523083767,0.021126510886557967
2023-07-21,0.01136710794463249,0.009456184898489095,0.00946601807883672,0.009563485,0.0101766370114216,0.0101766370114216,0.017076069113361035,0.02809873389088952,0.014062945960869495,0.02315543401101719,0.014084916136474621,0.023166940494589377,0.0134206364984328,0.02434260278294627
2023-07-24,0.011457297204713326,0.009648755443493612,0.009603849611195535,0.008528724,0.003109257373263825,0.003109257373263825,0.01720422158663728,0.028314342732597083,0.014354375679576462,0.023632027767659134,0.014289267338615979,0.023503532024582812,0.011845559476774946,0.02158577892826201
2023-07-25,0.011545251818445797,0.00976660530028396,0.009735794302942339,0.0079817865,-0.0022722064529997633,0.0022722064529997633,0.01728951936744186,0.028484929949160725,0.014487512735220235,0.0238784820253332,0.014444938010114008,0.023785794985931582,0.01096654627083435,0.020082135122107412
2023-07-26,0.01163104855691803,0.009845539032764982,0.009862201808455939,0.008355924,-0.0032322291467223496,0.0032322291467223496,0.017428388812185964,0.028706996341782084,0.014615679239018091,0.024082546370283876,0.014648789502239285,0.024110926200381678,0.011533004177502379,0.02107587544410585
2023-07-27,0.011714760276550636,0.00996277767474348,0.009983391192977219,0.009185653,0.0043655631808108,0.0043655631808108,0.01750921686144504,0.028868999499780792,0.014750118728199747,0.024329715354779798,0.014789601241331989,0.02436801121647434,0.012731514214868341,0.023221976398820673
2023-07-28,0.011796456200175245,0.010044532261075203,0.01009965464479002,0.008579711,0.0018274243869165004,0.0018274243869165004,0.01774503562118918,0.02918403865438621,0.01498624630663696,0.02464445313460856,0.015080760777186803,0.024770717919525363,0.011924026319918218,0.02172247578406054
2023-07-31,0.011876202172108451,0.010135088694761292,0.010211260615737842,0.008250705,-0.0039025078392722753,0.0039025078392722753,0.017889834344707502,0.0294061669080066,0.015148470659378016,0.024893751005897916,0.01527658036273394,0.02507361612442622,0.011446083837361587,0.02086879027745272
2023-08-01,0.011954060890131612,0.010269276324204392,0.010318456495096813,0.009091737,-0.016075002650935574,0.016075002650935574,0.01807233118595584,0.029664163212527187,0.015420875064895897,0.02529518201466929,0.015506072598430546,0.025405955785441428,0.012772605598017425,0.023155811086341592
2023-08-02,0.012030092116907979,0.010385731165794882,0.010421470899664874,0.012458419,0.002413574324953938,0.002413574324953938,0.018254109398989332,0.029919668773753575,0.01566722726531637,0.025653510055971697,0.015731089944007102,0.02572980870514556,0.01790859063026112,0.03213671107646626
2023-08-03,0.012104352873045579,0.010473542599724155,0.010520515646005035,0.011651465,-0.007292508326745326,0.007292508326745326,0.018320642771224117,0.030058212671886204,0.015755535525016247,0.025826252410630506,0.015837352986850108,0.025931098695044126,0.01664062200492654,0.029947163373291827
2023-08-04,0.012176897613737863,0.010577064150742128,0.010615787457734163,0.012777113,0.006538561196115549,0.006538561196115549,0.018539962552275198,0.03034787896164633,0.016024376318036736,0.02619463318469706,0.016093119809960067,0.026278272581563376,0.018441458607303708,0.033033545503604024
2023-08-07,0.012247778390677228,0.010653360472791156,0.010707469450600556,0.011139297,-0.008047322794738574,0.008047322794738574,0.018617559578267304,0.030494208953594157,0.01611078433908587,0.026354403074612766,0.016204090224782704,0.026477205863716113,0.015937451124373996,0.028659071624461734
2023-08-08,0.01231704500073236,0.01077376680382103,0.010795732430133546,0.012517132,-0.015692306678124213,0.015692306678124213,0.018777746757015407,0.030721563843481486,0.016352592781416445,0.026711986867975886,0.016394770087354096,0.026752568274256705,0.018064525240859698,0.03235969718714685
2023-08-09,0.012384745122704316,0.010993493809986637,0.010880736030356056,0.015205067,0.001041385814596325,0.001041385814596325,0.01889515389826753,0.0309046196751067,0.01671227715922523,0.027282947272988283,0.016539967725252132,0.026979321299152603,0.022126209101716518,0.03949113573793554
2023-08-10,0.012450924443323696,0.010954305061442264,0.010962629717040352,0.014282279,-0.0016662217897116883,0.0016662217897116883,0.018989701981488204,0.031063341730277423,0.016639203905399583,0.027172192519523505,0.016659769603391807,0.027177694805937846,0.02072449154238571,0.0370355503169762
2023-08-11,0.012515626773518964,0.010965578482391195,0.011041553674969689,0.013869796,0.007544077066558512,0.007544077066558512,0.019211827437064767,0.03134820892276202,0.01677641584964857,0.02732024429467288,0.01690476583391583,0.0274984134048731,0.02022195707430146,0.0360619398521354
2023-08-14,0.012578894155870681,0.011011779231682542,0.011117639595426524,0.011485779,-0.012827694179992952,0.012827694179992952,0.019301449461757117,0.03149918121793755,0.016839026529771754,0.027427278784752082,0.0170150185753886,0.027681665603683004,0.016617223512451415,0.02973454248539663
2023-08-15,0.012640766964065887,0.011165232537355418,0.011191011377495385,0.01364741,-0.009164337406363875,0.009164337406363875,0.019520450830230792,0.031778180540763555,0.017204030519872435,0.02793983407202645,0.01725254380348666,0.027989586251100776,0.019996394727620916,0.035582400251421765
2023-08-16,0.01270128399507888,0.011257406297111534,0.011261785754618815,0.015294443,-0.001371865849542675,0.001371865849542675,0.019668295194034683,0.031984708164147335,0.017402446935177587,0.02822687912754078,0.01741692946161533,0.028221875288624257,0.022530834164928168,0.03999783375532505
2023-08-17,0.012760482554727478,0.011285379325025874,0.011330072856079582,0.015099659,0.0003724990849256998,0.0003724990849256998,0.01978100897078376,0.03215482668109043,0.017465590972863636,0.02831692031505712,0.017544318108590626,0.028414780936903226,0.022255806386787143,0.03950035212965652
2023-08-18,0.012818398537186094,0.011329181436342992,0.011395976711625315,0.014329169,0.014979686449915038,0.014979686449915038,0.01985223873089144,0.032282217468524686,0.01751449747308105,0.028407944241910912,0.017628464982896525,0.028562158244150954,0.02107349005222129,0.03743809801220702
2023-08-21,0.012875066498977093,0.011263434080748242,0.01145959570624332,0.011333441,-0.011808860918240986,0.011808860918240986,0.019916514905838314,0.03240144446733023,0.01738397994743392,0.028214208087240403,0.01770400231783942,0.02869873383762531,0.016531783395973523,0.029475125724045117
2023-08-22,0.012930519727909285,0.011348653873222335,0.011521022991086193,0.013342886,0.012284000856373226,0.012284000856373226,0.01997047824734448,0.03250918070835739,0.017485491951776184,0.028397662222899342,0.0177676663457815,0.02882133332211834,0.019526709976375865,0.034764937299073505
2023-08-23,0.012984790307385677,0.011402027035903083,0.011580346855705885,0.011164742,-0.006822367919419275,0.006822367919419275,0.019906097931665815,0.03249742647908208,0.01741982561400232,0.028383316248367405,0.01771151589321913,0.028822100232168885,0.01609261841680872,0.02884329618122446
2023-08-24,0.013037909176461245,0.011492789985108675,0.011637651066045305,0.012429368,0.0020707963996117245,0.0020707963996117245,0.020000154761062663,0.032642992583312366,0.01757396968546254,0.028624732411046974,0.017812416025237466,0.02897798000079796,0.018008577042182228,0.032203520052989265
2023-08-25,0.013089906185994793,0.011679506727858745,0.011693015172038412,0.011938418,0.007081158922647648,0.007081158922647648,0.020069714888362483,0.0327629741202015,0.017858204472390064,0.029088502578304126,0.017887512170850727,0.029106194379971202,0.01725539121194141,0.030889646367862393
2023-08-28,0.013140810151206201,0.01172319152138115,0.011746514788163062,0.010129521,0.01475088167306501,0.01475088167306501,0.02019034479769795,0.03293296551595069,0.017967472257981856,0.029239774984928562,0.01801244546714286,0.029282457053911595,0.014568282081811752,0.026136688678591577
2023-08-29,0.01319064890092133,0.011738494903691759,0.01179822184985991,0.008810943,0.0025265050339106877,0.0025265050339106877,0.02004158991853757,0.032832539185592424,0.017763852137048033,0.02905086965883851,0.017866831703517962,0.029186452829367042,0.012352610941940961,0.022415135990792926
2023-08-30,0.013239449323760668,0.011816057176100049,0.011848204848362895,0.008583987,-0.0012190299901769252,0.0012190299901769252,0.020073357494937924,0.03291162844703173,0.017841550855389784,0.029203147506351834,0.01790064449163793,0.029268221030852488,0.011964670610068895,0.021768001135824777
2023-08-31,0.013287237411504694,0.011828260420968066,0.011896529046171942,0.009025433,0.003907054880545989,0.003907054880545989,0.020123733107350324,0.03300834408490418,0.017835384557684974,0.029208715101260864,0.017952032061563462,0.029365972503522866,0.012604525165964695,0.022912010403682324
2023-09-01,0.013334038299847913,0.011830418366117678,0.011943256675127871,0.008811161,-0.0025062099237959496,0.0025062099237959496,0.020139546223499,0.03306953994097322,0.017780228378904347,0.029155633870326155,0.017967883063401007,0.029426655604859936,0.012222929359402904,0.022285704002704868
2023-09-05,0.013379876306734893,0.011954897762630685,0.011988447118816449,0.009543109,-0.010279551022031826,0.010279551022031826,0.0201980034934688,0.033172446246392165,0.017964040810633203,0.02945913806331329,0.018025460092037628,0.0295275899044119,0.013311882139243654,0.02421057746658521
2023-09-06,0.013424774968454721,0.01194756725503809,0.012032157080826876,0.012292219,-0.012469454529365352,0.012469454529365352,0.02026652368581783,0.03328450459281767,0.017949505830883786,0.029437554516578066,0.01809223483392864,0.029636301492014048,0.017453148277029748,0.0314914633198831
2023-09-07,0.013468757073655213,0.012097667494150716,0.012074440740215344,0.014833944,0.0008094053833830124,0.0008094053833830124,0.020352470461131734,0.03341310073894747,0.018204558853448728,0.029836934732943327,0.01817562103425006,0.02976025609409828,0.021300676467637995,0.03824176378808496
2023-09-08,0.013511844695424472,0.012011870276166493,0.012115349895372439,0.014447471,0.0031442441455090506,0.0031442441455090506,0.02047203912306806,0.03357445139267422,0.018118995467837122,0.029668873999021395,0.018291861426139457,0.029915746140965333,0.020769157740644806,0.037268874529175156
2023-09-11,0.013554059221575073,0.011958164886515419,0.012154934097360737,0.013143211,-0.001006550706048325,0.001006550706048325,0.020579293780034293,0.03372264140213,0.018073611533028184,0.02957185025187028,0.018395065056652494,0.030056928220670014,0.01884319987583874,0.03385338727820633
2023-09-12,0.013595421383255032,0.011881749763382682,0.012193240773673342,0.012729547,0.0035094547659427497,0.0035094547659427497,0.020704688222131958,0.03388814466037447,0.01801155786173023,0.029436320479862197,0.018515728315384963,0.030214344226381418,0.018279260759437636,0.03281702360996063
2023-09-13,0.013635951281999507,0.011816529182507545,0.012230315343262757,0.011420431,0.0092451673179591,0.0092451673179591,0.020806927807711352,0.03402968601818156,0.017945499504461292,0.029307550007866567,0.018612596961276786,0.03034678349354962,0.016343645910099194,0.02938633427985017
2023-09-14,0.013675668415328145,0.011818122612414935,0.012266201323600475,0.009686344,-0.013451821481242488,0.013451821481242488,0.02063344050901875,0.03389471235450838,0.017711405948365243,0.02907498859634544,0.01843313729812456,0.030201754078134895,0.013492977725833594,0.024555254275470912
2023-09-15,0.013714591700984543,0.011853073728816974,0.01230094043044947,0.012573512,0.0009352566750712752,0.0009352566750712752,0.02074492512636044,0.034043940814164245,0.017816667617982698,0.029213857118159246,0.018538084509160314,0.030340031186911608,0.017894821502641163,0.03225438509173723
2023-09-18,0.01375273949990684,0.011923727407208576,0.012334572670962553,0.01263287,-0.000558258601980025,0.000558258601980025,0.02077173715894062,0.03410774470092309,0.01789534497299875,0.029360470721606444,0.018557828639688665,0.03039204324942719,0.01795046437898685,0.03237781893828918
2023-09-19,0.013790129638011463,0.011932578497596222,0.012367136430658655,0.012546221,-0.009348371806284849,0.009348371806284849,0.020831585987221353,0.0342038506810071,0.0179098447158042,0.029383481130652492,0.018610111883379517,0.030475569287742848,0.017820249143865038,0.03214864509167902
2023-09-20,0.013826779426865884,0.011864214378244971,0.01239866855477485,0.014352536,-0.017238798201635736,0.017238798201635736,0.020961560597634953,0.03436936452784541,0.0178726841232844,0.029280585789401264,0.018732054403719344,0.030627764815936806,0.020614875566212658,0.03700616964325142
2023-09-21,0.013862705683320426,0.011927038964446409,0.012429204424444054,0.01683688,-0.0038748102523743495,0.0038748102523743495,0.021041324924688132,0.03448396648321521,0.017995378042818082,0.02946368798197784,0.01880334976626567,0.030728357345446287,0.02438252941357566,0.04361106604921294
2023-09-22,0.013897924748164016,0.011922032132952887,0.012458778028105591,0.016561296,0.003116557983379087,0.003116557983379087,0.02104213550412208,0.03451892892849224,0.017932222819347365,0.02939571849609447,0.018795282675914574,0.03074866419084879,0.02391192168741923,0.04282572717219096
2023-09-25,0.013932452503863905,0.011929794173181634,0.012487422028517714,0.0152904745,-0.016365209257283724,0.016365209257283724,0.021031421097031433,0.03454169602597197,0.017878975763876856,0.029349934942954153,0.01877530867957675,0.030756172236832264,0.021930622370507,0.0393930901452558
2023-09-26,0.01396630439144512,0.01211217027115336,0.012515167825707312,0.016998606,0.0038225250181211125,0.0038225250181211125,0.021082370273302377,0.03462547131867569,0.01816653501812691,0.0298128558794515,0.018816641823067713,0.030824125655481437,0.02450266391832855,0.04391590044696358
2023-09-27,0.013999495426561264,0.012171013854637534,0.012542045616161561,0.015240744,0.007666393157415026,0.007666393157415026,0.021068442864383165,0.034643729198704766,0.018193546116535987,0.029896447362593028,0.018792766172628945,0.030826037484589484,0.02178608910428106,0.039191761103139516
2023-09-28,0.014032040214804743,0.012146989971808232,0.012568084448539166,0.012492445,-0.002239326669774149,0.002239326669774149,0.02108001510101347,0.03468686005981641,0.01811512006854496,0.029794921420734817,0.018794081017072306,0.030852334883253715,0.017603017654244775,0.03186999846619832
2023-09-29,0.014063952966301002,0.012152185021115045,0.012593312276154341,0.012448989,0.003592563875783537,0.003592563875783537,0.02119714412259448,0.034834934820945705,0.018189786006876315,0.02987458260019663,0.018900665437562,0.03098312375201249,0.017603901385907852,0.03182125388050529
2023-10-02,0.014095247509628326,0.012246028710597321,0.012617756006464772,0.011439861,-0.0157148133263957,0.0157148133263957,0.02113908162064153,0.03480721858315626,0.0182314138549281,0.030006444790571365,0.018831792007778233,0.030937702480489312,0.01597488386962241,0.029039761931036176
2023-10-03,0.014125937305101864,0.012268675702687854,0.012641441547775084,0.014553759,0.005292760282874113,0.005292760282874113,0.021179636203484488,0.034877533007222114,0.01825924140584494,0.030056048301578393,0.018861289211903342,0.030989924410187924,0.020660670793578587,0.037281774303839166
2023-10-04,0.014156035457457935,0.012215623737341672,0.012664393853349451,0.0131683415,0.003704943846480675,0.003704943846480675,0.02131982424339791,0.035046907173057786,0.01826709446907181,0.030012889845241586,0.018990192341863537,0.031140848774057168,0.01866456897007093,0.03370345600889787
2023-10-05,0.01418555472797221,0.012181706700955612,0.012686636963111009,0.011485664,0.013296921886799824,0.013296921886799824,0.021497298433660335,0.03525300614852863,0.01834362587164578,0.030056808703608013,0.019156172101555253,0.03132816934072518,0.016258571492959766,0.029375760080744533
2023-10-06,0.01421450754604317,0.01224768595791187,0.012708194043091073,0.00971521,0.0033104799164323127,0.0033104799164323127,0.021477090036404127,0.03526087324853307,0.01838245742298842,0.030159081866115458,0.019124276899127324,0.03131695674463058,0.013523473409039833,0.024618715983850816
2023-10-09,0.01424290602027015,0.012213928350478017,0.012729087422778106,0.009244326,0.0064525680807415746,0.0064525680807415746,0.021452061834452776,0.03526338299758228,0.018258522202629163,0.030002687398661427,0.019087385840708116,0.03130011151558342,0.012743465490351904,0.023300935402225244
2023-10-10,0.01427076194905335,0.012176323246529574,0.01274933863050438,0.008861858,0.006469012296025125,0.006469012296025125,0.021324136457154603,0.03516246946591269,0.018026425330452556,0.02973443176246463,0.018947437095762878,0.03117959247807371,0.011994706391213833,0.022115379496334492
2023-10-11,0.014298086830741507,0.012207353129632344,0.012768968426997459,0.008625712,-0.0016275473355083622,0.0016275473355083622,0.021293145038631014,0.03515797493757447,0.01800140607229823,0.02973924893880668,0.01890427659266103,0.03115526547902924,0.011564295310912165,0.021415279750165973
2023-10-12,0.014324891873351163,0.012207566986416462,0.012787996837213746,0.009239823,-0.008370742553544338,0.008370742553544338,0.021278441074360874,0.03516926377644061,0.017944427031684466,0.02968247552977425,0.018877271910523817,0.031146517310205356,0.012432712210914975,0.022985040290853864
2023-10-13,0.014351188003880076,0.012293706822373138,0.012806443180562429,0.011752797,0.00456409937393575,0.00456409937393575,0.021357577362063337,0.03527389937612094,0.018118932148710274,0.029939807435561655,0.018943989253451282,0.03123093271140988,0.016258209558889063,0.02968047707037607
2023-10-16,0.014376985877235812,0.012331492712460859,0.012824326099619912,0.011137385,-0.00345357796712215,0.00345357796712215,0.02155011114923002,0.03549144931615241,0.01833062454999789,0.03018783243374484,0.01912399862960556,0.03142809957713597,0.015482029213247843,0.02820146483057553
2023-10-17,0.008798265409126114,0.009715484966707849,0.009528747324252951,0.010570681,-0.012453298678125026,0.012453298678125026,0.012639677541436372,0.021154317293328215,0.014122799889507048,0.023449343678405274,0.013832910564795716,0.02295611028122942,0.014581008975426777,0.026653240595976933
2023-10-18,0.008956534204475498,0.009850596398020583,0.009656678119979176,0.013022654,-0.0063255450189964885,0.0063255450189964885,0.01307568746536273,0.021743493973848216,0.014522316852272156,0.023978563140308305,0.01422109072474477,0.023466776446901597,0.018461507929715855,0.03333401419058774
2023-10-19,0.009109339596794256,0.009951046999412688,0.009779279626808116,0.013944001,-0.013718080675893026,0.013718080675893026,0.013402566076293651,0.022218252059566422,0.014766178154253988,0.024318853692679075,0.014500335301119707,0.023863404556943045,0.01993423189336451,0.03585896130019816
2023-10-20,0.009256999181306381,0.010081761373235517,0.009896855221081953,0.015560865,-0.004442444993062576,0.004442444993062576,0.01365795943642193,0.022616544969727675,0.014994947788521274,0.02467310479652555,0.014708268741896666,0.02418390952384374,0.022392109870111483,0.04016337440828039
2023-10-23,0.009399800972184657,0.010176532892333707,0.0100096831060426,0.015224408,0.005760998425492962,0.005760998425492962,0.013917455477143417,0.023014239365319464,0.015178290323198024,0.024947424850681618,0.014920464291949154,0.02450413095526878,0.021917293230229125,0.03930430897527288
2023-10-24,0.009538007221279746,0.010269951485056335,0.01011801920906239,0.013244792,-0.006850119678921826,0.006850119678921826,0.014228631149092827,0.023459165994734226,0.01541846638351698,0.02527727966596859,0.015184489687023489,0.024871881621957154,0.019024497418272772,0.034150694085824766
2023-10-25,0.009671857618813404,0.010391869192948742,0.010222099654505597,0.013655813,-0.003432941437490237,0.003432941437490237,0.014514682936146595,0.02387475330528612,0.01568584469177771,0.02566169493586294,0.015423536518302803,0.025210579189901182,0.01971725454656536,0.035312860143465345
2023-10-26,0.0098015719945643,0.010532011657137762,0.010322142886552794,0.013844799,-0.01112257357798711,0.01112257357798711,0.014802322729986678,0.02428792593188376,0.015990420743900984,0.026100803112056387,0.015664315194105334,0.02554714321452087,0.020083473602300873,0.0358949094805777
2023-10-27,0.009927352612058802,0.010609893166240603,0.010418351501337325,0.015126373,0.012858908882239301,0.012858908882239301,0.015001906854699279,0.02460923594186294,0.016114017706921852,0.026299163744362128,0.015817183235642063,0.025792125190581466,0.02201490768133254,0.03928995982645602
2023-10-30,0.01004938612864466,0.010723967832905855,0.010510913836149112,0.012570676,0.008976430548896925,0.008976430548896925,0.015134583227875288,0.024860011892974765,0.0162343212440931,0.026528975183352295,0.01590329185350089,0.02596685665024427,0.01810092493227085,0.03245724938145241
2023-10-31,0.010167845279353582,0.01081086650149988,0.010600005354410656,0.0096889045,0.0112007375203457,0.0112007375203457,0.015411848037070647,0.025251917139426688,0.01646160753955464,0.026839681322559813,0.016134142153304488,0.0262830066947553,0.013845677453195891,0.0249108783557175
2023-11-01,0.010282890330931762,0.01092277866516841,0.010685789858008315,0.008260696,0.0227850071181119,0.0227850071181119,0.015513812760711234,0.025465218259944997,0.016558869559734662,0.027044375313304506,0.01618985177619799,0.0264208497956669,0.011611723507736682,0.021045840512012002
2023-11-02,0.010394670343463183,0.010997101569809004,0.010768420552914734,0.007934122,0.01584308357404071,0.01584308357404071,0.015600498043679287,0.025660080154314178,0.016586166456350925,0.0271430197367837,0.0162304484662163,0.02654056038247416,0.011028334593149742,0.0200894885712591
2023-11-03,0.010503324269996301,0.011051649397789985,0.010848040989528629,0.0075843134,0.0066333002508549375,0.0066333002508549375,0.015633617734914174,0.025798351145156193,0.016533368566749057,0.027142585955406716,0.016217653857644964,0.026603997530294285,0.010361325919769966,0.019022980697594845
2023-11-06,0.010608981919047262,0.011161266193955023,0.010924785895532352,0.007443789,0.0021995159057431003,0.0021995159057431003,0.015718762974379973,0.025985747996373508,0.01662508502224925,0.027339530904691343,0.016257067358536978,0.02671688964079418,0.010066592872645413,0.018567762144412553
2023-11-07,0.010711764800448833,0.011166906179462656,0.010998781916134341,0.0075543956,0.0013409958073384626,0.0013409958073384626,0.015969335243575706,0.026335789782241017,0.016721168616772114,0.02744102869850389,0.016462099035700308,0.026992768035915393,0.010320425878891685,0.018947913225421643
2023-11-08,0.010811786871487606,0.011152718075147729,0.01107014827417595,0.0076890653,-0.005314072275851901,0.005314072275851901,0.016161820800760843,0.02662507304471587,0.016731970896663804,0.027438210868166595,0.016609243915271667,0.027208241890460293,0.010556836308746955,0.01933812319657149
2023-11-09,0.010909155197429677,0.011127257016802209,0.011138997360628051,0.008668818,0.0172716247343462,0.0172716247343462,0.01636491920658593,0.026922400958300702,0.016739649228048978,0.027421447426816292,0.01676721039891537,0.027432127213655743,0.012081994527512987,0.021982205884093244
2023-11-10,0.011003970538229784,0.011171254476327795,0.011205435264394641,0.008085322,-0.0016280668685781127,0.0016280668685781127,0.016357885138177222,0.02700712571192393,0.01665190098513638,0.027375935287842077,0.01671526198914867,0.02744378908173334,0.011044571969662659,0.02027840339765405
2023-11-13,0.011096327871338898,0.011264602354340273,0.011269562249010705,0.008260988,0.023496087962525072,0.023496087962525072,0.016766005333303677,0.027504625959060853,0.017061830213059185,0.02787547538695324,0.01707869416174471,0.027868618966741785,0.011570607339519352,0.02100505868859896
2023-11-14,0.011186316858983204,0.011319737944749856,0.011331473182716226,0.008008424,0.0047770158176976005,0.0047770158176976005,0.01687103646639062,0.027696745145962803,0.017111566065574985,0.027978139580158556,0.01713927218399112,0.027988472966575383,0.011151789086535042,0.02029779865838534
2023-11-15,0.011274022267016244,0.011404627837903495,0.011391257927465467,0.007705608,-0.007244650183183139,0.007244650183183139,0.016952296897714603,0.027862883666201835,0.017188560942678864,0.02813662594311675,0.017176322817703617,0.028082763880440457,0.010637078316717194,0.019437258014290377
2023-11-16,0.011359524341392882,0.01144686572652782,0.011449001691656802,0.009067331,0.0014284580127690743,0.0014284580127690743,0.017132873937141926,0.028126206488746974,0.017300433324745942,0.0282890452993344,0.01731294154636343,0.028274668773710314,0.012734387572279189,0.023089721369912837
2023-11-17,0.0114428991474372,0.01147757712812154,0.011504785350716785,0.0090120295,0.0092281732852433,0.0092281732852433,0.017217943636234877,0.028291963278401534,0.01730182035332591,0.028319914256275513,0.01735431233856472,0.028369449048312543,0.012603487659944705,0.02289566474850338
2023-11-20,0.01152421887634347,0.011494663079949025,0.011558685739121447,0.008261299,-0.00692201557852715,0.00692201557852715,0.0173330591260993,0.028485777030271123,0.0173148167533439,0.02834931260415716,0.01742599596379571,0.028492739038102854,0.01145758303364446,0.020892388285302425
2023-11-21,0.011603552122734095,0.011593343987069103,0.01161077591697023,0.009728996,0.0006082276098887374,0.0006082276098887374,0.017506233784281844,0.02873572750527133,0.017519010218359696,0.028648236471673433,0.017556013142745294,0.028672629414400158,0.013717051000397646,0.0248280375833325
2023-11-22,0.011680964136579668,0.0115959686639781,0.011661125413830058,0.0098043475,-0.0015130931041595248,0.0015130931041595248,0.017610698101710016,0.028915108340866802,0.01750453414441175,0.02863628000062821,0.017617601402202674,0.02878242427435213,0.013811981716816163,0.02500902436829064
2023-11-24,0.011756517052347185,0.011654416487248858,0.011709800452226731,0.010123591,-0.0007349306840026,0.0007349306840026,0.01780324086413254,0.02918076845427287,0.017670018047975473,0.02885787187872624,0.0177675562482377,0.02897898252809508,0.014365601272720546,0.025927235291737766
2023-11-27,0.011830270097869662,0.011606073721929256,0.011756864152869147,0.010300593,5.081939416643746e-05,5.081939416643746e-05,0.01794272550507346,0.02939162859754603,0.01761519207937346,0.02875663845654114,0.017864747514033923,0.029121234443076776,0.014654605086420809,0.026418385464226042
2023-11-28,0.011902279785112444,0.011704579082416526,0.011802376723440896,0.010201469,0.006367373363360738,0.006367373363360738,0.018039158380994683,0.029557749817363168,0.01775401201691964,0.02899002027763445,0.017919187632532994,0.02921925009745741,0.014487084581336032,0.02613765990622903
2023-11-29,0.011972600084739628,0.011782124777816545,0.011846395632577297,0.009126873,0.0034592029857357376,0.0034592029857357376,0.018045619130109245,0.0296322639827738,0.017772158592696548,0.029082608152663753,0.017883961994884248,0.02922616990513166,0.012761809930145626,0.02318514331424225
2023-11-30,0.012041282586150717,0.011778265243000617,0.011888975770458464,0.008605163,0.0067104602940384235,0.0067104602940384235,0.018138297869775194,0.029791411137471604,0.017749451796081707,0.02905619633045432,0.017935266149253202,0.02931824196829534,0.011958803365841122,0.021786317544892044
2023-12-01,0.012108376644456747,0.011862717644865442,0.011930169597286447,0.008204232,-0.006338189552043238,0.006338189552043238,0.018359317241183143,0.030077361686720098,0.01799829041992777,0.029386106463007253,0.01811522784838603,0.029537644267167797,0.011468730847269805,0.02083836307647875
2023-12-04,0.0121739295156918,0.011941724713389085,0.01197002728077296,0.009586405,0.0037618954976012245,0.0037618954976012245,0.01847036346986247,0.030251847588711578,0.018130932849599532,0.02959459306172907,0.018185538114189437,0.029646115856207925,0.013559064663436008,0.024507206700231623
2023-12-05,0.012237986481405614,0.01192456792293085,0.012008596823640675,0.009209137,-0.00477607182393275,0.00477607182393275,0.018528402664170315,0.030371878773632333,0.018059761127548916,0.02950695138907547,0.018203167541266312,0.02970067328972465,0.01294651388739083,0.023463797230169513
2023-12-06,0.012300590963652679,0.012020896724074148,0.012045924182033126,0.010453035,0.008941654899785776,0.008941654899785776,0.018563833175199478,0.030467895614852733,0.01814907019201643,0.029688732912208058,0.018198518662654796,0.029731763100986297,0.014757479208533014,0.026695354509178842
2023-12-07,0.012361784631279732,0.01208002342658397,0.012082053375633492,0.009374876,0.009691812855412124,0.009691812855412124,0.018548584351596585,0.0305118677866066,0.018130681887594223,0.029727104283905022,0.01814352471110314,0.029711360668927544,0.013019639674877608,0.023726204086398566
2023-12-08,0.012421607498314504,0.012084021044599961,0.012117026590209322,0.008465069,-0.0030651136434447254,0.0030651136434447254,0.018588304654091264,0.03060948247373737,0.01808162385220027,0.029681883829404374,0.018143837740547026,0.029745158437807104,0.011592732091122868,0.021260254365080597
2023-12-11,0.012480098015171878,0.012017588144976069,0.012150884273226933,0.009119539,0.005942394728605225,0.005942394728605225,0.018747681119219053,0.030825463923687048,0.018042147217693656,0.029578633811532046,0.01826414809715896,0.029897885479802138,0.012645656336849082,0.023060614337032187
2023-12-12,0.012537293153317659,0.012052703749816871,0.012183665223114436,0.008707765,0.012153163616446434,0.012153163616446434,0.01879491516182333,0.030928049330932576,0.018054352317796726,0.029624548729245213,0.01827266022945954,0.029937783390583474,0.011981197706399641,0.021925889029143535
2023-12-13,0.012593228483963315,0.012171483741696175,0.012215406672695075,0.008178726,0.008463747535232189,0.008463747535232189,0.018911870429367927,0.03109913676745638,0.018271557331528146,0.029955778601159572,0.018351240550441808,0.030046754231322335,0.01121169337338126,0.020552197557746534
2023-12-14,0.012647938251306166,0.012238584285418215,0.012246144367261834,0.007982791,0.001894615799259775,0.001894615799259775,0.019008742676800153,0.03124895512848856,0.01838830464580803,0.030136940215026862,0.01841008732038077,0.030135030486251577,0.010926191776938491,0.020042927086300903
2023-12-15,0.012701455440777496,0.012277538215321336,0.012275912637719055,0.008188754,0.003586127655020038,0.003586127655020038,0.019046161422360368,0.03133816585436452,0.0184026584564578,0.030188688508220332,0.01840983231066711,0.03016327679652809,0.01118896994771329,0.020540925674456034
2023-12-18,0.012753811842715165,0.012348151732105588,0.012304744469176737,0.0082421135,0.003741056111223399,0.003741056111223399,0.01898218899078715,0.03132486203535009,0.018367900113826517,0.030221716802965693,0.018308539855066395,0.030089589077166894,0.011122162737010877,0.020535056762455862
2023-12-19,0.012805038111836427,0.012404503953002447,0.012332671565347333,0.008262733,-0.013717293881269625,0.013717293881269625,0.01900313261978296,0.03139538057566292,0.018397137432033046,0.03030505038683443,0.01829251896422852,0.030100306693206607,0.011092714519849745,0.020529157967916458
2023-12-20,0.01285516382285048,0.012496510223490307,0.012359724409062934,0.011086633,0.006323698456426113,0.006323698456426113,0.01910605140735516,0.03154680919463318,0.018566896205802503,0.030563132133002966,0.018358830281028967,0.030192519472992303,0.015372780503086627,0.028034256191305697
2023-12-21,0.01290421752251805,0.012557300164045548,0.012385932319201997,0.010067601,0.00270215195747735,0.00270215195747735,0.019167574140769555,0.031655804306038544,0.018647237195308523,0.03070182945206493,0.018384103917451156,0.0302428855995617,0.013820150205203921,0.025317841478893193
2023-12-22,0.01295222677843658,0.012537052883631206,0.01241132350428926,0.0094217295,0.005619518694833413,0.005619518694833413,0.019293186861965378,0.03182787863073165,0.018664239325946297,0.03069939486409961,0.01847382702783583,0.03035691923521326,0.01289579174848037,0.023655866229848437
2023-12-26,0.012999218224803882,0.01254771234201291,0.012435925113009305,0.008868149,0.001771249104924725,0.001771249104924725,0.01925742999294908,0.03183759836632231,0.018570724222421345,0.03061611248757733,0.01840254094199605,0.03030918770298487,0.011950804393855577,0.022078662652639396
2023-12-27,0.01304521760539021,0.012603315710764604,0.012459763281853614,0.008855573,0.0022233387696676,0.0022233387696676,0.019329960574912132,0.03195464546788211,0.01865866879877688,0.03075743445633787,0.018439903411927493,0.030369373778983313,0.011931217304531285,0.022044713637891955
2023-12-28,0.013090249813928072,0.012718575024479317,0.012482863180102225,0.008883779,-0.0015991238802329126,0.0015991238802329126,0.0193527331441453,0.03202099856294646,0.018793423853827252,0.03100283463513886,0.018427869495174325,0.030379456618817333,0.011924886131706166,0.022070595050277638
2023-12-29,0.013134338932110683,0.012857047971898449,0.012505249052324323,0.009540966,-0.005226183995684013,0.005226183995684013,0.019401293451422205,0.03211222670767165,0.018992445265438352,0.031334785490015823,0.01844198528151337,0.0304150055249736,0.012893996089317475,0.023790244832255517
2024-01-02,0.013177508265373256,0.012889740556809312,0.012526944258566819,0.0113972705,-0.0032257978492505,0.0032257978492505,0.019560264614432454,0.03231297557389586,0.019134835295045602,0.03150855931835142,0.018566874052529457,0.030560666144870158,0.01578258191471888,0.028798820723350778
2024-01-03,0.013219780376616527,0.012974205709775642,0.012547971312386256,0.012674732,0.0002792874451468373,0.0002792874451468373,0.019644035638114,0.03243765600210788,0.019285924426805295,0.03174073219945311,0.01861692480892557,0.030630849034579806,0.017724821720858944,0.032199984793206585
2024-01-04,0.013261177118018237,0.01282964978493708,0.012568351916866904,0.012766851,0.005188630409781813,0.005188630409781813,0.01970009993208135,0.03253378254966128,0.01904587497449149,0.031361913847020424,0.018639630794760272,0.03067306821755275,0.017853909691796628,0.032434274962172834
2024-01-05,0.013301719661066276,0.01282581224821462,0.012588106998756555,0.011234321,0.013671612111113113,0.013671612111113113,0.019771738397432657,0.03264465660664654,0.01904691868433875,0.03135927364871424,0.018678272590892577,0.030730624310744338,0.015550863100833277,0.02838100503260551
2024-01-08,0.013341428524936074,0.01286022780840682,0.012607256740841299,0.009477603,-0.004187116579669664,0.004187116579669664,0.019728278496055553,0.03263962549265945,0.018995126070633465,0.03134051883294204,0.018602177190752207,0.03067286363138229,0.01279609599290963,0.023619980040477474
2024-01-09,0.013380323603324893,0.012866630512075249,0.012625820612671184,0.010386056,0.006612283515707138,0.006612283515707138,0.019894990393025915,0.032843978625169135,0.019110175867458987,0.0314617150132302,0.018736614149028816,0.030825074375073824,0.014270388323201547,0.026131770375503908
2024-01-10,0.013418424189846635,0.012850094930691855,0.01264381739974016,0.00967809,-0.0019498323284401996,0.0019498323284401996,0.01995615056244531,0.03294201114993166,0.019084397511928503,0.031420063047234,0.018765859193625816,0.030871550255697554,0.013203731379343085,0.02425658201320272
2024-01-11,0.013455749002082535,0.012851282327054743,0.0126612652312159,0.010230049,0.0027766707544249875,0.0027766707544249875,0.02005921790735048,0.03308120008417488,0.019129992379601366,0.03146679777608839,0.018837370351512818,0.030959766657805563,0.014079481140303354,0.02576269466482375
2024-01-12,0.013492316204375677,0.012896135262911673,0.012678181606308105,0.01001148,-0.0009170354664703876,0.0009170354664703876,0.02015274208576427,0.03321011266470913,0.01923680700621363,0.031616669735583545,0.01889969628054755,0.031038288993691328,0.013785366732802338,0.025218965318229147
2024-01-16,0.013528143429450442,0.012972458036100656,0.01269458341935725,0.010446438,-0.006173760779642037,0.006173760779642037,0.02023788218617333,0.03332992504432736,0.019386545027139546,0.03183967509094273,0.01895399495055411,0.031108291408488985,0.014469199109057982,0.026399540010075172
2024-01-17,0.01356324779893184,0.012953937758669433,0.012710486983720003,0.012440318,0.008784572653424912,0.008784572653424912,0.020367662294378832,0.033493677878513754,0.019430990436757695,0.031866341647622844,0.019053289215606065,0.03122281237532526,0.017548807867455725,0.0317562566777947
2024-01-18,0.0075511511585077224,0.007481942316737723,0.0077859676952839385,0.009300288,0.01830997944224235,0.01830997944224235,0.010781222544978816,0.018072487278177042,0.010687313993129286,0.01786090777640275,0.011177768728481533,0.018623587277193186,0.012785664609486611,0.023407046533042937
2024-01-19,0.007751753614121354,0.007630441095479444,0.007985904640928127,0.008029635,0.007172880837346337,0.007172880837346337,0.010941990956612016,0.018426954051729633,0.010765498082443974,0.018081470658671005,0.011338066546653851,0.018975087303840118,0.010711801922844417,0.019882037057505617
2024-01-22,0.007943901160328157,0.00775783568230653,0.008175447697683655,0.007135026,0.004397857868394313,0.004397857868394313,0.01117502087585392,0.01884551841437223,0.010895770700105481,0.0183338876310198,0.01156751002781069,0.01938579318718039,0.009290518383830803,0.017439065645784155
2024-01-23,0.008128251688609362,0.00792834977444259,0.008355458345026765,0.0069076936,0.004493963034455232,0.004493963034455232,0.011541384149936907,0.01938988746230187,0.011240487300822315,0.018842091034965706,0.011927497498691968,0.01991792709758065,0.009020857029255355,0.016909778565760578
2024-01-24,0.008305380431179211,0.008041538041244026,0.008526687016928726,0.006861557,0.019229668454045248,0.019229668454045248,0.011891328262324178,0.019910864113546506,0.011488936128450497,0.01919906337329376,0.012268557427980024,0.020422735153140942,0.009019409659234425,0.016855641621080778
2024-01-25,0.008475794092029015,0.008172654394905889,0.008689792680414707,0.0071348865,-0.0055310021393395374,0.0055310021393395374,0.012096301160692751,0.020280385580646806,0.011631664228637397,0.01946750421219158,0.012462381979854052,0.020772539696470554,0.009365252614733794,0.017513641551849465
2024-01-26,0.008639941994932308,0.008298625669945521,0.008845358135183501,0.007435985,0.00642320333581625,0.00642320333581625,0.01238613674470363,0.020728719622752877,0.011861027062696004,0.019817646747194117,0.012739019152733984,0.021197946064650107,0.00984778927024846,0.018340046716299102
2024-01-29,0.008798224985787235,0.008428089771637807,0.008993902129952889,0.007136659,0.011759975767083299,0.011759975767083299,0.012640364796378431,0.02113578307195318,0.012069679748751509,0.02015042801320128,0.01297818785935794,0.021579169256322025,0.009398944659971577,0.01754935642971931
2024-01-30,0.008951002620198,0.008576341358060747,0.009135889073574082,0.0070074964,-0.022455080106522977,0.022455080106522977,0.012858880910530553,0.021501818703913607,0.012281315413594363,0.020504205466058845,0.013179951901176648,0.021916717192945474,0.009179658557836663,0.01718256187028135
2024-01-31,0.00909859902474089,0.008693802338495588,0.00927173690319425,0.01024483,0.006387903441580363,0.006387903441580363,0.01312455402877242,0.02191000843142477,0.012499292313369456,0.02083480250153581,0.013427330718840922,0.022294008993706347,0.014090576497515373,0.025790670243700676
2024-02-01,0.009241307720304761,0.00878214303794711,0.009401823522302068,0.008302805,0.007365858954454888,0.007365858954454888,0.013363134484763253,0.022286386006986333,0.012651555140142191,0.02107176529865953,0.013646210025675395,0.022637291765774673,0.011174589846927482,0.020656797554988223
2024-02-02,0.00937939562447467,0.008858177056130111,0.00952649211615089,0.0074358997,-0.0022442533595170367,0.0022442533595170367,0.013606231695345548,0.022662818578577916,0.012796078442399262,0.02128918907743253,0.013868321603734347,0.022978625483566318,0.009891154402380295,0.01838331312823803
2024-02-05,0.009513106398187867,0.008952751189078022,0.009646055576609292,0.0076416694,0.0004574774546542864,0.0004574774546542864,0.013900086157805271,0.023085781918394076,0.013027864560679472,0.021611651705027157,0.014140017029680749,0.023364660946162054,0.01028243771015565,0.019009595198620957
2024-02-06,0.009642663263900356,0.00907099578993838,0.00976080021366393,0.0076496648,0.006973322319658051,0.006973322319658051,0.014089787020257222,0.02340058071440399,0.013199821873070046,0.021896980478694563,0.014306486677549165,0.02364086232942723,0.010278042967778634,0.019014332074088047
2024-02-07,0.009768271394257688,0.009194597930726975,0.009870988890424783,0.007355916,-0.000766188107197975,0.000766188107197975,0.01423722686232424,0.023669305657491074,0.01334433770324815,0.02216000451318972,0.014429715696200189,0.023869466161511,0.009782808669494833,0.01818362327723428
2024-02-08,0.009890119949023442,0.009301221065690627,0.009976863688383202,0.0075215357,0.00788800458751035,0.00788800458751035,0.014504515992271639,0.02405424970541131,0.01358763157648005,0.02250552732988959,0.014671899314081159,0.02421289917642677,0.010105877669556007,0.018695837372941837
2024-02-09,0.010008383821875704,0.009364561575571254,0.010078648186978354,0.007304211,-0.0005283814282435123,0.0005283814282435123,0.01463607239623356,0.02429999971869697,0.013631932483837692,0.022610558334950945,0.014777533642891652,0.02441587129769563,0.009721650546173403,0.018063415577391932
2024-02-12,0.01012322514629142,0.009501060877728921,0.010176549424236042,0.0074869976,-0.013975160767617373,0.013975160767617373,0.014780028897294234,0.02455484507379451,0.013810646474391725,0.02292014616867654,0.014894823566028914,0.024626785401775313,0.009958414387217175,0.01850893071692289
2024-02-13,0.010234794600140965,0.00951973730296543,0.010270759591940471,0.00990588,0.0107092094626033,0.0107092094626033,0.015002788091089457,0.024885333858360656,0.01388563693250505,0.023013043352383123,0.015090238300654974,0.024912294501241314,0.013649975924499848,0.0249629738244494
2024-02-14,0.010343232541117277,0.009616043644731374,0.010361457508471162,0.008540747,0.004954411459306275,0.004954411459306275,0.015197067692119492,0.025184319313926576,0.014060821733030483,0.023280565482619916,0.015256557285219009,0.025165349040801647,0.011613850076918592,0.021367799085800637
2024-02-15,0.01044866999921927,0.009660478959325633,0.010448809904350936,0.0077714636,-0.0043119402483571745,0.0043119402483571745,0.015371998187298121,0.0254610584477723,0.014138783346873659,0.023401131126678354,0.015402968303106815,0.025395296250332013,0.010461359753356441,0.019336749336765272
2024-02-16,0.010551229547824375,0.009761456429443758,0.010532972549169286,0.008455025,-0.008413074738241938,0.008413074738241938,0.015563088298725315,0.02575117833679236,0.014327574931396135,0.023686738661020387,0.015565033355833514,0.02563784709575943,0.01151968971088791,0.021175739953371527
2024-02-20,0.010651026071141758,0.009884984798929967,0.01061409124347214,0.010638977,-0.0056935770666508255,0.0056935770666508255,0.01572576589900132,0.026010217783849834,0.014528281801304603,0.024005883004233317,0.015698229938394613,0.025848618502969916,0.014815758675070245,0.026965988561244447
2024-02-21,0.010748167442827016,0.010009327074664481,0.010692302695147232,0.012058261,0.029058351017050812,0.029058351017050812,0.01587732426839427,0.026255574230202906,0.014723391087883111,0.024320210127363674,0.015819897613700607,0.02604508077034143,0.016952236204179134,0.030723356663020458
2024-02-22,0.010842755128102262,0.010112644104221837,0.010767735296561247,0.010583104,0.0023900922431539626,0.0023900922431539626,0.015811907453494232,0.026281489695555958,0.014672088110791823,0.024367966240754935,0.01572422365200096,0.026021543951353823,0.014512598493763636,0.026599017882415484
2024-02-23,0.01093488471974176,0.010186810230061127,0.010840509816050824,0.008751284,-0.0064693600131815006,0.0064693600131815006,0.015938793245894242,0.02649733427427932,0.014770551590676846,0.024537539285072175,0.015820526259036446,0.026187441744022724,0.011731525854633202,0.021725919069216598
2024-02-26,0.011024646416658937,0.010319532293514426,0.010910740015204997,0.009997702,0.003957454842560375,0.003957454842560375,0.016185590221306445,0.026830803636641008,0.015085993731623993,0.02498023369942457,0.016036451837660684,0.026470529342836002,0.013714400299029653,0.025132264189558332
2024-02-27,0.011112125452494022,0.01031341587204978,0.010978533201601292,0.009214541,-0.00352344148257185,0.00352344148257185,0.016274664250306686,0.027004345953388333,0.015026127605576265,0.024914503224102658,0.016094401697753384,0.026593310677255462,0.012483708231188108,0.02300716251734619
2024-02-28,0.011197402480495756,0.010436993323654786,0.011043990725194288,0.009805428,0.008040692605407676,0.008040692605407676,0.01644425378069062,0.027256277549739312,0.015256927691155315,0.0252637878423148,0.016232647517464237,0.02679415434766337,0.01340833596951266,0.0246066126233985
2024-02-29,0.011280553920071837,0.010512556674080272,0.011107208425342735,0.008755575,0.006024109526997374,0.006024109526997374,0.016535305565799234,0.027427618968331513,0.015336069248142173,0.025415378605391226,0.016292167232730047,0.026914129942377192,0.011784485474447616,0.021783778377096066
2024-03-01,0.011361652269615432,0.010587017198630781,0.011168277034451958,0.008051051,0.011105215153053738,0.011105215153053738,0.016613498991848028,0.027584119598611224,0.015403862094085077,0.025554563281610595,0.0163386695102958,0.02701903289667898,0.010671607133499284,0.019866298798969884
2024-03-04,0.011440766389571984,0.010617177980228609,0.011227282543364104,0.0076728254,-0.005107631116091513,0.005107631116091513,0.016712627305936558,0.027759639178167577,0.01542516236748362,0.025604781339484007,0.016405975107790582,0.027142766202318546,0.010074697095373385,0.018837437625447026
2024-03-05,0.011517961759168843,0.010633520335255851,0.011284306532919982,0.008540404,0.009299722883438525,0.009299722883438525,0.016931395404218546,0.028052945828796465,0.015547137991575845,0.02574242581151231,0.016592814781944607,0.027384138632807264,0.011478459287494702,0.021232016209572834
2024-03-06,0.011593300709772604,0.010696928791590725,0.01133942647551842,0.008051227,0.007683416286236463,0.007683416286236463,0.017017483087797734,0.028211779537722328,0.015614379571514507,0.025870462635374902,0.016646892653893953,0.027490928397107765,0.0107072621527049,0.019902154983851617
2024-03-07,0.011666842637450556,0.010738431680617416,0.011392716009993078,0.007727711,-0.005936364689197988,0.005936364689197988,0.01703185198248985,0.02829715928260588,0.015577858643770388,0.02587373416446966,0.01662919322890611,0.027524190422227653,0.010116931376298034,0.018942353640933596
2024-03-08,0.011738644196982069,0.010790615402058803,0.01144424519269673,0.008844024,-0.0016575905414534624,0.0016575905414534624,0.017179331306208908,0.028513968986264543,0.015694235616060308,0.02604014424365517,0.016744567255318216,0.027688842452272783,0.011832939629285014,0.021933244709698832
2024-03-11,0.011808759479283141,0.010831224438514392,0.011494080727316301,0.0094565395,0.017134112479536737,0.017134112479536737,0.0171812125961948,0.028583552415218223,0.015649255267034208,0.026034099336674763,0.01671432653580345,0.027706260079488648,0.012646587882547224,0.0234464177306579
2024-03-12,0.011877240173965176,0.010835074578903078,0.011542286175628306,0.008493274,-0.0014661660850551121,0.0014661660850551121,0.017197821756919487,0.02866628538455949,0.015563034147591739,0.025951569684232144,0.016698816052586777,0.027736849071024215,0.011102165230235958,0.02080189915808191
2024-03-13,0.011944135718540801,0.010877467266722916,0.01158892215113498,0.008577756,-0.007707214037702737,0.007707214037702737,0.017249052948245868,0.02878210979018311,0.015575368840983393,0.026004549962543685,0.01671794792687013,0.027800579513533735,0.011174304709345554,0.020970519930631374
2024-03-14,0.012009493435609878,0.010916031103732545,0.011634046497289465,0.010613511,-0.00506467606192245,0.00506467606192245,0.01747534162473794,0.029071506780560703,0.015759107298998144,0.02622526295066308,0.0169121745239676,0.028037959088750942,0.014365383831686784,0.026486530376500894
2024-03-15,0.012073358659203504,0.010936380320646793,0.011677714451818125,0.012127427,0.009045540918319288,0.009045540918319288,0.017548687732796407,0.029206520075871982,0.0157632558574669,0.026248922086702577,0.01695351171135477,0.028121056488681857,0.01661925173096155,0.03046936510793661
2024-03-18,0.012135774851328962,0.010946386733735764,0.011719978798474445,0.0104668755,0.0062622607934061,0.0062622607934061,0.017710069154307263,0.029428169524187222,0.01584126575209924,0.026336526006480947,0.01708295235878755,0.0282909150608478,0.014178129642506934,0.026131811349889136
2024-03-19,0.012196783709641357,0.01102753861394627,0.011760890007408318,0.008977382,0.012516036671497801,0.012516036671497801,0.017731247372368232,0.029508256871159575,0.015894670947941326,0.02646773862167144,0.017072272056469398,0.028319358660689496,0.011856905467695302,0.022109514385348864
2024-03-20,0.01225642526706543,0.011243648128580171,0.01180049636520312,0.008170461,0.0037082912958629624,0.0037082912958629624,0.017792985889812884,0.02962758427474236,0.016205845968722318,0.026986116773010643,0.017102247582354128,0.028387210243226,0.010607356359690007,0.01993842158976155
2024-03-21,0.012314737984101605,0.011264672872690028,0.011838844095518327,0.008029883,-0.0007505985860396243,0.0007505985860396243,0.017924120419299458,0.029815024584407077,0.01627769431406424,0.027078123383045945,0.017201727137678282,0.028523362213959083,0.010433790989666675,0.019604308315067983
2024-03-22,0.012371758834472037,0.011469029415355134,0.011875977471175065,0.008391232,-0.0049531482054037245,0.0049531482054037245,0.01794875504123292,0.029894717581763795,0.016537208922143058,0.027533572517478188,0.01719482654728288,0.028551972736383824,0.010912409180107755,0.020495604851546927
2024-03-25,0.012427523384693556,0.011404088740054726,0.011911938918433824,0.00969262,-0.00216074978977475,0.00216074978977475,0.018067156517217624,0.030066964370848177,0.016463406330364642,0.02739750560917672,0.017281823612682618,0.02867336018477988,0.012903847083378403,0.023973290160227385
2024-03-26,0.012482065868103845,0.011393943293995764,0.011946769114136089,0.010600143,0.008458790608810588,0.008458790608810588,0.01817121298876683,0.03022368614830938,0.016464510896343265,0.02738888284691675,0.017354616847842022,0.02877946197288541,0.014289157051757468,0.026395037356928483
2024-03-27,0.012535419253813742,0.011455572995271909,0.011980507076313339,0.009365926,0.0008881178143200999,0.0008881178143200999,0.0182772355300781,0.03038122582276464,0.016583836081609075,0.027567297827749485,0.01742952706667705,0.028886636228049187,0.012449771583501667,0.023146114729766222
2024-03-28,0.012587615311011229,0.011478896451681469,0.012013190248806444,0.009032938,-0.0020729380938695457,0.0020729380938695457,0.018348960176652454,0.030503350105509332,0.016609669868873286,0.027615493856637745,0.017470299444248744,0.028958663933346847,0.011936482570412901,0.022252538769784714
2024-04-01,0.012638684669000888,0.01152506903457165,0.012044854580385102,0.009619231,-0.007419515357812937,0.007419515357812937,0.01849584665487149,0.030699548298067123,0.016748864778903808,0.027798958468245316,0.017586402276932714,0.029105047763413293,0.012885913316548389,0.02387154388094
2024-04-02,0.01268865687332534,0.011499762805891517,0.012075534598809478,0.011764152,-0.0018057124340125127,0.0018057124340125127,0.01861717377423799,0.030869127738620515,0.016750355774931384,0.027776186165111686,0.017677122403423753,0.029225107576273363,0.016161071991608614,0.029596307238624567
2024-04-03,0.012737560438282159,0.011360132533114343,0.01210526348023412,0.012515,-0.013626329003809563,0.013626329003809563,0.0187595202348287,0.031058694660173067,0.016592409000672815,0.027484363611764262,0.017789046039263026,0.02936546131424087,0.017357464784366547,0.031650204116088806
2024-04-04,0.012785422896120311,0.0113672736848169,0.012134073114316633,0.014709117,0.010977450871159075,0.010977450871159075,0.018896346573313145,0.0312417361840715,0.016664456026972013,0.027563257486019545,0.017895640748367688,0.029499607037712455,0.020725641805678867,0.037524169716984294
2024-04-05,0.012832270843173824,0.011390866299464238,0.012161994165360119,0.012383249,-0.0004896440168164998,0.0004896440168164998,0.018889772918516894,0.03128039812011482,0.016620930162070426,0.027542351928332393,0.017859033222655637,0.029489700763263627,0.01713841008839713,0.031280681219674214
2024-04-08,0.012878129983166908,0.011554192521759423,0.01218905612978846,0.01153097,0.002770130397862149,0.002770130397862149,0.01893692969180888,0.031371835708756346,0.0168553517675656,0.02793336869632718,0.017876360005149233,0.029532907241716807,0.0158278355179084,0.028996764662648503
2024-04-09,0.012923025167903664,0.011577005733400677,0.012215287390226693,0.0105033545,-0.01177602499833165,0.01177602499833165,0.01900798705510515,0.03148624310839678,0.016891322253479918,0.027991212207490585,0.017917796959445068,0.029599429479328858,0.014278384151129236,0.026273725779919137
2024-04-10,0.012966980435536662,0.011566650244580595,0.01224071526643468,0.0130766975,0.01246019665596115,0.01246019665596115,0.019135831366189703,0.03165652988765649,0.01693272611843851,0.028022687357808287,0.018016235745337113,0.02972218526212271,0.018215455009397714,0.03314968001728937
2024-04-11,0.013010019046591598,0.011839778466266503,0.012265366063320692,0.011085667,-0.021653281320612377,0.021653281320612377,0.019146182287400525,0.03170843816884641,0.017309782165039363,0.028661615366284525,0.01799740094672052,0.029726924329707177,0.015155958090106838,0.027816331092397565
2024-04-12,0.013052163517910073,0.011900040526754169,0.012289265116242067,0.014677505,-0.011460729563008126,0.011460729563008126,0.01926645538523031,0.0318694052603433,0.017459014146916325,0.028868625866650524,0.018088712689398063,0.029841091036404973,0.020623665274251014,0.03738609139727404
2024-04-15,0.013093435654658658,0.011776971111131393,0.0123124368337826,0.016221367,-0.008480207930945649,0.008480207930945649,0.01941621693891947,0.03205901849609019,0.017347012554444742,0.02863862684016403,0.018209741466933303,0.029984279218014463,0.023035039414965215,0.04156063239773423
2024-04-16,0.013133856580540032,0.011748728546028403,0.012334904738180488,0.016805084,-0.003599137977717338,0.003599137977717338,0.019586305764525563,0.032268137088837155,0.017407784433864572,0.028672320097366567,0.018351329981095753,0.03014735407091651,0.024020732429116898,0.04321295866021507
2024-04-17,0.013173446766330747,0.011672621975544518,0.012356691503566388,0.016536627,0.0006564454649336127,0.0006564454649336127,0.019688234829776902,0.032408293772550535,0.0173254545914781,0.02851702021621515,0.01842499477226188,0.030241853819043096,0.02365498264495399,0.0425406156218436
2024-04-18,0.011509670229508034,0.01424981712327033,0.013304244429866552,0.015855612,-0.006725674514335874,0.006725674514335874,0.017071777497104555,0.028167249151594503,0.02146184137929956,0.03510864697796277,0.019968201884838097,0.03266672387568202,0.02265347497072363,0.0407613548776164
2024-04-19,0.011583531572350309,0.014320419802472343,0.013294368246884576,0.01628137,0.015008259975292527,0.015008259975292527,0.017190066211291523,0.02835674116001383,0.02157508513990125,0.03528950571421501,0.019953177339498408,0.03264227279526601,0.02329600594000335,0.041890123775167425
2024-04-22,0.011655556717007833,0.014307482283603394,0.013284783291456156,0.013427551,0.01536108872437826,0.01536108872437826,0.017194110729456556,0.0284302188535021,0.021443870101081414,0.035145900635340184,0.019827295660443774,0.03250724254953172,0.018883438481775858,0.034218357576815225
2024-04-23,0.011725804933252993,0.014235965209736447,0.013275481171972183,0.010581907,-0.0007728976392917504,0.0007728976392917504,0.017236869474195716,0.028540697791486096,0.021260839894775486,0.03489437975328701,0.019743407549593046,0.032414475830846376,0.014524736816028023,0.026609790885785484
2024-04-24,0.01179433278466522,0.014161648620632187,0.01326645372747839,0.010347854,-0.011843482156212549,0.011843482156212549,0.01734287567888832,0.028712765735370686,0.021139333861006263,0.03470170199601508,0.01972594319487118,0.03238839503773676,0.01416884806735038,0.025986601382322304
2024-04-25,0.011861194301014417,0.014198801570488131,0.013257693021962441,0.013397639,0.008927243319388888,0.008927243319388888,0.017426109604639785,0.0288604550316615,0.02117535580653885,0.034773304684775096,0.019688784203662095,0.03234287420288927,0.01874303672941094,0.03404379118712311
2024-04-26,0.011926441136406651,0.014204464425550244,0.013249191338747364,0.011723799,-1.3798089075587617e-05,1.3798089075587617e-05,0.017509857097902686,0.02900710132204056,0.021164275903443042,0.03476764800090361,0.019655121899771276,0.03230109728476124,0.016199712773238197,0.029588862453971878
2024-04-29,0.011990122714622692,0.014303291284057816,0.013240941174991364,0.011259795,-0.01605502709311761,0.01605502709311761,0.017666565609299356,0.029225199702297054,0.021377123028736823,0.035075139914569946,0.019697313102144502,0.032335413941049884,0.015555601796521606,0.028414836382879678
2024-04-30,0.012052286362912177,0.014424948900413462,0.013232935236293972,0.0146522885,-0.005724671149390449,0.005724671149390449,0.01786819868415193,0.029486759341836716,0.021673695949202307,0.03548822224885037,0.01978723439383852,0.032417693792514655,0.020772281066740134,0.03750590697046576
2024-05-01,0.012112977435360698,0.014402274816783609,0.013225166431408251,0.015744306,0.007832014641953138,0.007832014641953138,0.018012838490433506,0.029689906130560474,0.021685599367252086,0.035478411085670944,0.019822884445178636,0.03244592874108783,0.022466475455433392,0.04044724100676205
2024-05-02,0.012172239426820634,0.01429498115706168,0.013217627867058773,0.013708822,0.017444949264007616,0.017444949264007616,0.018009916608652452,0.029744113578579555,0.02141735829772756,0.03510741671738281,0.01971361461403755,0.032329463565207266,0.01930085097506321,0.034956994401958354
2024-05-03,0.012230114078286475,0.014338120468787418,0.01321031284286484,0.010785344,0.0127622050401682,0.0127622050401682,0.017990103791381364,0.029780092677327605,0.0213741781445102,0.0351055503435416,0.01959001852954442,0.03219888549867976,0.014781942651424823,0.02709933003858131
2024-05-06,0.01228664147449913,0.014280512975206692,0.013203214846368402,0.009355678,-0.003981917642858725,0.003981917642858725,0.017984469013406043,0.029828951043801524,0.021186761173176534,0.0348629636630726,0.019483090978949815,0.03208518311280036,0.012531193240754586,0.02321583338754652
2024-05-07,0.012341860134479535,0.014326848434663135,0.013196327548165998,0.010302804,0.007004804201698112,0.007004804201698112,0.01818745539877154,0.030085168934883028,0.021375701388706946,0.03509627855387475,0.019587203682807967,0.03218272208688815,0.014074027986724342,0.02584033318002936
2024-05-08,0.012395807095617876,0.0142668749739143,0.013189644797143935,0.009684539,0.0016319683066933128,0.0016319683066933128,0.018251427196359478,0.030201146303979156,0.021258227605728663,0.03492136921555998,0.019554652129112372,0.032143792037873986,0.013120133712091048,0.024180350176193317
2024-05-09,0.012448517991879805,0.014187738764461506,0.013183160615815839,0.00958305,0.004583279733741013,0.004583279733741013,0.01830909046821164,0.030309623564737584,0.021105873222768974,0.03469322744130432,0.019518076129704718,0.03210102707225924,0.012940909621169262,0.023885219265570336
2024-05-10,0.012500027126633567,0.01417485969416248,0.013176869195761647,0.0092796665,0.0034457474151308506,0.0034457474151308506,0.01839049940886072,0.030440687980583723,0.021084770726320753,0.03465979087999464,0.019507466016414596,0.032084411977902134,0.012482998048794599,0.02308082868708405
2024-05-13,0.012550367540551454,0.014146122525640669,0.013170764893167024,0.009135268,0.006506052048476299,0.006506052048476299,0.01843654333850141,0.03053526072334968,0.02100489054546758,0.03455238960544036,0.019463649519039797,0.03203476909774061,0.01223124266115882,0.022664163079838533
2024-05-14,0.012599571074994003,0.014146206330582035,0.013164842224462119,0.0088387495,0.013580989063951051,0.013580989063951051,0.018472978420325806,0.030619128651712835,0.020963142788933603,0.034510722107462206,0.01941232337483937,0.031977789935122625,0.011742376801061829,0.02183665901838561
2024-05-15,0.012647668431245696,0.014128498267380381,0.01315909586205851,0.008451336,-0.0027451522036448252,0.0027451522036448252,0.0185326399692171,0.030725156676993555,0.020918027446655236,0.03444864805659472,0.019386265536144625,0.03194624735734824,0.011141479121193315,0.020793316991671945
2024-05-16,0.012694689225935484,0.0141234113071551,0.013153520630183154,0.009276163,-0.0016130789878423626,0.0016130789878423626,0.018608010439971807,0.030845855804803497,0.02091044870636629,0.03443619762169509,0.019377903063725936,0.031932563485060024,0.012385387321140121,0.0229792179289716
2024-05-17,0.012740662042944016,0.01419339342622964,0.01314811150080807,0.010195196,-0.005759522463767662,0.005759522463767662,0.018782389940256498,0.03106455369804157,0.021123183946528443,0.03471595353771092,0.01947048255063875,0.03201998011220407,0.013871982527022035,0.02551539225602594
2024-05-20,0.012785614482071344,0.01425208013484655,0.013142863589674477,0.012262146,0.013039351582238562,0.013039351582238562,0.0189169984255402,0.031242496918742688,0.02127977089708379,0.0349287437431426,0.019525172233352206,0.032069660813363765,0.017050851462070776,0.031054819328372313
2024-05-21,0.012829573204713776,0.014195208054475791,0.013137772152410052,0.010707623,-0.0018347699590464124,0.0018347699590464124,0.018927777683248014,0.031295652956264415,0.02112994531865714,0.034724452748205875,0.019457863897007887,0.03199749284531257,0.01464830764994639,0.026876934407806575
2024-05-22,0.0128725639767761,0.014124216133008273,0.013132832580737917,0.010971264,-0.0012725441421135384,0.0012725441421135384,0.019002356313326703,0.03141167524922055,0.021022957121174402,0.03454947680442704,0.01945613778163735,0.031991052049613174,0.015051881909015751,0.02758159966731367
2024-05-23,0.01291461170902522,0.014037779689388961,0.01312804039877598,0.0116918925,0.010998958316384939,0.010998958316384939,0.019053534877688384,0.03150338837382615,0.020869456084468767,0.03431319706729961,0.019432747661474188,0.0319630879283973,0.016122439666834593,0.02947515042051387
2024-05-24,0.012955740495073195,0.014005862373834948,0.013123391259425176,0.01022055,0.0030073002211560016,0.0030073002211560016,0.019028094038351595,0.03151759621865487,0.02072768494900492,0.034140859265833746,0.01933442891687854,0.03186033171284297,0.013813570595284352,0.02548593607445563
2024-05-28,0.012995973647161336,0.013880056521548365,0.01311888094084518,0.009663739,-0.005286527059642987,0.005286527059642987,0.019220495706051076,0.031748783167744966,0.020655552585261673,0.03394824479383063,0.019455599620369822,0.03197719744584338,0.01310257287513047,0.02413903409432202
2024-05-29,0.013035333729902432,0.013920793504916824,0.0131145053430161,0.011295008,-0.009083717615898736,0.009083717615898736,0.019361830640927707,0.031928061733817265,0.02079916092784753,0.03413086624710388,0.01952730807812668,0.0320447295202251,0.01564030269777551,0.028539751792905476
2024-05-30,0.013073842592124858,0.013933794271379644,0.013110260484384675,0.013872005,0.00886491130724515,0.00886491130724515,0.01948399513099401,0.03208734926743873,0.02088075074374509,0.03422490667419294,0.019581409452418548,0.03209477929797849,0.01958585201789781,0.035428356817263806
2024-05-31,0.013111521396950456,0.01385606313767619,0.013106142498593475,0.012302815,0.004231490670823975,0.004231490670823975,0.01944812009032019,0.03208779708420402,0.020661023619279795,0.033930737775391996,0.019478994806701337,0.03198843415223152,0.01712453808119869,0.031174954729586597
2024-06-03,0.013148390650227175,0.013734879125093111,0.01310214763129161,0.010810187,0.0008766713532483501,0.0008766713532483501,0.01955069947873159,0.03222591891184232,0.020511789018182916,0.03366544732269499,0.019516519474973185,0.03202214583356145,0.014918382203881558,0.02726414326459628
2024-06-04,0.013184470227427745,0.013651504641724335,0.013098272237025397,0.010535462,0.008239826016197263,0.008239826016197263,0.019661016425157024,0.03237101703949645,0.02043180558859236,0.03350561757952862,0.01956322913735028,0.03206515654260285,0.014557138852038866,0.02658915037588168
2024-06-05,0.01321977939911671,0.013522336701772162,0.013094512776207507,0.0095833335,-0.0017352621343880877,0.0017352621343880877,0.0196735801599385,0.03241761927458299,0.020182314576359574,0.03313242464530916,0.01951359670700781,0.032011935814095734,0.013078222686441012,0.024022856431098052
2024-06-06,0.013254336855080096,0.013557129448203302,0.013090865812163045,0.010109409,0.004108685137467325,0.004108685137467325,0.01974387156441532,0.03252122451563786,0.020253050368938718,0.03323648085475275,0.01952306783664678,0.032017926020532904,0.013886538220928618,0.025431975609050698
2024-06-07,0.013288160727204644,0.013441501276375317,0.013087328008251062,0.009772008,-0.0012775342752313751,0.0012775342752313751,0.019769891133325414,0.032579850736773386,0.020040957520248977,0.03291365288791973,0.019489608839888508,0.03198109029080701,0.013350108907631393,0.024510219031086918
2024-06-10,0.013321268611186857,0.013394468940045888,0.013083896125059962,0.010307324,-0.0023900252290959996,0.0023900252290959996,0.019847618654646227,0.03268949468844709,0.019991032803710233,0.03281868610907336,0.019509166332089198,0.03199737214834825,0.014182097608854752,0.025953564191868287
2024-06-11,0.013353677587146005,0.013364318982138107,0.013080567017675323,0.011420773,0.011380187145974524,0.011380187145974524,0.019922219859343792,0.0327953385670819,0.01996599950180418,0.032764778709288296,0.01952687384292263,0.03201190212109927,0.015883575227347572,0.028926654752579887
2024-06-12,0.013385404239209657,0.013376201382482786,0.013077337633018599,0.010062652,0.0063366832038111625,0.0063366832038111625,0.019963242569676628,0.03286694618225081,0.019975460332371194,0.032785619110985695,0.019512247929266202,0.031994193851861016,0.013826808159920888,0.025318846305582243
2024-06-13,0.013416464674135261,0.013446020126747624,0.013074205007255231,0.009252503,6.191272537330039e-05,6.191272537330039e-05,0.020026861359070267,0.03296050763450282,0.02010091026812313,0.0329779332613365,0.019521432801302526,0.032000388721920535,0.012619734135172747,0.02318654241850176
2024-06-14,0.013446874539026593,0.01332914158470002,0.013071166263270668,0.009508275,0.0066054240220323876,0.0066054240220323876,0.020093485760328184,0.033056447540652754,0.01993286356329683,0.03269795398024057,0.019534808498506445,0.032010864024628854,0.013023518580374567,0.023882433395263997
2024-06-17,0.013476649038199688,0.013332059847956547,0.013068218608212839,0.009102008,0.008189804360373924,0.008189804360373924,0.02015854964237715,0.033150214426785604,0.019955186709806873,0.03272307189744858,0.019547780235626176,0.032021022309036515,0.012428766230940436,0.02282370358973703
2024-06-18,0.013505802949248889,0.013372590046545323,0.013065359331099608,0.008711959,-0.0022090092723959127,0.0022090092723959127,0.020153473897110037,0.0331732434305872,0.019968299804625243,0.03277500006871541,0.019491741060138706,0.03196225403506535,0.01178931018226234,0.02173879129700748
2024-06-20,0.013534350638360169,0.01334079326768922,0.013062585800489765,0.009463428,-0.008180166261600827,0.008180166261600827,0.02018997793199888,0.03323726780871953,0.019908690751604907,0.03268493978562249,0.019478383316774848,0.03194624903581055,0.012913171882650856,0.023720867681226734
2024-06-21,0.01356230607491546,0.013304439527109092,0.013059895462216134,0.012019563,-0.000955482010701874,0.000955482010701874,0.02022562964418609,0.0332998689249907,0.019841909665710623,0.03258334334552474,0.019465248594750018,0.03193054646260781,0.01675755629428015,0.03048447990902052
2024-06-24,0.01358968284542883,0.013337175635469333,0.013057285837179378,0.012882018,0.006135859920519874,0.006135859920519874,0.020254568507151346,0.033355199350456485,0.01987944464186301,0.0326522291315145,0.01944645078873096,0.031909257843894215,0.018043022134486955,0.032754914366785806
2024-06-25,0.013616494166852428,0.013294694852262012,0.01305475451920111,0.011461007,-0.0010811679811914628,0.0010811679811914628,0.020228429833166056,0.03335490713870191,0.019742929626008855,0.03247503099775825,0.019373600336687724,0.03183399132101116,0.015832116140270573,0.028921143396044117
2024-06-26,0.013642752899287684,0.013397923581421953,0.013052299172934923,0.011542946,0.0016078650539861623,0.0016078650539861623,0.02025797141966763,0.033409762484469266,0.019895190330567997,0.03272615208675996,0.01935743084270452,0.031815478269021286,0.01594337975349838,0.029125986301569286
2024-06-27,0.013668471558134755,0.01339413749143222,0.013049917531833998,0.011309202,0.004932361073603025,0.004932361073603025,0.020338364190486426,0.03351494837659727,0.019928613309031923,0.0327559491917392,0.019393089695627527,0.03184886391341646,0.015630480005982588,0.028546139701846312
2024-06-28,0.01369366232571113,0.01343219980180076,0.013047607396173931,0.010367303,0.011278171245566926,0.011278171245566926,0.02034576133486573,0.03354662974824156,0.01995657430820121,0.03282036181311122,0.0193567071864388,0.031810276445604496,0.01417792244312678,0.026017887801503284
2024-07-01,0.013718337062368195,0.013437553606787054,0.013045366631129474,0.009286027,0.009308258429947374,0.009308258429947374,0.020376294070703575,0.03360094925083303,0.01995636501102849,0.03282527976320273,0.019344392250737023,0.03179582276355426,0.012539219181494934,0.023144314135866387
2024-07-02,0.013742507317132781,0.01349808703323046,0.013043193164903894,0.008788632,0.004502309319299401,0.004502309319299401,0.02042380180970494,0.03367175742948859,0.020061872948695266,0.03298875952575314,0.01934996261396864,0.03179931861524129,0.011798459854867181,0.021835506712045392
2024-07-03,0.013766184337898932,0.013419821035871776,0.01304108498690965,0.008763101,-0.001819698946754625,0.001819698946754625,0.020457762975982955,0.03372854355143736,0.01993341601649034,0.03278534858945821,0.01934287559090579,0.03179021939638921,0.011756247819601233,0.02176413589829081
2024-07-05,0.013789379081193511,0.01338270919177326,0.013039040145999157,0.00949726,0.004606005263513037,0.004606005263513037,0.020496252513448273,0.03378939312282427,0.019875842084704012,0.03269223328072373,0.01934118557467048,0.03178657763780532,0.012864521416068832,0.023710855925620358
2024-07-08,0.013812102221537871,0.01335409821945338,0.01303705674874441,0.009322599,0.007572445883800225,0.007572445883800225,0.020471764105564637,0.03378681011749035,0.019769588611068038,0.03255857956932608,0.019277366238845944,0.031720865205849796,0.01254057357557056,0.023187434622123217
2024-07-09,0.01383436416042635,0.01333152218545724,0.013035132957764192,0.008898766,0.011560072872703575,0.011560072872703575,0.02048370381157439,0.03382021062185364,0.019710115163413918,0.03247748544089627,0.01925080415674361,0.03169246692010607,0.011878175296293881,0.022041000061141635
2024-07-10,0.013856175034941083,0.013273158174427473,0.01303326699009778,0.008526236,-0.0139793045351677,0.0139793045351677,0.020466669652405324,0.03382420242912081,0.019565350830942484,0.03227682689549625,0.019196078371004493,0.03163596012142998,0.011264857198316072,0.02100223425330541
2024-07-11,0.013877544726021533,0.013245920688258589,0.013031457115623863,0.011449224,0.0034067492130910003,0.0034067492130910003,0.02059411340579178,0.03397224684238026,0.01961537269217169,0.03230076388310725,0.01928662217303647,0.031724776449877964,0.01576452609758555,0.0288400994674462
2024-07-12,0.013898482866405881,0.01322934823070692,0.013029701655523635,0.011051029,0.0066717110481862504,0.0066717110481862504,0.02064053328382892,0.034038851359811904,0.0196020543279943,0.03227157436040599,0.019296915765477516,0.03173339450570329,0.015177363081256888,0.027798177225868245
2024-07-15,0.013918998848260523,0.013301579933899832,0.013027998980786847,0.009944745,0.011634072087259577,0.011634072087259577,0.020702022389504585,0.03412011813857403,0.01974600351043172,0.032484698606846454,0.01932303470420141,0.03175788828993589,0.01353853753092106,0.02489592133345421
2024-07-16,0.013939101830512914,0.013408390926340165,0.013026347510759775,0.00905976,-0.007392363537220012,0.007392363537220012,0.02064636972641207,0.03408384501158502,0.01982857698448087,0.032669563137477174,0.01923275089404343,0.03166602819872215,0.012116821734287972,0.022463508201816314
2024-07-17,0.013958800745902103,0.013418798391369249,0.013024745711734008,0.010957764,-0.014937781901064935,0.014937781901064935,0.020756538575503684,0.03421300387107368,0.019923977699141428,0.032774930902998684,0.01930901095208124,0.03174075938525878,0.015056770875290039,0.027571071519687775
2024-07-18,0.013978104307760468,0.013469427014153245,0.013023192095574976,0.014481509,-0.0073444802373326505,0.0073444802373326505,0.020914893758205357,0.034389967938231576,0.020132294114959044,0.03303173348301647,0.01943416345776807,0.03186442900861698,0.020496245789661163,0.03703483411981082
2024-07-19,0.01038440900557442,0.010343289313770461,0.01112059611572489,0.014903766,0.00385754708641875,0.00385754708641875,0.015266213014562324,0.02522349381014856,0.015220837733378536,0.025073959068505087,0.016471684549304488,0.027029816839159403,0.02118712640045555,0.0382079535597411
2024-07-22,0.010483992863483393,0.010460068009342434,0.011175065687645409,0.013189958,-0.000446466357503025,0.000446466357503025,0.01539362480153604,0.025446393403445688,0.015375873774406239,0.02534023966838861,0.01652737405886371,0.027137220927696586,0.01857240106283315,0.03363597746311315
2024-07-23,0.010580764954645237,0.010537378866624317,0.011227585899737826,0.012055317,-0.019395061891646997,0.019395061891646997,0.015530062247245402,0.02567562254142731,0.015481453825745645,0.02551946681923502,0.016593457620508394,0.027253168304319574,0.016844242320593134,0.030612002567585245
2024-07-24,0.010674837228329006,0.010688864466266334,0.011278236264663895,0.014996869,0.00036929197923921174,0.00036929197923921174,0.015797297341995465,0.026033060559005786,0.01584046161611827,0.02602278131403387,0.01679165577501318,0.027499455000828208,0.02139581268759821,0.03852296708258246
2024-07-25,0.01076631496114646,0.010802694643211827,0.011327092298017859,0.013876253,0.008356826995329074,0.008356826995329074,0.01595392337410879,0.026277401690911317,0.016032923869843535,0.026323679338143096,0.016880514612558375,0.027634698803526425,0.019717421015340835,0.03556477614267543
2024-07-26,0.010855297315947565,0.010886464841293693,0.011374225779426735,0.011079511,-0.00519578891200385,0.00519578891200385,0.016053521891842046,0.026462322569515705,0.016124380888093648,0.026494936688853145,0.016913572260926806,0.027712505989313324,0.015459310791314811,0.02811265230816719
2024-07-29,0.010941877840679959,0.01094561765209867,0.011419704991685443,0.011677668,-0.0037023545014202765,0.0037023545014202765,0.016199264137558393,0.026691084137345316,0.016226537241161652,0.026653442603892626,0.016993959906551323,0.0278360725737707,0.016368792448081655,0.029705259073414488
2024-07-30,0.011026144914982432,0.011009344154013763,0.011463594940197462,0.012543087,0.010829718543377475,0.010829718543377475,0.016365543962698292,0.026938164990276188,0.01636021348923815,0.026847825358050963,0.017096034348199993,0.02797981707318989,0.01770537671728384,0.032030192661121004
2024-07-31,0.01110818215111639,0.011015130989320348,0.01150595755471573,0.0104133105,-0.024040211978259104,0.024040211978259104,0.01646053200981969,0.02711181594401472,0.016333721639516654,0.026826846105791693,0.01712793186223171,0.028051934561364494,0.014459136681269672,0.026351643534015683
2024-08-01,0.011188068754870923,0.011092384490724898,0.011546851875140929,0.014335067,-0.027201258775535107,0.027201258775535107,0.016667728328701236,0.027395612996261316,0.016536873023700188,0.027103589951697146,0.017273120540241396,0.028235949183636505,0.020450873430387925,0.03682221857787843
2024-08-02,0.01126587985126949,0.011138876974561673,0.011586334222928742,0.018288525,-0.037856167044635014,0.037856167044635014,0.01683585798921039,0.02763835325188831,0.016655192697785058,0.027266198833065938,0.01738029565658083,0.02838060968715481,0.02645463848911204,0.04734102616511264
2024-08-05,0.011341686779229468,0.01115698479851182,0.011624458359479908,0.027748946,0.013479973488982423,0.013479973488982423,0.017116443122270796,0.027991627246447052,0.01684388004894983,0.027472135879282586,0.017600951492668056,0.028637461395563533,0.04087548733725572,0.07256613330020928
2024-08-06,0.011415557358756557,0.01121160404756181,0.01166127563273201,0.01692649,-0.005181613863930312,0.005181613863930312,0.017151711991386098,0.02809772827389597,0.01684858177929389,0.027528868455114708,0.017577290216781137,0.028648755227973173,0.024478818543999744,0.04380969262942607
2024-08-07,0.011487556133775232,0.011200412469644726,0.011696835113037337,0.014990878,0.026021235120902885,0.026021235120902885,0.017312937594550402,0.028327991221353474,0.016877236870274488,0.027546862336512615,0.01768056031595614,0.028785786259863937,0.021607502862145855,0.038727813898851826
2024-08-08,0.011557744593288692,0.011249176624742204,0.011731183719293405,0.011446752,0.002764969793256713,0.002764969793256713,0.017289577467404532,0.028371932584317437,0.016819835963409052,0.027535914653800994,0.01760019624809967,0.028738033494949303,0.016129739107174593,0.02920248684434386
2024-08-09,0.011626181373214995,0.011319373794890383,0.011764366336189528,0.009488274,0.0030211630069225,0.0030211630069225,0.01732537588650758,0.02847335286347108,0.016858575939516837,0.02764152515957014,0.017579920510824985,0.028749262045328534,0.013104203385042808,0.023940273788499496
2024-08-12,0.01169292244094973,0.011380803471262397,0.011796425923342468,0.008779623,0.017307948765107578,0.017307948765107578,0.01742385939810023,0.028635832270417546,0.016948716335562684,0.02779018408260577,0.01762323905035483,0.028823018644005244,0.012028094056227057,0.022054850730278342
2024-08-13,0.011758021264451983,0.011478849589286542,0.011827403617014415,0.008177794,0.009155607995244888,0.009155607995244888,0.017452288222864938,0.028726682294571287,0.017029831615577425,0.02796469907986944,0.017597392559240206,0.0288265830391794,0.011045576988276415,0.02038501480829375
2024-08-14,0.011821528967432136,0.011520896550549501,0.011857338825036428,0.00786429,0.02145907685376636,0.02145907685376636,0.017547081249643937,0.028882370845680717,0.01709051272602824,0.0280654345481294,0.01763878137433539,0.02889639298234467,0.010566592628333387,0.019547995591733276
2024-08-15,0.011883494472032139,0.01160161113648332,0.011886269315498278,0.0078596035,0.008191450437314413,0.008191450437314413,0.017509753412179082,0.028904459767379646,0.01708321532001917,0.02813502666774364,0.017548902767772954,0.028833981603467514,0.010423469931391599,0.01939952058395517
2024-08-16,0.011943964630226294,0.01162435040674229,0.011914231299710767,0.0077257142,0.011246004278172551,0.011246004278172551,0.017537229453023523,0.028989918727095013,0.01705061832357818,0.028124091328647533,0.01752466463393996,0.028836291176729537,0.01015276711697353,0.018975909503946432
2024-08-19,0.01200298434502967,0.011710842900231083,0.01194125950989771,0.007669255,-0.005010676412556149,0.005010676412556149,0.017581195736523877,0.02909047714525196,0.01713852591722971,0.028294392540718697,0.017517737233351552,0.028855024938163575,0.010017587290287075,0.018776249558806475
2024-08-20,0.012060596682478712,0.011741194602243632,0.011967387272031449,0.008539981,0.000878272480762,0.000878272480762,0.017694352340545092,0.029258876394373367,0.017208306753455745,0.028393086713271804,0.017580805222218054,0.02894289918437232,0.011351519744221984,0.021104594241206465
2024-08-21,0.012116842975241836,0.01195089160602274,0.011992646574187067,0.0087065445,-0.0071583360646171375,0.0071583360646171375,0.017839928584864155,0.029458385426822456,0.01759878717973413,0.028983326612496314,0.01767708312486374,0.02906315880984412,0.0116585623022794,0.021601859435129094
2024-08-22,0.012171762918624403,0.011913548169324165,0.012017068130755969,0.010607682,0.014741898551803224,0.014741898551803224,0.017908979076683585,0.029580096912372424,0.017520760012910985,0.028869725712627546,0.01769761132877413,0.029106873362965958,0.01450596435195555,0.026620455665651455
2024-08-23,0.012225394659650718,0.01189598652241076,0.01204068144282871,0.009337895,-0.002078497338934625,0.002078497338934625,0.017984677953425912,0.029707221566418834,0.017482990957937743,0.0288152272563359,0.017725550281839968,0.029157231300596217,0.012582078403226097,0.023246409198633394
2024-08-26,0.012277774879833938,0.011914732007018947,0.012063514855029196,0.009512597,0.0022205616116255248,0.0022205616116255248,0.018049311438026603,0.02982208078463797,0.017494070103022515,0.02884416353842295,0.017743173006492367,0.029196532556159435,0.012826607329684523,0.023690455360251692
2024-08-27,0.012328938872181477,0.011901904865188018,0.012085595609057713,0.009266419,-0.0054812796555530376,0.0054812796555530376,0.018130237661314712,0.029952066539205537,0.017473013097428502,0.028810887268626906,0.017777824884856856,0.029252148375635247,0.012454914504916061,0.02303761673930346
2024-08-28,0.012378920612927847,0.011940972719887782,0.012106949894177895,0.010783668,-0.002238152345232362,0.002238152345232362,0.018259725434526114,0.030129480220092247,0.01758518765214926,0.02896027825430908,0.017861762397562687,0.029356360104301083,0.014791931644782584,0.027107404232725663
2024-08-29,0.012427752828437581,0.012029709910659884,0.01212760289486265,0.011751666,0.009809498783971974,0.009809498783971974,0.018404947502964356,0.03032152595287576,0.017794163849214773,0.029253786390982212,0.017962146346860376,0.029476352455085786,0.016318550244285475,0.029739525080038916
2024-08-30,0.012475467057677238,0.012165726367371876,0.012147578835796072,0.010071082,-0.02506667440523594,0.02506667440523594,0.018452070692814345,0.03041440080545679,0.01798224546632807,0.029571438651524482,0.01796513197573141,0.02949830367040512,0.013756264876644426,0.025257931966404728
2024-09-03,0.012522093710616765,0.012104743704147752,0.012166901024411954,0.014328096,-0.004681428119891738,0.004681428119891738,0.018620995305782678,0.03062803423869867,0.017979595425901575,0.029510695913324704,0.01809060833737836,0.029642124932038817,0.020268104874777704,0.03663148907690039
2024-09-04,0.012567662122886085,0.012186593999431046,0.012185591891134802,0.014651995,-0.0032650914845589745,0.0032650914845589745,0.018727681576599042,0.030778414616337207,0.018144249675006746,0.029753321576191698,0.018154524729875186,0.029723786833986604,0.02079044691742883,0.03752373940767274
2024-09-05,0.012612200606982062,0.012207009098940038,0.012203673027475874,0.014815945,-0.020700764881147325,0.020700764881147325,0.0188016569969382,0.030895096578003392,0.018179828617470452,0.029808348147589363,0.018186397999310704,0.029772826721780825,0.02104060342381947,0.037961134592399526
2024-09-06,0.012655736500293682,0.012225489651721454,0.012221165222124608,0.017235663,0.013634490568003489,0.013634490568003489,0.018912377559432994,0.031047562329286283,0.018250664032409516,0.02989678832281035,0.018255673764892736,0.029858709951856608,0.024729543777841378,0.04441351205362682
2024-09-09,0.012698296210188743,0.01226430479290595,0.012238088495164876,0.013684527,-0.005290294953733876,0.005290294953733876,0.018876601643972347,0.03105259557126313,0.018208997411472666,0.02989209739540087,0.01817910028802603,0.029798203793115395,0.019272820706005396,0.034901216308112444
2024-09-10,0.012739905256383513,0.012254153658904447,0.012254462130535392,0.013937035,0.016149024559788415,0.016149024559788415,0.018967103262347202,0.031182994785772286,0.018217008815806037,0.02989043872748046,0.018229441701264438,0.02986409068669575,0.019677666715544412,0.035594438902300546
2024-09-11,0.012780588310797094,0.012215352787919428,0.012270304706844603,0.011341161,0.0048630602515957,0.0048630602515957,0.018980318049439067,0.03123521926481684,0.018103504846297473,0.02973997265837994,0.018203123985186746,0.0298528142521055,0.015712929832877916,0.02866508806044082
2024-09-12,0.012820369235074592,0.012212054341161535,0.012285634126641968,0.009749904,0.0021275104885811373,0.0021275104885811373,0.019020409620509424,0.031313455503833756,0.018074950840396637,0.029708276518953004,0.018204301312623704,0.029868545659239538,0.013290907470239744,0.02442577316398774
2024-09-13,0.012859271115947327,0.012243025409520433,0.012300467644240077,0.009305762,0.003804200232556925,0.003804200232556925,0.019087876608398602,0.031418224272798626,0.01812984182883419,0.02979267085832288,0.018233463073927633,0.029911790680064356,0.012626871959114393,0.02325450678243669
2024-09-16,0.012897316298583962,0.012220514713377317,0.012314821892175023,0.008944046,0.0014763360204165254,0.0014763360204165254,0.01917008583660259,0.03153691382128169,0.01811552242696357,0.029756907541106974,0.01827796703914733,0.029969922875914982,0.012103197013969183,0.022317733464772463
2024-09-17,0.012934526418073519,0.012269088424877759,0.012328712906386183,0.008936237,-0.0006064204018241379,0.0006064204018241379,0.01917013468386878,0.03157264227323178,0.01813377168185964,0.029821428601672653,0.018240901712654377,0.029946045976027534,0.012032186376381364,0.022237804482210126
2024-09-18,0.012970922429169572,0.012225241953254784,0.012342156150190745,0.009303491,0.025194969580788776,0.025194969580788776,0.019234242883686612,0.03167164945498765,0.018069942676457455,0.029715831006809936,0.01826847812351087,0.029986385690668853,0.012591918602491372,0.023216958761120787
2024-09-19,0.01300652463441435,0.01218560412960193,0.012355166537122968,0.008705785,-0.003100205897406163,0.003100205897406163,0.01918877318193728,0.031660317579894987,0.017904514466631695,0.0295126434078707,0.018187050474765442,0.029917310382116622,0.011588715227748004,0.021531144367958156
2024-09-20,0.013041352710751856,0.01217262260171455,0.012367758452703324,0.009203396,0.0007889498261275621,0.0007889498261275621,0.01921947108713662,0.03172441102406786,0.01785901117149427,0.029454773778822517,0.018182355886041734,0.029924570827915938,0.01231404164779378,0.022824767548324593
2024-09-23,0.013075425734730488,0.012158584789595138,0.012379945775198164,0.009395637,0.0014771554306304258,0.0014771554306304258,0.019202221580042884,0.031739833060162356,0.017765078448880443,0.02934746849532439,0.018130271096127824,0.02988405694317839,0.012532295160106427,0.023262569181731946
2024-09-24,0.013108762206387677,0.012238279521574932,0.012391741895426422,0.009370938,-3.876573459707551e-05,3.876573459707551e-05,0.019234099234183788,0.031803676000806,0.01787097476100878,0.0295292828099514,0.018127862577063652,0.029892847913474404,0.012473824787158907,0.02317589277328962
2024-09-25,0.013141380071901895,0.01225153049586838,0.012403159735666082,0.009603453,0.005984196631566139,0.005984196631566139,0.019298591004869668,0.031899444009331056,0.017904634711454467,0.02957556577166181,0.018158609317241586,0.02993443499588402,0.012836849163980427,0.023804459567875805
2024-09-26,0.013173296745090891,0.012218603398379772,0.012414211767709635,0.009023054,-0.004182204371831638,0.004182204371831638,0.019260756308460435,0.0318922131996556,0.01776341912412379,0.029402983500394633,0.018087562895240713,0.02987388160997341,0.011873242159844838,0.022178008866967164
2024-09-27,0.013204529127828945,0.01219888985008127,0.01242491003011451,0.010109216,0.006703489485502786,0.006703489485502786,0.019342284237267693,0.032003688870762985,0.01776373557616373,0.029384520628233282,0.01813640468973357,0.02993288056407955,0.013542335375120403,0.025087552971114875
2024-09-30,0.013235093629450561,0.012206682690594738,0.012435266144691492,0.009396434,-0.018620826077897886,0.018620826077897886,0.019394804265963406,0.03208551623171615,0.017779988273539212,0.029408196863788465,0.018156756581298027,0.02996306477277654,0.012471677459910168,0.02320286231501366
2024-10-01,0.013265006185203019,0.012172522973864754,0.012445291332271393,0.013036379,0.002723403913199113,0.002723403913199113,0.01950747044103454,0.032226864608805805,0.01779050039966911,0.029386168100506524,0.018237765137638556,0.030053591457066122,0.018023693292869344,0.03291187371267201
2024-10-02,0.013294282273805606,0.012223422738743491,0.012454996427787668,0.012280268,0.0019406916604667495,0.0019406916604667495,0.019557565618732328,0.03230503170033672,0.017875148095415877,0.029519303423744474,0.0182567058476335,0.03008174639274467,0.016887348795332213,0.030912010649241706
2024-10-03,0.013322936934169248,0.01215544937227696,0.012464391894710325,0.011226556,0.014908677933177501,0.014908677933177501,0.019533160088195493,0.032308102215782834,0.017696650988684833,0.029276054205085156,0.018201641740858587,0.030035602543630593,0.015228877501051735,0.02805015137926848
2024-10-04,0.013350984781326349,0.012246963005256229,0.012473487838864313,0.009484647,-0.0027241021318009755,0.0027241021318009755,0.019539690835371513,0.03234152715498317,0.017804481143695178,0.029471061166448827,0.01817800264818438,0.03002059933528125,0.01256488862616186,0.02339681836945181
2024-10-07,0.013378440021617187,0.01228948106914623,0.012482294021663464,0.00994263,0.011224238407306837,0.011224238407306837,0.01960894786172174,0.032437110141408675,0.017897820839219068,0.02960490399687827,0.018217571517409145,0.030068528983190408,0.01328078455000427,0.024635752501778865
2024-10-08,0.013405316467175991,0.012222397974506496,0.012490819872789286,0.009066407,0.011802544403623461,0.011802544403623461,0.019659995531010995,0.0325139287828421,0.017799030414751546,0.029442209542370607,0.01823940575720594,0.030098457848772846,0.011968151929772554,0.022322430538929162
2024-10-09,0.013431627549756787,0.01251116559296637,0.012499074502342085,0.008463358,-0.0017512660258687252,0.0017512660258687252,0.019668218794030485,0.03254738090935803,0.01822599281876633,0.03014425488141967,0.018218883459212652,0.030085772672990924,0.011025391158735569,0.02069095858660918
2024-10-10,0.013457386333936446,0.012582965179958933,0.012507066712490283,0.009036802,0.016941296441687362,0.016941296441687362,0.01974181563570156,0.03264567703308666,0.018373087133327897,0.030359746204030487,0.018264195842694193,0.03013867303207691,0.011922381043290619,0.022242848917698385
2024-10-11,0.013482605529729807,0.012606679764804212,0.012514805008642273,0.008534855,0.006933138151273238,0.006933138151273238,0.01974044116090996,0.0326684844461443,0.018369361513643497,0.03037861133616636,0.018234991338109838,0.030116815431707092,0.011124168540458841,0.020871387812416715
2024-10-14,0.013507297504649393,0.012571534632384276,0.012522297610163805,0.008331768,-0.01176806775171814,0.01176806775171814,0.019745812364370747,0.032697532002061915,0.0182793247157518,0.0302550949319746,0.018212980354870664,0.030101918084934547,0.010784055072222496,0.02029933963284328
2024-10-15,0.013531474295240183,0.012473985309761983,0.01252955246066246,0.010813672,0.013359440282608586,0.013359440282608586,0.019797815138521517,0.03277271713473876,0.018137189077994626,0.030020032829260364,0.01823804228727072,0.030133867927884618,0.014538865125940964,0.026888606659339592
2024-10-16,0.013555147618117807,0.012449675630825904,0.012536577237859697,0.009593539,0.00041374164726351256,0.00041374164726351256,0.019800632132646285,0.032798233728150356,0.018063506534916042,0.02992319264175079,0.01821435337178171,0.030116848486422296,0.012664681919676398,0.023620970235032176
2024-10-17,0.011155856649512352,0.009437607520265318,0.009759244486476743,0.008587348,0.00085502817828995,0.00085502817828995,0.015955496098003168,0.02667449795463161,0.013242134515336172,0.022235668710214814,0.013763485035491308,0.023036458814120735,0.011132560185186973,0.02093972962259542
2024-10-18,0.01123594975842449,0.009628745815356641,0.009866909065794197,0.008303094,0.00038863766404494994,0.00038863766404494994,0.016030249166102916,0.026826207746908148,0.013494220278447768,0.022669899025233593,0.013882508109188488,0.02325778189908224,0.0106512515730379,0.02013378990061263
2024-10-21,0.011313926483282733,0.009841930845390295,0.009970014251948201,0.008233546,0.0081196485183584,0.0081196485183584,0.016127798718821005,0.02699868051572599,0.013807641398633096,0.023186474054216984,0.014020421578262698,0.023493663165660823,0.01051976994006045,0.019922880421859097
2024-10-22,0.011389860386123947,0.00986413607301309,0.010068807989840287,0.0077764974,-0.008771063645358087,0.008771063645358087,0.016162080605800603,0.027105922792132215,0.013756404682924262,0.023156397730429712,0.014091439853359693,0.023658552615133614,0.009744136607633517,0.018625276176618025
2024-10-23,0.011463821376592024,0.009944449011361541,0.010163519453920196,0.009423589,-0.006389753672141739,0.006389753672141739,0.016297054958911462,0.027311961880032404,0.013901693904773462,0.02337822087846487,0.0142597774866448,0.02391688255511476,0.01224421126779924,0.02300640916463743
2024-10-24,0.011535875965295135,0.010046761098153797,0.010254361001339913,0.011308712,-0.0064056982109039,0.0064056982109039,0.016460033207670297,0.027544173115047026,0.014113115548814004,0.023687140458199352,0.014452978900958584,0.0241963991845459,0.015134143307629772,0.028049244209948726
2024-10-25,0.011606087494430616,0.01011387325719244,0.010341529864760973,0.012791799,0.006351108367114764,0.006351108367114764,0.016570095177306603,0.027721697184171036,0.014218406751053434,0.023856385951387005,0.014590337822307297,0.024416583634647018,0.017368051235707727,0.03197690938893172
2024-10-28,0.011674516348152962,0.010222545793589683,0.010425209626573088,0.011240536,0.001104199048537725,0.001104199048537725,0.016640255871631517,0.02785760711077287,0.014352931479209664,0.024094469782847135,0.014685066080549418,0.024590822170366143,0.014990784552449347,0.027828025024885298
2024-10-29,0.011741220144846139,0.01033659793109552,0.010505571508542397,0.009965551,-0.007161677287371687,0.007161677287371687,0.01669797573183064,0.02797941869813035,0.014486344199192782,0.024336568077691804,0.014764805620250641,0.02474691942662374,0.013020297078866386,0.024401442645568275
2024-10-30,0.011806253913192505,0.010426648283635504,0.010582775504782614,0.011580987,-0.020392709593204612,0.020392709593204612,0.0168810014558476,0.028224931517988463,0.014709435888490403,0.024645472927061,0.014967470847878191,0.02502294183202596,0.015534921414001687,0.028760972297533258
2024-10-31,0.011869670253699725,0.010530174941759783,0.01065697138105961,0.015053454,0.0040920365169957,0.0040920365169957,0.017098548547134863,0.028503411614511788,0.014991121907497629,0.025025814303151355,0.015202432518190069,0.025328402444766463,0.020886012580314965,0.03807778958610663
2024-11-01,0.011931519487148117,0.010586196625750171,0.010728299559521391,0.013041607,-0.005584948643365412,0.005584948643365412,0.017225264638998213,0.02868955497126325,0.01510869471134098,0.02519677276957289,0.015344482234187261,0.025538226293225445,0.01788147778046399,0.03277562984061509
2024-11-04,0.011991849791249039,0.010712447161396186,0.010796891904779641,0.013439965,0.011951744414184715,0.011951744414184715,0.017433931598345984,0.028956189746260297,0.015422663983504325,0.02563105203629959,0.015566535587802967,0.025825454263572585,0.01859455886494453,0.033943654552214694
2024-11-05,0.012050707326656099,0.010741879239998312,0.010862872424696565,0.011035726,0.048408481742172084,0.048408481742172084,0.017543115518986643,0.029121926386349216,0.015485054744923687,0.025721489991328794,0.015687283070966583,0.026008894676699968,0.014985747712020419,0.027589084657196544
2024-11-06,0.012108136353341552,0.010768046129013208,0.01092635789712783,0.010392863,-0.0014981739315948878,0.0014981739315948878,0.017468807909230256,0.02910279892662574,0.015361020647535879,0.025622391536859357,0.015622832078141871,0.026004765886274712,0.01385089292785743,0.02572004966101268
2024-11-07,0.012164179338237692,0.010821890192311823,0.010987458432144244,0.008934669,0.00018860973451307467,0.00018860973451307467,0.017572740659833032,0.029260580061805867,0.015461584034562876,0.025774265430646412,0.015735022600143866,0.026175012506763892,0.011667421506717382,0.021871248679235157
2024-11-08,0.012218877054944557,0.010881689732681343,0.011046277977827342,0.0087390235,0.002179984265547474,0.002179984265547474,0.017664430396839494,0.029404825594871238,0.01556154696175323,0.025931214115084714,0.015833472225432556,0.026329350895321714,0.01137706882233005,0.021357460533326676
2024-11-11,0.012272268676219245,0.010966418476119847,0.0111029147765488,0.008537147,0.0017662540573147878,0.0017662540573147878,0.017719728642050243,0.029511424686404424,0.01566696473122733,0.02611737383634766,0.015894126881500586,0.026443820326721722,0.011043014332207692,0.020792852483245385
2024-11-12,0.012324391859886458,0.011051829653182297,0.011157461777655453,0.008444367,0.0010762567917978623,0.0010762567917978623,0.017864274221434273,0.02970605234554758,0.015864738661351855,0.026396540040932268,0.016042713765106187,0.02664423631571204,0.010964682213283191,0.02060856100103916
2024-11-13,0.012375282828743492,0.01112674919529979,0.011210007011653625,0.0084704235,-0.0021165137887188125,0.0021165137887188125,0.017934596566715175,0.029825272808364618,0.01597351604014419,0.02657671172834058,0.016115845113797624,0.026767294744079802,0.01099322929977087,0.020666866637753523
2024-11-14,0.012424976444974277,0.011155264154997057,0.011260633930290134,0.009041565,-0.0076858799076823135,0.0076858799076823135,0.01811538064616527,0.030053804540135412,0.01612063933462417,0.0267510082512635,0.016298283560961607,0.02699783753883541,0.01195582962505598,0.022281737354622078
2024-11-15,0.01247350627953527,0.011320113021192848,0.011309421716338974,0.011238254,0.0020357247501225253,0.0020357247501225253,0.018242129803324982,0.030227183140743904,0.016433055950687073,0.027220517002376023,0.016425605358455154,0.027171516189195503,0.015316669098422286,0.028151303730294463
2024-11-18,0.012520904676930244,0.011381807929132832,0.011356445566403991,0.010933046,0.004806947033927912,0.004806947033927912,0.018280794106166023,0.030311389756079624,0.01649464245132514,0.02734089544398183,0.016463829073958613,0.0272544207126475,0.014819759548680518,0.02730583180584166
2024-11-19,0.01256720281575033,0.011403085508356883,0.011401776949623382,0.00960234,-0.00034696504557782523,0.00034696504557782523,0.018341126214937806,0.030416207004053387,0.016515176939020326,0.027381706324388286,0.016522771775295566,0.02735643608508363,0.012800389259944794,0.02376672840852582
2024-11-20,0.012612430765319593,0.011440789379847608,0.011445483844799369,0.009427823,0.008807310463320563,0.008807310463320563,0.01845115712185221,0.030569694768709472,0.016613317310425674,0.027515776464731682,0.01663052505836015,0.02750571849404252,0.012575311427680721,0.02334234382000374
2024-11-21,0.012656617538754208,0.011456926062188686,0.011487630958165787,0.008596321,0.005311638394821412,0.005311638394821412,0.018459115211648277,0.03062010931177171,0.01657663997570246,0.027494476523496677,0.016635374370734205,0.02755061486924334,0.011259450628409167,0.021076867408106107
2024-11-22,0.012699791142714691,0.011558188217810171,0.01152827992373932,0.008215906,0.0027991879272044754,0.0027991879272044754,0.018509213263525653,0.030711690322380896,0.01671950521048277,0.027733839165832174,0.01668158625414345,0.027635450315410353,0.01066733280648122,0.02005029784966836
2024-11-25,0.012741978624104937,0.011619803068105105,0.011567489487969854,0.008197357,0.006707118234259625,0.006707118234259625,0.018559292825176012,0.030802305335996597,0.016800678664532383,0.027873728270204175,0.016727052938815656,0.027718172882080904,0.010622258551186028,0.019984039731090964
2024-11-26,0.012783206113948934,0.011694368719949812,0.011605315680206263,0.008016978,-0.003972614272307138,0.003972614272307138,0.018595423699315335,0.030878049263087903,0.016890091033882285,0.02803419770970547,0.016757892032196027,0.027784953414292907,0.010320816740826884,0.0194765958864849
2024-11-27,0.012823498868655433,0.01177042029139493,0.01164181197032116,0.008890836,0.004710708862808938,0.004710708862808938,0.01867556377229965,0.030996904257398008,0.017027371632781018,0.02824395138050269,0.016832106533411835,0.027893845716820246,0.011654072405330671,0.021807839126817715
2024-11-29,0.012862881308862342,0.011769323741955764,0.011677029414687993,0.008616644,0.0021026870446123214,0.0021026870446123214,0.01874486205085586,0.031104042789998256,0.01703219652403978,0.028247731318911236,0.01689488804111704,0.02799008990072098,0.011247318061614105,0.02108794619383819
2024-12-02,0.01290137705603609,0.011873375068723237,0.011711016791572675,0.008542693,0.0028369005122777873,0.0028369005122777873,0.018811557032196502,0.031207726054569097,0.017203558267489247,0.028518248400543223,0.016954515281402065,0.02808201103989262,0.01114122454316672,0.020897397550356946
2024-12-03,0.01293900896698612,0.011828152423464383,0.01174382072688751,0.00846815,0.007177284341581162,0.007177284341581162,0.018886864455167133,0.031319191751710405,0.01714679208200545,0.028418387457659833,0.017022242004674767,0.02818090718744113,0.011044227086901729,0.02071526696622378
2024-12-04,0.012975799166441303,0.011841028080082767,0.011775485811154656,0.008174093,0.006961211239763463,0.006961211239763463,0.01889182718661605,0.03135950400661193,0.017113698009877082,0.02839756319626796,0.01701914700682093,0.02820789950797697,0.010547320098731388,0.019882532508227697
2024-12-05,0.01301176907782275,0.011753567507774985,0.011806054708438178,0.008000626,0.00019730380985186246,0.00019730380985186246,0.018936420584925683,0.03143865876215246,0.016961488513246026,0.0281620084613374,0.017055239617580733,0.028273037869495917,0.010273132305454196,0.01941023657084602
2024-12-06,0.013046939452336514,0.01184886385740261,0.011835568257926008,0.008318748,-0.011390947337576639,0.011390947337576639,0.018972700644710308,0.03150873195155101,0.017093766030708793,0.028385098292957416,0.017082607961036632,0.028328449200387386,0.010732947720045367,0.02023336278443984
2024-12-09,0.013081330396499714,0.011908530903072262,0.01186406556877462,0.010904119,-0.003028007157773175,0.003028007157773175,0.01910815985683049,0.03167723538482947,0.017269629576268646,0.028617821335416786,0.01720877492316026,0.02848169354710024,0.014710933570939229,0.02716396809108846
2024-12-10,0.013114961398204457,0.011859849911964244,0.01189158410876847,0.012081627,0.0039669951811047,0.0039669951811047,0.019212199259175028,0.031813588824637834,0.0172424509754672,0.02854425235895812,0.017303170302583985,0.02860223630915617,0.016536433505948012,0.030334241944487517
2024-12-11,0.013147851351415782,0.011875743455705353,0.011918159787292576,0.011088665,-0.0011227418512719997,0.0011227418512719997,0.01923667772734589,0.03186966930066993,0.01723989856197442,0.028556845640897843,0.01731768019437472,0.028641997701761828,0.015011695494406906,0.02767549017583677
2024-12-12,0.013180018579592282,0.01194209302010261,0.011943827033068847,0.011025449,-0.0073439809201156,0.0073439809201156,0.019315946565031362,0.03197984572254003,0.017373773135588716,0.02875394779363542,0.017386681667173248,0.028735387506811157,0.014944436962196456,0.027536037380287277
2024-12-13,0.013211480857911323,0.011949306322591785,0.011968618867064244,0.01285706,-0.0007345535511944874,0.0007345535511944874,0.01944342599755633,0.03213755539468809,0.017462649144258664,0.02884969769300861,0.017503619337708755,0.0288758817166753,0.017782855779497366,0.03246624395307754
2024-12-16,0.013242255434374474,0.012008469736199638,0.011992566970941027,0.01326205,-0.0018125414106034876,0.0018125414106034876,0.019528941704428638,0.03225264056920499,0.01759352558026313,0.02903695369154791,0.017578341978978066,0.028973359207421435,0.01842985754839671,0.033575766589563016
2024-12-17,0.013272359049863135,0.012041913613174705,0.012015701751385494,0.013446428,-0.029976546728021948,0.029976546728021948,0.019591598521676322,0.032344222167440095,0.01766158493006112,0.02913688326380839,0.017629976293309743,0.029046975573000334,0.01872250681093849,0.03407898229828991
2024-12-18,0.013301807957209172,0.01207404643446299,0.012038052400621325,0.017874237,0.006405136473910463,0.006405136473910463,0.019771686863077544,0.03255260621955499,0.01784602720787761,0.029351946398278813,0.01779883339980036,0.029237069670180794,0.025530363572368944,0.04594361330343279
2024-12-19,0.013330617939340565,0.012156496835757029,0.01205964695338656,0.01415431,0.013717085397665476,0.013717085397665476,0.019807000628248334,0.032615601790046335,0.017966977224213976,0.029551467228439248,0.017822726804437607,0.02928148164281075,0.0199122129214613,0.036077126694997984
2024-12-20,0.013358804326557812,0.012171747999322509,0.012080512340628843,0.010826653,0.005363825326702563,0.005363825326702563,0.01974302635998812,0.03257871015169125,0.017882438719452748,0.029481462265229026,0.017747161615628056,0.029225742188364833,0.014787092075885029,0.027151656539381237
2024-12-23,0.013386382012992765,0.012099423642425649,0.012100674440151657,0.009436297,0.011914645448500764,0.011914645448500764,0.019790758221870784,0.03265293977895266,0.017770878659294755,0.029300980968891437,0.017783149576406237,0.029280887638276135,0.012695018315391141,0.023471729011909564
2024-12-24,0.013413365472297975,0.012225559452768688,0.012120158124424584,0.0086449,0.0018482197640139748,0.0018482197640139748,0.01979717712700386,0.032685285491813536,0.01793552822260807,0.029585831199702626,0.017777688244511237,0.02929393918344086,0.011465474767681005,0.021338371364470365
2024-12-26,0.01343976877261124,0.012249402198957149,0.012138987305752805,0.008664231,-0.010657992077372025,0.010657992077372025,0.01985419500164946,0.03276767273377629,0.01798852674210315,0.029661550578555896,0.017822705304264694,0.029356847229015156,0.011509580391665846,0.021404553990086464
2024-12-27,0.01346560559083699,0.012341986987599281,0.01215718497898494,0.011178587,-0.008468671819979462,0.008468671819979462,0.019944667556839383,0.03288297035720006,0.0181855368832078,0.029946789061514205,0.017901071383602217,0.029452504252026394,0.01534915189402865,0.02811564165311621
2024-12-30,0.01349088922628322,0.012394757794948391,0.012174773261923864,0.01354867,-0.004712813279451638,0.004712813279451638,0.020027365288424723,0.032989961636453236,0.018312143493990064,0.030123683423653624,0.017971571096899664,0.029539715882596712,0.018964346245251618,0.034437589094363175
2024-12-31,0.013515632613690194,0.012417649998205903,0.01219177343359189,0.0146939615,-0.00034131868606993715,0.00034131868606993715,0.020079129866557233,0.03306550066991332,0.01836101618169556,0.030194371154244778,0.018011059474775368,0.02959535737010383,0.020703163730001212,0.03748438394257998
2025-01-02,0.013539848335684598,0.012422539050237493,0.012208205970489768,0.014587999,0.013518878629436662,0.013518878629436662,0.020098313738195712,0.03310795199443978,0.018349430626558014,0.030187444603683573,0.018017901604630703,0.029617813258173902,0.02052404820907965,0.03718425422895803
2025-01-03,0.013563548634690673,0.012382824039454005,0.012224090580978108,0.011887125,0.010251296824465052,0.010251296824465052,0.020069613955516458,0.033102024425229214,0.01821963161356107,0.03001979931378178,0.017976806494962812,0.029591811281662606,0.016386184746878214,0.029961859712855882
2025-01-06,0.01358674542432777,0.012449352448846242,0.012239446237899921,0.0097847795,-0.0053426486879294,0.0053426486879294,0.020066987899107828,0.03312168678996113,0.018286183751891345,0.030149749460931047,0.01796174283247234,0.029591338154759894,0.013177447356895793,0.02435214292319237
2025-01-07,0.013609450300321855,0.012638809257186183,0.012254291209554007,0.010987263,0.0006245932329430877,0.0006245932329430877,0.020144940630192336,0.03322145529150426,0.018630188881820525,0.0306742967760061,0.018027226366340687,0.029670926984697376,0.015031914114778614,0.02757990442199049
2025-01-08,0.013631674550956782,0.012647482195272187,0.012268643089120679,0.011220059,-0.01934161534361146,0.01934161534361146,0.02023211096606819,0.033329979593400144,0.018695797509285763,0.030748170248674853,0.01810190601398963,0.029759243405467456,0.015434615933266355,0.028248469033208563
2025-01-10,0.013653429167089417,0.012647776669862712,0.012282518822633842,0.014865467,-0.0011382786355836,0.0011382786355836,0.020326896332870284,0.03344566768224699,0.018756404143879375,0.03080905750177201,0.01818418874253508,0.02985471048585542,0.02098999747025496,0.03796708599614626
2025-01-13,0.013674724851751323,0.01262753877007877,0.012295934735586588,0.014848876,0.003852847180673438,0.003852847180673438,0.020391570060999203,0.03353080317235447,0.018754877610078942,0.03078824533404915,0.018236356891386314,0.02991962607731859,0.02099574393284929,0.03795388376963747
2025-01-14,0.01369557202935817,0.012609616155723957,0.01230890655825117,0.01346294,0.02629254005120721,0.02629254005120721,0.02040174674921125,0.0335610106786824,0.01870326162708376,0.030719550060066766,0.018234033562079234,0.029929628227877942,0.018883498259032187,0.03425883116587442
2025-01-15,0.013715980854546842,0.012603799910859822,0.012321449449788545,0.010672146,-0.006882498783853212,0.006882498783853212,0.020340934840081412,0.03351980840079486,0.018600666831456315,0.030611412694782864,0.01816073521814358,0.029868247804893593,0.014583216571260698,0.02677132893447996
2025-01-16,0.013735961220658954,0.012580125764749919,0.012333578021217295,0.011875147,0.012521565831804575,0.012521565831804575,0.020396429941485703,0.03359450145249383,0.018586575201863426,0.030574760872671185,0.018203765029732318,0.0299228018615186,0.01642034546087244,0.029982343023519306
2025-01-17,0.013755522767888337,0.012643281228213303,0.012345306357307026,0.0103282835,0.004745366924167712,0.004745366924167712,0.020353397714681094,0.03357026475772749,0.01861313060611083,0.03066150004902732,0.018148295783667192,0.029878476567547076,0.014014348516116939,0.025809751020620667
2025-01-21,0.012583096236036396,0.011213797120854877,0.011002118826672801,0.009024999,0.0093972097666029,0.0093972097666029,0.018450935759549453,0.03069874978617512,0.016317263990214888,0.02710441984349491,0.015984459373407475,0.02655459117560639,0.012065749345161582,0.022372737256624368
2025-01-22,0.012628934182033999,0.011376473908110953,0.011059307082476499,0.008331559,0.006473747898246663,0.006473747898246663,0.018559123344561935,0.03085155394467715,0.016611669045021985,0.02755531246793876,0.016110912852697255,0.02673598747190315,0.011055795433111212,0.02057084064383032
2025-01-23,0.012673699399659871,0.011439114018553916,0.011114379885514891,0.008062269,-0.006829974491605812,0.006829974491605812,0.018633012966511542,0.030969015995070313,0.016714187799369777,0.027718088120706648,0.016201403194215015,0.026879388238767444,0.010652630474283184,0.01986013434441277
2025-01-24,0.012717421197690433,0.01149732858942426,0.011167426705798861,0.009406974,-0.02753436873582324,0.02753436873582324,0.018747025535976652,0.031125585375764,0.016851440138782786,0.027911340193496524,0.016330447249198,0.027059396284498265,0.012724251789089666,0.02346747305714749
2025-01-27,0.012760127865880003,0.011547044574140799,0.011218532332160965,0.0146563975,0.018531488002494302,0.018531488002494302,0.01894196710592631,0.03136209567568846,0.01705770149518678,0.02816542603519812,0.01653894117427676,0.027316989225411297,0.020764557841662246,0.037502877611163936
2025-01-28,0.012801846722187036,0.011671900818276732,0.011267777191258517,0.011080758,-0.003569255315871475,0.003569255315871475,0.01901101341281531,0.031471749221357745,0.017259285771539862,0.028487116262304022,0.016620145405630487,0.027445504766472013,0.015377254294939009,0.0280320188726854
2025-01-29,0.012842604157151181,0.011753456340421178,0.011315237638583001,0.011060803,0.011790767422476627,0.011790767422476627,0.019067977111730017,0.031568384355210186,0.017381365265152788,0.028687648408358076,0.016687952287133094,0.027558908609024973,0.015339387866161992,0.027971364843152692
2025-01-30,0.01288242567563316,0.011846983340889463,0.011360986224491072,0.009524243,-0.008700532729051212,0.008700532729051212,0.019109938839504702,0.03164910653935238,0.01750899228688803,0.028905244092774483,0.01673951749087547,0.027654426126901624,0.013001811465832857,0.02387895971408811
2025-01-31,0.012921335936110851,0.011895330541594534,0.011405091937891033,0.011479116,-0.008255823520830189,0.008255823520830189,0.019252945268680308,0.03182998644776702,0.017667170011752845,0.029109929595821364,0.016890958396823703,0.02784824098019692,0.01602986411681847,0.029139574184329074
2025-02-03,0.012959358787708278,0.011971509835441747,0.011447620429892334,0.013647168,0.007628348532857188,0.007628348532857188,0.019257003184802897,0.031871054079653655,0.017732127169845523,0.029248167722587395,0.016902348467505053,0.027900489704823426,0.01924173366581817,0.03482746351813693
2025-02-04,0.012996517305119023,0.012094694615459797,0.011488634219445243,0.012049535,0.012153732509009849,0.012153732509009849,0.019311111850441542,0.03196133115743942,0.017923356946818767,0.02955789557888967,0.016962749884073664,0.02800029454614245,0.016828470691351457,0.030589627861289544
2025-02-05,0.013032833821572087,0.012231399439070586,0.0115281928827565,0.009778576,0.008642001687107688,0.008642001687107688,0.01934980579257945,0.03203537394625771,0.018122038146705786,0.029888080516742684,0.017006756583018836,0.028082306677650763,0.013386127780540989,0.024553738776012468
2025-02-06,0.01306832995997589,0.012226683382943384,0.011566353228058001,0.008729404,-0.0066132968661229,0.0066132968661229,0.019362996532498313,0.03208311501414657,0.01807132915229873,0.02983283489376025,0.017024336214932108,0.02813654832765426,0.011761361016153663,0.021730764983414978
2025-02-07,0.013103026662364936,0.012255041555582241,0.011603169457124857,0.010201318,-0.0008206525180468132,0.0008206525180468132,0.019446175318904742,0.03220006599383728,0.018144543662070186,0.029933328658245585,0.017111033088108303,0.02825861587804521,0.014008247249658212,0.02565864934855233
2025-02-10,0.01313694421776368,0.012341656366107205,0.011638693314781979,0.010848016,0.00639189457567325,0.00639189457567325,0.019530986173790045,0.03231789065573551,0.018313392449293073,0.03018549690008902,0.01719854140826329,0.02838025324765638,0.01501403576357001,0.027402997153230847
2025-02-11,0.013170102288572945,0.012302950368494818,0.011672974227501503,0.009753792,-0.00040077163836503755,0.00040077163836503755,0.019555256928486933,0.03237443596966136,0.018223354211605338,0.030058225277116924,0.017224736493420538,0.028439383240303137,0.013336149429173374,0.024475455668957136
2025-02-12,0.013202519935575915,0.012339340593366445,0.0117060594320737,0.009742352,0.013008219192625823,0.013008219192625823,0.019639648484243443,0.03249038138976296,0.018314191828506375,0.030184068612687163,0.01731032419969757,0.028556757094188662,0.013351797029532092,0.024478038676239152
2025-02-13,0.013234215641653226,0.01239307134735575,0.011737994095229336,0.008820969,0.012760676798050138,0.012760676798050138,0.019636284506041622,0.03251786857141842,0.01834603284293049,0.03026759613536092,0.017307470767976108,0.028584584443499633,0.011909146850813417,0.021983122510720283
2025-02-14,0.013265207334289777,0.012365322910145271,0.011768821424999461,0.00825453,0.0014992700054955372,0.0014992700054955372,0.019579424187885264,0.0324911741584306,0.018195753274634827,0.03009062384972353,0.017250475730800723,0.02855720633229219,0.010949178467988409,0.020376253742277063
2025-02-18,0.013295512406949605,0.012441235008269576,0.011798582774517645,0.008416044,-5.816518435746245e-05,5.816518435746245e-05,0.019664115058217697,0.03260536260925025,0.018353178601108317,0.03032107311490316,0.01733442484916863,0.028669748251008324,0.011229198713500456,0.020840730805594877
2025-02-19,0.013325147739389453,0.012509952423155085,0.011827317738898419,0.0087954905,-0.009771461437023711,0.009771461437023711,0.01973108575874241,0.03270117899556897,0.0184824913367019,0.030516488835615488,0.017400083013380648,0.02876301313040141,0.011821084001599739,0.02186596235030789
2025-02-20,0.013354129716976445,0.012652828295598313,0.011855064245762497,0.011404219,-0.015796258566195376,0.015796258566195376,0.019798792110819814,0.032797095087518886,0.018731663215628608,0.030903100716988124,0.01746594042293141,0.028855527608397293,0.01577526020218044,0.02879943387914806
2025-02-21,0.013382474249070459,0.012613902426891853,0.011881858639923557,0.014591046,-0.00981075225830795,0.00981075225830795,0.019873119380944517,0.03289901163704249,0.018698978306713927,0.03083297091693305,0.017537914957666916,0.02895324448261343,0.02060851783095652,0.03727220140932852
2025-02-24,0.01341019678652746,0.012620829965591843,0.011907735762701715,0.015948646,-0.009454715475641876,0.009454715475641876,0.01993349818114798,0.03298637429533226,0.018726347307538353,0.0308670038906144,0.0175954681767057,0.029035658785479423,0.022671360817015207,0.040885493453800714
2025-02-25,0.01343731233837598,0.012590507444585638,0.011932729026284826,0.016737366,0.0025072423397933252,0.0025072423397933252,0.020129404339073752,0.03320867349913801,0.018830893142482433,0.030942380858275338,0.017788105280458686,0.029252307817698414,0.02401314292174067,0.04312802840095248
2025-02-26,0.013463835487715283,0.012512801074646565,0.011956870483519347,0.015601529,-0.016437169499631313,0.016437169499631313,0.020171074879421744,0.03327616046768576,0.018706693220861378,0.030743430991181618,0.01782609117797505,0.029313487282643574,0.022300467564006332,0.040118173433681015
2025-02-27,0.013489780406880359,0.012522046453657853,0.011980190893477504,0.017202409,0.0187043546966396,0.0187043546966396,0.020251846507922694,0.03338218570141303,0.0187609698166459,0.030806601215345758,0.01790278905125582,0.02941258991366441,0.024753257968318766,0.04439924690951139
2025-02-28,0.013515160871915762,0.012469526221604259,0.012002719783116142,0.013745878,-0.02622732709323246,0.02622732709323246,0.0202336471852887,0.03338869057000764,0.018618820252958485,0.03061392960970354,0.017880152004416696,0.029411597182487488,0.01948421409954283,0.03518267496158335
2025-03-03,0.013539990276397454,0.012513733319828456,0.01202448550531451,0.017231176,-0.01923486245625238,0.01923486245625238,0.02036318666038106,0.03354239785902902,0.018779307812957488,0.03081694236016446,0.018004913667336447,0.02955726995862382,0.024828197550341907,0.04450703796403152
2025-03-04,0.013564281644639175,0.012538967358217263,0.012045515293553063,0.018731209,0.006255556041489938,0.006255556041489938,0.02051001294139702,0.03371286825394954,0.018927725336966697,0.030989633865767422,0.018146644732952192,0.02971920509919601,0.02719764783821507,0.048589600248555374
2025-03-05,0.01358804764431739,0.012601175254984118,0.012065835313472684,0.015544031,-0.02043479583227141,0.02043479583227141,0.0205468498389642,0.03377283789553738,0.019025863084139588,0.031147612741729853,0.01817809056241727,0.02977017310363097,0.022392239265545507,0.0401442794431292
2025-03-06,0.013611300598546684,0.01263353144315018,0.012085470711533366,0.01771232,0.008764122050929775,0.008764122050929775,0.02070894891038953,0.03395757033585919,0.01920254394352352,0.03135541876244886,0.01833452318766694,0.029945470162973723,0.025785971472457578,0.04601430151839607
2025-03-07,0.013634052497435302,0.012662050689805563,0.01210444566097297,0.01428877,-0.038595472920820835,0.038595472920820835,0.020690046577892675,0.03396081366776108,0.019192909670249846,0.03137321868966715,0.01830969848449412,0.029938875377117414,0.020570118132318634,0.036888590234603065
2025-03-10,0.013656315009148715,0.012636652719721721,0.012122783405250095,0.021981347,-0.010500454433682175,0.010500454433682175,0.020915473731514957,0.034207910138546384,0.019342527741498652,0.03149840508458914,0.018528965827075142,0.03017576045106617,0.03235630118972957,0.057460071386167405
2025-03-11,0.013678099490507226,0.012603493737091463,0.0121405062991401,0.020206818,0.0075088084802144755,0.0075088084802144755,0.021022239388990567,0.03433587982016204,0.019361885550453446,0.03148586548094462,0.018629351796460063,0.030293173442907856,0.029753458828707047,0.052830630124588315
2025-03-12,0.013699416997142035,0.012607905027163325,0.012157635847639668,0.01587399,-0.013084687308602487,0.013084687308602487,0.02100275111834855,0.034337141041686094,0.019315555966797834,0.031443779354969434,0.018603280649004864,0.030283559269623273,0.023168609365984867,0.04129747755841918
2025-03-13,0.013720278293232626,0.012631614842362924,0.012174192742823014,0.016900336,0.025472703393389324,0.025472703393389324,0.021081237582668617,0.03443593294356136,0.019398655700182975,0.03154968683750985,0.01867499690436008,0.03037118233048388,0.02476111647780184,0.0440621249109054
2025-03-14,0.013740693860846954,0.012651584610733676,0.012190196898781666,0.013169886,0.005791792336534476,0.005791792336534476,0.021080580681608355,0.03445514762821402,0.01939736473501447,0.0315676058688704,0.01866739752780949,0.03037895872295842,0.01910458377914564,0.03414523288028375
2025-03-17,0.01376067390890456,0.012668601044205923,0.012205667484769483,0.010749245,-0.009349421286501562,0.009349421286501562,0.021083520126095778,0.03447753474347041,0.01939565927772012,0.031582269436087,0.01866323654351465,0.030389660887801002,0.015426804630139821,0.02770296609220838
2025-03-18,0.013780228381781546,0.012566592305991532,0.012220622956665397,0.0129305255,0.015494808169300451,0.015494808169300451,0.02112110160761069,0.03453414966021409,0.01923974327500504,0.03132822573000295,0.01869357324023771,0.030434365845001365,0.01872147674718621,0.03348876590886834
2025-03-19,0.013799366967575185,0.01263550696787702,0.012235081086857858,0.010919381,-0.004054486923399325,0.004054486923399325,0.021069920448879967,0.03450159713112556,0.019267893663044346,0.031422668845681526,0.018635015856505108,0.030389698907659614,0.015608205543928517,0.02807867069738425
2025-03-20,0.013818099106044915,0.01259780951035375,0.012249058992647277,0.011635082,0.004185086123311863,0.004185086123311863,0.021151663088841678,0.0346015727833757,0.01925985069258827,0.031378362659011234,0.018709263098193787,0.030477375226859685,0.01673906737944291,0.030026898477284174
2025-03-21,0.013836433996245432,0.012537336885660237,0.012262573163255694,0.010834937,0.018130938478582152,0.018130938478582152,0.021189033168180344,0.03465678921159084,0.019171800408394526,0.031232140497763225,0.018739030254959366,0.03052012593404667,0.01554113750587942,0.02791516420673372
2025-03-24,0.013854380603866739,0.012514291519362727,0.01227563948552649,0.009386743,0.005252653472633013,0.005252653472633013,0.021195262297878607,0.0346804867535488,0.0191128229699657,0.031150994479390605,0.01873755999805984,0.03053120896354116,0.013335786674506965,0.024055904623456303
2025-03-25,0.013871947668295087,0.012598510161836702,0.012288273268390982,0.0088973325,-0.011889050099189126,0.011889050099189126,0.021217041409617075,0.03471936484745161,0.019240799347598193,0.031359985308446414,0.018751553758506873,0.030557340454196516,0.012591898968495455,0.022753086468257036
2025-03-26,0.013889143709408027,0.012582184212681577,0.012300489266173425,0.011583881,-0.008594194478244213,0.008594194478244213,0.021288559729025797,0.03480762101179093,0.019259003073502978,0.031362484223920704,0.01881521072664096,0.030632733771363916,0.016685919998370286,0.02991527707704174
2025-03-27,0.013905977034115941,0.012661716680176668,0.012312301700800892,0.013983232,-0.020681203504193498,0.020681203504193498,0.02132975021884633,0.03486519629487736,0.019400094480151953,0.03158008219770472,0.018848473320275796,0.030677344996374596,0.020317252945467754,0.036286786418721004
2025-03-28,0.01392245574266184,0.01264724522297127,0.012323724282979965,0.017093055,0.007760914547373063,0.007760914547373063,0.021429422623074533,0.03498090832511519,0.019450544849186388,0.031616611692068766,0.01894016025256166,0.03078000601474846,0.025078627906611393,0.044599732078483535
2025-03-31,0.013938587734690465,0.012668107210212685,0.012334770232397992,0.0144432,0.0035335269667972,0.0035335269667972,0.021457819709187146,0.03502500755913634,0.019486533596657186,0.03167266870948924,0.018960522796745646,0.03081098080036233,0.02108689140360068,0.0375817299244852
2025-04-01,0.01395438071509717,0.012637316821700046,0.012345452297002743,0.0123899225,0.004868202205567837,0.004868202205567837,0.021472411227076663,0.035054971246428285,0.019427007142673123,0.03158352332125041,0.018967038766522035,0.030827759414323044,0.017981195325563346,0.03213109026343623
2025-04-02,0.013969842199666505,0.012698942796620533,0.012355782771410797,0.010752469,-0.0770609590817798,0.0770609590817798,0.02146942956917664,0.03506703909494771,0.019497592502832364,0.031713390028210664,0.018955948196519554,0.030826593703140275,0.015485283079490778,0.027765126991019365
2025-04-03,0.013984979520509849,0.012623949563777487,0.012365773514491644,0.046011705,-0.06799809927344105,0.06799809927344105,0.02176983207860611,0.03538217558455765,0.019654532637447694,0.031798190130159026,0.019248215669814127,0.031128459643132954,0.0689129400545266,0.12146054390012291
2025-04-04,0.013999799831310928,0.012757494031852489,0.012375435966171478,0.08336698,0.005973332434235125,0.005973332434235125,0.022056044243289604,0.035682813166253255,0.02012984917355684,0.03240197028790703,0.019526273530479577,0.03141580056912402,0.12548656741659828,0.22069571892302223
2025-04-07,0.014014310112387676,0.012840266810169063,0.012384781163497848,0.034542143,-0.015474599273967026,0.015474599273967026,0.02200131925000377,0.03564221182113543,0.020183875229442157,0.032535619940553276,0.01946338145517946,0.03136188676146611,0.05180811507160903,0.09125692395026924
2025-04-08,0.014028517175578313,0.012867119753926681,0.012393819756003725,0.027672626,0.09825085649609046,0.09825085649609046,0.02212885744348309,0.03578357852427243,0.020331602726222954,0.032709178731258066,0.019582745928981394,0.031489934936616726,0.04155767428980369,0.07316115963564415
2025-04-09,0.014042427668959257,0.012877160751958295,0.012402562020407145,0.018515712,-0.03590834733205166,0.03590834733205166,0.021759128661869527,0.035427389584741655,0.019955764036271837,0.03234299901850461,0.019204842596724253,0.03112043061262787,0.027362318285023175,0.048508163117085897
2025-04-10,0.014056048081401944,0.012808443573032825,0.012411017874680342,0.025255404,0.02129188267151835,0.02129188267151835,0.021934252455236967,0.03561577086858955,0.019999828876302254,0.03232096110039896,0.01937179649671179,0.03129550835635641,0.03767551100462887,0.06651841095298741
2025-04-11,0.014069384746975397,0.012797774240105872,0.01241919689152025,0.015521456,0.009189626791150611,0.009189626791150611,0.021824217601769797,0.03551871731929544,0.019851617804005437,0.03216248662170258,0.019253601591352046,0.031185171327045114,0.02287091083024793,0.04059716827367597
2025-04-14,0.014082443849200956,0.01277409155554407,0.012427108311250283,0.0107745845,0.0069071706499366625,0.0069071706499366625,0.021857942111031804,0.035565152965181784,0.019826885345784074,0.03211497251274874,0.01927918078421608,0.03121835130577652,0.015728251093968713,0.028033350611075723
2025-04-15,0.014095231425165285,0.012712499108628504,0.012434761054181565,0.009371005,-0.031325188034484176,0.031325188034484176,0.021764921687319836,0.03548457938677121,0.019615474039237645,0.03184431211179632,0.01917803439654568,0.031124557183856594,0.013499099157864451,0.02420124258112371
2025-04-16,0.014107753369497473,0.012765806964376339,0.012442163732460083,0.015651332,0.0007550187190760245,0.0007550187190760245,0.021863641616743264,0.035595487607737154,0.019779185540732123,0.03205930331292855,0.019268652066883968,0.031222286873827276,0.023045164003017475,0.040919747604969074
2025-04-17,0.014120015438215765,0.01273536799451156,0.012449324661424727,0.013654335,-0.020087808718894914,0.020087808718894914,0.021846473759492467,0.03559025509091659,0.019694068595641163,0.03194490548212101,0.019243409755323147,0.031203924324626316,0.01999815575415746,0.035592073794552245
2025-04-21,0.014132023252449145,0.012741259523641251,0.012456251870499695,0.016599119,0.025209421208486373,0.025209421208486373,0.0219309809443111,0.03568645013640463,0.01976888115223843,0.03202538541813055,0.019319874149413187,0.031287043937960696,0.02450268202245272,0.04345968224823511
2025-04-22,0.03131828089289619,0.027415116234124758,0.03052555224835105,0.02099262,0.021497375721404064,0.021497375721404064,0.049044681481744914,0.07979868581317155,0.04298695093449235,0.0695151268145252,0.047946194568133496,0.07744701352846423,0.03102820478208226,0.055002798510863
2025-04-23,0.03109780933444459,0.02683963155858585,0.03012548225826274,0.02123333,0.011978575526752737,0.011978575526752737,0.04858308163536132,0.0791205867506667,0.041959642337989926,0.06793095175943897,0.04719772600738224,0.07631190520267173,0.03127906300192914,0.055528560802994585
2025-04-24,0.030879880133893985,0.026177118035957726,0.029732952447788348,0.023261178,0.010151018094264976,0.010151018094264976,0.04824953201583778,0.07857303446603527,0.040917932545382604,0.06624816223909728,0.04658527192532437,0.07532009841370375,0.03434795074476381,0.06091334976567407
2025-04-25,0.03066447091529794,0.025833319642691248,0.029347850760299478,0.024718443,-0.00017538552249096208,0.00017538552249096208,0.04792863067913443,0.07804060504244913,0.04039179370131158,0.0653893476490634,0.04599328758848227,0.07435594013316041,0.036565369712574854,0.06479503844903267
2025-04-28,0.030451559464909433,0.02545341593326357,0.02897006671056836,0.027052466,0.007146851539468388,0.007146851539468388,0.047588644111325934,0.07749154315247173,0.03978518313834129,0.06441512411173594,0.045389898936237016,0.07338744952414972,0.04008140865977341,0.07097664181407028
2025-04-29,0.03024112372888441,0.025128586229774416,0.02859949134872021,0.026609635,0.0018875839587744628,0.0018875839587744628,0.04717959591750885,0.07687585074471032,0.039193180776343116,0.0635088010139937,0.0447249912160289,0.07236440654165059,0.03933850797356507,0.06972800316752335
2025-04-30,0.030033141811017416,0.024648902297917417,0.0282360172247174,0.027178504,0.014057683892227925,0.014057683892227925,0.046877732387142,0.07636975260693273,0.038458175313995334,0.062309630468322705,0.04417467449578624,0.07146281741061802,0.040223978879431826,0.07126315352557097
2025-05-01,0.02982759197050992,0.024261818740267286,0.027879538353388852,0.024969444,0.016915024459216374,0.016915024459216374,0.046495951052013526,0.07578612492184303,0.03778667701827727,0.0612635716341806,0.04355171216979641,0.07049534309805751,0.036838106392715494,0.06535442876705937
2025-05-02,0.029624452619771785,0.02378961595546408,0.02752995018001897,0.023011927,-0.0021203303553235745,0.0021203303553235745,0.046042997727209024,0.07513369230589068,0.03690480167807501,0.05992477032586195,0.042864717948415496,0.06947049626947881,0.033756425705914146,0.06003716784453834
2025-05-05,0.029423702322256377,0.023465690725563083,0.027187149546511295,0.026024526,-0.005491253719647037,0.005491253719647037,0.0457103633425568,0.07460392463858997,0.036375293414975494,0.0590818165388621,0.04230505263911617,0.06857953803724334,0.03828344908046604,0.06800472032713772
2025-05-06,0.02922531979032988,0.023038365905216754,0.026851034658142908,0.02776782,0.006988828747197459,0.006988828747197459,0.04544865659603376,0.07414740971383355,0.035748500438764964,0.05804152365642319,0.04182319675038171,0.06777285053232858,0.040964235827094866,0.07267643631971533
2025-05-07,0.029029283883175272,0.022585218590461267,0.026521505050926254,0.02615488,0.009680532892896726,0.009680532892896726,0.04517929334144985,0.07368554262551857,0.035069259035395775,0.05692379526789087,0.04134043983078993,0.06697162621186963,0.03857430962211842,0.06844445464498752
2025-05-08,0.028835573604731463,0.022194198752556328,0.02619846155959591,0.024895508,-0.0014069012591743498,0.0014069012591743498,0.04488435417197992,0.07320038334905503,0.03445956813058697,0.05593573489187725,0.0408387380048831,0.06615772536409041,0.036688108192007705,0.06511999313644663
2025-05-09,0.028644168101668113,0.02185592471277949,0.02588180628623821,0.026310686,0.03730569594508459,0.03730569594508459,0.04457062252761761,0.0726986948468307,0.03391132260659749,0.055060159250217906,0.04032475203392593,0.06533771413874447,0.03881119226360024,0.06885927205228508
2025-05-12,0.02845504666139663,0.021509161486195336,0.025571442569582256,0.01958923,0.015830532994414837,0.015830532994414837,0.04415048942602666,0.07209284779710941,0.03323955165722885,0.05405284364056065,0.03971075200105588,0.06442376920258712,0.028558734712587467,0.05093058934568035
2025-05-13,0.02826818871011775,0.021168066832701043,0.02526727495497123,0.019277602,0.006503117313426099,0.006503117313426099,0.043797843681315764,0.07155671081088866,0.032640694735888015,0.05312392724099765,0.03917050748538123,0.06358956788445298,0.02803263023264071,0.05004859111971518
2025-05-14,0.02808357381090629,0.020802770708871998,0.024969209165033198,0.021741776,0.010394259281662075,0.010394259281662075,0.04349747987081458,0.07107505839679483,0.03205207031579921,0.05218182484407033,0.03868869548513426,0.06281969607006442,0.0317396124074972,0.0565697823832548
2025-05-15,0.02790118166183341,0.020398738486652822,0.024677152071070737,0.022156464,2.259531033184988e-05,2.259531033184988e-05,0.0431806856373174,0.07057915826148305,0.03138188080602836,0.05112067445852944,0.03819648767737616,0.06204523543408657,0.03233715756095248,0.05764091996706324
2025-05-16,0.027720992094126942,0.02011850862920504,0.024391011665188877,0.024539873,0.00093921877768445,0.00093921877768445,0.04292068551844237,0.07014221513718974,0.03096190127827767,0.05042953113626023,0.03776699420593169,0.061339207201125616,0.035955741792233216,0.06398147323659205
2025-05-19,0.027542985070370115,0.019841472006412193,0.02411069703318065,0.025455767,-0.0043359522644299256,0.0043359522644299256,0.042688584030146345,0.06973531386347882,0.030571438364554587,0.049770994354387324,0.03737120672462382,0.060672515162759226,0.03738656718717281,0.06645829309211437
2025-05-20,0.027367140682739207,0.019633271556885157,0.023836118328189465,0.02639075,-0.02063987962878755,0.02063987962878755,0.04241605879579943,0.06929011251458551,0.030246606805097383,0.0492446980958135,0.03694069148724239,0.059976638742051634,0.038802309942637093,0.06894183443227829
2025-05-21,0.027193439151280432,0.019580926600555413,0.02356718674516706,0.028772108,0.00025997342969184996,0.00025997342969184996,0.042216121985104604,0.06891960383664396,0.030238854966373237,0.04918629477722367,0.03658835074856105,0.05936439436988607,0.04246757735718757,0.0753267276774791
2025-05-22,0.027021860822226518,0.019621345249196787,0.023303814496145412,0.026262254,-0.00781961093284914,0.00781961093284914,0.04192016188881142,0.06845515682074786,0.0302792542187325,0.04926580504450021,0.0361454643023805,0.05866697699910995,0.03866022603695877,0.06865299644058236
2025-05-23,0.026852386166353284,0.019257100152395845,0.023045914786340237,0.026552169,0.0225174318792289,0.0225174318792289,0.04173419815411688,0.06810277193673746,0.029782693528285217,0.04841678340116638,0.03581794468151824,0.05809021528143043,0.03918003212909699,0.06950390260915756
2025-05-27,0.02668499577737665,0.019120315802246404,0.022793401791103056,0.020919392,-0.0056834641869711496,0.0056834641869711496,0.041372130076717265,0.06757632942367735,0.029468501349673354,0.047970232152200344,0.0353195854157354,0.05734781980306684,0.0305923049773293,0.054483269664199876
2025-05-28,0.02651967037039029,0.018818572442606728,0.022546190633737747,0.023783704,0.004499763036882013,0.004499763036882013,0.041127475831280215,0.06716932851879429,0.029006080095608438,0.04721582961135943,0.03494380022939441,0.05673312226096981,0.03492759517286235,0.062089748446683225
2025-05-29,0.026356390780344366,0.018540504413113494,0.022304197364196466,0.02384408,-0.0033574164538639874,0.0033574164538639874,0.04089435246155864,0.0667758674460973,0.028589601424733324,0.046530279033948733,0.03458460300009258,0.05614005540086575,0.03504439819760242,0.06227550286955753
2025-05-30,0.0261951379605655,0.01826941307247664,0.02206733893866863,0.024944905,0.007902651411837764,0.007902651411837764,0.040663909313338874,0.06638707684787241,0.028183685580587217,0.045862042260627914,0.034233041161485143,0.055559586400354216,0.036729089298545035,0.06521738631397357
2025-06-02,0.02603589298131834,0.018174318087489462,0.02183553320007515,0.023439515,0.009856419303529287,0.009856419303529287,0.0403590551928254,0.06592584694165496,0.02798009833800815,0.045566436568610036,0.03381192283291921,0.054914443979690766,0.034407460901107106,0.06117652899321488
2025-06-03,0.02587863702840889,0.01809567739068927,0.021608698859478696,0.021820221,-0.0012003268553902624,0.0012003268553902624,0.040034533824519235,0.0654469029767363,0.027779860491160817,0.04529010222747,0.03337589224995234,0.05425919381433998,0.031891305159550146,0.05681106091640516
2025-06-04,0.025723351401829818,0.017903442218046257,0.021386755478418968,0.023448737,-0.001552405477300025,0.001552405477300025,0.03982823751411298,0.06508811889572882,0.027514050537877123,0.04483827633952269,0.033062743401292956,0.05373155215484404,0.03438614210700117,0.061165745320072996
2025-06-05,0.025570017514447946,0.017732211390172902,0.02116962345218027,0.024411133,0.014722859864238477,0.014722859864238477,0.03960804664062369,0.06471735682540967,0.027264658688102343,0.04442319336230145,0.03274025949639474,0.053199225278246484,0.03585985250322445,0.06373855791537388
2025-06-06,0.025418616890734026,0.0174929150917986,0.020957223993996608,0.020937884,0.0011374935331622245,0.0011374935331622245,0.039313024198341186,0.064273661617422,0.026829111074355306,0.043756091220880644,0.03234740748429104,0.05260110399166186,0.03056918315958603,0.05448126651715859
2025-06-09,0.025269131165534937,0.017390777238554204,0.020749479120197558,0.022149397,0.0031520059462977496,0.0031520059462977496,0.0391041672783961,0.0639180123286371,0.02669484396986272,0.043522990651239234,0.03204508951347837,0.05209801507780381,0.032423653334563665,0.05771934303659766
2025-06-10,0.025121542082888394,0.017328983937582025,0.020546311636295975,0.02274525,-0.0030895995556498874,0.0030895995556498874,0.03885074010057624,0.06351965525180694,0.02657716737539201,0.04334551990735115,0.03170247594347921,0.05155905429310258,0.03330247160805131,0.05927865636361505
2025-06-11,0.02497583149488018,0.017403403943621172,0.02034764512401628,0.024013888,0.0048274357234887,0.0048274357234887,0.03864825021034846,0.06317408011146394,0.026724097532636538,0.04356446241691765,0.03141498152303924,0.05107956253336597,0.035243436356306605,0.06266846846532875
2025-06-12,0.024831981360543973,0.01739010873348926,0.020153403929259784,0.023246618,-0.01512355956469355,0.01512355956469355,0.03839591976402511,0.06278049134800685,0.026678725337342685,0.04350622514128895,0.031081736657892312,0.050558597089913726,0.03406259705417786,0.060611366379195786
2025-06-13,0.02468997374480372,0.017159534737623067,0.019963513151001016,0.025239984,0.015714655792154513,0.015714655792154513,0.03822126698460654,0.06246638957250491,0.02636252569685437,0.042966911089631854,0.030830168850615278,0.05012351307870132,0.03711800943700944,0.06594329993812714
2025-06-16,0.024549790817458447,0.016841993091645132,0.019777898631106603,0.020449933,-0.00438707854360865,0.00438707854360865,0.037981777458449016,0.062089242862368735,0.025840273235485725,0.042137390165062155,0.030517673982708413,0.049631634712561115,0.029880080841740386,0.053234899886211176
2025-06-17,0.024411414852209566,0.016693610420169976,0.01959648694506566,0.022296544,0.009345666548059852,0.009345666548059852,0.0378049081298878,0.06177649075501825,0.025646824178100987,0.04180035894764476,0.03027162029601394,0.049210259273662425,0.032706297160084934,0.058170038432772846
2025-06-18,0.024274828225730367,0.01650606084400199,0.01941920539361813,0.02067664,0.0023927427289966875,0.0023927427289966875,0.037551481267894385,0.06138893821362623,0.0253116849842615,0.04128373782608624,0.029952742347530245,0.048720051060235116,0.030227543977657177,0.05384127628580651
2025-06-20,0.024140013416777684,0.016300936796577424,0.01924598199526497,0.021159828,0.013500270385782312,0.013500270385782312,0.037354421274146496,0.0610594924343159,0.02500215075427648,0.04077571577059532,0.029693877806974977,0.04829377817689431,0.030972637176651125,0.055138193011421324
2025-06-23,0.02400695300534543,0.016049553401980967,0.019076745479641517,0.018432466,0.011495298297340188,0.011495298297340188,0.037122352976251195,0.060696761138552886,0.024581250444831896,0.040111564881863626,0.02940356574080804,0.04783991081225921,0.026840221766680997,0.047890995327681825
2025-06-24,0.023875629671859848,0.015974039373702398,0.01891142528173282,0.016737271,0.010041938293153287,0.010041938293153287,0.03685973028253335,0.0603051812271434,0.024406762686534675,0.03986400614307243,0.029086175259093378,0.04736274988022439,0.02423043014742654,0.04334520945586484
2025-06-25,0.02374602619641611,0.01599608854847352,0.018749951536907318,0.016080042,0.009561902812928874,0.009561902812928874,0.03658190701644782,0.05990008961389681,0.024369522113132334,0.03984810140430024,0.02875697634322069,0.04687749784288193,0.0231673848417767,0.04153157589707455
2025-06-26,0.023618125458056003,0.015900183558378064,0.018592255076742788,0.015779195,-0.0012475699435562002,0.0012475699435562002,0.036337358079607224,0.05952994438794408,0.024175248907559455,0.03956102594965799,0.028464361003438087,0.04643247986402012,0.022672139797360515,0.04069274732843123
2025-06-27,0.023491910434086383,0.01575993553875472,0.018438267425616165,0.018499006,0.009406169027054738,0.009406169027054738,0.0361665171732552,0.05923516253454176,0.023981482785078875,0.039231549144807115,0.028248680995980838,0.04606798152295653,0.026801398629802534,0.04792816252495653
2025-06-30,0.023367364199437884,0.015676204200500154,0.01828792079802664,0.017728662,-0.001483427270565487,0.001483427270565487,0.03592740673868976,0.05887374987486563,0.023806691094503056,0.038975735012126055,0.02796787776025295,0.0456418787491325,0.025598532858621445,0.04584553033424553
2025-07-01,0.023244469926063577,0.015629145242002207,0.0181411480966193,0.019808179,0.006060931398022688,0.006060931398022688,0.035744799282824695,0.058570462390981584,0.023744110527857527,0.03886761794958886,0.027746643742197877,0.04527879914357391,0.028745553446714815,0.05136745701522105
2025-07-02,0.02312321088237702,0.015470483506284148,0.017997882910874622,0.019497978,0.013942542494168063,0.013942542494168063,0.03554803933780627,0.058254628184910506,0.02348727948376813,0.03845725823195254,0.027514244352721443,0.04490794393604754,0.028273463516267496,0.05054110501590606
2025-07-03,0.023003570432729256,0.015405834471792603,0.017858059516427313,0.016736967,-0.007846828737431187,0.007846828737431187,0.03534775156293562,0.057936855580037076,0.02337388184451533,0.03828130309913233,0.027281226069359944,0.044539796086070844,0.024100824929691955,0.0432152577861325
2025-07-07,0.022885532036924127,0.015233976297410733,0.017721612874976242,0.01997887,-0.011224505199013227,0.011224505199013227,0.035228652822903474,0.057701845198868555,0.02316861596965624,0.03790973904638156,0.027132228515140085,0.044258932361684954,0.029055883634908776,0.05187272791944323
2025-07-08,0.02276907924977141,0.015136570336087226,0.017588478634745875,0.022315603,0.005399943099897076,0.005399943099897076,0.03510640064731732,0.05746523842212312,0.0230760991071235,0.03772296752332919,0.026982832919548883,0.04398087180087041,0.03264078457422331,0.05812628899283483
2025-07-09,0.022654195720677086,0.015064243464927218,0.017458593131458137,0.020946642,0.003493654527618363,0.003493654527618363,0.03489557949018803,0.05714160364781417,0.022932413344009864,0.037509294825175794,0.026747548380216136,0.04362006197416895,0.030548506914899035,0.05447059267692296
2025-07-10,0.02254086519327012,0.014982536685128028,0.017331893389772618,0.020386348,-0.004541360525454838,0.004541360525454838,0.03472028440439461,0.05685501996534853,0.02280687223461171,0.03730469033313161,0.026550395540262225,0.04330046266342311,0.02970830642484721,0.05299050838553008
2025-07-11,0.022429071505065012,0.014847213419475404,0.017208317125152098,0.0213081,0.00042587241402033743,0.00042587241402033743,0.03459108286765667,0.05661603898116762,0.022639710302954166,0.03700658314626392,0.02640186841777352,0.04303250769305458,0.031145867525689257,0.055480756430976046
2025-07-14,0.022318798587159447,0.014733457247473384,0.01708780274610968,0.021208517,0.005388339630864175,0.005388339630864175,0.034460405504046804,0.05637707553996286,0.022502963658039218,0.036759760596051426,0.02625432513136921,0.04276849565780268,0.03103993656297594,0.055261096080740986
2025-07-15,0.022210030463966232,0.01466322263038709,0.01697028935679326,0.020213228,-0.0005385050534535373,0.0005385050534535373,0.03421107524017085,0.05602093688059276,0.022314399281915663,0.03650323384986092,0.025990517060918226,0.04239111908593906,0.02946273692825916,0.05254722655693176
2025-07-16,0.022102751252978732,0.01460685271174484,0.016855716759862874,0.020487813,0.012966875080832113,0.012966875080832113,0.034056617458691346,0.05576113278937599,0.022240398306486886,0.036374686648791,0.02582389900601227,0.0421137746005214,0.029892315292155698,0.053290394270217374
2025-07-17,0.021996945164568977,0.014584086767739922,0.016744025459616303,0.017435554,0.0029699448136650494,0.0029699448136650494,0.033863859039592735,0.05546447464115837,0.0221792081050919,0.03629146703262061,0.025621228232523663,0.041803161968972026,0.025266226572226883,0.04517847877485692
2025-07-18,0.021892596501817595,0.01445828642977308,0.01663515666531856,0.01726027,-0.000737700573915256,0.000737700573915256,0.033732773939777784,0.05523092097874226,0.02201350325300734,0.0360040317649926,0.025482410057768346,0.04155912969145856,0.025036376914082177,0.04474844691723407
2025-07-21,0.02178968966037462,0.01445554592234807,0.016529052294691163,0.0186841,-0.0020447623381228373,0.0020447623381228373,0.03354318629806205,0.054940280617744336,0.02198273706424055,0.03597061373034814,0.025287200961272172,0.04126137811503238,0.027156312290635826,0.048494465921130894
2025-07-22,0.021688209128350334,0.014407557630492321,0.016425654977517676,0.01989041,0.009489374487476438,0.009489374487476438,0.033331104983925344,0.05462854719523988,0.02185524857737042,0.035796689480242144,0.025071543139431458,0.0409457939917737,0.028923594094432112,0.05163941223136258
2025-07-23,0.008060428819994712,0.007468902288091885,0.007774266319033623,0.012364803,-0.007588057403734912,0.007588057403734912,0.011653120359457482,0.019572667593551855,0.01075256497806082,0.01797953418923799,0.011241395810943368,0.018754160511923,0.017512365840744278,0.031633572318028706
2025-07-24,0.00826239155234703,0.007625476556933018,0.007989127439982008,0.012652257,0.0028505758006211373,0.0028505758006211373,0.01201875592670808,0.02013673595316498,0.011047018533251279,0.018425490251293686,0.011628642636024492,0.01934904121251491,0.017991106948408185,0.032440600907954274
2025-07-25,0.00845539283465752,0.007767338863051091,0.00819137422345472,0.010477182,0.0009940214454163124,0.0009940214454163124,0.012311680345200898,0.020619288343771032,0.011259569852960678,0.01877530866581787,0.011937318440126191,0.01985316086088529,0.0146992222301055,0.02666467399218569
2025-07-28,0.008640119364624015,0.007942411994204418,0.008382150674398271,0.008888029,-0.0054601605286849365,0.0054601605286849365,0.012523659395571981,0.021012765241481334,0.011457118090408823,0.019142259056319586,0.012159920254247811,0.020260122012288405,0.012222753135624733,0.022373315176132526
2025-07-29,0.0088171738600504,0.008083760725985384,0.008562441888887436,0.009842365,0.003909942192201138,0.003909942192201138,0.012827516069738918,0.02149058182161006,0.011705068808591904,0.019526979930707365,0.012469882660728928,0.020744311209636563,0.013684494276745134,0.024924953324003032
2025-07-30,0.008987089102639307,0.00819511831192215,0.008733104136907779,0.008701618,-0.006875099279799062,0.006875099279799062,0.013114566916509248,0.021944578102615533,0.011899831632832699,0.01982949324008694,0.012759039731532402,0.02119838999267647,0.011982528948112577,0.021920199029966444
2025-07-31,0.00915033907240453,0.008312698646455223,0.0088948879019856,0.010073901,-0.021454338452973124,0.021454338452973124,0.013380067383511685,0.022370475227834603,0.01209350942428668,0.020136942697675214,0.013023089370616806,0.021618781505011665,0.014057831679718217,0.025562718351618968
2025-08-01,0.009307347879660383,0.00849759983089861,0.009048455804409033,0.014073819,0.015035206373170287,0.015035206373170287,0.013699452796252261,0.02284412522041329,0.012458042817650589,0.020680387946562125,0.01333784864560688,0.022081943146113843,0.020157924766795295,0.03623091327692713
2025-08-04,0.009458497006733567,0.008680945346013644,0.00919439673971601,0.010800108,-0.008557667673283411,0.008557667673283411,0.013922414728370924,0.023215594468703377,0.012732969063467403,0.02113272076989654,0.013553341169414208,0.022438467615857712,0.015206303286460497,0.02754055320015297
2025-08-05,0.00960413123622501,0.00877712922078526,0.009333237171829848,0.011774911,0.010813303822397948,0.010813303822397948,0.014091882440938026,0.023528150990205485,0.012824512762064488,0.02131733275011976,0.013712787106662695,0.022732083834216824,0.016614324003263403,0.030061845257683684
2025-08-06,0.009744563547022854,0.008959122224650642,0.009465450255714263,0.009766581,-0.0005985447851854119,0.0005985447851854119,0.014163689622197329,0.02373793598175172,0.012963124816717846,0.021632042681656815,0.01377227666414445,0.022919339247517365,0.013436028790338202,0.024589940030737088
2025-08-07,0.009880079190624821,0.009095676477367675,0.00959146328243379,0.008865363,0.012797922738047163,0.012797922738047163,0.014230705047386626,0.02393809848440199,0.01303246936513393,0.02183351821023242,0.013824906132065553,0.023093743064316156,0.011929646873529216,0.022054322803075573
2025-08-08,0.010010939110344964,0.009173650038045487,0.009711663811995936,0.007921735,-0.006448960204564663,0.006448960204564663,0.014440892974536164,0.02427685913868767,0.013159194415332915,0.02203569109741849,0.014018842615501547,0.023403836913408978,0.010509887645240894,0.01955689390211927
2025-08-11,0.010137382829103477,0.009251472762551859,0.009826404768523062,0.008918723,0.013868922643299725,0.013868922643299725,0.014646401516247857,0.02460660139370734,0.01328800215914665,0.02223980072794109,0.014206415933552576,0.023702291666772193,0.012017819975720503,0.022203436997936823
2025-08-12,0.010259630903962128,0.00933143587162091,0.009936008706622576,0.008107629,-0.00320034897977495,0.00320034897977495,0.014888452079276287,0.024968763358342416,0.01346340853725921,0.02249258004587553,0.014429010954674346,0.024030803897756765,0.010843364977752457,0.020102670872127304
2025-08-13,0.010377887024775287,0.009456814071644051,0.01004077140967181,0.008363755,0.0007914904705066868,0.0007914904705066868,0.0150996217461274,0.02529612224482629,0.01368649695878153,0.0228369854101519,0.01461935237541644,0.024322384137076575,0.011253133414758629,0.020804949103368706
2025-08-14,0.010492339818463679,0.009459378211366899,0.010140964944982582,0.008248738,-0.012572198211834862,0.012572198211834862,0.0152899371583879,0.025598890024812044,0.013699423180916725,0.022852392714260778,0.014787600603569945,0.02458745570835459,0.011088598860578152,0.020509058950619313
2025-08-15,0.010603164408199122,0.009574656760211195,0.010236840273955402,0.0109521225,0.004959698985119438,0.004959698985119438,0.015584224075751616,0.02600206452033187,0.0140013480182193,0.02326586199157232,0.01505870299762851,0.02495120848994083,0.015282370238007261,0.027790227992833805
2025-08-18,0.01071052376729235,0.009741219368702344,0.010328629494942001,0.009661569,-0.006415404771709425,0.006415404771709425,0.0157710952119502,0.026294418569952113,0.014282919593491298,0.023708600870534727,0.015221383124323463,0.025202590339867235,0.01335358466976315,0.024387566708261074
2025-08-19,0.01081456990013389,0.009877047913159033,0.010416547780896256,0.0108808195,-0.0017344319749014125,0.0017344319749014125,0.01604667574237604,0.02667222669669633,0.014609570618182884,0.024166680674305746,0.015471867476493853,0.025538035686192232,0.01530214789192892,0.027728574526121385
2025-08-20,0.010915444876659993,0.009970714550682326,0.010500795061787737,0.0112639405,-0.004221156632997438,0.004221156632997438,0.016246003732345575,0.026970666552694,0.014797937691001791,0.024445680329984197,0.01564528693777301,0.025792868617509773,0.015919069931815317,0.028783037499497583
2025-08-21,0.011013281742138909,0.010164876661318477,0.010581557492299488,0.011981612,0.015109019857494587,0.015109019857494587,0.016462503928600408,0.027283293604566487,0.015168134013631547,0.025003749453919956,0.015835151466598755,0.02606077898528864,0.01706229607153897,0.030745879658947036
2025-08-22,0.011108205320326092,0.010233243714799044,0.010659008737890557,0.009935635,-0.0024162097811787873,0.0024162097811787873,0.01653316735442173,0.027447221517658986,0.015197033107842066,0.025098801052408207,0.015878530463935017,0.02617900401439756,0.013898262091846568,0.025245241158576112
2025-08-25,0.011200332925015868,0.010236612082977721,0.010733311106401572,0.009605321,0.010366614171725262,0.010366614171725262,0.016692311107596485,0.027696882653121743,0.015215463906755728,0.025120491111140817,0.016009813243355382,0.026382089866730678,0.013413405682282841,0.024383150677519238
2025-08-26,0.011289774992566127,0.010269337824836121,0.010804616547666603,0.008473776,0.005026873477307762,0.005026873477307762,0.016764580084978723,0.027857030413940692,0.015197971396965668,0.025134664289252536,0.01605371134302887,0.02649489491918145,0.011638122581813981,0.021315588586900882
2025-08-27,0.011376635645972698,0.010270757122877349,0.01087306753980231,0.007918611,0.004044981504061475,0.004044981504061475,0.016940851311695038,0.028118644128358312,0.015238780505541782,0.025176846721892857,0.01620116337059151,0.02670849546499142,0.01083979432232609,0.019883233613743688
2025-08-28,0.011461013199429163,0.010359127891406356,0.010938797877776326,0.0077557517,-0.006496932154174,0.006496932154174,0.017050334320989412,0.028311029925459478,0.015355036451871088,0.02537861092615525,0.016281435837552653,0.02685228731019995,0.010569993515826336,0.019427439307190052
2025-08-29,0.011543000610954675,0.010462084406251945,0.011001933377357784,0.008988657,-0.011388633736987203,0.011388633736987203,0.01721492045438311,0.028556170480048083,0.01555338406635879,0.02567658008262851,0.016416472861735126,0.02704833615635629,0.01246312196776488,0.022728605488689924
2025-09-02,0.011622685889550715,0.010564025911393247,0.011062592505506851,0.011746322,0.005065504337437213,0.005065504337437213,0.017364705155746576,0.028784247706759317,0.015738965939763618,0.025960801366562494,0.016536418818692805,0.02722690086112234,0.016643586422094247,0.030058459232338807
2025-09-03,0.011700152462413895,0.010666012646496963,0.011120886946575632,0.010597772,0.010092199612399438,0.010092199612399438,0.017458547402860486,0.02895420255241532,0.01587219510643425,0.026192713708633367,0.016600178091830148,0.0273469937355479,0.014883230287786724,0.026986402306910753
2025-09-04,0.011775479506950801,0.010721447896048265,0.011176922112299243,0.0088543575,-0.01559563207627935,0.01559563207627935,0.017576858315121135,0.0291465239299424,0.015959244145086877,0.026333402335309515,0.016688203965047662,0.027489169929552755,0.012254010217117644,0.022366117948519563
2025-09-05,0.011848742251684774,0.010749953605195522,0.011230797602397124,0.011788124,0.0037355074302576753,0.0037355074302576753,0.017655434560511208,0.029297082420989284,0.015966999541322486,0.026368740082257952,0.016736332285399887,0.027589361539692773,0.016638913475534492,0.03010152588095384
2025-09-08,0.011920012249591288,0.010753182689420868,0.011282607621636942,0.010643635,0.008385487091830375,0.008385487091830375,0.017735034223928484,0.029446706412813793,0.015938734926130516,0.026343599954624757,0.016785357561561746,0.027688454110661478,0.014880260219903692,0.027035809820624097
2025-09-09,0.011989357626930106,0.010921642753049085,0.011332441358401663,0.0090147285,0.0019953307380474127,0.0019953307380474127,0.01779875044092726,0.029578555976507295,0.016160441554301228,0.026728309879156052,0.016818406805312422,0.027769660842607187,0.012378543643197593,0.022673802478155668
2025-09-10,0.012056843310244397,0.010883782251052323,0.011380383329116504,0.008534273,0.006792436899955775,0.006792436899955775,0.017815686653951467,0.0296617983462594,0.016010159801107794,0.026541394003343752,0.016804614975813405,0.027802198368252595,0.011564220939059356,0.021310777109344106
2025-09-11,0.012122531233857547,0.010996556984506372,0.011426513692314176,0.008093893,0.0018369030898639001,0.0018369030898639001,0.017946987356238814,0.029857638867132268,0.016216681265022886,0.026857037195597764,0.016905155894175742,0.027947317970963104,0.010927522420524957,0.02017114298009813
2025-09-12,0.012186480529907954,0.011025947655259176,0.011470908535625848,0.008096988,0.006241272780486236,0.006241272780486236,0.018020097886476277,0.029993580976429395,0.016235145179685433,0.026903939756855677,0.016947502193391865,0.028032565812016158,0.010903906746027316,0.020151061674771154
2025-09-15,0.012248747702712845,0.011134923722694744,0.011513640138566992,0.007913708,-0.0010084793495619502,0.0010084793495619502,0.01815814037931491,0.030192802325526718,0.0164477902584163,0.027222030944497044,0.01705480141046502,0.02818115927667722,0.010666937997679154,0.01970477724645559
2025-09-16,0.012309386789037412,0.011127076391699338,0.011554777213629535,0.008263998,0.003804393082076675,0.003804393082076675,0.018277584789047556,0.03037182596101823,0.016458608682661673,0.027225256228906577,0.01714354713953595,0.028309658360309055,0.011218279962679267,0.020656167892059207
2025-09-17,0.01236844950566015,0.011328830102761017,0.01159438512788502,0.008169791,0.011060156872630362,0.011060156872630362,0.018364575772466443,0.030516847352559745,0.016772847678139458,0.02773471371859444,0.01719990603332612,0.028404292883964066,0.01106961480652824,0.020399913558120875
2025-09-18,0.01242598538546472,0.01137497464414572,0.011632526107039352,0.00785222,0.007588856119747638,0.007588856119747638,0.01842700673868775,0.030635808576406694,0.016817448010561346,0.027823963875982283,0.017231791961821168,0.02847303685025876,0.010562101035348792,0.01952971856199922
2025-09-19,0.01248204190314914,0.011443522724364693,0.011669259423651818,0.007743742,0.009969937879336576,0.009969937879336576,0.018491629589238823,0.03075550817901336,0.016902219063824456,0.02797506259643387,0.017265975852485568,0.02854271846547633,0.01037432059158988,0.019218050795397235
2025-09-22,0.012536664591521599,0.011452208867297042,0.011704641571033729,0.0076609952,-0.0066520145414539,0.0066520145414539,0.01853626542725285,0.030853812000490727,0.016874064871256735,0.027955313184798426,0.017280296491727184,0.02859123110908045,0.010207615158162438,0.01895684406032356
2025-09-23,0.012589897149246155,0.011473134778098507,0.011738726424170608,0.008874164,-0.005814378882248413,0.005814378882248413,0.018747043778372358,0.031116892501372485,0.017033724869843034,0.028135221260979625,0.01746089983098253,0.028804772795309824,0.012162775271022962,0.022297502033794568
2025-09-24,0.012641781540808751,0.011581248810557209,0.011771565388862808,0.010697019,0.010234342660227132,0.010234342660227132,0.018840078188002183,0.03126090445808677,0.017216452917195302,0.02842256130534797,0.01752391466274277,0.028899521993328167,0.014921396291337216,0.027137913993082248
2025-09-25,0.012692358089392449,0.011587213174846765,0.011803207540149034,0.0094547,0.0043476406386802995,0.0043476406386802995,0.018882786737554547,0.03135330557045322,0.017188457639667674,0.0284003371941072,0.017536773209764326,0.02894295835020224,0.013011188788962989,0.023808916642022757
2025-09-26,0.01274166556327924,0.011633811548644953,0.011833699750963463,0.008694882,0.0017698185153509874,0.0017698185153509874,0.0189495740436128,0.03146853854573836,0.017251182465985337,0.028508150977240826,0.017573893191924324,0.029009544882086763,0.011854414631544782,0.021784393851577474
2025-09-29,0.0127897412563326,0.011776377306192137,0.011863086811877031,0.0086058155,0.002328602032018188,0.002328602032018188,0.019018622225857908,0.03158482214565795,0.017470759218189122,0.02886567548945271,0.01761346885703947,0.029077519120756876,0.011712975453593713,0.021541236553349476
2025-09-30,0.012836621063059215,0.011775602091623226,0.011891411542685618,0.008556893,-0.0038208003412923126,0.0038208003412923126,0.01910745755255782,0.03171971790561617,0.017484032551769783,0.02887819871925567,0.01767303768487169,0.029164459925448506,0.011653734071976195,0.021426123267835627
2025-10-01,0.012882339548698942,0.011791794172258337,0.011918714896530345,0.009577194,-0.0032637890889543,0.0032637890889543,0.01917851110752876,0.03183569087053176,0.017508352235195083,0.02891818598858599,0.01771504110860769,0.029232848304955938,0.013190346564685216,0.024127968381677977
2025-10-02,0.01292693001474828,0.011919415954448388,0.011945036057166738,0.0108668255,0.0026444125298378876,0.0026444125298378876,0.019288762997538633,0.03198975386661976,0.017750889911654407,0.02928421151573437,0.017796468773121295,0.029339711769891478,0.015173945724983647,0.027584389001150563
2025-10-03,0.012970424560283793,0.011938928587019138,0.011970412529938943,0.010387374,0.002945930434039238,0.002945930434039238,0.019273338720421886,0.03201706392975791,0.017697539274485505,0.029249741456912656,0.017752454950591703,0.029320220836217856,0.014366812561397737,0.026229701493625825
2025-10-06,0.013012854139417197,0.011968281118208607,0.011994880226961428,0.009638704,-0.0006488113543893876,0.0006488113543893876,0.019339728740614542,0.03212514193747254,0.017743342017583427,0.029323945942461356,0.01779049816045979,0.029381908727520993,0.013237352823729334,0.02424522243988019
2025-10-07,0.013054248615183037,0.012004723311847983,0.012018473546962831,0.009784947,0.00017596906399222536,0.00017596906399222536,0.019415636428258734,0.032241720600989,0.017811579857225906,0.029427445538284448,0.017838309150118043,0.029452519432858076,0.013468081995981073,0.02464296755208287
2025-10-08,0.013094636810132225,0.012027114833144037,0.012041225450204042,0.009925133,-0.0019952899219509994,0.0019952899219509994,0.019538135959618834,0.03240390241535698,0.017905657147776522,0.029543189042792104,0.017932968834298464,0.029569165718543542,0.013737866875207474,0.025072851438498547
2025-10-09,0.013134046553880018,0.012043320788129697,0.01206316752884475,0.010626981,-0.02911101539751429,0.02911101539751429,0.019597728891986375,0.03250221628107239,0.017928540929666892,0.02958175383551934,0.017964984906536936,0.029622385807613085,0.014792971177865427,0.026929501308967034
2025-10-10,0.013172504727834898,0.011943771585038983,0.01208433007309864,0.015747266,0.010582654057448588,0.010582654057448588,0.01981876573173788,0.032761039116082254,0.017930266472517196,0.029487154778316857,0.018158713441560295,0.029836565046140684,0.022671570574283983,0.0406557168265585
2025-10-13,0.013210037307314916,0.0118825872077249,0.01210474213348712,0.012068632,0.0014983039566499878,0.0014983039566499878,0.019883115324150585,0.03286226528698072,0.0178377923377975,0.02933547815386063,0.018196028317366605,0.029893605385478566,0.017131080243796514,0.030914047125786947
2025-10-14,0.013246669401240137,0.01183073613249322,0.012124431579474237,0.010638887,0.010996445537482524,0.010996445537482524,0.019928301222567044,0.032943443017172294,0.017742427052047566,0.029189941355643158,0.018214457614740186,0.02993106183843488,0.014962925873223723,0.02711305145126957
2025-10-15,0.013282425289573812,0.011852654019612476,0.012143425154740853,0.009203629,-0.014874816469945084,0.014874816469945084,0.020008583674275583,0.033058856409539115,0.017800878565774694,0.02926960079113377,0.01826826563170528,0.030003224547142278,0.012822945245842026,0.023333936573306607
2025-10-16,0.013317328458670277,0.011810070342888838,0.012161748529334278,0.01224505,0.010818287933473912,0.010818287933473912,0.02015046294452907,0.033235028805189776,0.017819687883176984,0.029247205804515224,0.01838395623446602,0.03013662218439337,0.01749425446665616,0.03147869808650346
2025-10-17,0.013351401634674466,0.011830503132664394,0.012179426348909566,0.010467884,0.013868287957566925,0.013868287957566925,0.020114858343831577,0.03323290184356173,0.017762558246264396,0.02920984709737391,0.018322451910076584,0.03009220105389586,0.014725648745521337,0.026680483430250913
2025-10-20,0.013384666815106134,0.011894504362820467,0.012196482281260855,0.00897776,-0.00591974421257635,0.00591974421257635,0.020165581806562655,0.0333163090720778,0.01786233423937431,0.029371551189416496,0.018347567369015803,0.030133798737813317,0.012477352101904232,0.02273039035926469
2025-10-21,0.012077991323461872,0.011270515465262374,0.01257763547361361,0.009984667,-0.004485915473573525,0.004485915473573525,0.018113395309434437,0.029996359224888965,0.016891394471364125,0.027807889110928623,0.018974934398439818,0.031142285576189296,0.014020341475892683,0.02542331724374356
2025-10-22,0.01214199355174115,0.011381826142394394,0.012578631634333454,0.011578265,0.0023509927273724727,0.0023509927273724727,0.018236037077639364,0.030181969755761734,0.017089594926020416,0.02811390383672302,0.018997713106671223,0.031166027950233186,0.016443792870986875,0.02966673499976438
2025-10-23,0.012204295163424599,0.011429123864246542,0.012579593970556465,0.010994285,0.022277085944682876,0.022277085944682876,0.018327001917734207,0.030334230202359536,0.01715702063793504,0.028227141590567224,0.018991456669748715,0.031160702457986328,0.015555689847870764,0.02811169884245008
2025-10-24,0.012264951271652929,0.011523437961938696,0.012580523633251385,0.009326472,0.017124099167346588,0.017124099167346588,0.01836696534763258,0.03043387030580619,0.017250818604635346,0.028412291132540648,0.018936755078524166,0.03110690020372457,0.012985375379449148,0.023636661139553806
2025-10-27,0.012324014605872178,0.011655147143185307,0.012581421734057454,0.008378086,0.011186252869588275,0.011186252869588275,0.018357825855452103,0.030482840432225156,0.01735750395619492,0.028646548517117842,0.018835425009801787,0.03100643893962953,0.011452978902824665,0.02102116072303846
2025-10-28,0.012381535652589698,0.0117114070584344,0.012582289346639363,0.008032835,-0.003565708997658238,0.003565708997658238,0.01837925426570208,0.030560861077410396,0.017377222413211928,0.028720759695885865,0.018767058971573936,0.03093891221233516,0.010862786507359891,0.020036675220481307
2025-10-29,0.012437562785321989,0.011760820897100894,0.012583127507994772,0.008775948,0.002084735255385651,0.002084735255385651,0.01845679098779635,0.03069352024318873,0.017444530498792347,0.028835929470364695,0.01875712234763819,0.030929786408809678,0.011971717089577576,0.021994277224107645
2025-10-30,0.01249214238474992,0.011769320633678628,0.012583937219716138,0.008799152,-0.0004406945380440874,0.0004406945380440874,0.018560233129279954,0.030850660668861548,0.0174749768315502,0.02887460855246525,0.018775340322377546,0.03094878768235645,0.012023627617510805,0.02207268760457898
2025-10-31,0.012545318949985111,0.011839224046023033,0.012584719449208465,0.009097596,0.0038119096530526498,0.0038119096530526498,0.018650651851615598,0.030993397296460973,0.017592267764851007,0.029059607145499718,0.01878271506211961,0.030956919135151195,0.012479643761832616,0.022869540802855394
2025-11-03,0.012597135201753373,0.011893322046668835,0.012585475130864577,0.00883093,-0.011302028918392461,0.011302028918392461,0.018689237881731404,0.031082962883814933,0.017634748423145146,0.029154486519352277,0.018740371065001496,0.03091530616924382,0.012034114744319317,0.022119467440797683
2025-11-04,0.012647632178215398,0.011902058017680165,0.01258620516719943,0.011494994,-0.002616378414429925,0.002616378414429925,0.018733204627974998,0.0311766112147747,0.017612566234196155,0.02914076589376394,0.018705458126846364,0.030881099453532273,0.016013965955011807,0.029141808873050176
2025-11-05,0.012696849324069549,0.011973089683186324,0.012586910429944918,0.012539809,-0.005251790085057588,0.005251790085057588,0.018837837586241978,0.031329666593007365,0.017752141479691348,0.029349141612327764,0.018733200607799757,0.030909524191457965,0.0176155853706645,0.03193665926039686
2025-11-06,0.012744824573515237,0.011973688804719567,0.012587591761106614,0.013679843,-0.0029862478824923,0.0029862478824923,0.01891255930884077,0.03145158889248442,0.017751772144955755,0.029349352579977294,0.018732962271373135,0.030909944961071592,0.019332801194863844,0.0349558472801023
2025-11-07,0.01279159442759686,0.011952844052514403,0.012588249973983756,0.0142145,0.0159236178319914,0.0159236178319914,0.01904597020914033,0.03163101443822451,0.017777902568136935,0.029355293010392657,0.018793286968118963,0.030970906399694915,0.020198043635499964,0.03643169274033357
2025-11-10,0.012837194026396428,0.011987003054842797,0.012588885854153827,0.011694107,-0.00015509092164246296,0.00015509092164246296,0.019247156624305976,0.031877064140056206,0.017961130402237256,0.029571606870323834,0.018923206585502814,0.031101441154745335,0.01652760275602439,0.029882842981816322
2025-11-11,0.012881657216497207,0.01200736859257432,0.012589500160422974,0.010828688,0.010155568648146887,0.010155568648146887,0.01931230387578132,0.03198595661947415,0.017988185984946545,0.029618388284044422,0.01891885400296285,0.031097682839714803,0.01521770247605118,0.02758459152069363
2025-11-12,0.012925016614099815,0.012013223901661116,0.012590093625743462,0.009423994,-0.015101190425346876,0.015101190425346876,0.019341479817117882,0.03205779181956567,0.017957945672935013,0.029593819358621733,0.018880246541155835,0.031059649484303325,0.013060655067951694,0.02382331490078689
2025-11-13,0.01296730366413612,0.012094395048972646,0.01259066695809936,0.012548099,0.0015142079539615626,0.0015142079539615626,0.019477083534585757,0.032234999763780775,0.018155600117816223,0.029870095264716914,0.018949734570277262,0.03112969214359593,0.017838642570472418,0.032169182422853174
2025-11-14,0.013008548695693827,0.012140689045884756,0.012591220841361548,0.01229593,-0.015921357868535838,0.015921357868535838,0.019543459680294716,0.03234195494358292,0.01823021701259291,0.029989552004724526,0.01895161575669104,0.031132109145519445,0.01745951040607688,0.031502062966644734
2025-11-17,0.013048780974035862,0.012159790407696994,0.012591755936113154,0.014986861,-0.010572577968486081,0.010572577968486081,0.019674681217492943,0.03251275911492713,0.018328042849122334,0.030105879205674625,0.01901991772708713,0.031200928755798628,0.021583387023060348,0.03869911222740891
2025-11-18,0.01308802874947285,0.012237857267874127,0.012592272880446466,0.016406523,0.007775508371046574,0.007775508371046574,0.01977044721422877,0.03264713914000504,0.018485740576934688,0.030339191617063603,0.019054295785944933,0.03123580689619051,0.02375700476311949,0.0424940526738098
2025-11-19,0.01312631930332382,0.01231058913243164,0.012592772290732298,0.014267745,-0.018380299243725574,0.018380299243725574,0.019769785429065097,0.03268414961817791,0.01854004406932148,0.030463942376216042,0.018993735429620833,0.031175729659316188,0.020471564031311156,0.036766024774976855
2025-11-20,0.013163678991179553,0.012352339618775146,0.012593254762362812,0.016435675,0.006212372374394924,0.006212372374394924,0.01991001884651717,0.03286113946397912,0.018687451659074164,0.030651789017915623,0.0190755188143924,0.03125797977742361,0.023820611402963068,0.04259095409569588
2025-11-21,0.01320013328366431,0.012277649643257385,0.012593720870468682,0.014060135,0.010197602475739823,0.010197602475739823,0.019962224102587207,0.03294921037275236,0.01856310257864946,0.030455096066451314,0.019070683118523824,0.03125359498514679,0.020234041276882535,0.03629139846892202
2025-11-24,0.0132357068048749,0.012288578317440756,0.012594171170611571,0.011060518,0.003497161644990163,0.003497161644990163,0.01997676684370192,0.03299875221740758,0.018538637833938908,0.03044121671275575,0.019029555841376566,0.03121290331928636,0.01567044597863492,0.028302095130079356
2025-11-25,0.013270423368660883,0.012288813760777558,0.012594606199452714,0.009862594,0.007984054326147287,0.007984054326147287,0.020052866794562918,0.03310900815196564,0.018560084255042957,0.03046289118163029,0.019051319814816788,0.031235088130863748,0.013885715190543404,0.02514927755690979
2025-11-26,0.013304306012896063,0.012268631006623574,0.01259502647539848,0.009012919,0.008656371055151185,0.008656371055151185,0.020095968086370562,0.03318544497350038,0.018517384815162283,0.030400642952857687,0.019041383478143593,0.03122555836067393,0.012594272673098747,0.02288746490326375
2025-11-28,0.013337377031879023,0.01219031435016869,0.012595432499223725,0.008519043,-0.003811173748854075,0.003811173748854075,0.02012514493616559,0.033247158833357535,0.018369602881367093,0.03017700438561805,0.019018786507065247,0.03120335416886468,0.011826539929986616,0.021555702719867845
2025-12-01,0.013369658006989282,0.012188365357405827,0.012595824754673683,0.009409284,0.0030931105945213376,0.0030931105945213376,0.020218051560946027,0.033371825181432835,0.01840824284706367,0.030213756578824198,0.019061149680181536,0.03124609680200118,0.01321026751645746,0.02395612815269174
2025-12-02,0.013401169835715505,0.01220251070748704,0.012596203709045182,0.009284137,0.004426948950725814,0.004426948950725814,0.020239961195808395,0.03342473781287265,0.018402698191391148,0.030221912950297438,0.019033713852037917,0.031219027566682427,0.012993576499711666,0.02359651264835516
2025-12-03,0.013431932759162971,0.012262676629396561,0.012596569813747854,0.008932649,0.0071049166339073625,0.0071049166339073625,0.020289848390955663,0.03350489119214525,0.018499500069127955,0.030376990863947073,0.019035422207425063,0.031221090084383674,0.012464854491958584,0.02266637570978161
2025-12-04,0.013461966388139134,0.012262849987465286,0.012596923504846098,0.008544869,0.0003977085981160999,0.0003977085981160999,0.02031760345979451,0.03356219492680246,0.01847992562570328,0.030357584333199846,0.019016134668990915,0.031202144699592777,0.011860447653389871,0.021619103566564022
2025-12-05,0.013491289727908468,0.01234650504603643,0.012597265203582418,0.008810774,0.005669373890054126,0.005669373890054126,0.020373762126087075,0.03364720343898642,0.018622633229108326,0.030581319286354696,0.019026357505986868,0.031212698089062647,0.01227096449720678,0.022333298624930952
2025-12-08,0.013519921201700886,0.012319314722092637,0.012597595316882794,0.008598686,-0.0051297258838669995,0.0051297258838669995,0.02042512858003844,0.033726739044646036,0.018585378948817493,0.030517728763813427,0.019032866353896782,0.031219526281929134,0.0119572373361678,0.021777355882653702
2025-12-09,0.013547878673051605,0.012255661771350356,0.012597914237844733,0.009923642,0.005549156539202138,0.005549156539202138,0.02051742283542007,0.03384653933263945,0.018532137938604115,0.030402834220741477,0.019081353536926624,0.03126832198267281,0.014002512081134844,0.02533579418675952
2025-12-10,0.01357517946704462,0.012250417080790494,0.01259822234620857,0.009430323,0.0014061364806130378,0.0014061364806130378,0.020539458795937868,0.03389543525200256,0.018502560321078762,0.030368176654871314,0.019060606101449912,0.031247872605020363,0.013237624670344525,0.024007512497681315
2025-12-11,0.013601840390526601,0.012281269271499588,0.012598520008812626,0.009316839,-0.006430240767868812,0.006430240767868812,0.020530935953736923,0.0339131428303413,0.01850083939472604,0.030396338813771677,0.019010297483196187,0.03119785193957332,0.01301577260458267,0.023656056651113394
2025-12-12,0.013627877751353202,0.012357467448921092,0.012598807580032751,0.011261084,0.0006602353035418375,0.0006602353035418375,0.020585707731272274,0.033993531534637904,0.018635510660090674,0.030604814777593112,0.019024255819314242,0.03121208846629653,0.015960112146309085,0.028820818222335048
2025-12-15,0.013653307376725298,0.012386300841413227,0.012599085402206842,0.011560755,-0.0063466409207715135,0.0063466409207715135,0.02063913734596453,0.03407198015394669,0.018694483582553115,0.03069171540003973,0.019037819784638945,0.031225921191195657,0.016424970361487375,0.029627916994587885
2025-12-16,0.01367814463066866,0.012405984913403507,0.012599353806044796,0.013122583,-0.009284549437030526,0.009284549437030526,0.020699235709982566,0.0341565147163742,0.018746514951167276,0.03076281253960545,0.0190589764644196,0.031247337519442087,0.01880006868716641,0.03378669735368653
2025-12-17,0.013702404430706725,0.012372126801044882,0.012599613111024451,0.014987432,0.004962852101413613,0.004962852101413613,0.020745389683836494,0.03422653675907567,0.018700374451121153,0.030683877452372266,0.019067089582115296,0.03125570148355134,0.021618923706522717,0.03873530269931866
2025-12-18,0.013726101263772795,0.012443169649008125,0.012599863625773975,0.013803041,0.01479082731410025,0.01479082731410025,0.02076034189841126,0.03426480316594396,0.018790738032197066,0.030843052337719085,0.019044879296814938,0.031233733541172995,0.019810911836395502,0.03557465468562627
2025-12-19,0.013749249201404747,0.01246361205293261,0.012600105648441176,0.010940373,0.007742958354738375,0.007742958354738375,0.02073114644804642,0.034258381875638615,0.01875735915817872,0.030829473746442845,0.018979377872819832,0.03116846624503054,0.015429716226054404,0.02792415548522589
2025-12-22,0.013771861914262435,0.012527833008151856,0.012600339467050182,0.009467386,0.0077751545982204,0.0077751545982204,0.02061730844093697,0.03416679144626971,0.018709802742581577,0.030844121026458327,0.0188300692076009,0.031019383771223628,0.01305959033776956,0.023871806776122623
2025-12-23,0.013793952686005344,0.012624401870025807,0.012600565359845932,0.008849372,0.0049886027693217625,0.0049886027693217625,0.02064688712028053,0.03421810419019865,0.01885792996257225,0.03108578376097316,0.01882499193149681,0.03101452501925948,0.012122533160071832,0.022228946785252553
2025-12-24,0.013815534426565456,0.012681254035383765,0.0126007835956269,0.008685516,-0.00039434064514793764,0.00039434064514793764,0.020715732368947547,0.03430818269176677,0.018982973109218024,0.03126589327617064,0.01885997589187511,0.031049720096535886,0.011910166485304225,0.02182944946556746
2025-12-26,0.0138366196848481,0.012578182841881244,0.012600994434066442,0.009090008,-0.0076780335004806,0.0076780335004806,0.020772003691196056,0.034385198801506055,0.01884191916687061,0.031025005733946467,0.018883161115226484,0.031073109280746275,0.01254276534706611,0.02292399829417724
2025-12-29,0.013857220660891388,0.01257224593443522,0.012601198126023174,0.011339361,-0.004058726140686213,0.004058726140686213,0.02088240625673136,0.034515869692161784,0.0189102270229025,0.031087563168135643,0.01896123383244463,0.031151379045459948,0.01601128634123021,0.028961388208548364
